Loading weights:   0%|          | 0/340 [00:00<?, ?it/s]Loading weights:   0%|          | 1/340 [00:00<03:50,  1.47it/s]Loading weights:   5%|▌         | 17/340 [00:00<00:11, 28.79it/s]Loading weights:  12%|█▏        | 42/340 [00:00<00:04, 71.07it/s]Loading weights:  17%|█▋        | 58/340 [00:00<00:03, 89.96it/s]Loading weights:  24%|██▍       | 82/340 [00:01<00:02, 120.40it/s]Loading weights:  31%|███▏      | 107/340 [00:01<00:01, 146.99it/s]Loading weights:  37%|███▋      | 126/340 [00:01<00:01, 153.25it/s]Loading weights:  43%|████▎     | 147/340 [00:01<00:01, 163.49it/s]Loading weights:  50%|█████     | 171/340 [00:01<00:00, 178.04it/s]Loading weights:  56%|█████▌    | 191/340 [00:01<00:00, 179.44it/s]Loading weights:  62%|██████▏   | 212/340 [00:01<00:00, 183.47it/s]Loading weights:  70%|██████▉   | 237/340 [00:01<00:00, 195.28it/s]Loading weights:  76%|███████▌  | 258/340 [00:02<00:00, 193.22it/s]Loading weights:  82%|████████▏ | 278/340 [00:02<00:00, 180.33it/s]Loading weights:  89%|████████▉ | 303/340 [00:02<00:00, 193.39it/s]Loading weights:  96%|█████████▋| 328/340 [00:02<00:00, 201.76it/s]Loading weights: 100%|██████████| 340/340 [00:02<00:00, 141.40it/s]
Using the latest cached version of the dataset since facebook/belebele couldn't be found on the Hugging Face Hub (offline mode is enabled).
Found the latest cached dataset configuration 'mya_Mymr' at /home/mai.chau/.cache/huggingface/datasets/facebook___belebele/mya_Mymr/0.0.0/7899cdfa4e1e0d733fd77c848e2c273cb1d32be2 (last modified on Thu Oct  8 00:18:48 2026).
Using the latest cached version of the dataset since facebook/belebele couldn't be found on the Hugging Face Hub (offline mode is enabled).
Found the latest cached dataset configuration 'tgl_Latn' at /home/mai.chau/.cache/huggingface/datasets/facebook___belebele/tgl_Latn/0.0.0/7899cdfa4e1e0d733fd77c848e2c273cb1d32be2 (last modified on Thu Oct  8 00:18:50 2026).
Using the latest cached version of the dataset since facebook/belebele couldn't be found on the Hugging Face Hub (offline mode is enabled).
Found the latest cached dataset configuration 'ind_Latn' at /home/mai.chau/.cache/huggingface/datasets/facebook___belebele/ind_Latn/0.0.0/7899cdfa4e1e0d733fd77c848e2c273cb1d32be2 (last modified on Thu Oct  8 00:18:52 2026).
Using the latest cached version of the dataset since facebook/belebele couldn't be found on the Hugging Face Hub (offline mode is enabled).
Found the latest cached dataset configuration 'khm_Khmr' at /home/mai.chau/.cache/huggingface/datasets/facebook___belebele/khm_Khmr/0.0.0/7899cdfa4e1e0d733fd77c848e2c273cb1d32be2 (last modified on Thu Oct  8 00:18:55 2026).
Using the latest cached version of the dataset since facebook/belebele couldn't be found on the Hugging Face Hub (offline mode is enabled).
Found the latest cached dataset configuration 'zsm_Latn' at /home/mai.chau/.cache/huggingface/datasets/facebook___belebele/zsm_Latn/0.0.0/7899cdfa4e1e0d733fd77c848e2c273cb1d32be2 (last modified on Thu Oct  8 00:18:57 2026).
Using the latest cached version of the dataset since facebook/belebele couldn't be found on the Hugging Face Hub (offline mode is enabled).
Found the latest cached dataset configuration 'tha_Thai' at /home/mai.chau/.cache/huggingface/datasets/facebook___belebele/tha_Thai/0.0.0/7899cdfa4e1e0d733fd77c848e2c273cb1d32be2 (last modified on Thu Oct  8 00:19:00 2026).
Using the latest cached version of the dataset since facebook/belebele couldn't be found on the Hugging Face Hub (offline mode is enabled).
Found the latest cached dataset configuration 'vie_Latn' at /home/mai.chau/.cache/huggingface/datasets/facebook___belebele/vie_Latn/0.0.0/7899cdfa4e1e0d733fd77c848e2c273cb1d32be2 (last modified on Thu Oct  8 00:05:31 2026).
Using the latest cached version of the dataset since mrlbenchmarks/global-piqa-nonparallel couldn't be found on the Hugging Face Hub (offline mode is enabled).
Found the latest cached dataset configuration 'tgl_latn' at /home/mai.chau/.cache/huggingface/datasets/mrlbenchmarks___global-piqa-nonparallel/tgl_latn/0.0.0/6777742fa3634c0583cda3b7f8a482ea7b1b0937 (last modified on Thu Oct  8 00:19:04 2026).
Using the latest cached version of the dataset since mrlbenchmarks/global-piqa-nonparallel couldn't be found on the Hugging Face Hub (offline mode is enabled).
Found the latest cached dataset configuration 'ind_latn' at /home/mai.chau/.cache/huggingface/datasets/mrlbenchmarks___global-piqa-nonparallel/ind_latn/0.0.0/6777742fa3634c0583cda3b7f8a482ea7b1b0937 (last modified on Thu Oct  8 00:19:06 2026).
Using the latest cached version of the dataset since mrlbenchmarks/global-piqa-nonparallel couldn't be found on the Hugging Face Hub (offline mode is enabled).
Found the latest cached dataset configuration 'zsm_latn' at /home/mai.chau/.cache/huggingface/datasets/mrlbenchmarks___global-piqa-nonparallel/zsm_latn/0.0.0/6777742fa3634c0583cda3b7f8a482ea7b1b0937 (last modified on Thu Oct  8 00:19:08 2026).
Using the latest cached version of the dataset since mrlbenchmarks/global-piqa-nonparallel couldn't be found on the Hugging Face Hub (offline mode is enabled).
Found the latest cached dataset configuration 'tha_thai' at /home/mai.chau/.cache/huggingface/datasets/mrlbenchmarks___global-piqa-nonparallel/tha_thai/0.0.0/6777742fa3634c0583cda3b7f8a482ea7b1b0937 (last modified on Thu Oct  8 00:19:12 2026).
Using the latest cached version of the dataset since mrlbenchmarks/global-piqa-nonparallel couldn't be found on the Hugging Face Hub (offline mode is enabled).
Found the latest cached dataset configuration 'vie_latn' at /home/mai.chau/.cache/huggingface/datasets/mrlbenchmarks___global-piqa-nonparallel/vie_latn/0.0.0/6777742fa3634c0583cda3b7f8a482ea7b1b0937 (last modified on Thu Oct  8 00:05:53 2026).
Using the latest cached version of the dataset since CohereForAI/Global-MMLU couldn't be found on the Hugging Face Hub (offline mode is enabled).
Found the latest cached dataset configuration 'fil' at /home/mai.chau/.cache/huggingface/datasets/CohereForAI___global-mmlu/fil/0.0.0/0e619dbeb34206cd48705a1a0ea7fb21cae09993 (last modified on Thu Oct  8 14:53:05 2026).
Using the latest cached version of the dataset since CohereForAI/Global-MMLU couldn't be found on the Hugging Face Hub (offline mode is enabled).
Found the latest cached dataset configuration 'fil' at /home/mai.chau/.cache/huggingface/datasets/CohereForAI___global-mmlu/fil/0.0.0/0e619dbeb34206cd48705a1a0ea7fb21cae09993 (last modified on Thu Oct  8 14:53:05 2026).
Using the latest cached version of the dataset since CohereForAI/Global-MMLU couldn't be found on the Hugging Face Hub (offline mode is enabled).
Found the latest cached dataset configuration 'fil' at /home/mai.chau/.cache/huggingface/datasets/CohereForAI___global-mmlu/fil/0.0.0/0e619dbeb34206cd48705a1a0ea7fb21cae09993 (last modified on Thu Oct  8 14:53:05 2026).
Using the latest cached version of the dataset since CohereForAI/Global-MMLU couldn't be found on the Hugging Face Hub (offline mode is enabled).
Found the latest cached dataset configuration 'fil' at /home/mai.chau/.cache/huggingface/datasets/CohereForAI___global-mmlu/fil/0.0.0/0e619dbeb34206cd48705a1a0ea7fb21cae09993 (last modified on Thu Oct  8 14:53:05 2026).
Using the latest cached version of the dataset since CohereForAI/Global-MMLU couldn't be found on the Hugging Face Hub (offline mode is enabled).
Found the latest cached dataset configuration 'fil' at /home/mai.chau/.cache/huggingface/datasets/CohereForAI___global-mmlu/fil/0.0.0/0e619dbeb34206cd48705a1a0ea7fb21cae09993 (last modified on Thu Oct  8 14:53:05 2026).
Using the latest cached version of the dataset since CohereForAI/Global-MMLU couldn't be found on the Hugging Face Hub (offline mode is enabled).
Found the latest cached dataset configuration 'fil' at /home/mai.chau/.cache/huggingface/datasets/CohereForAI___global-mmlu/fil/0.0.0/0e619dbeb34206cd48705a1a0ea7fb21cae09993 (last modified on Thu Oct  8 14:53:05 2026).
Using the latest cached version of the dataset since CohereForAI/Global-MMLU couldn't be found on the Hugging Face Hub (offline mode is enabled).
Found the latest cached dataset configuration 'fil' at /home/mai.chau/.cache/huggingface/datasets/CohereForAI___global-mmlu/fil/0.0.0/0e619dbeb34206cd48705a1a0ea7fb21cae09993 (last modified on Thu Oct  8 14:53:05 2026).
Using the latest cached version of the dataset since CohereForAI/Global-MMLU couldn't be found on the Hugging Face Hub (offline mode is enabled).
Found the latest cached dataset configuration 'fil' at /home/mai.chau/.cache/huggingface/datasets/CohereForAI___global-mmlu/fil/0.0.0/0e619dbeb34206cd48705a1a0ea7fb21cae09993 (last modified on Thu Oct  8 14:53:05 2026).
Using the latest cached version of the dataset since CohereForAI/Global-MMLU couldn't be found on the Hugging Face Hub (offline mode is enabled).
Found the latest cached dataset configuration 'fil' at /home/mai.chau/.cache/huggingface/datasets/CohereForAI___global-mmlu/fil/0.0.0/0e619dbeb34206cd48705a1a0ea7fb21cae09993 (last modified on Thu Oct  8 14:53:05 2026).
Using the latest cached version of the dataset since CohereForAI/Global-MMLU couldn't be found on the Hugging Face Hub (offline mode is enabled).
Found the latest cached dataset configuration 'fil' at /home/mai.chau/.cache/huggingface/datasets/CohereForAI___global-mmlu/fil/0.0.0/0e619dbeb34206cd48705a1a0ea7fb21cae09993 (last modified on Thu Oct  8 14:53:05 2026).
Using the latest cached version of the dataset since CohereForAI/Global-MMLU couldn't be found on the Hugging Face Hub (offline mode is enabled).
Found the latest cached dataset configuration 'fil' at /home/mai.chau/.cache/huggingface/datasets/CohereForAI___global-mmlu/fil/0.0.0/0e619dbeb34206cd48705a1a0ea7fb21cae09993 (last modified on Thu Oct  8 14:53:05 2026).
Using the latest cached version of the dataset since CohereForAI/Global-MMLU couldn't be found on the Hugging Face Hub (offline mode is enabled).
Found the latest cached dataset configuration 'fil' at /home/mai.chau/.cache/huggingface/datasets/CohereForAI___global-mmlu/fil/0.0.0/0e619dbeb34206cd48705a1a0ea7fb21cae09993 (last modified on Thu Oct  8 14:53:05 2026).
Using the latest cached version of the dataset since CohereForAI/Global-MMLU couldn't be found on the Hugging Face Hub (offline mode is enabled).
Found the latest cached dataset configuration 'fil' at /home/mai.chau/.cache/huggingface/datasets/CohereForAI___global-mmlu/fil/0.0.0/0e619dbeb34206cd48705a1a0ea7fb21cae09993 (last modified on Thu Oct  8 14:53:05 2026).
Using the latest cached version of the dataset since CohereForAI/Global-MMLU couldn't be found on the Hugging Face Hub (offline mode is enabled).
Found the latest cached dataset configuration 'fil' at /home/mai.chau/.cache/huggingface/datasets/CohereForAI___global-mmlu/fil/0.0.0/0e619dbeb34206cd48705a1a0ea7fb21cae09993 (last modified on Thu Oct  8 14:53:05 2026).
Using the latest cached version of the dataset since CohereForAI/Global-MMLU couldn't be found on the Hugging Face Hub (offline mode is enabled).
Found the latest cached dataset configuration 'fil' at /home/mai.chau/.cache/huggingface/datasets/CohereForAI___global-mmlu/fil/0.0.0/0e619dbeb34206cd48705a1a0ea7fb21cae09993 (last modified on Thu Oct  8 14:53:05 2026).
Using the latest cached version of the dataset since CohereForAI/Global-MMLU couldn't be found on the Hugging Face Hub (offline mode is enabled).
Found the latest cached dataset configuration 'fil' at /home/mai.chau/.cache/huggingface/datasets/CohereForAI___global-mmlu/fil/0.0.0/0e619dbeb34206cd48705a1a0ea7fb21cae09993 (last modified on Thu Oct  8 14:53:05 2026).
Using the latest cached version of the dataset since CohereForAI/Global-MMLU couldn't be found on the Hugging Face Hub (offline mode is enabled).
Found the latest cached dataset configuration 'fil' at /home/mai.chau/.cache/huggingface/datasets/CohereForAI___global-mmlu/fil/0.0.0/0e619dbeb34206cd48705a1a0ea7fb21cae09993 (last modified on Thu Oct  8 14:53:05 2026).
Using the latest cached version of the dataset since CohereForAI/Global-MMLU couldn't be found on the Hugging Face Hub (offline mode is enabled).
Found the latest cached dataset configuration 'fil' at /home/mai.chau/.cache/huggingface/datasets/CohereForAI___global-mmlu/fil/0.0.0/0e619dbeb34206cd48705a1a0ea7fb21cae09993 (last modified on Thu Oct  8 14:53:05 2026).
Using the latest cached version of the dataset since CohereForAI/Global-MMLU couldn't be found on the Hugging Face Hub (offline mode is enabled).
Found the latest cached dataset configuration 'fil' at /home/mai.chau/.cache/huggingface/datasets/CohereForAI___global-mmlu/fil/0.0.0/0e619dbeb34206cd48705a1a0ea7fb21cae09993 (last modified on Thu Oct  8 14:53:05 2026).
Using the latest cached version of the dataset since CohereForAI/Global-MMLU couldn't be found on the Hugging Face Hub (offline mode is enabled).
Found the latest cached dataset configuration 'fil' at /home/mai.chau/.cache/huggingface/datasets/CohereForAI___global-mmlu/fil/0.0.0/0e619dbeb34206cd48705a1a0ea7fb21cae09993 (last modified on Thu Oct  8 14:53:05 2026).
Using the latest cached version of the dataset since CohereForAI/Global-MMLU couldn't be found on the Hugging Face Hub (offline mode is enabled).
Found the latest cached dataset configuration 'fil' at /home/mai.chau/.cache/huggingface/datasets/CohereForAI___global-mmlu/fil/0.0.0/0e619dbeb34206cd48705a1a0ea7fb21cae09993 (last modified on Thu Oct  8 14:53:05 2026).
Using the latest cached version of the dataset since CohereForAI/Global-MMLU couldn't be found on the Hugging Face Hub (offline mode is enabled).
Found the latest cached dataset configuration 'fil' at /home/mai.chau/.cache/huggingface/datasets/CohereForAI___global-mmlu/fil/0.0.0/0e619dbeb34206cd48705a1a0ea7fb21cae09993 (last modified on Thu Oct  8 14:53:05 2026).
Using the latest cached version of the dataset since CohereForAI/Global-MMLU couldn't be found on the Hugging Face Hub (offline mode is enabled).
Found the latest cached dataset configuration 'fil' at /home/mai.chau/.cache/huggingface/datasets/CohereForAI___global-mmlu/fil/0.0.0/0e619dbeb34206cd48705a1a0ea7fb21cae09993 (last modified on Thu Oct  8 14:53:05 2026).
Using the latest cached version of the dataset since CohereForAI/Global-MMLU couldn't be found on the Hugging Face Hub (offline mode is enabled).
Found the latest cached dataset configuration 'fil' at /home/mai.chau/.cache/huggingface/datasets/CohereForAI___global-mmlu/fil/0.0.0/0e619dbeb34206cd48705a1a0ea7fb21cae09993 (last modified on Thu Oct  8 14:53:05 2026).
Using the latest cached version of the dataset since CohereForAI/Global-MMLU couldn't be found on the Hugging Face Hub (offline mode is enabled).
Found the latest cached dataset configuration 'fil' at /home/mai.chau/.cache/huggingface/datasets/CohereForAI___global-mmlu/fil/0.0.0/0e619dbeb34206cd48705a1a0ea7fb21cae09993 (last modified on Thu Oct  8 14:53:05 2026).
Using the latest cached version of the dataset since CohereForAI/Global-MMLU couldn't be found on the Hugging Face Hub (offline mode is enabled).
Found the latest cached dataset configuration 'fil' at /home/mai.chau/.cache/huggingface/datasets/CohereForAI___global-mmlu/fil/0.0.0/0e619dbeb34206cd48705a1a0ea7fb21cae09993 (last modified on Thu Oct  8 14:53:05 2026).
Using the latest cached version of the dataset since CohereForAI/Global-MMLU couldn't be found on the Hugging Face Hub (offline mode is enabled).
Found the latest cached dataset configuration 'fil' at /home/mai.chau/.cache/huggingface/datasets/CohereForAI___global-mmlu/fil/0.0.0/0e619dbeb34206cd48705a1a0ea7fb21cae09993 (last modified on Thu Oct  8 14:53:05 2026).
Using the latest cached version of the dataset since CohereForAI/Global-MMLU couldn't be found on the Hugging Face Hub (offline mode is enabled).
Found the latest cached dataset configuration 'fil' at /home/mai.chau/.cache/huggingface/datasets/CohereForAI___global-mmlu/fil/0.0.0/0e619dbeb34206cd48705a1a0ea7fb21cae09993 (last modified on Thu Oct  8 14:53:05 2026).
Using the latest cached version of the dataset since CohereForAI/Global-MMLU couldn't be found on the Hugging Face Hub (offline mode is enabled).
Found the latest cached dataset configuration 'fil' at /home/mai.chau/.cache/huggingface/datasets/CohereForAI___global-mmlu/fil/0.0.0/0e619dbeb34206cd48705a1a0ea7fb21cae09993 (last modified on Thu Oct  8 14:53:05 2026).
Using the latest cached version of the dataset since CohereForAI/Global-MMLU couldn't be found on the Hugging Face Hub (offline mode is enabled).
Found the latest cached dataset configuration 'fil' at /home/mai.chau/.cache/huggingface/datasets/CohereForAI___global-mmlu/fil/0.0.0/0e619dbeb34206cd48705a1a0ea7fb21cae09993 (last modified on Thu Oct  8 14:53:05 2026).
Using the latest cached version of the dataset since CohereForAI/Global-MMLU couldn't be found on the Hugging Face Hub (offline mode is enabled).
Found the latest cached dataset configuration 'fil' at /home/mai.chau/.cache/huggingface/datasets/CohereForAI___global-mmlu/fil/0.0.0/0e619dbeb34206cd48705a1a0ea7fb21cae09993 (last modified on Thu Oct  8 14:53:05 2026).
Using the latest cached version of the dataset since CohereForAI/Global-MMLU couldn't be found on the Hugging Face Hub (offline mode is enabled).
Found the latest cached dataset configuration 'fil' at /home/mai.chau/.cache/huggingface/datasets/CohereForAI___global-mmlu/fil/0.0.0/0e619dbeb34206cd48705a1a0ea7fb21cae09993 (last modified on Thu Oct  8 14:53:05 2026).
Using the latest cached version of the dataset since CohereForAI/Global-MMLU couldn't be found on the Hugging Face Hub (offline mode is enabled).
Found the latest cached dataset configuration 'fil' at /home/mai.chau/.cache/huggingface/datasets/CohereForAI___global-mmlu/fil/0.0.0/0e619dbeb34206cd48705a1a0ea7fb21cae09993 (last modified on Thu Oct  8 14:53:05 2026).
Using the latest cached version of the dataset since CohereForAI/Global-MMLU couldn't be found on the Hugging Face Hub (offline mode is enabled).
Found the latest cached dataset configuration 'fil' at /home/mai.chau/.cache/huggingface/datasets/CohereForAI___global-mmlu/fil/0.0.0/0e619dbeb34206cd48705a1a0ea7fb21cae09993 (last modified on Thu Oct  8 14:53:05 2026).
Using the latest cached version of the dataset since CohereForAI/Global-MMLU couldn't be found on the Hugging Face Hub (offline mode is enabled).
Found the latest cached dataset configuration 'fil' at /home/mai.chau/.cache/huggingface/datasets/CohereForAI___global-mmlu/fil/0.0.0/0e619dbeb34206cd48705a1a0ea7fb21cae09993 (last modified on Thu Oct  8 14:53:05 2026).
Using the latest cached version of the dataset since CohereForAI/Global-MMLU couldn't be found on the Hugging Face Hub (offline mode is enabled).
Found the latest cached dataset configuration 'fil' at /home/mai.chau/.cache/huggingface/datasets/CohereForAI___global-mmlu/fil/0.0.0/0e619dbeb34206cd48705a1a0ea7fb21cae09993 (last modified on Thu Oct  8 14:53:05 2026).
Using the latest cached version of the dataset since CohereForAI/Global-MMLU couldn't be found on the Hugging Face Hub (offline mode is enabled).
Found the latest cached dataset configuration 'fil' at /home/mai.chau/.cache/huggingface/datasets/CohereForAI___global-mmlu/fil/0.0.0/0e619dbeb34206cd48705a1a0ea7fb21cae09993 (last modified on Thu Oct  8 14:53:05 2026).
Using the latest cached version of the dataset since CohereForAI/Global-MMLU couldn't be found on the Hugging Face Hub (offline mode is enabled).
Found the latest cached dataset configuration 'fil' at /home/mai.chau/.cache/huggingface/datasets/CohereForAI___global-mmlu/fil/0.0.0/0e619dbeb34206cd48705a1a0ea7fb21cae09993 (last modified on Thu Oct  8 14:53:05 2026).
Using the latest cached version of the dataset since CohereForAI/Global-MMLU couldn't be found on the Hugging Face Hub (offline mode is enabled).
Found the latest cached dataset configuration 'fil' at /home/mai.chau/.cache/huggingface/datasets/CohereForAI___global-mmlu/fil/0.0.0/0e619dbeb34206cd48705a1a0ea7fb21cae09993 (last modified on Thu Oct  8 14:53:05 2026).
Using the latest cached version of the dataset since CohereForAI/Global-MMLU couldn't be found on the Hugging Face Hub (offline mode is enabled).
Found the latest cached dataset configuration 'fil' at /home/mai.chau/.cache/huggingface/datasets/CohereForAI___global-mmlu/fil/0.0.0/0e619dbeb34206cd48705a1a0ea7fb21cae09993 (last modified on Thu Oct  8 14:53:05 2026).
Using the latest cached version of the dataset since CohereForAI/Global-MMLU couldn't be found on the Hugging Face Hub (offline mode is enabled).
Found the latest cached dataset configuration 'fil' at /home/mai.chau/.cache/huggingface/datasets/CohereForAI___global-mmlu/fil/0.0.0/0e619dbeb34206cd48705a1a0ea7fb21cae09993 (last modified on Thu Oct  8 14:53:05 2026).
Using the latest cached version of the dataset since CohereForAI/Global-MMLU couldn't be found on the Hugging Face Hub (offline mode is enabled).
Found the latest cached dataset configuration 'fil' at /home/mai.chau/.cache/huggingface/datasets/CohereForAI___global-mmlu/fil/0.0.0/0e619dbeb34206cd48705a1a0ea7fb21cae09993 (last modified on Thu Oct  8 14:53:05 2026).
Using the latest cached version of the dataset since CohereForAI/Global-MMLU couldn't be found on the Hugging Face Hub (offline mode is enabled).
Found the latest cached dataset configuration 'fil' at /home/mai.chau/.cache/huggingface/datasets/CohereForAI___global-mmlu/fil/0.0.0/0e619dbeb34206cd48705a1a0ea7fb21cae09993 (last modified on Thu Oct  8 14:53:05 2026).
Using the latest cached version of the dataset since CohereForAI/Global-MMLU couldn't be found on the Hugging Face Hub (offline mode is enabled).
Found the latest cached dataset configuration 'fil' at /home/mai.chau/.cache/huggingface/datasets/CohereForAI___global-mmlu/fil/0.0.0/0e619dbeb34206cd48705a1a0ea7fb21cae09993 (last modified on Thu Oct  8 14:53:05 2026).
Using the latest cached version of the dataset since CohereForAI/Global-MMLU couldn't be found on the Hugging Face Hub (offline mode is enabled).
Found the latest cached dataset configuration 'fil' at /home/mai.chau/.cache/huggingface/datasets/CohereForAI___global-mmlu/fil/0.0.0/0e619dbeb34206cd48705a1a0ea7fb21cae09993 (last modified on Thu Oct  8 14:53:05 2026).
Using the latest cached version of the dataset since CohereForAI/Global-MMLU couldn't be found on the Hugging Face Hub (offline mode is enabled).
Found the latest cached dataset configuration 'fil' at /home/mai.chau/.cache/huggingface/datasets/CohereForAI___global-mmlu/fil/0.0.0/0e619dbeb34206cd48705a1a0ea7fb21cae09993 (last modified on Thu Oct  8 14:53:05 2026).
Using the latest cached version of the dataset since CohereForAI/Global-MMLU couldn't be found on the Hugging Face Hub (offline mode is enabled).
Found the latest cached dataset configuration 'fil' at /home/mai.chau/.cache/huggingface/datasets/CohereForAI___global-mmlu/fil/0.0.0/0e619dbeb34206cd48705a1a0ea7fb21cae09993 (last modified on Thu Oct  8 14:53:05 2026).
Using the latest cached version of the dataset since CohereForAI/Global-MMLU couldn't be found on the Hugging Face Hub (offline mode is enabled).
Found the latest cached dataset configuration 'fil' at /home/mai.chau/.cache/huggingface/datasets/CohereForAI___global-mmlu/fil/0.0.0/0e619dbeb34206cd48705a1a0ea7fb21cae09993 (last modified on Thu Oct  8 14:53:05 2026).
Using the latest cached version of the dataset since CohereForAI/Global-MMLU couldn't be found on the Hugging Face Hub (offline mode is enabled).
Found the latest cached dataset configuration 'fil' at /home/mai.chau/.cache/huggingface/datasets/CohereForAI___global-mmlu/fil/0.0.0/0e619dbeb34206cd48705a1a0ea7fb21cae09993 (last modified on Thu Oct  8 14:53:05 2026).
Using the latest cached version of the dataset since CohereForAI/Global-MMLU couldn't be found on the Hugging Face Hub (offline mode is enabled).
Found the latest cached dataset configuration 'fil' at /home/mai.chau/.cache/huggingface/datasets/CohereForAI___global-mmlu/fil/0.0.0/0e619dbeb34206cd48705a1a0ea7fb21cae09993 (last modified on Thu Oct  8 14:53:05 2026).
Using the latest cached version of the dataset since CohereForAI/Global-MMLU couldn't be found on the Hugging Face Hub (offline mode is enabled).
Found the latest cached dataset configuration 'fil' at /home/mai.chau/.cache/huggingface/datasets/CohereForAI___global-mmlu/fil/0.0.0/0e619dbeb34206cd48705a1a0ea7fb21cae09993 (last modified on Thu Oct  8 14:53:05 2026).
Using the latest cached version of the dataset since CohereForAI/Global-MMLU couldn't be found on the Hugging Face Hub (offline mode is enabled).
Found the latest cached dataset configuration 'fil' at /home/mai.chau/.cache/huggingface/datasets/CohereForAI___global-mmlu/fil/0.0.0/0e619dbeb34206cd48705a1a0ea7fb21cae09993 (last modified on Thu Oct  8 14:53:05 2026).
Using the latest cached version of the dataset since CohereForAI/Global-MMLU couldn't be found on the Hugging Face Hub (offline mode is enabled).
Found the latest cached dataset configuration 'fil' at /home/mai.chau/.cache/huggingface/datasets/CohereForAI___global-mmlu/fil/0.0.0/0e619dbeb34206cd48705a1a0ea7fb21cae09993 (last modified on Thu Oct  8 14:53:05 2026).
Using the latest cached version of the dataset since CohereForAI/Global-MMLU couldn't be found on the Hugging Face Hub (offline mode is enabled).
Found the latest cached dataset configuration 'fil' at /home/mai.chau/.cache/huggingface/datasets/CohereForAI___global-mmlu/fil/0.0.0/0e619dbeb34206cd48705a1a0ea7fb21cae09993 (last modified on Thu Oct  8 14:53:05 2026).
Using the latest cached version of the dataset since CohereForAI/Global-MMLU couldn't be found on the Hugging Face Hub (offline mode is enabled).
Found the latest cached dataset configuration 'fil' at /home/mai.chau/.cache/huggingface/datasets/CohereForAI___global-mmlu/fil/0.0.0/0e619dbeb34206cd48705a1a0ea7fb21cae09993 (last modified on Thu Oct  8 14:53:05 2026).
Using the latest cached version of the dataset since CohereForAI/Global-MMLU couldn't be found on the Hugging Face Hub (offline mode is enabled).
Found the latest cached dataset configuration 'fil' at /home/mai.chau/.cache/huggingface/datasets/CohereForAI___global-mmlu/fil/0.0.0/0e619dbeb34206cd48705a1a0ea7fb21cae09993 (last modified on Thu Oct  8 14:53:05 2026).
Using the latest cached version of the dataset since CohereForAI/Global-MMLU couldn't be found on the Hugging Face Hub (offline mode is enabled).
Found the latest cached dataset configuration 'fil' at /home/mai.chau/.cache/huggingface/datasets/CohereForAI___global-mmlu/fil/0.0.0/0e619dbeb34206cd48705a1a0ea7fb21cae09993 (last modified on Thu Oct  8 14:53:05 2026).
Using the latest cached version of the dataset since CohereForAI/Global-MMLU couldn't be found on the Hugging Face Hub (offline mode is enabled).
Found the latest cached dataset configuration 'id' at /home/mai.chau/.cache/huggingface/datasets/CohereForAI___global-mmlu/id/0.0.0/0e619dbeb34206cd48705a1a0ea7fb21cae09993 (last modified on Thu Oct  8 14:53:07 2026).
Using the latest cached version of the dataset since CohereForAI/Global-MMLU couldn't be found on the Hugging Face Hub (offline mode is enabled).
Found the latest cached dataset configuration 'id' at /home/mai.chau/.cache/huggingface/datasets/CohereForAI___global-mmlu/id/0.0.0/0e619dbeb34206cd48705a1a0ea7fb21cae09993 (last modified on Thu Oct  8 14:53:07 2026).
Using the latest cached version of the dataset since CohereForAI/Global-MMLU couldn't be found on the Hugging Face Hub (offline mode is enabled).
Found the latest cached dataset configuration 'id' at /home/mai.chau/.cache/huggingface/datasets/CohereForAI___global-mmlu/id/0.0.0/0e619dbeb34206cd48705a1a0ea7fb21cae09993 (last modified on Thu Oct  8 14:53:07 2026).
Using the latest cached version of the dataset since CohereForAI/Global-MMLU couldn't be found on the Hugging Face Hub (offline mode is enabled).
Found the latest cached dataset configuration 'id' at /home/mai.chau/.cache/huggingface/datasets/CohereForAI___global-mmlu/id/0.0.0/0e619dbeb34206cd48705a1a0ea7fb21cae09993 (last modified on Thu Oct  8 14:53:07 2026).
Using the latest cached version of the dataset since CohereForAI/Global-MMLU couldn't be found on the Hugging Face Hub (offline mode is enabled).
Found the latest cached dataset configuration 'id' at /home/mai.chau/.cache/huggingface/datasets/CohereForAI___global-mmlu/id/0.0.0/0e619dbeb34206cd48705a1a0ea7fb21cae09993 (last modified on Thu Oct  8 14:53:07 2026).
Using the latest cached version of the dataset since CohereForAI/Global-MMLU couldn't be found on the Hugging Face Hub (offline mode is enabled).
Found the latest cached dataset configuration 'id' at /home/mai.chau/.cache/huggingface/datasets/CohereForAI___global-mmlu/id/0.0.0/0e619dbeb34206cd48705a1a0ea7fb21cae09993 (last modified on Thu Oct  8 14:53:07 2026).
Using the latest cached version of the dataset since CohereForAI/Global-MMLU couldn't be found on the Hugging Face Hub (offline mode is enabled).
Found the latest cached dataset configuration 'id' at /home/mai.chau/.cache/huggingface/datasets/CohereForAI___global-mmlu/id/0.0.0/0e619dbeb34206cd48705a1a0ea7fb21cae09993 (last modified on Thu Oct  8 14:53:07 2026).
Using the latest cached version of the dataset since CohereForAI/Global-MMLU couldn't be found on the Hugging Face Hub (offline mode is enabled).
Found the latest cached dataset configuration 'id' at /home/mai.chau/.cache/huggingface/datasets/CohereForAI___global-mmlu/id/0.0.0/0e619dbeb34206cd48705a1a0ea7fb21cae09993 (last modified on Thu Oct  8 14:53:07 2026).
Using the latest cached version of the dataset since CohereForAI/Global-MMLU couldn't be found on the Hugging Face Hub (offline mode is enabled).
Found the latest cached dataset configuration 'id' at /home/mai.chau/.cache/huggingface/datasets/CohereForAI___global-mmlu/id/0.0.0/0e619dbeb34206cd48705a1a0ea7fb21cae09993 (last modified on Thu Oct  8 14:53:07 2026).
Using the latest cached version of the dataset since CohereForAI/Global-MMLU couldn't be found on the Hugging Face Hub (offline mode is enabled).
Found the latest cached dataset configuration 'id' at /home/mai.chau/.cache/huggingface/datasets/CohereForAI___global-mmlu/id/0.0.0/0e619dbeb34206cd48705a1a0ea7fb21cae09993 (last modified on Thu Oct  8 14:53:07 2026).
Using the latest cached version of the dataset since CohereForAI/Global-MMLU couldn't be found on the Hugging Face Hub (offline mode is enabled).
Found the latest cached dataset configuration 'id' at /home/mai.chau/.cache/huggingface/datasets/CohereForAI___global-mmlu/id/0.0.0/0e619dbeb34206cd48705a1a0ea7fb21cae09993 (last modified on Thu Oct  8 14:53:07 2026).
Using the latest cached version of the dataset since CohereForAI/Global-MMLU couldn't be found on the Hugging Face Hub (offline mode is enabled).
Found the latest cached dataset configuration 'id' at /home/mai.chau/.cache/huggingface/datasets/CohereForAI___global-mmlu/id/0.0.0/0e619dbeb34206cd48705a1a0ea7fb21cae09993 (last modified on Thu Oct  8 14:53:07 2026).
Using the latest cached version of the dataset since CohereForAI/Global-MMLU couldn't be found on the Hugging Face Hub (offline mode is enabled).
Found the latest cached dataset configuration 'id' at /home/mai.chau/.cache/huggingface/datasets/CohereForAI___global-mmlu/id/0.0.0/0e619dbeb34206cd48705a1a0ea7fb21cae09993 (last modified on Thu Oct  8 14:53:07 2026).
Using the latest cached version of the dataset since CohereForAI/Global-MMLU couldn't be found on the Hugging Face Hub (offline mode is enabled).
Found the latest cached dataset configuration 'id' at /home/mai.chau/.cache/huggingface/datasets/CohereForAI___global-mmlu/id/0.0.0/0e619dbeb34206cd48705a1a0ea7fb21cae09993 (last modified on Thu Oct  8 14:53:07 2026).
Using the latest cached version of the dataset since CohereForAI/Global-MMLU couldn't be found on the Hugging Face Hub (offline mode is enabled).
Found the latest cached dataset configuration 'id' at /home/mai.chau/.cache/huggingface/datasets/CohereForAI___global-mmlu/id/0.0.0/0e619dbeb34206cd48705a1a0ea7fb21cae09993 (last modified on Thu Oct  8 14:53:07 2026).
Using the latest cached version of the dataset since CohereForAI/Global-MMLU couldn't be found on the Hugging Face Hub (offline mode is enabled).
Found the latest cached dataset configuration 'id' at /home/mai.chau/.cache/huggingface/datasets/CohereForAI___global-mmlu/id/0.0.0/0e619dbeb34206cd48705a1a0ea7fb21cae09993 (last modified on Thu Oct  8 14:53:07 2026).
Using the latest cached version of the dataset since CohereForAI/Global-MMLU couldn't be found on the Hugging Face Hub (offline mode is enabled).
Found the latest cached dataset configuration 'id' at /home/mai.chau/.cache/huggingface/datasets/CohereForAI___global-mmlu/id/0.0.0/0e619dbeb34206cd48705a1a0ea7fb21cae09993 (last modified on Thu Oct  8 14:53:07 2026).
Using the latest cached version of the dataset since CohereForAI/Global-MMLU couldn't be found on the Hugging Face Hub (offline mode is enabled).
Found the latest cached dataset configuration 'id' at /home/mai.chau/.cache/huggingface/datasets/CohereForAI___global-mmlu/id/0.0.0/0e619dbeb34206cd48705a1a0ea7fb21cae09993 (last modified on Thu Oct  8 14:53:07 2026).
Using the latest cached version of the dataset since CohereForAI/Global-MMLU couldn't be found on the Hugging Face Hub (offline mode is enabled).
Found the latest cached dataset configuration 'id' at /home/mai.chau/.cache/huggingface/datasets/CohereForAI___global-mmlu/id/0.0.0/0e619dbeb34206cd48705a1a0ea7fb21cae09993 (last modified on Thu Oct  8 14:53:07 2026).
Using the latest cached version of the dataset since CohereForAI/Global-MMLU couldn't be found on the Hugging Face Hub (offline mode is enabled).
Found the latest cached dataset configuration 'id' at /home/mai.chau/.cache/huggingface/datasets/CohereForAI___global-mmlu/id/0.0.0/0e619dbeb34206cd48705a1a0ea7fb21cae09993 (last modified on Thu Oct  8 14:53:07 2026).
Using the latest cached version of the dataset since CohereForAI/Global-MMLU couldn't be found on the Hugging Face Hub (offline mode is enabled).
Found the latest cached dataset configuration 'id' at /home/mai.chau/.cache/huggingface/datasets/CohereForAI___global-mmlu/id/0.0.0/0e619dbeb34206cd48705a1a0ea7fb21cae09993 (last modified on Thu Oct  8 14:53:07 2026).
Using the latest cached version of the dataset since CohereForAI/Global-MMLU couldn't be found on the Hugging Face Hub (offline mode is enabled).
Found the latest cached dataset configuration 'id' at /home/mai.chau/.cache/huggingface/datasets/CohereForAI___global-mmlu/id/0.0.0/0e619dbeb34206cd48705a1a0ea7fb21cae09993 (last modified on Thu Oct  8 14:53:07 2026).
Using the latest cached version of the dataset since CohereForAI/Global-MMLU couldn't be found on the Hugging Face Hub (offline mode is enabled).
Found the latest cached dataset configuration 'id' at /home/mai.chau/.cache/huggingface/datasets/CohereForAI___global-mmlu/id/0.0.0/0e619dbeb34206cd48705a1a0ea7fb21cae09993 (last modified on Thu Oct  8 14:53:07 2026).
Using the latest cached version of the dataset since CohereForAI/Global-MMLU couldn't be found on the Hugging Face Hub (offline mode is enabled).
Found the latest cached dataset configuration 'id' at /home/mai.chau/.cache/huggingface/datasets/CohereForAI___global-mmlu/id/0.0.0/0e619dbeb34206cd48705a1a0ea7fb21cae09993 (last modified on Thu Oct  8 14:53:07 2026).
Using the latest cached version of the dataset since CohereForAI/Global-MMLU couldn't be found on the Hugging Face Hub (offline mode is enabled).
Found the latest cached dataset configuration 'id' at /home/mai.chau/.cache/huggingface/datasets/CohereForAI___global-mmlu/id/0.0.0/0e619dbeb34206cd48705a1a0ea7fb21cae09993 (last modified on Thu Oct  8 14:53:07 2026).
Using the latest cached version of the dataset since CohereForAI/Global-MMLU couldn't be found on the Hugging Face Hub (offline mode is enabled).
Found the latest cached dataset configuration 'id' at /home/mai.chau/.cache/huggingface/datasets/CohereForAI___global-mmlu/id/0.0.0/0e619dbeb34206cd48705a1a0ea7fb21cae09993 (last modified on Thu Oct  8 14:53:07 2026).
Using the latest cached version of the dataset since CohereForAI/Global-MMLU couldn't be found on the Hugging Face Hub (offline mode is enabled).
Found the latest cached dataset configuration 'id' at /home/mai.chau/.cache/huggingface/datasets/CohereForAI___global-mmlu/id/0.0.0/0e619dbeb34206cd48705a1a0ea7fb21cae09993 (last modified on Thu Oct  8 14:53:07 2026).
Using the latest cached version of the dataset since CohereForAI/Global-MMLU couldn't be found on the Hugging Face Hub (offline mode is enabled).
Found the latest cached dataset configuration 'id' at /home/mai.chau/.cache/huggingface/datasets/CohereForAI___global-mmlu/id/0.0.0/0e619dbeb34206cd48705a1a0ea7fb21cae09993 (last modified on Thu Oct  8 14:53:07 2026).
Using the latest cached version of the dataset since CohereForAI/Global-MMLU couldn't be found on the Hugging Face Hub (offline mode is enabled).
Found the latest cached dataset configuration 'id' at /home/mai.chau/.cache/huggingface/datasets/CohereForAI___global-mmlu/id/0.0.0/0e619dbeb34206cd48705a1a0ea7fb21cae09993 (last modified on Thu Oct  8 14:53:07 2026).
Using the latest cached version of the dataset since CohereForAI/Global-MMLU couldn't be found on the Hugging Face Hub (offline mode is enabled).
Found the latest cached dataset configuration 'id' at /home/mai.chau/.cache/huggingface/datasets/CohereForAI___global-mmlu/id/0.0.0/0e619dbeb34206cd48705a1a0ea7fb21cae09993 (last modified on Thu Oct  8 14:53:07 2026).
Using the latest cached version of the dataset since CohereForAI/Global-MMLU couldn't be found on the Hugging Face Hub (offline mode is enabled).
Found the latest cached dataset configuration 'id' at /home/mai.chau/.cache/huggingface/datasets/CohereForAI___global-mmlu/id/0.0.0/0e619dbeb34206cd48705a1a0ea7fb21cae09993 (last modified on Thu Oct  8 14:53:07 2026).
Using the latest cached version of the dataset since CohereForAI/Global-MMLU couldn't be found on the Hugging Face Hub (offline mode is enabled).
Found the latest cached dataset configuration 'id' at /home/mai.chau/.cache/huggingface/datasets/CohereForAI___global-mmlu/id/0.0.0/0e619dbeb34206cd48705a1a0ea7fb21cae09993 (last modified on Thu Oct  8 14:53:07 2026).
Using the latest cached version of the dataset since CohereForAI/Global-MMLU couldn't be found on the Hugging Face Hub (offline mode is enabled).
Found the latest cached dataset configuration 'id' at /home/mai.chau/.cache/huggingface/datasets/CohereForAI___global-mmlu/id/0.0.0/0e619dbeb34206cd48705a1a0ea7fb21cae09993 (last modified on Thu Oct  8 14:53:07 2026).
Using the latest cached version of the dataset since CohereForAI/Global-MMLU couldn't be found on the Hugging Face Hub (offline mode is enabled).
Found the latest cached dataset configuration 'id' at /home/mai.chau/.cache/huggingface/datasets/CohereForAI___global-mmlu/id/0.0.0/0e619dbeb34206cd48705a1a0ea7fb21cae09993 (last modified on Thu Oct  8 14:53:07 2026).
Using the latest cached version of the dataset since CohereForAI/Global-MMLU couldn't be found on the Hugging Face Hub (offline mode is enabled).
Found the latest cached dataset configuration 'id' at /home/mai.chau/.cache/huggingface/datasets/CohereForAI___global-mmlu/id/0.0.0/0e619dbeb34206cd48705a1a0ea7fb21cae09993 (last modified on Thu Oct  8 14:53:07 2026).
Using the latest cached version of the dataset since CohereForAI/Global-MMLU couldn't be found on the Hugging Face Hub (offline mode is enabled).
Found the latest cached dataset configuration 'id' at /home/mai.chau/.cache/huggingface/datasets/CohereForAI___global-mmlu/id/0.0.0/0e619dbeb34206cd48705a1a0ea7fb21cae09993 (last modified on Thu Oct  8 14:53:07 2026).
Using the latest cached version of the dataset since CohereForAI/Global-MMLU couldn't be found on the Hugging Face Hub (offline mode is enabled).
Found the latest cached dataset configuration 'id' at /home/mai.chau/.cache/huggingface/datasets/CohereForAI___global-mmlu/id/0.0.0/0e619dbeb34206cd48705a1a0ea7fb21cae09993 (last modified on Thu Oct  8 14:53:07 2026).
Using the latest cached version of the dataset since CohereForAI/Global-MMLU couldn't be found on the Hugging Face Hub (offline mode is enabled).
Found the latest cached dataset configuration 'id' at /home/mai.chau/.cache/huggingface/datasets/CohereForAI___global-mmlu/id/0.0.0/0e619dbeb34206cd48705a1a0ea7fb21cae09993 (last modified on Thu Oct  8 14:53:07 2026).
Using the latest cached version of the dataset since CohereForAI/Global-MMLU couldn't be found on the Hugging Face Hub (offline mode is enabled).
Found the latest cached dataset configuration 'id' at /home/mai.chau/.cache/huggingface/datasets/CohereForAI___global-mmlu/id/0.0.0/0e619dbeb34206cd48705a1a0ea7fb21cae09993 (last modified on Thu Oct  8 14:53:07 2026).
Using the latest cached version of the dataset since CohereForAI/Global-MMLU couldn't be found on the Hugging Face Hub (offline mode is enabled).
Found the latest cached dataset configuration 'id' at /home/mai.chau/.cache/huggingface/datasets/CohereForAI___global-mmlu/id/0.0.0/0e619dbeb34206cd48705a1a0ea7fb21cae09993 (last modified on Thu Oct  8 14:53:07 2026).
Using the latest cached version of the dataset since CohereForAI/Global-MMLU couldn't be found on the Hugging Face Hub (offline mode is enabled).
Found the latest cached dataset configuration 'id' at /home/mai.chau/.cache/huggingface/datasets/CohereForAI___global-mmlu/id/0.0.0/0e619dbeb34206cd48705a1a0ea7fb21cae09993 (last modified on Thu Oct  8 14:53:07 2026).
Using the latest cached version of the dataset since CohereForAI/Global-MMLU couldn't be found on the Hugging Face Hub (offline mode is enabled).
Found the latest cached dataset configuration 'id' at /home/mai.chau/.cache/huggingface/datasets/CohereForAI___global-mmlu/id/0.0.0/0e619dbeb34206cd48705a1a0ea7fb21cae09993 (last modified on Thu Oct  8 14:53:07 2026).
Using the latest cached version of the dataset since CohereForAI/Global-MMLU couldn't be found on the Hugging Face Hub (offline mode is enabled).
Found the latest cached dataset configuration 'id' at /home/mai.chau/.cache/huggingface/datasets/CohereForAI___global-mmlu/id/0.0.0/0e619dbeb34206cd48705a1a0ea7fb21cae09993 (last modified on Thu Oct  8 14:53:07 2026).
Using the latest cached version of the dataset since CohereForAI/Global-MMLU couldn't be found on the Hugging Face Hub (offline mode is enabled).
Found the latest cached dataset configuration 'id' at /home/mai.chau/.cache/huggingface/datasets/CohereForAI___global-mmlu/id/0.0.0/0e619dbeb34206cd48705a1a0ea7fb21cae09993 (last modified on Thu Oct  8 14:53:07 2026).
Using the latest cached version of the dataset since CohereForAI/Global-MMLU couldn't be found on the Hugging Face Hub (offline mode is enabled).
Found the latest cached dataset configuration 'id' at /home/mai.chau/.cache/huggingface/datasets/CohereForAI___global-mmlu/id/0.0.0/0e619dbeb34206cd48705a1a0ea7fb21cae09993 (last modified on Thu Oct  8 14:53:07 2026).
Using the latest cached version of the dataset since CohereForAI/Global-MMLU couldn't be found on the Hugging Face Hub (offline mode is enabled).
Found the latest cached dataset configuration 'id' at /home/mai.chau/.cache/huggingface/datasets/CohereForAI___global-mmlu/id/0.0.0/0e619dbeb34206cd48705a1a0ea7fb21cae09993 (last modified on Thu Oct  8 14:53:07 2026).
Using the latest cached version of the dataset since CohereForAI/Global-MMLU couldn't be found on the Hugging Face Hub (offline mode is enabled).
Found the latest cached dataset configuration 'id' at /home/mai.chau/.cache/huggingface/datasets/CohereForAI___global-mmlu/id/0.0.0/0e619dbeb34206cd48705a1a0ea7fb21cae09993 (last modified on Thu Oct  8 14:53:07 2026).
Using the latest cached version of the dataset since CohereForAI/Global-MMLU couldn't be found on the Hugging Face Hub (offline mode is enabled).
Found the latest cached dataset configuration 'id' at /home/mai.chau/.cache/huggingface/datasets/CohereForAI___global-mmlu/id/0.0.0/0e619dbeb34206cd48705a1a0ea7fb21cae09993 (last modified on Thu Oct  8 14:53:07 2026).
Using the latest cached version of the dataset since CohereForAI/Global-MMLU couldn't be found on the Hugging Face Hub (offline mode is enabled).
Found the latest cached dataset configuration 'id' at /home/mai.chau/.cache/huggingface/datasets/CohereForAI___global-mmlu/id/0.0.0/0e619dbeb34206cd48705a1a0ea7fb21cae09993 (last modified on Thu Oct  8 14:53:07 2026).
Using the latest cached version of the dataset since CohereForAI/Global-MMLU couldn't be found on the Hugging Face Hub (offline mode is enabled).
Found the latest cached dataset configuration 'id' at /home/mai.chau/.cache/huggingface/datasets/CohereForAI___global-mmlu/id/0.0.0/0e619dbeb34206cd48705a1a0ea7fb21cae09993 (last modified on Thu Oct  8 14:53:07 2026).
Using the latest cached version of the dataset since CohereForAI/Global-MMLU couldn't be found on the Hugging Face Hub (offline mode is enabled).
Found the latest cached dataset configuration 'id' at /home/mai.chau/.cache/huggingface/datasets/CohereForAI___global-mmlu/id/0.0.0/0e619dbeb34206cd48705a1a0ea7fb21cae09993 (last modified on Thu Oct  8 14:53:07 2026).
Using the latest cached version of the dataset since CohereForAI/Global-MMLU couldn't be found on the Hugging Face Hub (offline mode is enabled).
Found the latest cached dataset configuration 'id' at /home/mai.chau/.cache/huggingface/datasets/CohereForAI___global-mmlu/id/0.0.0/0e619dbeb34206cd48705a1a0ea7fb21cae09993 (last modified on Thu Oct  8 14:53:07 2026).
Using the latest cached version of the dataset since CohereForAI/Global-MMLU couldn't be found on the Hugging Face Hub (offline mode is enabled).
Found the latest cached dataset configuration 'id' at /home/mai.chau/.cache/huggingface/datasets/CohereForAI___global-mmlu/id/0.0.0/0e619dbeb34206cd48705a1a0ea7fb21cae09993 (last modified on Thu Oct  8 14:53:07 2026).
Using the latest cached version of the dataset since CohereForAI/Global-MMLU couldn't be found on the Hugging Face Hub (offline mode is enabled).
Found the latest cached dataset configuration 'id' at /home/mai.chau/.cache/huggingface/datasets/CohereForAI___global-mmlu/id/0.0.0/0e619dbeb34206cd48705a1a0ea7fb21cae09993 (last modified on Thu Oct  8 14:53:07 2026).
Using the latest cached version of the dataset since CohereForAI/Global-MMLU couldn't be found on the Hugging Face Hub (offline mode is enabled).
Found the latest cached dataset configuration 'id' at /home/mai.chau/.cache/huggingface/datasets/CohereForAI___global-mmlu/id/0.0.0/0e619dbeb34206cd48705a1a0ea7fb21cae09993 (last modified on Thu Oct  8 14:53:07 2026).
Using the latest cached version of the dataset since CohereForAI/Global-MMLU couldn't be found on the Hugging Face Hub (offline mode is enabled).
Found the latest cached dataset configuration 'id' at /home/mai.chau/.cache/huggingface/datasets/CohereForAI___global-mmlu/id/0.0.0/0e619dbeb34206cd48705a1a0ea7fb21cae09993 (last modified on Thu Oct  8 14:53:07 2026).
Using the latest cached version of the dataset since CohereForAI/Global-MMLU couldn't be found on the Hugging Face Hub (offline mode is enabled).
Found the latest cached dataset configuration 'id' at /home/mai.chau/.cache/huggingface/datasets/CohereForAI___global-mmlu/id/0.0.0/0e619dbeb34206cd48705a1a0ea7fb21cae09993 (last modified on Thu Oct  8 14:53:07 2026).
Using the latest cached version of the dataset since CohereForAI/Global-MMLU couldn't be found on the Hugging Face Hub (offline mode is enabled).
Found the latest cached dataset configuration 'ms' at /home/mai.chau/.cache/huggingface/datasets/CohereForAI___global-mmlu/ms/0.0.0/0e619dbeb34206cd48705a1a0ea7fb21cae09993 (last modified on Thu Oct  8 14:53:10 2026).
Using the latest cached version of the dataset since CohereForAI/Global-MMLU couldn't be found on the Hugging Face Hub (offline mode is enabled).
Found the latest cached dataset configuration 'ms' at /home/mai.chau/.cache/huggingface/datasets/CohereForAI___global-mmlu/ms/0.0.0/0e619dbeb34206cd48705a1a0ea7fb21cae09993 (last modified on Thu Oct  8 14:53:10 2026).
Using the latest cached version of the dataset since CohereForAI/Global-MMLU couldn't be found on the Hugging Face Hub (offline mode is enabled).
Found the latest cached dataset configuration 'ms' at /home/mai.chau/.cache/huggingface/datasets/CohereForAI___global-mmlu/ms/0.0.0/0e619dbeb34206cd48705a1a0ea7fb21cae09993 (last modified on Thu Oct  8 14:53:10 2026).
Using the latest cached version of the dataset since CohereForAI/Global-MMLU couldn't be found on the Hugging Face Hub (offline mode is enabled).
Found the latest cached dataset configuration 'ms' at /home/mai.chau/.cache/huggingface/datasets/CohereForAI___global-mmlu/ms/0.0.0/0e619dbeb34206cd48705a1a0ea7fb21cae09993 (last modified on Thu Oct  8 14:53:10 2026).
Using the latest cached version of the dataset since CohereForAI/Global-MMLU couldn't be found on the Hugging Face Hub (offline mode is enabled).
Found the latest cached dataset configuration 'ms' at /home/mai.chau/.cache/huggingface/datasets/CohereForAI___global-mmlu/ms/0.0.0/0e619dbeb34206cd48705a1a0ea7fb21cae09993 (last modified on Thu Oct  8 14:53:10 2026).
Using the latest cached version of the dataset since CohereForAI/Global-MMLU couldn't be found on the Hugging Face Hub (offline mode is enabled).
Found the latest cached dataset configuration 'ms' at /home/mai.chau/.cache/huggingface/datasets/CohereForAI___global-mmlu/ms/0.0.0/0e619dbeb34206cd48705a1a0ea7fb21cae09993 (last modified on Thu Oct  8 14:53:10 2026).
Using the latest cached version of the dataset since CohereForAI/Global-MMLU couldn't be found on the Hugging Face Hub (offline mode is enabled).
Found the latest cached dataset configuration 'ms' at /home/mai.chau/.cache/huggingface/datasets/CohereForAI___global-mmlu/ms/0.0.0/0e619dbeb34206cd48705a1a0ea7fb21cae09993 (last modified on Thu Oct  8 14:53:10 2026).
Using the latest cached version of the dataset since CohereForAI/Global-MMLU couldn't be found on the Hugging Face Hub (offline mode is enabled).
Found the latest cached dataset configuration 'ms' at /home/mai.chau/.cache/huggingface/datasets/CohereForAI___global-mmlu/ms/0.0.0/0e619dbeb34206cd48705a1a0ea7fb21cae09993 (last modified on Thu Oct  8 14:53:10 2026).
Using the latest cached version of the dataset since CohereForAI/Global-MMLU couldn't be found on the Hugging Face Hub (offline mode is enabled).
Found the latest cached dataset configuration 'ms' at /home/mai.chau/.cache/huggingface/datasets/CohereForAI___global-mmlu/ms/0.0.0/0e619dbeb34206cd48705a1a0ea7fb21cae09993 (last modified on Thu Oct  8 14:53:10 2026).
Using the latest cached version of the dataset since CohereForAI/Global-MMLU couldn't be found on the Hugging Face Hub (offline mode is enabled).
Found the latest cached dataset configuration 'ms' at /home/mai.chau/.cache/huggingface/datasets/CohereForAI___global-mmlu/ms/0.0.0/0e619dbeb34206cd48705a1a0ea7fb21cae09993 (last modified on Thu Oct  8 14:53:10 2026).
Using the latest cached version of the dataset since CohereForAI/Global-MMLU couldn't be found on the Hugging Face Hub (offline mode is enabled).
Found the latest cached dataset configuration 'ms' at /home/mai.chau/.cache/huggingface/datasets/CohereForAI___global-mmlu/ms/0.0.0/0e619dbeb34206cd48705a1a0ea7fb21cae09993 (last modified on Thu Oct  8 14:53:10 2026).
Using the latest cached version of the dataset since CohereForAI/Global-MMLU couldn't be found on the Hugging Face Hub (offline mode is enabled).
Found the latest cached dataset configuration 'ms' at /home/mai.chau/.cache/huggingface/datasets/CohereForAI___global-mmlu/ms/0.0.0/0e619dbeb34206cd48705a1a0ea7fb21cae09993 (last modified on Thu Oct  8 14:53:10 2026).
Using the latest cached version of the dataset since CohereForAI/Global-MMLU couldn't be found on the Hugging Face Hub (offline mode is enabled).
Found the latest cached dataset configuration 'ms' at /home/mai.chau/.cache/huggingface/datasets/CohereForAI___global-mmlu/ms/0.0.0/0e619dbeb34206cd48705a1a0ea7fb21cae09993 (last modified on Thu Oct  8 14:53:10 2026).
Using the latest cached version of the dataset since CohereForAI/Global-MMLU couldn't be found on the Hugging Face Hub (offline mode is enabled).
Found the latest cached dataset configuration 'ms' at /home/mai.chau/.cache/huggingface/datasets/CohereForAI___global-mmlu/ms/0.0.0/0e619dbeb34206cd48705a1a0ea7fb21cae09993 (last modified on Thu Oct  8 14:53:10 2026).
Using the latest cached version of the dataset since CohereForAI/Global-MMLU couldn't be found on the Hugging Face Hub (offline mode is enabled).
Found the latest cached dataset configuration 'ms' at /home/mai.chau/.cache/huggingface/datasets/CohereForAI___global-mmlu/ms/0.0.0/0e619dbeb34206cd48705a1a0ea7fb21cae09993 (last modified on Thu Oct  8 14:53:10 2026).
Using the latest cached version of the dataset since CohereForAI/Global-MMLU couldn't be found on the Hugging Face Hub (offline mode is enabled).
Found the latest cached dataset configuration 'ms' at /home/mai.chau/.cache/huggingface/datasets/CohereForAI___global-mmlu/ms/0.0.0/0e619dbeb34206cd48705a1a0ea7fb21cae09993 (last modified on Thu Oct  8 14:53:10 2026).
Using the latest cached version of the dataset since CohereForAI/Global-MMLU couldn't be found on the Hugging Face Hub (offline mode is enabled).
Found the latest cached dataset configuration 'ms' at /home/mai.chau/.cache/huggingface/datasets/CohereForAI___global-mmlu/ms/0.0.0/0e619dbeb34206cd48705a1a0ea7fb21cae09993 (last modified on Thu Oct  8 14:53:10 2026).
Using the latest cached version of the dataset since CohereForAI/Global-MMLU couldn't be found on the Hugging Face Hub (offline mode is enabled).
Found the latest cached dataset configuration 'ms' at /home/mai.chau/.cache/huggingface/datasets/CohereForAI___global-mmlu/ms/0.0.0/0e619dbeb34206cd48705a1a0ea7fb21cae09993 (last modified on Thu Oct  8 14:53:10 2026).
Using the latest cached version of the dataset since CohereForAI/Global-MMLU couldn't be found on the Hugging Face Hub (offline mode is enabled).
Found the latest cached dataset configuration 'ms' at /home/mai.chau/.cache/huggingface/datasets/CohereForAI___global-mmlu/ms/0.0.0/0e619dbeb34206cd48705a1a0ea7fb21cae09993 (last modified on Thu Oct  8 14:53:10 2026).
Using the latest cached version of the dataset since CohereForAI/Global-MMLU couldn't be found on the Hugging Face Hub (offline mode is enabled).
Found the latest cached dataset configuration 'ms' at /home/mai.chau/.cache/huggingface/datasets/CohereForAI___global-mmlu/ms/0.0.0/0e619dbeb34206cd48705a1a0ea7fb21cae09993 (last modified on Thu Oct  8 14:53:10 2026).
Using the latest cached version of the dataset since CohereForAI/Global-MMLU couldn't be found on the Hugging Face Hub (offline mode is enabled).
Found the latest cached dataset configuration 'ms' at /home/mai.chau/.cache/huggingface/datasets/CohereForAI___global-mmlu/ms/0.0.0/0e619dbeb34206cd48705a1a0ea7fb21cae09993 (last modified on Thu Oct  8 14:53:10 2026).
Using the latest cached version of the dataset since CohereForAI/Global-MMLU couldn't be found on the Hugging Face Hub (offline mode is enabled).
Found the latest cached dataset configuration 'ms' at /home/mai.chau/.cache/huggingface/datasets/CohereForAI___global-mmlu/ms/0.0.0/0e619dbeb34206cd48705a1a0ea7fb21cae09993 (last modified on Thu Oct  8 14:53:10 2026).
Using the latest cached version of the dataset since CohereForAI/Global-MMLU couldn't be found on the Hugging Face Hub (offline mode is enabled).
Found the latest cached dataset configuration 'ms' at /home/mai.chau/.cache/huggingface/datasets/CohereForAI___global-mmlu/ms/0.0.0/0e619dbeb34206cd48705a1a0ea7fb21cae09993 (last modified on Thu Oct  8 14:53:10 2026).
Using the latest cached version of the dataset since CohereForAI/Global-MMLU couldn't be found on the Hugging Face Hub (offline mode is enabled).
Found the latest cached dataset configuration 'ms' at /home/mai.chau/.cache/huggingface/datasets/CohereForAI___global-mmlu/ms/0.0.0/0e619dbeb34206cd48705a1a0ea7fb21cae09993 (last modified on Thu Oct  8 14:53:10 2026).
Using the latest cached version of the dataset since CohereForAI/Global-MMLU couldn't be found on the Hugging Face Hub (offline mode is enabled).
Found the latest cached dataset configuration 'ms' at /home/mai.chau/.cache/huggingface/datasets/CohereForAI___global-mmlu/ms/0.0.0/0e619dbeb34206cd48705a1a0ea7fb21cae09993 (last modified on Thu Oct  8 14:53:10 2026).
Using the latest cached version of the dataset since CohereForAI/Global-MMLU couldn't be found on the Hugging Face Hub (offline mode is enabled).
Found the latest cached dataset configuration 'ms' at /home/mai.chau/.cache/huggingface/datasets/CohereForAI___global-mmlu/ms/0.0.0/0e619dbeb34206cd48705a1a0ea7fb21cae09993 (last modified on Thu Oct  8 14:53:10 2026).
Using the latest cached version of the dataset since CohereForAI/Global-MMLU couldn't be found on the Hugging Face Hub (offline mode is enabled).
Found the latest cached dataset configuration 'ms' at /home/mai.chau/.cache/huggingface/datasets/CohereForAI___global-mmlu/ms/0.0.0/0e619dbeb34206cd48705a1a0ea7fb21cae09993 (last modified on Thu Oct  8 14:53:10 2026).
Using the latest cached version of the dataset since CohereForAI/Global-MMLU couldn't be found on the Hugging Face Hub (offline mode is enabled).
Found the latest cached dataset configuration 'ms' at /home/mai.chau/.cache/huggingface/datasets/CohereForAI___global-mmlu/ms/0.0.0/0e619dbeb34206cd48705a1a0ea7fb21cae09993 (last modified on Thu Oct  8 14:53:10 2026).
Using the latest cached version of the dataset since CohereForAI/Global-MMLU couldn't be found on the Hugging Face Hub (offline mode is enabled).
Found the latest cached dataset configuration 'ms' at /home/mai.chau/.cache/huggingface/datasets/CohereForAI___global-mmlu/ms/0.0.0/0e619dbeb34206cd48705a1a0ea7fb21cae09993 (last modified on Thu Oct  8 14:53:10 2026).
Using the latest cached version of the dataset since CohereForAI/Global-MMLU couldn't be found on the Hugging Face Hub (offline mode is enabled).
Found the latest cached dataset configuration 'ms' at /home/mai.chau/.cache/huggingface/datasets/CohereForAI___global-mmlu/ms/0.0.0/0e619dbeb34206cd48705a1a0ea7fb21cae09993 (last modified on Thu Oct  8 14:53:10 2026).
Using the latest cached version of the dataset since CohereForAI/Global-MMLU couldn't be found on the Hugging Face Hub (offline mode is enabled).
Found the latest cached dataset configuration 'ms' at /home/mai.chau/.cache/huggingface/datasets/CohereForAI___global-mmlu/ms/0.0.0/0e619dbeb34206cd48705a1a0ea7fb21cae09993 (last modified on Thu Oct  8 14:53:10 2026).
Using the latest cached version of the dataset since CohereForAI/Global-MMLU couldn't be found on the Hugging Face Hub (offline mode is enabled).
Found the latest cached dataset configuration 'ms' at /home/mai.chau/.cache/huggingface/datasets/CohereForAI___global-mmlu/ms/0.0.0/0e619dbeb34206cd48705a1a0ea7fb21cae09993 (last modified on Thu Oct  8 14:53:10 2026).
Using the latest cached version of the dataset since CohereForAI/Global-MMLU couldn't be found on the Hugging Face Hub (offline mode is enabled).
Found the latest cached dataset configuration 'ms' at /home/mai.chau/.cache/huggingface/datasets/CohereForAI___global-mmlu/ms/0.0.0/0e619dbeb34206cd48705a1a0ea7fb21cae09993 (last modified on Thu Oct  8 14:53:10 2026).
Using the latest cached version of the dataset since CohereForAI/Global-MMLU couldn't be found on the Hugging Face Hub (offline mode is enabled).
Found the latest cached dataset configuration 'ms' at /home/mai.chau/.cache/huggingface/datasets/CohereForAI___global-mmlu/ms/0.0.0/0e619dbeb34206cd48705a1a0ea7fb21cae09993 (last modified on Thu Oct  8 14:53:10 2026).
Using the latest cached version of the dataset since CohereForAI/Global-MMLU couldn't be found on the Hugging Face Hub (offline mode is enabled).
Found the latest cached dataset configuration 'ms' at /home/mai.chau/.cache/huggingface/datasets/CohereForAI___global-mmlu/ms/0.0.0/0e619dbeb34206cd48705a1a0ea7fb21cae09993 (last modified on Thu Oct  8 14:53:10 2026).
Using the latest cached version of the dataset since CohereForAI/Global-MMLU couldn't be found on the Hugging Face Hub (offline mode is enabled).
Found the latest cached dataset configuration 'ms' at /home/mai.chau/.cache/huggingface/datasets/CohereForAI___global-mmlu/ms/0.0.0/0e619dbeb34206cd48705a1a0ea7fb21cae09993 (last modified on Thu Oct  8 14:53:10 2026).
Using the latest cached version of the dataset since CohereForAI/Global-MMLU couldn't be found on the Hugging Face Hub (offline mode is enabled).
Found the latest cached dataset configuration 'ms' at /home/mai.chau/.cache/huggingface/datasets/CohereForAI___global-mmlu/ms/0.0.0/0e619dbeb34206cd48705a1a0ea7fb21cae09993 (last modified on Thu Oct  8 14:53:10 2026).
Using the latest cached version of the dataset since CohereForAI/Global-MMLU couldn't be found on the Hugging Face Hub (offline mode is enabled).
Found the latest cached dataset configuration 'ms' at /home/mai.chau/.cache/huggingface/datasets/CohereForAI___global-mmlu/ms/0.0.0/0e619dbeb34206cd48705a1a0ea7fb21cae09993 (last modified on Thu Oct  8 14:53:10 2026).
Using the latest cached version of the dataset since CohereForAI/Global-MMLU couldn't be found on the Hugging Face Hub (offline mode is enabled).
Found the latest cached dataset configuration 'ms' at /home/mai.chau/.cache/huggingface/datasets/CohereForAI___global-mmlu/ms/0.0.0/0e619dbeb34206cd48705a1a0ea7fb21cae09993 (last modified on Thu Oct  8 14:53:10 2026).
Using the latest cached version of the dataset since CohereForAI/Global-MMLU couldn't be found on the Hugging Face Hub (offline mode is enabled).
Found the latest cached dataset configuration 'ms' at /home/mai.chau/.cache/huggingface/datasets/CohereForAI___global-mmlu/ms/0.0.0/0e619dbeb34206cd48705a1a0ea7fb21cae09993 (last modified on Thu Oct  8 14:53:10 2026).
Using the latest cached version of the dataset since CohereForAI/Global-MMLU couldn't be found on the Hugging Face Hub (offline mode is enabled).
Found the latest cached dataset configuration 'ms' at /home/mai.chau/.cache/huggingface/datasets/CohereForAI___global-mmlu/ms/0.0.0/0e619dbeb34206cd48705a1a0ea7fb21cae09993 (last modified on Thu Oct  8 14:53:10 2026).
Using the latest cached version of the dataset since CohereForAI/Global-MMLU couldn't be found on the Hugging Face Hub (offline mode is enabled).
Found the latest cached dataset configuration 'ms' at /home/mai.chau/.cache/huggingface/datasets/CohereForAI___global-mmlu/ms/0.0.0/0e619dbeb34206cd48705a1a0ea7fb21cae09993 (last modified on Thu Oct  8 14:53:10 2026).
Using the latest cached version of the dataset since CohereForAI/Global-MMLU couldn't be found on the Hugging Face Hub (offline mode is enabled).
Found the latest cached dataset configuration 'ms' at /home/mai.chau/.cache/huggingface/datasets/CohereForAI___global-mmlu/ms/0.0.0/0e619dbeb34206cd48705a1a0ea7fb21cae09993 (last modified on Thu Oct  8 14:53:10 2026).
Using the latest cached version of the dataset since CohereForAI/Global-MMLU couldn't be found on the Hugging Face Hub (offline mode is enabled).
Found the latest cached dataset configuration 'ms' at /home/mai.chau/.cache/huggingface/datasets/CohereForAI___global-mmlu/ms/0.0.0/0e619dbeb34206cd48705a1a0ea7fb21cae09993 (last modified on Thu Oct  8 14:53:10 2026).
Using the latest cached version of the dataset since CohereForAI/Global-MMLU couldn't be found on the Hugging Face Hub (offline mode is enabled).
Found the latest cached dataset configuration 'ms' at /home/mai.chau/.cache/huggingface/datasets/CohereForAI___global-mmlu/ms/0.0.0/0e619dbeb34206cd48705a1a0ea7fb21cae09993 (last modified on Thu Oct  8 14:53:10 2026).
Using the latest cached version of the dataset since CohereForAI/Global-MMLU couldn't be found on the Hugging Face Hub (offline mode is enabled).
Found the latest cached dataset configuration 'ms' at /home/mai.chau/.cache/huggingface/datasets/CohereForAI___global-mmlu/ms/0.0.0/0e619dbeb34206cd48705a1a0ea7fb21cae09993 (last modified on Thu Oct  8 14:53:10 2026).
Using the latest cached version of the dataset since CohereForAI/Global-MMLU couldn't be found on the Hugging Face Hub (offline mode is enabled).
Found the latest cached dataset configuration 'ms' at /home/mai.chau/.cache/huggingface/datasets/CohereForAI___global-mmlu/ms/0.0.0/0e619dbeb34206cd48705a1a0ea7fb21cae09993 (last modified on Thu Oct  8 14:53:10 2026).
Using the latest cached version of the dataset since CohereForAI/Global-MMLU couldn't be found on the Hugging Face Hub (offline mode is enabled).
Found the latest cached dataset configuration 'ms' at /home/mai.chau/.cache/huggingface/datasets/CohereForAI___global-mmlu/ms/0.0.0/0e619dbeb34206cd48705a1a0ea7fb21cae09993 (last modified on Thu Oct  8 14:53:10 2026).
Using the latest cached version of the dataset since CohereForAI/Global-MMLU couldn't be found on the Hugging Face Hub (offline mode is enabled).
Found the latest cached dataset configuration 'ms' at /home/mai.chau/.cache/huggingface/datasets/CohereForAI___global-mmlu/ms/0.0.0/0e619dbeb34206cd48705a1a0ea7fb21cae09993 (last modified on Thu Oct  8 14:53:10 2026).
Using the latest cached version of the dataset since CohereForAI/Global-MMLU couldn't be found on the Hugging Face Hub (offline mode is enabled).
Found the latest cached dataset configuration 'ms' at /home/mai.chau/.cache/huggingface/datasets/CohereForAI___global-mmlu/ms/0.0.0/0e619dbeb34206cd48705a1a0ea7fb21cae09993 (last modified on Thu Oct  8 14:53:10 2026).
Using the latest cached version of the dataset since CohereForAI/Global-MMLU couldn't be found on the Hugging Face Hub (offline mode is enabled).
Found the latest cached dataset configuration 'ms' at /home/mai.chau/.cache/huggingface/datasets/CohereForAI___global-mmlu/ms/0.0.0/0e619dbeb34206cd48705a1a0ea7fb21cae09993 (last modified on Thu Oct  8 14:53:10 2026).
Using the latest cached version of the dataset since CohereForAI/Global-MMLU couldn't be found on the Hugging Face Hub (offline mode is enabled).
Found the latest cached dataset configuration 'ms' at /home/mai.chau/.cache/huggingface/datasets/CohereForAI___global-mmlu/ms/0.0.0/0e619dbeb34206cd48705a1a0ea7fb21cae09993 (last modified on Thu Oct  8 14:53:10 2026).
Using the latest cached version of the dataset since CohereForAI/Global-MMLU couldn't be found on the Hugging Face Hub (offline mode is enabled).
Found the latest cached dataset configuration 'ms' at /home/mai.chau/.cache/huggingface/datasets/CohereForAI___global-mmlu/ms/0.0.0/0e619dbeb34206cd48705a1a0ea7fb21cae09993 (last modified on Thu Oct  8 14:53:10 2026).
Using the latest cached version of the dataset since CohereForAI/Global-MMLU couldn't be found on the Hugging Face Hub (offline mode is enabled).
Found the latest cached dataset configuration 'ms' at /home/mai.chau/.cache/huggingface/datasets/CohereForAI___global-mmlu/ms/0.0.0/0e619dbeb34206cd48705a1a0ea7fb21cae09993 (last modified on Thu Oct  8 14:53:10 2026).
Using the latest cached version of the dataset since CohereForAI/Global-MMLU couldn't be found on the Hugging Face Hub (offline mode is enabled).
Found the latest cached dataset configuration 'ms' at /home/mai.chau/.cache/huggingface/datasets/CohereForAI___global-mmlu/ms/0.0.0/0e619dbeb34206cd48705a1a0ea7fb21cae09993 (last modified on Thu Oct  8 14:53:10 2026).
Using the latest cached version of the dataset since CohereForAI/Global-MMLU couldn't be found on the Hugging Face Hub (offline mode is enabled).
Found the latest cached dataset configuration 'ms' at /home/mai.chau/.cache/huggingface/datasets/CohereForAI___global-mmlu/ms/0.0.0/0e619dbeb34206cd48705a1a0ea7fb21cae09993 (last modified on Thu Oct  8 14:53:10 2026).
Using the latest cached version of the dataset since CohereForAI/Global-MMLU couldn't be found on the Hugging Face Hub (offline mode is enabled).
Found the latest cached dataset configuration 'ms' at /home/mai.chau/.cache/huggingface/datasets/CohereForAI___global-mmlu/ms/0.0.0/0e619dbeb34206cd48705a1a0ea7fb21cae09993 (last modified on Thu Oct  8 14:53:10 2026).
Using the latest cached version of the dataset since CohereForAI/Global-MMLU couldn't be found on the Hugging Face Hub (offline mode is enabled).
Found the latest cached dataset configuration 'vi' at /home/mai.chau/.cache/huggingface/datasets/CohereForAI___global-mmlu/vi/0.0.0/0e619dbeb34206cd48705a1a0ea7fb21cae09993 (last modified on Thu Oct  8 14:53:12 2026).
Using the latest cached version of the dataset since CohereForAI/Global-MMLU couldn't be found on the Hugging Face Hub (offline mode is enabled).
Found the latest cached dataset configuration 'vi' at /home/mai.chau/.cache/huggingface/datasets/CohereForAI___global-mmlu/vi/0.0.0/0e619dbeb34206cd48705a1a0ea7fb21cae09993 (last modified on Thu Oct  8 14:53:12 2026).
Using the latest cached version of the dataset since CohereForAI/Global-MMLU couldn't be found on the Hugging Face Hub (offline mode is enabled).
Found the latest cached dataset configuration 'vi' at /home/mai.chau/.cache/huggingface/datasets/CohereForAI___global-mmlu/vi/0.0.0/0e619dbeb34206cd48705a1a0ea7fb21cae09993 (last modified on Thu Oct  8 14:53:12 2026).
Using the latest cached version of the dataset since CohereForAI/Global-MMLU couldn't be found on the Hugging Face Hub (offline mode is enabled).
Found the latest cached dataset configuration 'vi' at /home/mai.chau/.cache/huggingface/datasets/CohereForAI___global-mmlu/vi/0.0.0/0e619dbeb34206cd48705a1a0ea7fb21cae09993 (last modified on Thu Oct  8 14:53:12 2026).
Using the latest cached version of the dataset since CohereForAI/Global-MMLU couldn't be found on the Hugging Face Hub (offline mode is enabled).
Found the latest cached dataset configuration 'vi' at /home/mai.chau/.cache/huggingface/datasets/CohereForAI___global-mmlu/vi/0.0.0/0e619dbeb34206cd48705a1a0ea7fb21cae09993 (last modified on Thu Oct  8 14:53:12 2026).
Using the latest cached version of the dataset since CohereForAI/Global-MMLU couldn't be found on the Hugging Face Hub (offline mode is enabled).
Found the latest cached dataset configuration 'vi' at /home/mai.chau/.cache/huggingface/datasets/CohereForAI___global-mmlu/vi/0.0.0/0e619dbeb34206cd48705a1a0ea7fb21cae09993 (last modified on Thu Oct  8 14:53:12 2026).
Using the latest cached version of the dataset since CohereForAI/Global-MMLU couldn't be found on the Hugging Face Hub (offline mode is enabled).
Found the latest cached dataset configuration 'vi' at /home/mai.chau/.cache/huggingface/datasets/CohereForAI___global-mmlu/vi/0.0.0/0e619dbeb34206cd48705a1a0ea7fb21cae09993 (last modified on Thu Oct  8 14:53:12 2026).
Using the latest cached version of the dataset since CohereForAI/Global-MMLU couldn't be found on the Hugging Face Hub (offline mode is enabled).
Found the latest cached dataset configuration 'vi' at /home/mai.chau/.cache/huggingface/datasets/CohereForAI___global-mmlu/vi/0.0.0/0e619dbeb34206cd48705a1a0ea7fb21cae09993 (last modified on Thu Oct  8 14:53:12 2026).
Using the latest cached version of the dataset since CohereForAI/Global-MMLU couldn't be found on the Hugging Face Hub (offline mode is enabled).
Found the latest cached dataset configuration 'vi' at /home/mai.chau/.cache/huggingface/datasets/CohereForAI___global-mmlu/vi/0.0.0/0e619dbeb34206cd48705a1a0ea7fb21cae09993 (last modified on Thu Oct  8 14:53:12 2026).
Using the latest cached version of the dataset since CohereForAI/Global-MMLU couldn't be found on the Hugging Face Hub (offline mode is enabled).
Found the latest cached dataset configuration 'vi' at /home/mai.chau/.cache/huggingface/datasets/CohereForAI___global-mmlu/vi/0.0.0/0e619dbeb34206cd48705a1a0ea7fb21cae09993 (last modified on Thu Oct  8 14:53:12 2026).
Using the latest cached version of the dataset since CohereForAI/Global-MMLU couldn't be found on the Hugging Face Hub (offline mode is enabled).
Found the latest cached dataset configuration 'vi' at /home/mai.chau/.cache/huggingface/datasets/CohereForAI___global-mmlu/vi/0.0.0/0e619dbeb34206cd48705a1a0ea7fb21cae09993 (last modified on Thu Oct  8 14:53:12 2026).
Using the latest cached version of the dataset since CohereForAI/Global-MMLU couldn't be found on the Hugging Face Hub (offline mode is enabled).
Found the latest cached dataset configuration 'vi' at /home/mai.chau/.cache/huggingface/datasets/CohereForAI___global-mmlu/vi/0.0.0/0e619dbeb34206cd48705a1a0ea7fb21cae09993 (last modified on Thu Oct  8 14:53:12 2026).
Using the latest cached version of the dataset since CohereForAI/Global-MMLU couldn't be found on the Hugging Face Hub (offline mode is enabled).
Found the latest cached dataset configuration 'vi' at /home/mai.chau/.cache/huggingface/datasets/CohereForAI___global-mmlu/vi/0.0.0/0e619dbeb34206cd48705a1a0ea7fb21cae09993 (last modified on Thu Oct  8 14:53:12 2026).
Using the latest cached version of the dataset since CohereForAI/Global-MMLU couldn't be found on the Hugging Face Hub (offline mode is enabled).
Found the latest cached dataset configuration 'vi' at /home/mai.chau/.cache/huggingface/datasets/CohereForAI___global-mmlu/vi/0.0.0/0e619dbeb34206cd48705a1a0ea7fb21cae09993 (last modified on Thu Oct  8 14:53:12 2026).
Using the latest cached version of the dataset since CohereForAI/Global-MMLU couldn't be found on the Hugging Face Hub (offline mode is enabled).
Found the latest cached dataset configuration 'vi' at /home/mai.chau/.cache/huggingface/datasets/CohereForAI___global-mmlu/vi/0.0.0/0e619dbeb34206cd48705a1a0ea7fb21cae09993 (last modified on Thu Oct  8 14:53:12 2026).
Using the latest cached version of the dataset since CohereForAI/Global-MMLU couldn't be found on the Hugging Face Hub (offline mode is enabled).
Found the latest cached dataset configuration 'vi' at /home/mai.chau/.cache/huggingface/datasets/CohereForAI___global-mmlu/vi/0.0.0/0e619dbeb34206cd48705a1a0ea7fb21cae09993 (last modified on Thu Oct  8 14:53:12 2026).
Using the latest cached version of the dataset since CohereForAI/Global-MMLU couldn't be found on the Hugging Face Hub (offline mode is enabled).
Found the latest cached dataset configuration 'vi' at /home/mai.chau/.cache/huggingface/datasets/CohereForAI___global-mmlu/vi/0.0.0/0e619dbeb34206cd48705a1a0ea7fb21cae09993 (last modified on Thu Oct  8 14:53:12 2026).
Using the latest cached version of the dataset since CohereForAI/Global-MMLU couldn't be found on the Hugging Face Hub (offline mode is enabled).
Found the latest cached dataset configuration 'vi' at /home/mai.chau/.cache/huggingface/datasets/CohereForAI___global-mmlu/vi/0.0.0/0e619dbeb34206cd48705a1a0ea7fb21cae09993 (last modified on Thu Oct  8 14:53:12 2026).
Using the latest cached version of the dataset since CohereForAI/Global-MMLU couldn't be found on the Hugging Face Hub (offline mode is enabled).
Found the latest cached dataset configuration 'vi' at /home/mai.chau/.cache/huggingface/datasets/CohereForAI___global-mmlu/vi/0.0.0/0e619dbeb34206cd48705a1a0ea7fb21cae09993 (last modified on Thu Oct  8 14:53:12 2026).
Using the latest cached version of the dataset since CohereForAI/Global-MMLU couldn't be found on the Hugging Face Hub (offline mode is enabled).
Found the latest cached dataset configuration 'vi' at /home/mai.chau/.cache/huggingface/datasets/CohereForAI___global-mmlu/vi/0.0.0/0e619dbeb34206cd48705a1a0ea7fb21cae09993 (last modified on Thu Oct  8 14:53:12 2026).
Using the latest cached version of the dataset since CohereForAI/Global-MMLU couldn't be found on the Hugging Face Hub (offline mode is enabled).
Found the latest cached dataset configuration 'vi' at /home/mai.chau/.cache/huggingface/datasets/CohereForAI___global-mmlu/vi/0.0.0/0e619dbeb34206cd48705a1a0ea7fb21cae09993 (last modified on Thu Oct  8 14:53:12 2026).
Using the latest cached version of the dataset since CohereForAI/Global-MMLU couldn't be found on the Hugging Face Hub (offline mode is enabled).
Found the latest cached dataset configuration 'vi' at /home/mai.chau/.cache/huggingface/datasets/CohereForAI___global-mmlu/vi/0.0.0/0e619dbeb34206cd48705a1a0ea7fb21cae09993 (last modified on Thu Oct  8 14:53:12 2026).
Using the latest cached version of the dataset since CohereForAI/Global-MMLU couldn't be found on the Hugging Face Hub (offline mode is enabled).
Found the latest cached dataset configuration 'vi' at /home/mai.chau/.cache/huggingface/datasets/CohereForAI___global-mmlu/vi/0.0.0/0e619dbeb34206cd48705a1a0ea7fb21cae09993 (last modified on Thu Oct  8 14:53:12 2026).
Using the latest cached version of the dataset since CohereForAI/Global-MMLU couldn't be found on the Hugging Face Hub (offline mode is enabled).
Found the latest cached dataset configuration 'vi' at /home/mai.chau/.cache/huggingface/datasets/CohereForAI___global-mmlu/vi/0.0.0/0e619dbeb34206cd48705a1a0ea7fb21cae09993 (last modified on Thu Oct  8 14:53:12 2026).
Using the latest cached version of the dataset since CohereForAI/Global-MMLU couldn't be found on the Hugging Face Hub (offline mode is enabled).
Found the latest cached dataset configuration 'vi' at /home/mai.chau/.cache/huggingface/datasets/CohereForAI___global-mmlu/vi/0.0.0/0e619dbeb34206cd48705a1a0ea7fb21cae09993 (last modified on Thu Oct  8 14:53:12 2026).
Using the latest cached version of the dataset since CohereForAI/Global-MMLU couldn't be found on the Hugging Face Hub (offline mode is enabled).
Found the latest cached dataset configuration 'vi' at /home/mai.chau/.cache/huggingface/datasets/CohereForAI___global-mmlu/vi/0.0.0/0e619dbeb34206cd48705a1a0ea7fb21cae09993 (last modified on Thu Oct  8 14:53:12 2026).
Using the latest cached version of the dataset since CohereForAI/Global-MMLU couldn't be found on the Hugging Face Hub (offline mode is enabled).
Found the latest cached dataset configuration 'vi' at /home/mai.chau/.cache/huggingface/datasets/CohereForAI___global-mmlu/vi/0.0.0/0e619dbeb34206cd48705a1a0ea7fb21cae09993 (last modified on Thu Oct  8 14:53:12 2026).
Using the latest cached version of the dataset since CohereForAI/Global-MMLU couldn't be found on the Hugging Face Hub (offline mode is enabled).
Found the latest cached dataset configuration 'vi' at /home/mai.chau/.cache/huggingface/datasets/CohereForAI___global-mmlu/vi/0.0.0/0e619dbeb34206cd48705a1a0ea7fb21cae09993 (last modified on Thu Oct  8 14:53:12 2026).
Using the latest cached version of the dataset since CohereForAI/Global-MMLU couldn't be found on the Hugging Face Hub (offline mode is enabled).
Found the latest cached dataset configuration 'vi' at /home/mai.chau/.cache/huggingface/datasets/CohereForAI___global-mmlu/vi/0.0.0/0e619dbeb34206cd48705a1a0ea7fb21cae09993 (last modified on Thu Oct  8 14:53:12 2026).
Using the latest cached version of the dataset since CohereForAI/Global-MMLU couldn't be found on the Hugging Face Hub (offline mode is enabled).
Found the latest cached dataset configuration 'vi' at /home/mai.chau/.cache/huggingface/datasets/CohereForAI___global-mmlu/vi/0.0.0/0e619dbeb34206cd48705a1a0ea7fb21cae09993 (last modified on Thu Oct  8 14:53:12 2026).
Using the latest cached version of the dataset since CohereForAI/Global-MMLU couldn't be found on the Hugging Face Hub (offline mode is enabled).
Found the latest cached dataset configuration 'vi' at /home/mai.chau/.cache/huggingface/datasets/CohereForAI___global-mmlu/vi/0.0.0/0e619dbeb34206cd48705a1a0ea7fb21cae09993 (last modified on Thu Oct  8 14:53:12 2026).
Using the latest cached version of the dataset since CohereForAI/Global-MMLU couldn't be found on the Hugging Face Hub (offline mode is enabled).
Found the latest cached dataset configuration 'vi' at /home/mai.chau/.cache/huggingface/datasets/CohereForAI___global-mmlu/vi/0.0.0/0e619dbeb34206cd48705a1a0ea7fb21cae09993 (last modified on Thu Oct  8 14:53:12 2026).
Using the latest cached version of the dataset since CohereForAI/Global-MMLU couldn't be found on the Hugging Face Hub (offline mode is enabled).
Found the latest cached dataset configuration 'vi' at /home/mai.chau/.cache/huggingface/datasets/CohereForAI___global-mmlu/vi/0.0.0/0e619dbeb34206cd48705a1a0ea7fb21cae09993 (last modified on Thu Oct  8 14:53:12 2026).
Using the latest cached version of the dataset since CohereForAI/Global-MMLU couldn't be found on the Hugging Face Hub (offline mode is enabled).
Found the latest cached dataset configuration 'vi' at /home/mai.chau/.cache/huggingface/datasets/CohereForAI___global-mmlu/vi/0.0.0/0e619dbeb34206cd48705a1a0ea7fb21cae09993 (last modified on Thu Oct  8 14:53:12 2026).
Using the latest cached version of the dataset since CohereForAI/Global-MMLU couldn't be found on the Hugging Face Hub (offline mode is enabled).
Found the latest cached dataset configuration 'vi' at /home/mai.chau/.cache/huggingface/datasets/CohereForAI___global-mmlu/vi/0.0.0/0e619dbeb34206cd48705a1a0ea7fb21cae09993 (last modified on Thu Oct  8 14:53:12 2026).
Using the latest cached version of the dataset since CohereForAI/Global-MMLU couldn't be found on the Hugging Face Hub (offline mode is enabled).
Found the latest cached dataset configuration 'vi' at /home/mai.chau/.cache/huggingface/datasets/CohereForAI___global-mmlu/vi/0.0.0/0e619dbeb34206cd48705a1a0ea7fb21cae09993 (last modified on Thu Oct  8 14:53:12 2026).
Using the latest cached version of the dataset since CohereForAI/Global-MMLU couldn't be found on the Hugging Face Hub (offline mode is enabled).
Found the latest cached dataset configuration 'vi' at /home/mai.chau/.cache/huggingface/datasets/CohereForAI___global-mmlu/vi/0.0.0/0e619dbeb34206cd48705a1a0ea7fb21cae09993 (last modified on Thu Oct  8 14:53:12 2026).
Using the latest cached version of the dataset since CohereForAI/Global-MMLU couldn't be found on the Hugging Face Hub (offline mode is enabled).
Found the latest cached dataset configuration 'vi' at /home/mai.chau/.cache/huggingface/datasets/CohereForAI___global-mmlu/vi/0.0.0/0e619dbeb34206cd48705a1a0ea7fb21cae09993 (last modified on Thu Oct  8 14:53:12 2026).
Using the latest cached version of the dataset since CohereForAI/Global-MMLU couldn't be found on the Hugging Face Hub (offline mode is enabled).
Found the latest cached dataset configuration 'vi' at /home/mai.chau/.cache/huggingface/datasets/CohereForAI___global-mmlu/vi/0.0.0/0e619dbeb34206cd48705a1a0ea7fb21cae09993 (last modified on Thu Oct  8 14:53:12 2026).
Using the latest cached version of the dataset since CohereForAI/Global-MMLU couldn't be found on the Hugging Face Hub (offline mode is enabled).
Found the latest cached dataset configuration 'vi' at /home/mai.chau/.cache/huggingface/datasets/CohereForAI___global-mmlu/vi/0.0.0/0e619dbeb34206cd48705a1a0ea7fb21cae09993 (last modified on Thu Oct  8 14:53:12 2026).
Using the latest cached version of the dataset since CohereForAI/Global-MMLU couldn't be found on the Hugging Face Hub (offline mode is enabled).
Found the latest cached dataset configuration 'vi' at /home/mai.chau/.cache/huggingface/datasets/CohereForAI___global-mmlu/vi/0.0.0/0e619dbeb34206cd48705a1a0ea7fb21cae09993 (last modified on Thu Oct  8 14:53:12 2026).
Using the latest cached version of the dataset since CohereForAI/Global-MMLU couldn't be found on the Hugging Face Hub (offline mode is enabled).
Found the latest cached dataset configuration 'vi' at /home/mai.chau/.cache/huggingface/datasets/CohereForAI___global-mmlu/vi/0.0.0/0e619dbeb34206cd48705a1a0ea7fb21cae09993 (last modified on Thu Oct  8 14:53:12 2026).
Using the latest cached version of the dataset since CohereForAI/Global-MMLU couldn't be found on the Hugging Face Hub (offline mode is enabled).
Found the latest cached dataset configuration 'vi' at /home/mai.chau/.cache/huggingface/datasets/CohereForAI___global-mmlu/vi/0.0.0/0e619dbeb34206cd48705a1a0ea7fb21cae09993 (last modified on Thu Oct  8 14:53:12 2026).
Using the latest cached version of the dataset since CohereForAI/Global-MMLU couldn't be found on the Hugging Face Hub (offline mode is enabled).
Found the latest cached dataset configuration 'vi' at /home/mai.chau/.cache/huggingface/datasets/CohereForAI___global-mmlu/vi/0.0.0/0e619dbeb34206cd48705a1a0ea7fb21cae09993 (last modified on Thu Oct  8 14:53:12 2026).
Using the latest cached version of the dataset since CohereForAI/Global-MMLU couldn't be found on the Hugging Face Hub (offline mode is enabled).
Found the latest cached dataset configuration 'vi' at /home/mai.chau/.cache/huggingface/datasets/CohereForAI___global-mmlu/vi/0.0.0/0e619dbeb34206cd48705a1a0ea7fb21cae09993 (last modified on Thu Oct  8 14:53:12 2026).
Using the latest cached version of the dataset since CohereForAI/Global-MMLU couldn't be found on the Hugging Face Hub (offline mode is enabled).
Found the latest cached dataset configuration 'vi' at /home/mai.chau/.cache/huggingface/datasets/CohereForAI___global-mmlu/vi/0.0.0/0e619dbeb34206cd48705a1a0ea7fb21cae09993 (last modified on Thu Oct  8 14:53:12 2026).
Using the latest cached version of the dataset since CohereForAI/Global-MMLU couldn't be found on the Hugging Face Hub (offline mode is enabled).
Found the latest cached dataset configuration 'vi' at /home/mai.chau/.cache/huggingface/datasets/CohereForAI___global-mmlu/vi/0.0.0/0e619dbeb34206cd48705a1a0ea7fb21cae09993 (last modified on Thu Oct  8 14:53:12 2026).
Using the latest cached version of the dataset since CohereForAI/Global-MMLU couldn't be found on the Hugging Face Hub (offline mode is enabled).
Found the latest cached dataset configuration 'vi' at /home/mai.chau/.cache/huggingface/datasets/CohereForAI___global-mmlu/vi/0.0.0/0e619dbeb34206cd48705a1a0ea7fb21cae09993 (last modified on Thu Oct  8 14:53:12 2026).
Using the latest cached version of the dataset since CohereForAI/Global-MMLU couldn't be found on the Hugging Face Hub (offline mode is enabled).
Found the latest cached dataset configuration 'vi' at /home/mai.chau/.cache/huggingface/datasets/CohereForAI___global-mmlu/vi/0.0.0/0e619dbeb34206cd48705a1a0ea7fb21cae09993 (last modified on Thu Oct  8 14:53:12 2026).
Using the latest cached version of the dataset since CohereForAI/Global-MMLU couldn't be found on the Hugging Face Hub (offline mode is enabled).
Found the latest cached dataset configuration 'vi' at /home/mai.chau/.cache/huggingface/datasets/CohereForAI___global-mmlu/vi/0.0.0/0e619dbeb34206cd48705a1a0ea7fb21cae09993 (last modified on Thu Oct  8 14:53:12 2026).
Using the latest cached version of the dataset since CohereForAI/Global-MMLU couldn't be found on the Hugging Face Hub (offline mode is enabled).
Found the latest cached dataset configuration 'vi' at /home/mai.chau/.cache/huggingface/datasets/CohereForAI___global-mmlu/vi/0.0.0/0e619dbeb34206cd48705a1a0ea7fb21cae09993 (last modified on Thu Oct  8 14:53:12 2026).
Using the latest cached version of the dataset since CohereForAI/Global-MMLU couldn't be found on the Hugging Face Hub (offline mode is enabled).
Found the latest cached dataset configuration 'vi' at /home/mai.chau/.cache/huggingface/datasets/CohereForAI___global-mmlu/vi/0.0.0/0e619dbeb34206cd48705a1a0ea7fb21cae09993 (last modified on Thu Oct  8 14:53:12 2026).
Using the latest cached version of the dataset since CohereForAI/Global-MMLU couldn't be found on the Hugging Face Hub (offline mode is enabled).
Found the latest cached dataset configuration 'vi' at /home/mai.chau/.cache/huggingface/datasets/CohereForAI___global-mmlu/vi/0.0.0/0e619dbeb34206cd48705a1a0ea7fb21cae09993 (last modified on Thu Oct  8 14:53:12 2026).
Using the latest cached version of the dataset since CohereForAI/Global-MMLU couldn't be found on the Hugging Face Hub (offline mode is enabled).
Found the latest cached dataset configuration 'vi' at /home/mai.chau/.cache/huggingface/datasets/CohereForAI___global-mmlu/vi/0.0.0/0e619dbeb34206cd48705a1a0ea7fb21cae09993 (last modified on Thu Oct  8 14:53:12 2026).
Using the latest cached version of the dataset since CohereForAI/Global-MMLU couldn't be found on the Hugging Face Hub (offline mode is enabled).
Found the latest cached dataset configuration 'vi' at /home/mai.chau/.cache/huggingface/datasets/CohereForAI___global-mmlu/vi/0.0.0/0e619dbeb34206cd48705a1a0ea7fb21cae09993 (last modified on Thu Oct  8 14:53:12 2026).
Using the latest cached version of the dataset since CohereForAI/Global-MMLU couldn't be found on the Hugging Face Hub (offline mode is enabled).
Found the latest cached dataset configuration 'vi' at /home/mai.chau/.cache/huggingface/datasets/CohereForAI___global-mmlu/vi/0.0.0/0e619dbeb34206cd48705a1a0ea7fb21cae09993 (last modified on Thu Oct  8 14:53:12 2026).
Using the latest cached version of the dataset since CohereForAI/Global-MMLU couldn't be found on the Hugging Face Hub (offline mode is enabled).
Found the latest cached dataset configuration 'vi' at /home/mai.chau/.cache/huggingface/datasets/CohereForAI___global-mmlu/vi/0.0.0/0e619dbeb34206cd48705a1a0ea7fb21cae09993 (last modified on Thu Oct  8 14:53:12 2026).
Using the latest cached version of the dataset since CohereForAI/include-base-44 couldn't be found on the Hugging Face Hub (offline mode is enabled).
Found the latest cached dataset configuration 'Tagalog' at /home/mai.chau/.cache/huggingface/datasets/CohereForAI___include-base-44/Tagalog/0.0.0/d2e1f6015f67a43c02a9a68db98e2298e2d6a660 (last modified on Thu Oct  8 01:39:56 2026).
Using the latest cached version of the dataset since CohereForAI/include-base-44 couldn't be found on the Hugging Face Hub (offline mode is enabled).
Found the latest cached dataset configuration 'Tagalog' at /home/mai.chau/.cache/huggingface/datasets/CohereForAI___include-base-44/Tagalog/0.0.0/d2e1f6015f67a43c02a9a68db98e2298e2d6a660 (last modified on Thu Oct  8 01:39:56 2026).
Using the latest cached version of the dataset since CohereForAI/include-base-44 couldn't be found on the Hugging Face Hub (offline mode is enabled).
Found the latest cached dataset configuration 'Indonesian' at /home/mai.chau/.cache/huggingface/datasets/CohereForAI___include-base-44/Indonesian/0.0.0/d2e1f6015f67a43c02a9a68db98e2298e2d6a660 (last modified on Thu Oct  8 01:39:56 2026).
Using the latest cached version of the dataset since CohereForAI/include-base-44 couldn't be found on the Hugging Face Hub (offline mode is enabled).
Found the latest cached dataset configuration 'Indonesian' at /home/mai.chau/.cache/huggingface/datasets/CohereForAI___include-base-44/Indonesian/0.0.0/d2e1f6015f67a43c02a9a68db98e2298e2d6a660 (last modified on Thu Oct  8 01:39:56 2026).
Using the latest cached version of the dataset since CohereForAI/include-base-44 couldn't be found on the Hugging Face Hub (offline mode is enabled).
Found the latest cached dataset configuration 'Indonesian' at /home/mai.chau/.cache/huggingface/datasets/CohereForAI___include-base-44/Indonesian/0.0.0/d2e1f6015f67a43c02a9a68db98e2298e2d6a660 (last modified on Thu Oct  8 01:39:56 2026).
Using the latest cached version of the dataset since CohereForAI/include-base-44 couldn't be found on the Hugging Face Hub (offline mode is enabled).
Found the latest cached dataset configuration 'Indonesian' at /home/mai.chau/.cache/huggingface/datasets/CohereForAI___include-base-44/Indonesian/0.0.0/d2e1f6015f67a43c02a9a68db98e2298e2d6a660 (last modified on Thu Oct  8 01:39:56 2026).
Using the latest cached version of the dataset since CohereForAI/include-base-44 couldn't be found on the Hugging Face Hub (offline mode is enabled).
Found the latest cached dataset configuration 'Indonesian' at /home/mai.chau/.cache/huggingface/datasets/CohereForAI___include-base-44/Indonesian/0.0.0/d2e1f6015f67a43c02a9a68db98e2298e2d6a660 (last modified on Thu Oct  8 01:39:56 2026).
Using the latest cached version of the dataset since CohereForAI/include-base-44 couldn't be found on the Hugging Face Hub (offline mode is enabled).
Found the latest cached dataset configuration 'Malay' at /home/mai.chau/.cache/huggingface/datasets/CohereForAI___include-base-44/Malay/0.0.0/d2e1f6015f67a43c02a9a68db98e2298e2d6a660 (last modified on Thu Oct  8 01:39:56 2026).
Using the latest cached version of the dataset since CohereForAI/include-base-44 couldn't be found on the Hugging Face Hub (offline mode is enabled).
Found the latest cached dataset configuration 'Malay' at /home/mai.chau/.cache/huggingface/datasets/CohereForAI___include-base-44/Malay/0.0.0/d2e1f6015f67a43c02a9a68db98e2298e2d6a660 (last modified on Thu Oct  8 01:39:56 2026).
Using the latest cached version of the dataset since CohereForAI/include-base-44 couldn't be found on the Hugging Face Hub (offline mode is enabled).
Found the latest cached dataset configuration 'Malay' at /home/mai.chau/.cache/huggingface/datasets/CohereForAI___include-base-44/Malay/0.0.0/d2e1f6015f67a43c02a9a68db98e2298e2d6a660 (last modified on Thu Oct  8 01:39:56 2026).
Using the latest cached version of the dataset since CohereForAI/include-base-44 couldn't be found on the Hugging Face Hub (offline mode is enabled).
Found the latest cached dataset configuration 'Vietnamese' at /home/mai.chau/.cache/huggingface/datasets/CohereForAI___include-base-44/Vietnamese/0.0.0/d2e1f6015f67a43c02a9a68db98e2298e2d6a660 (last modified on Thu Oct  8 00:36:39 2026).
Using the latest cached version of the dataset since CohereForAI/include-base-44 couldn't be found on the Hugging Face Hub (offline mode is enabled).
Found the latest cached dataset configuration 'Vietnamese' at /home/mai.chau/.cache/huggingface/datasets/CohereForAI___include-base-44/Vietnamese/0.0.0/d2e1f6015f67a43c02a9a68db98e2298e2d6a660 (last modified on Thu Oct  8 00:36:39 2026).
Using the latest cached version of the dataset since CohereForAI/include-base-44 couldn't be found on the Hugging Face Hub (offline mode is enabled).
Found the latest cached dataset configuration 'Vietnamese' at /home/mai.chau/.cache/huggingface/datasets/CohereForAI___include-base-44/Vietnamese/0.0.0/d2e1f6015f67a43c02a9a68db98e2298e2d6a660 (last modified on Thu Oct  8 00:36:39 2026).
Using the latest cached version of the dataset since Davlan/sib200 couldn't be found on the Hugging Face Hub (offline mode is enabled).
Found the latest cached dataset configuration 'mya_Mymr' at /home/mai.chau/.cache/huggingface/datasets/Davlan___sib200/mya_Mymr/0.0.0/38977a667f6fc264d5c26ec57a01e16db040b358 (last modified on Thu Oct  8 11:16:14 2026).
Using the latest cached version of the dataset since Davlan/sib200 couldn't be found on the Hugging Face Hub (offline mode is enabled).
Found the latest cached dataset configuration 'tgl_Latn' at /home/mai.chau/.cache/huggingface/datasets/Davlan___sib200/tgl_Latn/0.0.0/38977a667f6fc264d5c26ec57a01e16db040b358 (last modified on Thu Oct  8 11:16:43 2026).
Using the latest cached version of the dataset since Davlan/sib200 couldn't be found on the Hugging Face Hub (offline mode is enabled).
Found the latest cached dataset configuration 'ind_Latn' at /home/mai.chau/.cache/huggingface/datasets/Davlan___sib200/ind_Latn/0.0.0/38977a667f6fc264d5c26ec57a01e16db040b358 (last modified on Thu Oct  8 11:15:12 2026).
Using the latest cached version of the dataset since Davlan/sib200 couldn't be found on the Hugging Face Hub (offline mode is enabled).
Found the latest cached dataset configuration 'khm_Khmr' at /home/mai.chau/.cache/huggingface/datasets/Davlan___sib200/khm_Khmr/0.0.0/38977a667f6fc264d5c26ec57a01e16db040b358 (last modified on Thu Oct  8 11:16:47 2026).
Using the latest cached version of the dataset since Davlan/sib200 couldn't be found on the Hugging Face Hub (offline mode is enabled).
Found the latest cached dataset configuration 'zsm_Latn' at /home/mai.chau/.cache/huggingface/datasets/Davlan___sib200/zsm_Latn/0.0.0/38977a667f6fc264d5c26ec57a01e16db040b358 (last modified on Thu Oct  8 11:24:24 2026).
Using the latest cached version of the dataset since Davlan/sib200 couldn't be found on the Hugging Face Hub (offline mode is enabled).
Found the latest cached dataset configuration 'tha_Thai' at /home/mai.chau/.cache/huggingface/datasets/Davlan___sib200/tha_Thai/0.0.0/38977a667f6fc264d5c26ec57a01e16db040b358 (last modified on Thu Oct  8 11:24:52 2026).
Using the latest cached version of the dataset since Davlan/sib200 couldn't be found on the Hugging Face Hub (offline mode is enabled).
Found the latest cached dataset configuration 'vie_Latn' at /home/mai.chau/.cache/huggingface/datasets/Davlan___sib200/vie_Latn/0.0.0/38977a667f6fc264d5c26ec57a01e16db040b358 (last modified on Thu Oct  8 11:16:51 2026).
Using the latest cached version of the dataset since aisingapore/SEA-NLI couldn't be found on the Hugging Face Hub (offline mode is enabled).
Found the latest cached dataset configuration 'normal' at /home/mai.chau/.cache/huggingface/datasets/aisingapore___sea-nli/normal/0.0.0/f3a73ccb4213ff995ef2bf8bcb903eaf53195713 (last modified on Thu Oct  8 11:27:41 2026).
Using the latest cached version of the dataset since aisingapore/SEA-NLI couldn't be found on the Hugging Face Hub (offline mode is enabled).
Found the latest cached dataset configuration 'normal' at /home/mai.chau/.cache/huggingface/datasets/aisingapore___sea-nli/normal/0.0.0/f3a73ccb4213ff995ef2bf8bcb903eaf53195713 (last modified on Thu Oct  8 11:27:41 2026).
Using the latest cached version of the dataset since aisingapore/SEA-NLI couldn't be found on the Hugging Face Hub (offline mode is enabled).
Found the latest cached dataset configuration 'normal' at /home/mai.chau/.cache/huggingface/datasets/aisingapore___sea-nli/normal/0.0.0/f3a73ccb4213ff995ef2bf8bcb903eaf53195713 (last modified on Thu Oct  8 11:27:41 2026).
Using the latest cached version of the dataset since aisingapore/SEA-NLI couldn't be found on the Hugging Face Hub (offline mode is enabled).
Found the latest cached dataset configuration 'normal' at /home/mai.chau/.cache/huggingface/datasets/aisingapore___sea-nli/normal/0.0.0/f3a73ccb4213ff995ef2bf8bcb903eaf53195713 (last modified on Thu Oct  8 11:27:41 2026).
Using the latest cached version of the dataset since aisingapore/SEA-NLI couldn't be found on the Hugging Face Hub (offline mode is enabled).
Found the latest cached dataset configuration 'normal' at /home/mai.chau/.cache/huggingface/datasets/aisingapore___sea-nli/normal/0.0.0/f3a73ccb4213ff995ef2bf8bcb903eaf53195713 (last modified on Thu Oct  8 11:27:41 2026).
Using the latest cached version of the dataset since aisingapore/SEA-NLI couldn't be found on the Hugging Face Hub (offline mode is enabled).
Found the latest cached dataset configuration 'normal' at /home/mai.chau/.cache/huggingface/datasets/aisingapore___sea-nli/normal/0.0.0/f3a73ccb4213ff995ef2bf8bcb903eaf53195713 (last modified on Thu Oct  8 11:27:41 2026).
Using the latest cached version of the dataset since aisingapore/SEA-NLI couldn't be found on the Hugging Face Hub (offline mode is enabled).
Found the latest cached dataset configuration 'normal' at /home/mai.chau/.cache/huggingface/datasets/aisingapore___sea-nli/normal/0.0.0/f3a73ccb4213ff995ef2bf8bcb903eaf53195713 (last modified on Thu Oct  8 11:27:41 2026).
Using the latest cached version of the dataset since aisingapore/SEA-NLI couldn't be found on the Hugging Face Hub (offline mode is enabled).
Found the latest cached dataset configuration 'hard' at /home/mai.chau/.cache/huggingface/datasets/aisingapore___sea-nli/hard/0.0.0/f3a73ccb4213ff995ef2bf8bcb903eaf53195713 (last modified on Thu Oct  8 11:27:51 2026).
Using the latest cached version of the dataset since aisingapore/SEA-NLI couldn't be found on the Hugging Face Hub (offline mode is enabled).
Found the latest cached dataset configuration 'hard' at /home/mai.chau/.cache/huggingface/datasets/aisingapore___sea-nli/hard/0.0.0/f3a73ccb4213ff995ef2bf8bcb903eaf53195713 (last modified on Thu Oct  8 11:27:51 2026).
Using the latest cached version of the dataset since aisingapore/SEA-NLI couldn't be found on the Hugging Face Hub (offline mode is enabled).
Found the latest cached dataset configuration 'hard' at /home/mai.chau/.cache/huggingface/datasets/aisingapore___sea-nli/hard/0.0.0/f3a73ccb4213ff995ef2bf8bcb903eaf53195713 (last modified on Thu Oct  8 11:27:51 2026).
Using the latest cached version of the dataset since aisingapore/SEA-NLI couldn't be found on the Hugging Face Hub (offline mode is enabled).
Found the latest cached dataset configuration 'hard' at /home/mai.chau/.cache/huggingface/datasets/aisingapore___sea-nli/hard/0.0.0/f3a73ccb4213ff995ef2bf8bcb903eaf53195713 (last modified on Thu Oct  8 11:27:51 2026).
Using the latest cached version of the dataset since aisingapore/SEA-NLI couldn't be found on the Hugging Face Hub (offline mode is enabled).
Found the latest cached dataset configuration 'hard' at /home/mai.chau/.cache/huggingface/datasets/aisingapore___sea-nli/hard/0.0.0/f3a73ccb4213ff995ef2bf8bcb903eaf53195713 (last modified on Thu Oct  8 11:27:51 2026).
Using the latest cached version of the dataset since aisingapore/SEA-NLI couldn't be found on the Hugging Face Hub (offline mode is enabled).
Found the latest cached dataset configuration 'hard' at /home/mai.chau/.cache/huggingface/datasets/aisingapore___sea-nli/hard/0.0.0/f3a73ccb4213ff995ef2bf8bcb903eaf53195713 (last modified on Thu Oct  8 11:27:51 2026).
Using the latest cached version of the dataset since aisingapore/SEA-NLI couldn't be found on the Hugging Face Hub (offline mode is enabled).
Found the latest cached dataset configuration 'hard' at /home/mai.chau/.cache/huggingface/datasets/aisingapore___sea-nli/hard/0.0.0/f3a73ccb4213ff995ef2bf8bcb903eaf53195713 (last modified on Thu Oct  8 11:27:51 2026).
  0%|          | 0/500 [00:00<?, ?it/s]  3%|▎         | 14/500 [00:00<00:03, 134.89it/s]  6%|▌         | 28/500 [00:00<00:03, 135.82it/s]  8%|▊         | 42/500 [00:00<00:03, 136.63it/s] 11%|█         | 56/500 [00:00<00:03, 137.20it/s] 14%|█▍        | 70/500 [00:00<00:03, 137.38it/s] 17%|█▋        | 84/500 [00:00<00:03, 137.63it/s] 20%|█▉        | 98/500 [00:00<00:02, 137.96it/s] 22%|██▏       | 112/500 [00:00<00:02, 138.14it/s] 25%|██▌       | 126/500 [00:00<00:02, 138.23it/s] 28%|██▊       | 140/500 [00:01<00:02, 138.29it/s] 31%|███       | 154/500 [00:01<00:02, 138.32it/s] 34%|███▎      | 168/500 [00:01<00:02, 138.21it/s] 36%|███▋      | 182/500 [00:01<00:02, 138.43it/s] 39%|███▉      | 196/500 [00:01<00:02, 138.47it/s] 42%|████▏     | 210/500 [00:01<00:02, 138.45it/s] 45%|████▍     | 224/500 [00:01<00:01, 138.41it/s] 48%|████▊     | 238/500 [00:01<00:01, 138.39it/s] 50%|█████     | 252/500 [00:01<00:01, 138.38it/s] 53%|█████▎    | 267/500 [00:01<00:01, 139.53it/s] 56%|█████▌    | 281/500 [00:02<00:01, 139.66it/s] 59%|█████▉    | 295/500 [00:02<00:01, 139.60it/s] 62%|██████▏   | 309/500 [00:02<00:01, 139.34it/s] 65%|██████▍   | 323/500 [00:02<00:01, 139.15it/s] 67%|██████▋   | 337/500 [00:02<00:01, 138.95it/s] 70%|███████   | 351/500 [00:02<00:01, 138.86it/s] 73%|███████▎  | 365/500 [00:02<00:00, 138.76it/s] 76%|███████▌  | 379/500 [00:02<00:00, 138.41it/s] 79%|███████▊  | 393/500 [00:02<00:00, 138.33it/s] 81%|████████▏ | 407/500 [00:02<00:00, 138.29it/s] 84%|████████▍ | 421/500 [00:03<00:00, 138.21it/s] 87%|████████▋ | 435/500 [00:03<00:00, 138.26it/s] 90%|████████▉ | 449/500 [00:03<00:00, 138.38it/s] 93%|█████████▎| 463/500 [00:03<00:00, 138.40it/s] 95%|█████████▌| 477/500 [00:03<00:00, 138.35it/s] 98%|█████████▊| 491/500 [00:03<00:00, 138.32it/s]100%|██████████| 500/500 [00:03<00:00, 138.36it/s]
  0%|          | 0/500 [00:00<?, ?it/s]  3%|▎         | 14/500 [00:00<00:03, 138.00it/s]  6%|▌         | 28/500 [00:00<00:03, 138.23it/s]  8%|▊         | 42/500 [00:00<00:03, 138.47it/s] 11%|█         | 56/500 [00:00<00:03, 138.35it/s] 14%|█▍        | 70/500 [00:00<00:03, 138.48it/s] 17%|█▋        | 84/500 [00:00<00:03, 138.45it/s] 20%|█▉        | 98/500 [00:00<00:02, 138.54it/s] 22%|██▏       | 112/500 [00:00<00:02, 138.58it/s] 25%|██▌       | 126/500 [00:00<00:02, 138.55it/s] 28%|██▊       | 140/500 [00:01<00:02, 138.48it/s] 31%|███       | 154/500 [00:01<00:02, 138.56it/s] 34%|███▎      | 168/500 [00:01<00:02, 138.55it/s] 36%|███▋      | 182/500 [00:01<00:02, 138.54it/s] 39%|███▉      | 196/500 [00:01<00:02, 135.41it/s] 42%|████▏     | 210/500 [00:01<00:02, 136.19it/s] 45%|████▍     | 224/500 [00:01<00:02, 137.02it/s] 48%|████▊     | 238/500 [00:01<00:01, 137.56it/s] 50%|█████     | 252/500 [00:01<00:01, 137.96it/s] 53%|█████▎    | 266/500 [00:01<00:01, 138.23it/s] 56%|█████▌    | 280/500 [00:02<00:01, 138.39it/s] 59%|█████▉    | 294/500 [00:02<00:01, 138.26it/s] 62%|██████▏   | 308/500 [00:02<00:01, 138.09it/s] 64%|██████▍   | 322/500 [00:02<00:01, 137.93it/s] 67%|██████▋   | 336/500 [00:02<00:01, 137.99it/s] 70%|███████   | 350/500 [00:02<00:01, 138.12it/s] 73%|███████▎  | 364/500 [00:02<00:00, 138.02it/s] 76%|███████▌  | 378/500 [00:02<00:00, 138.10it/s] 78%|███████▊  | 392/500 [00:02<00:00, 137.99it/s] 81%|████████  | 406/500 [00:02<00:00, 138.13it/s] 84%|████████▍ | 420/500 [00:03<00:00, 137.95it/s] 87%|████████▋ | 434/500 [00:03<00:00, 137.86it/s] 90%|████████▉ | 448/500 [00:03<00:00, 137.94it/s] 92%|█████████▏| 462/500 [00:03<00:00, 137.91it/s] 95%|█████████▌| 476/500 [00:03<00:00, 137.81it/s] 98%|█████████▊| 490/500 [00:03<00:00, 137.82it/s]100%|██████████| 500/500 [00:03<00:00, 137.98it/s]
  0%|          | 0/500 [00:00<?, ?it/s]  3%|▎         | 14/500 [00:00<00:03, 137.95it/s]  6%|▌         | 28/500 [00:00<00:03, 138.30it/s]  8%|▊         | 42/500 [00:00<00:03, 138.58it/s] 11%|█         | 56/500 [00:00<00:03, 138.54it/s] 14%|█▍        | 70/500 [00:00<00:03, 138.59it/s] 17%|█▋        | 84/500 [00:00<00:03, 138.54it/s] 20%|█▉        | 98/500 [00:00<00:02, 138.58it/s] 22%|██▏       | 112/500 [00:00<00:02, 138.46it/s] 25%|██▌       | 126/500 [00:00<00:02, 138.50it/s] 28%|██▊       | 140/500 [00:01<00:02, 138.40it/s] 31%|███       | 154/500 [00:01<00:02, 138.54it/s] 34%|███▎      | 168/500 [00:01<00:02, 138.62it/s] 36%|███▋      | 182/500 [00:01<00:02, 138.58it/s] 39%|███▉      | 196/500 [00:01<00:02, 138.59it/s] 42%|████▏     | 210/500 [00:01<00:02, 137.65it/s] 45%|████▍     | 224/500 [00:01<00:02, 137.98it/s] 48%|████▊     | 238/500 [00:01<00:01, 138.17it/s] 50%|█████     | 252/500 [00:01<00:01, 138.33it/s] 53%|█████▎    | 266/500 [00:01<00:01, 138.37it/s] 56%|█████▌    | 280/500 [00:02<00:01, 138.54it/s] 59%|█████▉    | 294/500 [00:02<00:01, 138.70it/s] 62%|██████▏   | 308/500 [00:02<00:01, 138.79it/s] 64%|██████▍   | 322/500 [00:02<00:01, 138.65it/s] 67%|██████▋   | 336/500 [00:02<00:01, 138.61it/s] 70%|███████   | 350/500 [00:02<00:01, 138.56it/s] 73%|███████▎  | 364/500 [00:02<00:00, 138.54it/s] 76%|███████▌  | 378/500 [00:02<00:00, 138.45it/s] 78%|███████▊  | 392/500 [00:02<00:00, 138.29it/s] 81%|████████  | 406/500 [00:02<00:00, 138.29it/s] 84%|████████▍ | 420/500 [00:03<00:00, 138.30it/s] 87%|████████▋ | 434/500 [00:03<00:00, 138.24it/s] 90%|████████▉ | 448/500 [00:03<00:00, 138.26it/s] 92%|█████████▏| 462/500 [00:03<00:00, 138.33it/s] 95%|█████████▌| 476/500 [00:03<00:00, 138.31it/s] 98%|█████████▊| 490/500 [00:03<00:00, 138.31it/s]100%|██████████| 500/500 [00:03<00:00, 138.42it/s]
  0%|          | 0/500 [00:00<?, ?it/s]  3%|▎         | 14/500 [00:00<00:03, 137.94it/s]  6%|▌         | 28/500 [00:00<00:03, 138.01it/s]  8%|▊         | 42/500 [00:00<00:03, 138.12it/s] 11%|█         | 56/500 [00:00<00:03, 138.17it/s] 14%|█▍        | 70/500 [00:00<00:03, 137.97it/s] 17%|█▋        | 84/500 [00:00<00:03, 138.01it/s] 20%|█▉        | 98/500 [00:00<00:02, 137.95it/s] 22%|██▏       | 112/500 [00:00<00:02, 137.89it/s] 25%|██▌       | 126/500 [00:00<00:02, 138.02it/s] 28%|██▊       | 140/500 [00:01<00:02, 137.94it/s] 31%|███       | 154/500 [00:01<00:02, 137.90it/s] 34%|███▎      | 168/500 [00:01<00:02, 137.86it/s] 36%|███▋      | 182/500 [00:01<00:02, 137.93it/s] 39%|███▉      | 196/500 [00:01<00:02, 138.10it/s] 42%|████▏     | 210/500 [00:01<00:02, 138.24it/s] 45%|████▍     | 224/500 [00:01<00:02, 137.86it/s] 48%|████▊     | 238/500 [00:01<00:01, 137.96it/s] 50%|█████     | 252/500 [00:01<00:01, 138.22it/s] 53%|█████▎    | 267/500 [00:01<00:01, 138.89it/s] 56%|█████▋    | 282/500 [00:02<00:01, 139.62it/s] 59%|█████▉    | 297/500 [00:02<00:01, 140.27it/s] 62%|██████▏   | 312/500 [00:02<00:01, 140.83it/s] 65%|██████▌   | 327/500 [00:02<00:01, 141.25it/s] 68%|██████▊   | 342/500 [00:02<00:01, 141.53it/s] 71%|███████▏  | 357/500 [00:02<00:01, 141.77it/s] 74%|███████▍  | 372/500 [00:02<00:00, 141.86it/s] 77%|███████▋  | 387/500 [00:02<00:00, 141.99it/s] 80%|████████  | 402/500 [00:02<00:00, 142.06it/s] 83%|████████▎ | 417/500 [00:02<00:00, 142.08it/s] 86%|████████▋ | 432/500 [00:03<00:00, 142.07it/s] 89%|████████▉ | 447/500 [00:03<00:00, 142.23it/s] 92%|█████████▏| 462/500 [00:03<00:00, 142.18it/s] 95%|█████████▌| 477/500 [00:03<00:00, 142.23it/s] 98%|█████████▊| 492/500 [00:03<00:00, 142.01it/s]100%|██████████| 500/500 [00:03<00:00, 139.96it/s]
  0%|          | 0/500 [00:00<?, ?it/s]  3%|▎         | 15/500 [00:00<00:03, 143.58it/s]  6%|▌         | 30/500 [00:00<00:03, 143.50it/s]  9%|▉         | 45/500 [00:00<00:03, 143.46it/s] 12%|█▏        | 60/500 [00:00<00:03, 143.83it/s] 15%|█▌        | 75/500 [00:00<00:02, 143.94it/s] 18%|█▊        | 90/500 [00:00<00:02, 143.84it/s] 21%|██        | 105/500 [00:00<00:02, 143.95it/s] 24%|██▍       | 120/500 [00:00<00:02, 143.85it/s] 27%|██▋       | 135/500 [00:00<00:02, 143.92it/s] 30%|███       | 150/500 [00:01<00:02, 143.88it/s] 33%|███▎      | 165/500 [00:01<00:02, 143.72it/s] 36%|███▌      | 180/500 [00:01<00:02, 143.75it/s] 39%|███▉      | 195/500 [00:01<00:02, 143.81it/s] 42%|████▏     | 210/500 [00:01<00:02, 143.85it/s] 45%|████▌     | 225/500 [00:01<00:01, 143.74it/s] 48%|████▊     | 240/500 [00:01<00:01, 143.65it/s] 51%|█████     | 255/500 [00:01<00:01, 141.49it/s] 54%|█████▍    | 270/500 [00:01<00:01, 141.87it/s] 57%|█████▋    | 285/500 [00:01<00:01, 142.21it/s] 60%|██████    | 300/500 [00:02<00:01, 142.52it/s] 63%|██████▎   | 315/500 [00:02<00:01, 142.70it/s] 66%|██████▌   | 330/500 [00:02<00:01, 143.01it/s] 69%|██████▉   | 345/500 [00:02<00:01, 143.19it/s] 72%|███████▏  | 360/500 [00:02<00:00, 143.18it/s] 75%|███████▌  | 375/500 [00:02<00:00, 143.21it/s] 78%|███████▊  | 390/500 [00:02<00:00, 143.19it/s] 81%|████████  | 405/500 [00:02<00:00, 143.30it/s] 84%|████████▍ | 420/500 [00:02<00:00, 143.35it/s] 87%|████████▋ | 435/500 [00:03<00:00, 143.31it/s] 90%|█████████ | 450/500 [00:03<00:00, 143.52it/s] 93%|█████████▎| 465/500 [00:03<00:00, 142.97it/s] 96%|█████████▌| 480/500 [00:03<00:00, 143.06it/s] 99%|█████████▉| 495/500 [00:03<00:00, 142.99it/s]100%|██████████| 500/500 [00:03<00:00, 143.25it/s]
  0%|          | 0/500 [00:00<?, ?it/s]  3%|▎         | 15/500 [00:00<00:03, 143.20it/s]  6%|▌         | 30/500 [00:00<00:03, 143.70it/s]  9%|▉         | 45/500 [00:00<00:03, 143.39it/s] 12%|█▏        | 60/500 [00:00<00:03, 143.36it/s] 15%|█▌        | 75/500 [00:00<00:02, 143.44it/s] 18%|█▊        | 90/500 [00:00<00:02, 143.57it/s] 21%|██        | 105/500 [00:00<00:02, 143.70it/s] 24%|██▍       | 120/500 [00:00<00:02, 143.68it/s] 27%|██▋       | 135/500 [00:00<00:02, 143.72it/s] 30%|███       | 150/500 [00:01<00:02, 143.74it/s] 33%|███▎      | 165/500 [00:01<00:02, 143.81it/s] 36%|███▌      | 180/500 [00:01<00:02, 143.83it/s] 39%|███▉      | 195/500 [00:01<00:02, 143.90it/s] 42%|████▏     | 210/500 [00:01<00:02, 143.93it/s] 45%|████▌     | 225/500 [00:01<00:01, 143.98it/s] 48%|████▊     | 240/500 [00:01<00:01, 144.00it/s] 51%|█████     | 255/500 [00:01<00:01, 143.83it/s] 54%|█████▍    | 270/500 [00:01<00:01, 143.73it/s] 57%|█████▋    | 285/500 [00:01<00:01, 143.75it/s] 60%|██████    | 300/500 [00:02<00:01, 143.73it/s] 63%|██████▎   | 315/500 [00:02<00:01, 143.79it/s] 66%|██████▌   | 330/500 [00:02<00:01, 143.75it/s] 69%|██████▉   | 345/500 [00:02<00:01, 143.79it/s] 72%|███████▏  | 360/500 [00:02<00:00, 143.77it/s] 75%|███████▌  | 375/500 [00:02<00:00, 143.80it/s] 78%|███████▊  | 390/500 [00:02<00:00, 143.83it/s] 81%|████████  | 405/500 [00:02<00:00, 143.77it/s] 84%|████████▍ | 420/500 [00:02<00:00, 143.79it/s] 87%|████████▋ | 435/500 [00:03<00:00, 143.73it/s] 90%|█████████ | 450/500 [00:03<00:00, 142.75it/s] 93%|█████████▎| 465/500 [00:03<00:00, 142.98it/s] 96%|█████████▌| 480/500 [00:03<00:00, 143.23it/s] 99%|█████████▉| 495/500 [00:03<00:00, 143.35it/s]100%|██████████| 500/500 [00:03<00:00, 143.64it/s]
  0%|          | 0/500 [00:00<?, ?it/s]  3%|▎         | 15/500 [00:00<00:03, 143.13it/s]  6%|▌         | 30/500 [00:00<00:03, 143.24it/s]  9%|▉         | 45/500 [00:00<00:03, 142.97it/s] 12%|█▏        | 60/500 [00:00<00:03, 142.97it/s] 15%|█▌        | 75/500 [00:00<00:02, 142.88it/s] 18%|█▊        | 90/500 [00:00<00:02, 142.92it/s] 21%|██        | 105/500 [00:00<00:02, 142.78it/s] 24%|██▍       | 120/500 [00:00<00:02, 142.71it/s] 27%|██▋       | 135/500 [00:00<00:02, 142.82it/s] 30%|███       | 150/500 [00:01<00:02, 142.91it/s] 33%|███▎      | 165/500 [00:01<00:02, 142.76it/s] 36%|███▌      | 180/500 [00:01<00:02, 142.93it/s] 39%|███▉      | 195/500 [00:01<00:02, 143.01it/s] 42%|████▏     | 210/500 [00:01<00:02, 143.09it/s] 45%|████▌     | 225/500 [00:01<00:01, 143.12it/s] 48%|████▊     | 240/500 [00:01<00:01, 143.13it/s] 51%|█████     | 255/500 [00:01<00:01, 143.08it/s] 54%|█████▍    | 270/500 [00:01<00:01, 143.04it/s] 57%|█████▋    | 285/500 [00:01<00:01, 143.06it/s] 60%|██████    | 300/500 [00:02<00:01, 143.06it/s] 63%|██████▎   | 315/500 [00:02<00:01, 142.92it/s] 66%|██████▌   | 330/500 [00:02<00:01, 142.98it/s] 69%|██████▉   | 345/500 [00:02<00:01, 142.83it/s] 72%|███████▏  | 360/500 [00:02<00:00, 143.02it/s] 75%|███████▌  | 375/500 [00:02<00:00, 143.12it/s] 78%|███████▊  | 390/500 [00:02<00:00, 143.09it/s] 81%|████████  | 405/500 [00:02<00:00, 143.15it/s] 84%|████████▍ | 420/500 [00:02<00:00, 143.26it/s] 87%|████████▋ | 435/500 [00:03<00:00, 143.21it/s] 90%|█████████ | 450/500 [00:03<00:00, 143.14it/s] 93%|█████████▎| 465/500 [00:03<00:00, 143.24it/s] 96%|█████████▌| 480/500 [00:03<00:00, 143.09it/s] 99%|█████████▉| 495/500 [00:03<00:00, 143.17it/s]100%|██████████| 500/500 [00:03<00:00, 143.03it/s]
  0%|          | 0/95 [00:00<?, ?it/s] 48%|████▊     | 46/95 [00:00<00:00, 459.29it/s] 98%|█████████▊| 93/95 [00:00<00:00, 461.02it/s]100%|██████████| 95/95 [00:00<00:00, 460.85it/s]
  0%|          | 0/95 [00:00<?, ?it/s] 49%|████▉     | 47/95 [00:00<00:00, 464.40it/s] 99%|█████████▉| 94/95 [00:00<00:00, 463.62it/s]100%|██████████| 95/95 [00:00<00:00, 463.67it/s]
  0%|          | 0/95 [00:00<?, ?it/s] 49%|████▉     | 47/95 [00:00<00:00, 463.07it/s] 99%|█████████▉| 94/95 [00:00<00:00, 463.84it/s]100%|██████████| 95/95 [00:00<00:00, 463.57it/s]
  0%|          | 0/95 [00:00<?, ?it/s] 48%|████▊     | 46/95 [00:00<00:00, 450.95it/s] 97%|█████████▋| 92/95 [00:00<00:00, 452.30it/s]100%|██████████| 95/95 [00:00<00:00, 451.92it/s]
  0%|          | 0/95 [00:00<?, ?it/s] 46%|████▋     | 44/95 [00:00<00:00, 438.65it/s] 93%|█████████▎| 88/95 [00:00<00:00, 438.73it/s]100%|██████████| 95/95 [00:00<00:00, 439.22it/s]
  0%|          | 0/4 [00:00<?, ?it/s]100%|██████████| 4/4 [00:00<00:00, 270.31it/s]
  0%|          | 0/6 [00:00<?, ?it/s]100%|██████████| 6/6 [00:00<00:00, 280.87it/s]
  0%|          | 0/6 [00:00<?, ?it/s]100%|██████████| 6/6 [00:00<00:00, 281.71it/s]
  0%|          | 0/4 [00:00<?, ?it/s]100%|██████████| 4/4 [00:00<00:00, 282.58it/s]
  0%|          | 0/6 [00:00<?, ?it/s]100%|██████████| 6/6 [00:00<00:00, 279.19it/s]
  0%|          | 0/2 [00:00<?, ?it/s]100%|██████████| 2/2 [00:00<00:00, 275.70it/s]
  0%|          | 0/3 [00:00<?, ?it/s]100%|██████████| 3/3 [00:00<00:00, 275.82it/s]
  0%|          | 0/5 [00:00<?, ?it/s]100%|██████████| 5/5 [00:00<00:00, 279.98it/s]
  0%|          | 0/2 [00:00<?, ?it/s]100%|██████████| 2/2 [00:00<00:00, 274.49it/s]
  0%|          | 0/8 [00:00<?, ?it/s]100%|██████████| 8/8 [00:00<00:00, 283.37it/s]
  0%|          | 0/4 [00:00<?, ?it/s]100%|██████████| 4/4 [00:00<00:00, 281.08it/s]
  0%|          | 0/11 [00:00<?, ?it/s]100%|██████████| 11/11 [00:00<00:00, 278.77it/s]
  0%|          | 0/12 [00:00<?, ?it/s]100%|██████████| 12/12 [00:00<00:00, 280.72it/s]
  0%|          | 0/5 [00:00<?, ?it/s]100%|██████████| 5/5 [00:00<00:00, 281.00it/s]
  0%|          | 0/7 [00:00<?, ?it/s]100%|██████████| 7/7 [00:00<00:00, 277.83it/s]
  0%|          | 0/7 [00:00<?, ?it/s]100%|██████████| 7/7 [00:00<00:00, 281.43it/s]
  0%|          | 0/3 [00:00<?, ?it/s]100%|██████████| 3/3 [00:00<00:00, 280.34it/s]
  0%|          | 0/4 [00:00<?, ?it/s]100%|██████████| 4/4 [00:00<00:00, 277.94it/s]
  0%|          | 0/1 [00:00<?, ?it/s]100%|██████████| 1/1 [00:00<00:00, 275.20it/s]
  0%|          | 0/15 [00:00<?, ?it/s]100%|██████████| 15/15 [00:00<00:00, 282.71it/s]
  0%|          | 0/21 [00:00<?, ?it/s]100%|██████████| 21/21 [00:00<00:00, 283.89it/s]
  0%|          | 0/14 [00:00<?, ?it/s]100%|██████████| 14/14 [00:00<00:00, 282.13it/s]
  0%|          | 0/16 [00:00<?, ?it/s]100%|██████████| 16/16 [00:00<00:00, 283.44it/s]
  0%|          | 0/10 [00:00<?, ?it/s]100%|██████████| 10/10 [00:00<00:00, 282.31it/s]
  0%|          | 0/12 [00:00<?, ?it/s]100%|██████████| 12/12 [00:00<00:00, 280.60it/s]
  0%|          | 0/28 [00:00<?, ?it/s]100%|██████████| 28/28 [00:00<00:00, 283.81it/s]
  0%|          | 0/6 [00:00<?, ?it/s]100%|██████████| 6/6 [00:00<00:00, 281.51it/s]
  0%|          | 0/84 [00:00<?, ?it/s] 35%|███▍      | 29/84 [00:00<00:00, 284.05it/s] 69%|██████▉   | 58/84 [00:00<00:00, 284.87it/s]100%|██████████| 84/84 [00:00<00:00, 284.73it/s]
  0%|          | 0/23 [00:00<?, ?it/s]100%|██████████| 23/23 [00:00<00:00, 284.72it/s]
  0%|          | 0/45 [00:00<?, ?it/s] 64%|██████▍   | 29/45 [00:00<00:00, 284.97it/s]100%|██████████| 45/45 [00:00<00:00, 284.53it/s]
  0%|          | 0/17 [00:00<?, ?it/s]100%|██████████| 17/17 [00:00<00:00, 283.39it/s]
  0%|          | 0/9 [00:00<?, ?it/s]100%|██████████| 9/9 [00:00<00:00, 285.35it/s]
  0%|          | 0/4 [00:00<?, ?it/s]100%|██████████| 4/4 [00:00<00:00, 282.42it/s]
  0%|          | 0/4 [00:00<?, ?it/s]100%|██████████| 4/4 [00:00<00:00, 280.53it/s]
  0%|          | 0/11 [00:00<?, ?it/s]100%|██████████| 11/11 [00:00<00:00, 285.08it/s]
  0%|          | 0/15 [00:00<?, ?it/s]100%|██████████| 15/15 [00:00<00:00, 284.01it/s]
  0%|          | 0/7 [00:00<?, ?it/s]100%|██████████| 7/7 [00:00<00:00, 281.19it/s]
  0%|          | 0/16 [00:00<?, ?it/s]100%|██████████| 16/16 [00:00<00:00, 283.04it/s]
  0%|          | 0/3 [00:00<?, ?it/s]100%|██████████| 3/3 [00:00<00:00, 278.20it/s]
  0%|          | 0/18 [00:00<?, ?it/s]100%|██████████| 18/18 [00:00<00:00, 282.80it/s]
  0%|          | 0/5 [00:00<?, ?it/s]100%|██████████| 5/5 [00:00<00:00, 282.61it/s]
  0%|          | 0/8 [00:00<?, ?it/s]100%|██████████| 8/8 [00:00<00:00, 283.14it/s]
  0%|          | 0/5 [00:00<?, ?it/s]100%|██████████| 5/5 [00:00<00:00, 284.58it/s]
  0%|          | 0/4 [00:00<?, ?it/s]100%|██████████| 4/4 [00:00<00:00, 285.72it/s]
  0%|          | 0/3 [00:00<?, ?it/s]100%|██████████| 3/3 [00:00<00:00, 281.96it/s]
  0%|          | 0/5 [00:00<?, ?it/s]100%|██████████| 5/5 [00:00<00:00, 278.19it/s]
  0%|          | 0/6 [00:00<?, ?it/s]100%|██████████| 6/6 [00:00<00:00, 277.06it/s]
  0%|          | 0/5 [00:00<?, ?it/s]100%|██████████| 5/5 [00:00<00:00, 281.64it/s]
  0%|          | 0/4 [00:00<?, ?it/s]100%|██████████| 4/4 [00:00<00:00, 279.17it/s]
  0%|          | 0/2 [00:00<?, ?it/s]100%|██████████| 2/2 [00:00<00:00, 282.31it/s]
  0%|          | 0/2 [00:00<?, ?it/s]100%|██████████| 2/2 [00:00<00:00, 284.32it/s]
  0%|          | 0/7 [00:00<?, ?it/s]100%|██████████| 7/7 [00:00<00:00, 283.62it/s]
  0%|          | 0/13 [00:00<?, ?it/s]100%|██████████| 13/13 [00:00<00:00, 284.55it/s]
  0%|          | 0/7 [00:00<?, ?it/s]100%|██████████| 7/7 [00:00<00:00, 285.15it/s]
  0%|          | 0/10 [00:00<?, ?it/s]100%|██████████| 10/10 [00:00<00:00, 282.27it/s]
  0%|          | 0/34 [00:00<?, ?it/s] 85%|████████▌ | 29/34 [00:00<00:00, 284.38it/s]100%|██████████| 34/34 [00:00<00:00, 284.19it/s]
  0%|          | 0/2 [00:00<?, ?it/s]100%|██████████| 2/2 [00:00<00:00, 277.32it/s]
  0%|          | 0/4 [00:00<?, ?it/s]100%|██████████| 4/4 [00:00<00:00, 284.89it/s]
  0%|          | 0/6 [00:00<?, ?it/s]100%|██████████| 6/6 [00:00<00:00, 280.83it/s]
  0%|          | 0/6 [00:00<?, ?it/s]100%|██████████| 6/6 [00:00<00:00, 280.65it/s]
  0%|          | 0/4 [00:00<?, ?it/s]100%|██████████| 4/4 [00:00<00:00, 282.58it/s]
  0%|          | 0/6 [00:00<?, ?it/s]100%|██████████| 6/6 [00:00<00:00, 280.36it/s]
  0%|          | 0/2 [00:00<?, ?it/s]100%|██████████| 2/2 [00:00<00:00, 277.56it/s]
  0%|          | 0/3 [00:00<?, ?it/s]100%|██████████| 3/3 [00:00<00:00, 280.77it/s]
  0%|          | 0/5 [00:00<?, ?it/s]100%|██████████| 5/5 [00:00<00:00, 283.53it/s]
  0%|          | 0/2 [00:00<?, ?it/s]100%|██████████| 2/2 [00:00<00:00, 283.42it/s]
  0%|          | 0/8 [00:00<?, ?it/s]100%|██████████| 8/8 [00:00<00:00, 283.15it/s]
  0%|          | 0/4 [00:00<?, ?it/s]100%|██████████| 4/4 [00:00<00:00, 281.30it/s]
  0%|          | 0/11 [00:00<?, ?it/s]100%|██████████| 11/11 [00:00<00:00, 282.30it/s]
  0%|          | 0/12 [00:00<?, ?it/s]100%|██████████| 12/12 [00:00<00:00, 282.95it/s]
  0%|          | 0/5 [00:00<?, ?it/s]100%|██████████| 5/5 [00:00<00:00, 281.85it/s]
  0%|          | 0/7 [00:00<?, ?it/s]100%|██████████| 7/7 [00:00<00:00, 283.65it/s]
  0%|          | 0/7 [00:00<?, ?it/s]100%|██████████| 7/7 [00:00<00:00, 283.77it/s]
  0%|          | 0/3 [00:00<?, ?it/s]100%|██████████| 3/3 [00:00<00:00, 277.16it/s]
  0%|          | 0/4 [00:00<?, ?it/s]100%|██████████| 4/4 [00:00<00:00, 284.41it/s]
  0%|          | 0/1 [00:00<?, ?it/s]100%|██████████| 1/1 [00:00<00:00, 278.56it/s]
  0%|          | 0/15 [00:00<?, ?it/s]100%|██████████| 15/15 [00:00<00:00, 285.22it/s]
  0%|          | 0/21 [00:00<?, ?it/s]100%|██████████| 21/21 [00:00<00:00, 285.71it/s]
  0%|          | 0/14 [00:00<?, ?it/s]100%|██████████| 14/14 [00:00<00:00, 283.91it/s]
  0%|          | 0/16 [00:00<?, ?it/s]100%|██████████| 16/16 [00:00<00:00, 283.43it/s]
  0%|          | 0/10 [00:00<?, ?it/s]100%|██████████| 10/10 [00:00<00:00, 283.85it/s]
  0%|          | 0/12 [00:00<?, ?it/s]100%|██████████| 12/12 [00:00<00:00, 284.11it/s]
  0%|          | 0/28 [00:00<?, ?it/s]100%|██████████| 28/28 [00:00<00:00, 283.62it/s]
  0%|          | 0/6 [00:00<?, ?it/s]100%|██████████| 6/6 [00:00<00:00, 284.65it/s]
  0%|          | 0/84 [00:00<?, ?it/s] 35%|███▍      | 29/84 [00:00<00:00, 284.19it/s] 69%|██████▉   | 58/84 [00:00<00:00, 284.13it/s]100%|██████████| 84/84 [00:00<00:00, 283.90it/s]
  0%|          | 0/23 [00:00<?, ?it/s]100%|██████████| 23/23 [00:00<00:00, 283.78it/s]
  0%|          | 0/45 [00:00<?, ?it/s] 64%|██████▍   | 29/45 [00:00<00:00, 282.44it/s]100%|██████████| 45/45 [00:00<00:00, 283.27it/s]
  0%|          | 0/17 [00:00<?, ?it/s]100%|██████████| 17/17 [00:00<00:00, 281.74it/s]
  0%|          | 0/9 [00:00<?, ?it/s]100%|██████████| 9/9 [00:00<00:00, 282.35it/s]
  0%|          | 0/4 [00:00<?, ?it/s]100%|██████████| 4/4 [00:00<00:00, 283.77it/s]
  0%|          | 0/4 [00:00<?, ?it/s]100%|██████████| 4/4 [00:00<00:00, 282.63it/s]
  0%|          | 0/11 [00:00<?, ?it/s]100%|██████████| 11/11 [00:00<00:00, 283.72it/s]
  0%|          | 0/15 [00:00<?, ?it/s]100%|██████████| 15/15 [00:00<00:00, 283.20it/s]
  0%|          | 0/7 [00:00<?, ?it/s]100%|██████████| 7/7 [00:00<00:00, 285.30it/s]
  0%|          | 0/16 [00:00<?, ?it/s]100%|██████████| 16/16 [00:00<00:00, 282.63it/s]
  0%|          | 0/3 [00:00<?, ?it/s]100%|██████████| 3/3 [00:00<00:00, 281.35it/s]
  0%|          | 0/18 [00:00<?, ?it/s]100%|██████████| 18/18 [00:00<00:00, 283.26it/s]
  0%|          | 0/5 [00:00<?, ?it/s]100%|██████████| 5/5 [00:00<00:00, 282.18it/s]
  0%|          | 0/8 [00:00<?, ?it/s]100%|██████████| 8/8 [00:00<00:00, 283.29it/s]
  0%|          | 0/5 [00:00<?, ?it/s]100%|██████████| 5/5 [00:00<00:00, 281.51it/s]
  0%|          | 0/4 [00:00<?, ?it/s]100%|██████████| 4/4 [00:00<00:00, 282.20it/s]
  0%|          | 0/3 [00:00<?, ?it/s]100%|██████████| 3/3 [00:00<00:00, 282.70it/s]
  0%|          | 0/5 [00:00<?, ?it/s]100%|██████████| 5/5 [00:00<00:00, 279.42it/s]
  0%|          | 0/6 [00:00<?, ?it/s]100%|██████████| 6/6 [00:00<00:00, 278.30it/s]
  0%|          | 0/5 [00:00<?, ?it/s]100%|██████████| 5/5 [00:00<00:00, 279.26it/s]
  0%|          | 0/4 [00:00<?, ?it/s]100%|██████████| 4/4 [00:00<00:00, 279.84it/s]
  0%|          | 0/2 [00:00<?, ?it/s]100%|██████████| 2/2 [00:00<00:00, 276.79it/s]
  0%|          | 0/2 [00:00<?, ?it/s]100%|██████████| 2/2 [00:00<00:00, 279.21it/s]
  0%|          | 0/7 [00:00<?, ?it/s]100%|██████████| 7/7 [00:00<00:00, 285.12it/s]
  0%|          | 0/13 [00:00<?, ?it/s]100%|██████████| 13/13 [00:00<00:00, 284.23it/s]
  0%|          | 0/7 [00:00<?, ?it/s]100%|██████████| 7/7 [00:00<00:00, 285.25it/s]
  0%|          | 0/10 [00:00<?, ?it/s]100%|██████████| 10/10 [00:00<00:00, 284.91it/s]
  0%|          | 0/34 [00:00<?, ?it/s] 85%|████████▌ | 29/34 [00:00<00:00, 283.73it/s]100%|██████████| 34/34 [00:00<00:00, 283.58it/s]
  0%|          | 0/2 [00:00<?, ?it/s]100%|██████████| 2/2 [00:00<00:00, 277.66it/s]
  0%|          | 0/4 [00:00<?, ?it/s]100%|██████████| 4/4 [00:00<00:00, 282.87it/s]
  0%|          | 0/6 [00:00<?, ?it/s]100%|██████████| 6/6 [00:00<00:00, 280.92it/s]
  0%|          | 0/6 [00:00<?, ?it/s]100%|██████████| 6/6 [00:00<00:00, 284.55it/s]
  0%|          | 0/4 [00:00<?, ?it/s]100%|██████████| 4/4 [00:00<00:00, 283.09it/s]
  0%|          | 0/6 [00:00<?, ?it/s]100%|██████████| 6/6 [00:00<00:00, 282.25it/s]
  0%|          | 0/2 [00:00<?, ?it/s]100%|██████████| 2/2 [00:00<00:00, 281.19it/s]
  0%|          | 0/3 [00:00<?, ?it/s]100%|██████████| 3/3 [00:00<00:00, 276.64it/s]
  0%|          | 0/5 [00:00<?, ?it/s]100%|██████████| 5/5 [00:00<00:00, 264.47it/s]
  0%|          | 0/2 [00:00<?, ?it/s]100%|██████████| 2/2 [00:00<00:00, 275.65it/s]
  0%|          | 0/8 [00:00<?, ?it/s]100%|██████████| 8/8 [00:00<00:00, 284.08it/s]
  0%|          | 0/4 [00:00<?, ?it/s]100%|██████████| 4/4 [00:00<00:00, 279.28it/s]
  0%|          | 0/11 [00:00<?, ?it/s]100%|██████████| 11/11 [00:00<00:00, 278.71it/s]
  0%|          | 0/12 [00:00<?, ?it/s]100%|██████████| 12/12 [00:00<00:00, 277.92it/s]
  0%|          | 0/5 [00:00<?, ?it/s]100%|██████████| 5/5 [00:00<00:00, 279.91it/s]
  0%|          | 0/7 [00:00<?, ?it/s]100%|██████████| 7/7 [00:00<00:00, 281.15it/s]
  0%|          | 0/7 [00:00<?, ?it/s]100%|██████████| 7/7 [00:00<00:00, 283.92it/s]
  0%|          | 0/3 [00:00<?, ?it/s]100%|██████████| 3/3 [00:00<00:00, 277.27it/s]
  0%|          | 0/4 [00:00<?, ?it/s]100%|██████████| 4/4 [00:00<00:00, 284.88it/s]
  0%|          | 0/1 [00:00<?, ?it/s]100%|██████████| 1/1 [00:00<00:00, 269.31it/s]
  0%|          | 0/15 [00:00<?, ?it/s]100%|██████████| 15/15 [00:00<00:00, 284.66it/s]
  0%|          | 0/21 [00:00<?, ?it/s]100%|██████████| 21/21 [00:00<00:00, 284.76it/s]
  0%|          | 0/14 [00:00<?, ?it/s]100%|██████████| 14/14 [00:00<00:00, 283.54it/s]
  0%|          | 0/16 [00:00<?, ?it/s]100%|██████████| 16/16 [00:00<00:00, 283.46it/s]
  0%|          | 0/10 [00:00<?, ?it/s]100%|██████████| 10/10 [00:00<00:00, 283.11it/s]
  0%|          | 0/12 [00:00<?, ?it/s]100%|██████████| 12/12 [00:00<00:00, 285.67it/s]
  0%|          | 0/28 [00:00<?, ?it/s]100%|██████████| 28/28 [00:00<00:00, 285.22it/s]
  0%|          | 0/6 [00:00<?, ?it/s]100%|██████████| 6/6 [00:00<00:00, 285.89it/s]
  0%|          | 0/84 [00:00<?, ?it/s] 35%|███▍      | 29/84 [00:00<00:00, 285.29it/s] 69%|██████▉   | 58/84 [00:00<00:00, 285.19it/s]100%|██████████| 84/84 [00:00<00:00, 285.02it/s]
  0%|          | 0/23 [00:00<?, ?it/s]100%|██████████| 23/23 [00:00<00:00, 285.29it/s]
  0%|          | 0/45 [00:00<?, ?it/s] 64%|██████▍   | 29/45 [00:00<00:00, 283.81it/s]100%|██████████| 45/45 [00:00<00:00, 284.12it/s]
  0%|          | 0/17 [00:00<?, ?it/s]100%|██████████| 17/17 [00:00<00:00, 282.99it/s]
  0%|          | 0/9 [00:00<?, ?it/s]100%|██████████| 9/9 [00:00<00:00, 282.70it/s]
  0%|          | 0/4 [00:00<?, ?it/s]100%|██████████| 4/4 [00:00<00:00, 281.75it/s]
  0%|          | 0/4 [00:00<?, ?it/s]100%|██████████| 4/4 [00:00<00:00, 282.54it/s]
  0%|          | 0/11 [00:00<?, ?it/s]100%|██████████| 11/11 [00:00<00:00, 283.21it/s]
  0%|          | 0/15 [00:00<?, ?it/s]100%|██████████| 15/15 [00:00<00:00, 283.92it/s]
  0%|          | 0/7 [00:00<?, ?it/s]100%|██████████| 7/7 [00:00<00:00, 284.82it/s]
  0%|          | 0/16 [00:00<?, ?it/s]100%|██████████| 16/16 [00:00<00:00, 283.19it/s]
  0%|          | 0/3 [00:00<?, ?it/s]100%|██████████| 3/3 [00:00<00:00, 282.76it/s]
  0%|          | 0/18 [00:00<?, ?it/s]100%|██████████| 18/18 [00:00<00:00, 283.94it/s]
  0%|          | 0/5 [00:00<?, ?it/s]100%|██████████| 5/5 [00:00<00:00, 281.00it/s]
  0%|          | 0/8 [00:00<?, ?it/s]100%|██████████| 8/8 [00:00<00:00, 286.22it/s]
  0%|          | 0/5 [00:00<?, ?it/s]100%|██████████| 5/5 [00:00<00:00, 284.95it/s]
  0%|          | 0/4 [00:00<?, ?it/s]100%|██████████| 4/4 [00:00<00:00, 286.03it/s]
  0%|          | 0/3 [00:00<?, ?it/s]100%|██████████| 3/3 [00:00<00:00, 282.58it/s]
  0%|          | 0/5 [00:00<?, ?it/s]100%|██████████| 5/5 [00:00<00:00, 284.18it/s]
  0%|          | 0/6 [00:00<?, ?it/s]100%|██████████| 6/6 [00:00<00:00, 280.94it/s]
  0%|          | 0/5 [00:00<?, ?it/s]100%|██████████| 5/5 [00:00<00:00, 279.21it/s]
  0%|          | 0/4 [00:00<?, ?it/s]100%|██████████| 4/4 [00:00<00:00, 283.26it/s]
  0%|          | 0/2 [00:00<?, ?it/s]100%|██████████| 2/2 [00:00<00:00, 279.77it/s]
  0%|          | 0/2 [00:00<?, ?it/s]100%|██████████| 2/2 [00:00<00:00, 281.31it/s]
  0%|          | 0/7 [00:00<?, ?it/s]100%|██████████| 7/7 [00:00<00:00, 284.00it/s]
  0%|          | 0/13 [00:00<?, ?it/s]100%|██████████| 13/13 [00:00<00:00, 283.73it/s]
  0%|          | 0/7 [00:00<?, ?it/s]100%|██████████| 7/7 [00:00<00:00, 284.78it/s]
  0%|          | 0/10 [00:00<?, ?it/s]100%|██████████| 10/10 [00:00<00:00, 283.99it/s]
  0%|          | 0/34 [00:00<?, ?it/s] 85%|████████▌ | 29/34 [00:00<00:00, 284.37it/s]100%|██████████| 34/34 [00:00<00:00, 284.35it/s]
  0%|          | 0/2 [00:00<?, ?it/s]100%|██████████| 2/2 [00:00<00:00, 279.16it/s]
  0%|          | 0/4 [00:00<?, ?it/s]100%|██████████| 4/4 [00:00<00:00, 286.73it/s]
  0%|          | 0/6 [00:00<?, ?it/s]100%|██████████| 6/6 [00:00<00:00, 281.26it/s]
  0%|          | 0/6 [00:00<?, ?it/s]100%|██████████| 6/6 [00:00<00:00, 281.25it/s]
  0%|          | 0/4 [00:00<?, ?it/s]100%|██████████| 4/4 [00:00<00:00, 282.82it/s]
  0%|          | 0/6 [00:00<?, ?it/s]100%|██████████| 6/6 [00:00<00:00, 279.77it/s]
  0%|          | 0/2 [00:00<?, ?it/s]100%|██████████| 2/2 [00:00<00:00, 278.82it/s]
  0%|          | 0/3 [00:00<?, ?it/s]100%|██████████| 3/3 [00:00<00:00, 277.74it/s]
  0%|          | 0/5 [00:00<?, ?it/s]100%|██████████| 5/5 [00:00<00:00, 282.99it/s]
  0%|          | 0/2 [00:00<?, ?it/s]100%|██████████| 2/2 [00:00<00:00, 281.04it/s]
  0%|          | 0/8 [00:00<?, ?it/s]100%|██████████| 8/8 [00:00<00:00, 284.22it/s]
  0%|          | 0/4 [00:00<?, ?it/s]100%|██████████| 4/4 [00:00<00:00, 279.00it/s]
  0%|          | 0/11 [00:00<?, ?it/s]100%|██████████| 11/11 [00:00<00:00, 281.75it/s]
  0%|          | 0/12 [00:00<?, ?it/s]100%|██████████| 12/12 [00:00<00:00, 283.49it/s]
  0%|          | 0/5 [00:00<?, ?it/s]100%|██████████| 5/5 [00:00<00:00, 279.81it/s]
  0%|          | 0/7 [00:00<?, ?it/s]100%|██████████| 7/7 [00:00<00:00, 281.87it/s]
  0%|          | 0/7 [00:00<?, ?it/s]100%|██████████| 7/7 [00:00<00:00, 284.73it/s]
  0%|          | 0/3 [00:00<?, ?it/s]100%|██████████| 3/3 [00:00<00:00, 275.90it/s]
  0%|          | 0/4 [00:00<?, ?it/s]100%|██████████| 4/4 [00:00<00:00, 281.88it/s]
  0%|          | 0/1 [00:00<?, ?it/s]100%|██████████| 1/1 [00:00<00:00, 277.92it/s]
  0%|          | 0/15 [00:00<?, ?it/s]100%|██████████| 15/15 [00:00<00:00, 282.21it/s]
  0%|          | 0/21 [00:00<?, ?it/s]100%|██████████| 21/21 [00:00<00:00, 282.82it/s]
  0%|          | 0/14 [00:00<?, ?it/s]100%|██████████| 14/14 [00:00<00:00, 282.56it/s]
  0%|          | 0/16 [00:00<?, ?it/s]100%|██████████| 16/16 [00:00<00:00, 282.28it/s]
  0%|          | 0/10 [00:00<?, ?it/s]100%|██████████| 10/10 [00:00<00:00, 282.79it/s]
  0%|          | 0/12 [00:00<?, ?it/s]100%|██████████| 12/12 [00:00<00:00, 284.28it/s]
  0%|          | 0/28 [00:00<?, ?it/s]100%|██████████| 28/28 [00:00<00:00, 282.61it/s]
  0%|          | 0/6 [00:00<?, ?it/s]100%|██████████| 6/6 [00:00<00:00, 284.87it/s]
  0%|          | 0/84 [00:00<?, ?it/s] 35%|███▍      | 29/84 [00:00<00:00, 284.46it/s] 69%|██████▉   | 58/84 [00:00<00:00, 283.86it/s]100%|██████████| 84/84 [00:00<00:00, 283.67it/s]
  0%|          | 0/23 [00:00<?, ?it/s]100%|██████████| 23/23 [00:00<00:00, 285.21it/s]
  0%|          | 0/45 [00:00<?, ?it/s] 64%|██████▍   | 29/45 [00:00<00:00, 281.23it/s]100%|██████████| 45/45 [00:00<00:00, 281.98it/s]
  0%|          | 0/17 [00:00<?, ?it/s]100%|██████████| 17/17 [00:00<00:00, 282.07it/s]
  0%|          | 0/9 [00:00<?, ?it/s]100%|██████████| 9/9 [00:00<00:00, 282.80it/s]
  0%|          | 0/4 [00:00<?, ?it/s]100%|██████████| 4/4 [00:00<00:00, 281.26it/s]
  0%|          | 0/4 [00:00<?, ?it/s]100%|██████████| 4/4 [00:00<00:00, 283.20it/s]
  0%|          | 0/11 [00:00<?, ?it/s]100%|██████████| 11/11 [00:00<00:00, 283.45it/s]
  0%|          | 0/15 [00:00<?, ?it/s]100%|██████████| 15/15 [00:00<00:00, 283.26it/s]
  0%|          | 0/7 [00:00<?, ?it/s]100%|██████████| 7/7 [00:00<00:00, 285.04it/s]
  0%|          | 0/16 [00:00<?, ?it/s]100%|██████████| 16/16 [00:00<00:00, 282.15it/s]
  0%|          | 0/3 [00:00<?, ?it/s]100%|██████████| 3/3 [00:00<00:00, 282.29it/s]
  0%|          | 0/18 [00:00<?, ?it/s]100%|██████████| 18/18 [00:00<00:00, 282.63it/s]
  0%|          | 0/5 [00:00<?, ?it/s]100%|██████████| 5/5 [00:00<00:00, 279.34it/s]
  0%|          | 0/8 [00:00<?, ?it/s]100%|██████████| 8/8 [00:00<00:00, 283.21it/s]
  0%|          | 0/5 [00:00<?, ?it/s]100%|██████████| 5/5 [00:00<00:00, 282.72it/s]
  0%|          | 0/4 [00:00<?, ?it/s]100%|██████████| 4/4 [00:00<00:00, 283.86it/s]
  0%|          | 0/3 [00:00<?, ?it/s]100%|██████████| 3/3 [00:00<00:00, 278.83it/s]
  0%|          | 0/5 [00:00<?, ?it/s]100%|██████████| 5/5 [00:00<00:00, 276.80it/s]
  0%|          | 0/6 [00:00<?, ?it/s]100%|██████████| 6/6 [00:00<00:00, 280.77it/s]
  0%|          | 0/5 [00:00<?, ?it/s]100%|██████████| 5/5 [00:00<00:00, 279.20it/s]
  0%|          | 0/4 [00:00<?, ?it/s]100%|██████████| 4/4 [00:00<00:00, 283.26it/s]
  0%|          | 0/2 [00:00<?, ?it/s]100%|██████████| 2/2 [00:00<00:00, 281.44it/s]
  0%|          | 0/2 [00:00<?, ?it/s]100%|██████████| 2/2 [00:00<00:00, 281.60it/s]
  0%|          | 0/7 [00:00<?, ?it/s]100%|██████████| 7/7 [00:00<00:00, 284.23it/s]
  0%|          | 0/13 [00:00<?, ?it/s]100%|██████████| 13/13 [00:00<00:00, 283.23it/s]
  0%|          | 0/7 [00:00<?, ?it/s]100%|██████████| 7/7 [00:00<00:00, 285.45it/s]
  0%|          | 0/10 [00:00<?, ?it/s]100%|██████████| 10/10 [00:00<00:00, 284.91it/s]
  0%|          | 0/34 [00:00<?, ?it/s] 85%|████████▌ | 29/34 [00:00<00:00, 283.39it/s]100%|██████████| 34/34 [00:00<00:00, 283.34it/s]
  0%|          | 0/2 [00:00<?, ?it/s]100%|██████████| 2/2 [00:00<00:00, 277.13it/s]
  0%|          | 0/422 [00:00<?, ?it/s]  7%|▋         | 28/422 [00:00<00:01, 270.89it/s] 13%|█▎        | 56/422 [00:00<00:01, 270.51it/s] 20%|█▉        | 84/422 [00:00<00:01, 271.10it/s] 27%|██▋       | 112/422 [00:00<00:01, 271.18it/s] 33%|███▎      | 140/422 [00:00<00:01, 271.20it/s] 40%|███▉      | 168/422 [00:00<00:00, 270.97it/s] 46%|████▋     | 196/422 [00:00<00:00, 270.77it/s] 53%|█████▎    | 224/422 [00:00<00:00, 271.01it/s] 60%|█████▉    | 252/422 [00:00<00:00, 271.51it/s] 66%|██████▋   | 280/422 [00:01<00:00, 271.67it/s] 73%|███████▎  | 308/422 [00:01<00:00, 271.77it/s] 80%|███████▉  | 336/422 [00:01<00:00, 271.87it/s] 86%|████████▋ | 364/422 [00:01<00:00, 271.66it/s] 93%|█████████▎| 392/422 [00:01<00:00, 271.74it/s]100%|█████████▉| 420/422 [00:01<00:00, 271.94it/s]100%|██████████| 422/422 [00:01<00:00, 271.48it/s]
  0%|          | 0/73 [00:00<?, ?it/s] 38%|███▊      | 28/73 [00:00<00:00, 271.11it/s] 77%|███████▋  | 56/73 [00:00<00:00, 271.11it/s]100%|██████████| 73/73 [00:00<00:00, 271.37it/s]
  0%|          | 0/122 [00:00<?, ?it/s] 23%|██▎       | 28/122 [00:00<00:00, 270.82it/s] 46%|████▌     | 56/122 [00:00<00:00, 271.52it/s] 69%|██████▉   | 84/122 [00:00<00:00, 271.69it/s] 92%|█████████▏| 112/122 [00:00<00:00, 271.68it/s]100%|██████████| 122/122 [00:00<00:00, 271.49it/s]
  0%|          | 0/125 [00:00<?, ?it/s] 22%|██▏       | 27/125 [00:00<00:00, 268.32it/s] 44%|████▍     | 55/125 [00:00<00:00, 269.62it/s] 66%|██████▌   | 82/125 [00:00<00:00, 268.03it/s] 87%|████████▋ | 109/125 [00:00<00:00, 268.78it/s]100%|██████████| 125/125 [00:00<00:00, 268.96it/s]
  0%|          | 0/50 [00:00<?, ?it/s] 56%|█████▌    | 28/50 [00:00<00:00, 270.25it/s]100%|██████████| 50/50 [00:00<00:00, 270.65it/s]
  0%|          | 0/125 [00:00<?, ?it/s] 22%|██▏       | 28/125 [00:00<00:00, 270.60it/s] 45%|████▍     | 56/125 [00:00<00:00, 271.25it/s] 67%|██████▋   | 84/125 [00:00<00:00, 270.83it/s] 90%|████████▉ | 112/125 [00:00<00:00, 270.67it/s]100%|██████████| 125/125 [00:00<00:00, 270.83it/s]
  0%|          | 0/123 [00:00<?, ?it/s] 22%|██▏       | 27/123 [00:00<00:00, 268.60it/s] 44%|████▍     | 54/123 [00:00<00:00, 268.78it/s] 67%|██████▋   | 82/123 [00:00<00:00, 269.90it/s] 89%|████████▉ | 110/123 [00:00<00:00, 270.53it/s]100%|██████████| 123/123 [00:00<00:00, 270.09it/s]
  0%|          | 0/145 [00:00<?, ?it/s] 19%|█▊        | 27/145 [00:00<00:00, 269.98it/s] 38%|███▊      | 55/145 [00:00<00:00, 270.23it/s] 57%|█████▋    | 83/145 [00:00<00:00, 270.77it/s] 77%|███████▋  | 111/145 [00:00<00:00, 270.82it/s] 96%|█████████▌| 139/145 [00:00<00:00, 270.63it/s]100%|██████████| 145/145 [00:00<00:00, 270.64it/s]
  0%|          | 0/177 [00:00<?, ?it/s] 16%|█▌        | 28/177 [00:00<00:00, 270.08it/s] 32%|███▏      | 56/177 [00:00<00:00, 270.35it/s] 47%|████▋     | 84/177 [00:00<00:00, 270.95it/s] 63%|██████▎   | 112/177 [00:00<00:00, 270.91it/s] 79%|███████▉  | 140/177 [00:00<00:00, 270.53it/s] 95%|█████████▍| 168/177 [00:00<00:00, 270.06it/s]100%|██████████| 177/177 [00:00<00:00, 270.15it/s]
  0%|          | 0/174 [00:00<?, ?it/s] 16%|█▌        | 27/174 [00:00<00:00, 269.57it/s] 32%|███▏      | 55/174 [00:00<00:00, 270.19it/s] 48%|████▊     | 83/174 [00:00<00:00, 270.90it/s] 64%|██████▍   | 111/174 [00:00<00:00, 270.72it/s] 80%|███████▉  | 139/174 [00:00<00:00, 269.99it/s] 96%|█████████▌| 167/174 [00:00<00:00, 270.51it/s]100%|██████████| 174/174 [00:00<00:00, 270.33it/s]
  0%|          | 0/50 [00:00<?, ?it/s] 54%|█████▍    | 27/50 [00:00<00:00, 268.63it/s]100%|██████████| 50/50 [00:00<00:00, 269.75it/s]
  0%|          | 0/247 [00:00<?, ?it/s] 11%|█         | 27/247 [00:00<00:00, 269.79it/s] 22%|██▏       | 55/247 [00:00<00:00, 270.17it/s] 34%|███▎      | 83/247 [00:00<00:00, 269.79it/s] 45%|████▍     | 110/247 [00:00<00:00, 269.66it/s] 56%|█████▌    | 138/247 [00:00<00:00, 269.84it/s] 67%|██████▋   | 165/247 [00:00<00:00, 269.88it/s] 78%|███████▊  | 192/247 [00:00<00:00, 269.36it/s] 89%|████████▊ | 219/247 [00:00<00:00, 269.18it/s]100%|█████████▉| 246/247 [00:00<00:00, 268.62it/s]100%|██████████| 247/247 [00:00<00:00, 269.26it/s]
  0%|          | 0/248 [00:00<?, ?it/s] 11%|█         | 27/248 [00:00<00:00, 269.51it/s] 22%|██▏       | 54/248 [00:00<00:00, 269.75it/s] 33%|███▎      | 82/248 [00:00<00:00, 270.10it/s] 44%|████▍     | 110/248 [00:00<00:00, 269.76it/s] 55%|█████▌    | 137/248 [00:00<00:00, 269.80it/s] 66%|██████▌   | 164/248 [00:00<00:00, 269.85it/s] 77%|███████▋  | 191/248 [00:00<00:00, 269.73it/s] 88%|████████▊ | 219/248 [00:00<00:00, 270.13it/s]100%|█████████▉| 247/248 [00:00<00:00, 269.99it/s]100%|██████████| 248/248 [00:00<00:00, 269.87it/s]
  0%|          | 0/204 [00:00<?, ?it/s] 30%|███       | 62/204 [00:00<00:00, 619.17it/s] 61%|██████▏   | 125/204 [00:00<00:00, 624.54it/s] 92%|█████████▏| 188/204 [00:00<00:00, 626.93it/s]100%|██████████| 204/204 [00:00<00:00, 620.01it/s]
  0%|          | 0/204 [00:00<?, ?it/s] 31%|███▏      | 64/204 [00:00<00:00, 630.57it/s] 63%|██████▎   | 128/204 [00:00<00:00, 633.10it/s] 94%|█████████▍| 192/204 [00:00<00:00, 632.57it/s]100%|██████████| 204/204 [00:00<00:00, 632.28it/s]
  0%|          | 0/204 [00:00<?, ?it/s] 31%|███       | 63/204 [00:00<00:00, 628.69it/s] 62%|██████▏   | 127/204 [00:00<00:00, 631.71it/s] 94%|█████████▎| 191/204 [00:00<00:00, 632.46it/s]100%|██████████| 204/204 [00:00<00:00, 632.06it/s]
  0%|          | 0/204 [00:00<?, ?it/s] 31%|███       | 63/204 [00:00<00:00, 626.66it/s] 62%|██████▏   | 126/204 [00:00<00:00, 626.35it/s] 93%|█████████▎| 190/204 [00:00<00:00, 628.11it/s]100%|██████████| 204/204 [00:00<00:00, 627.60it/s]
  0%|          | 0/204 [00:00<?, ?it/s] 31%|███▏      | 64/204 [00:00<00:00, 630.40it/s] 63%|██████▎   | 128/204 [00:00<00:00, 198.24it/s] 94%|█████████▎| 191/204 [00:00<00:00, 286.82it/s]100%|██████████| 204/204 [00:00<00:00, 290.89it/s]
  0%|          | 0/204 [00:00<?, ?it/s] 31%|███       | 63/204 [00:00<00:00, 623.03it/s] 62%|██████▏   | 126/204 [00:00<00:00, 623.62it/s] 93%|█████████▎| 189/204 [00:00<00:00, 623.87it/s]100%|██████████| 204/204 [00:00<00:00, 623.26it/s]
  0%|          | 0/204 [00:00<?, ?it/s] 31%|███       | 63/204 [00:00<00:00, 621.62it/s] 62%|██████▏   | 126/204 [00:00<00:00, 622.52it/s] 93%|█████████▎| 189/204 [00:00<00:00, 623.66it/s]100%|██████████| 204/204 [00:00<00:00, 623.34it/s]
  0%|          | 0/136 [00:00<?, ?it/s] 36%|███▌      | 49/136 [00:00<00:00, 481.33it/s] 72%|███████▏  | 98/136 [00:00<00:00, 481.53it/s]100%|██████████| 136/136 [00:00<00:00, 481.55it/s]
  0%|          | 0/208 [00:00<?, ?it/s] 24%|██▎       | 49/208 [00:00<00:00, 481.36it/s] 47%|████▋     | 98/208 [00:00<00:00, 479.81it/s] 71%|███████   | 147/208 [00:00<00:00, 481.76it/s] 94%|█████████▍| 196/208 [00:00<00:00, 482.97it/s]100%|██████████| 208/208 [00:00<00:00, 482.24it/s]
  0%|          | 0/241 [00:00<?, ?it/s] 20%|██        | 49/241 [00:00<00:00, 485.63it/s] 41%|████      | 98/241 [00:00<00:00, 487.15it/s] 61%|██████    | 147/241 [00:00<00:00, 486.79it/s] 81%|████████▏ | 196/241 [00:00<00:00, 486.69it/s]100%|██████████| 241/241 [00:00<00:00, 486.89it/s]
  0%|          | 0/37 [00:00<?, ?it/s]100%|██████████| 37/37 [00:00<00:00, 485.37it/s]
  0%|          | 0/109 [00:00<?, ?it/s] 45%|████▍     | 49/109 [00:00<00:00, 486.74it/s] 90%|████████▉ | 98/109 [00:00<00:00, 486.96it/s]100%|██████████| 109/109 [00:00<00:00, 486.43it/s]
  0%|          | 0/232 [00:00<?, ?it/s] 21%|██        | 49/232 [00:00<00:00, 485.26it/s] 42%|████▏     | 98/232 [00:00<00:00, 486.87it/s] 63%|██████▎   | 147/232 [00:00<00:00, 485.40it/s] 84%|████████▍ | 196/232 [00:00<00:00, 484.39it/s]100%|██████████| 232/232 [00:00<00:00, 484.96it/s]
  0%|          | 0/142 [00:00<?, ?it/s] 35%|███▍      | 49/142 [00:00<00:00, 488.20it/s] 69%|██████▉   | 98/142 [00:00<00:00, 486.37it/s]100%|██████████| 142/142 [00:00<00:00, 486.63it/s]
  0%|          | 0/39 [00:00<?, ?it/s]100%|██████████| 39/39 [00:00<00:00, 484.21it/s]
  0%|          | 0/113 [00:00<?, ?it/s] 43%|████▎     | 49/113 [00:00<00:00, 484.80it/s] 87%|████████▋ | 98/113 [00:00<00:00, 485.79it/s]100%|██████████| 113/113 [00:00<00:00, 485.24it/s]
  0%|          | 0/139 [00:00<?, ?it/s] 35%|███▌      | 49/139 [00:00<00:00, 482.44it/s] 71%|███████   | 98/139 [00:00<00:00, 482.42it/s]100%|██████████| 139/139 [00:00<00:00, 482.81it/s]
  0%|          | 0/18 [00:00<?, ?it/s]100%|██████████| 18/18 [00:00<00:00, 480.79it/s]
  0%|          | 0/76 [00:00<?, ?it/s] 64%|██████▍   | 49/76 [00:00<00:00, 486.13it/s]100%|██████████| 76/76 [00:00<00:00, 486.07it/s]
  0%|          | 0/107 [00:00<?, ?it/s] 46%|████▌     | 49/107 [00:00<00:00, 484.30it/s] 92%|█████████▏| 98/107 [00:00<00:00, 484.56it/s]100%|██████████| 107/107 [00:00<00:00, 484.35it/s]
  0%|          | 0/69 [00:00<?, ?it/s] 71%|███████   | 49/69 [00:00<00:00, 482.29it/s]100%|██████████| 69/69 [00:00<00:00, 482.24it/s]
Tokenizing inputs:   0%|          | 0/47868 [00:00<?, ?it/s]Tokenizing inputs:   0%|          | 20/47868 [00:00<04:10, 191.37it/s]Tokenizing inputs:   0%|          | 41/47868 [00:00<03:59, 199.75it/s]Tokenizing inputs:   0%|          | 61/47868 [00:00<04:03, 196.12it/s]Tokenizing inputs:   0%|          | 81/47868 [00:00<04:06, 194.10it/s]Tokenizing inputs:   0%|          | 102/47868 [00:00<04:03, 196.31it/s]Tokenizing inputs:   0%|          | 123/47868 [00:00<04:00, 198.78it/s]Tokenizing inputs:   0%|          | 145/47868 [00:00<03:55, 202.59it/s]Tokenizing inputs:   0%|          | 166/47868 [00:00<03:53, 204.41it/s]Tokenizing inputs:   0%|          | 187/47868 [00:00<03:52, 205.35it/s]Tokenizing inputs:   0%|          | 208/47868 [00:01<03:50, 206.71it/s]Tokenizing inputs:   0%|          | 229/47868 [00:01<03:52, 205.24it/s]Tokenizing inputs:   1%|          | 250/47868 [00:01<03:52, 204.71it/s]Tokenizing inputs:   1%|          | 271/47868 [00:01<03:53, 203.63it/s]Tokenizing inputs:   1%|          | 292/47868 [00:01<03:58, 199.12it/s]Tokenizing inputs:   1%|          | 313/47868 [00:01<03:58, 199.81it/s]Tokenizing inputs:   1%|          | 334/47868 [00:01<03:56, 200.58it/s]Tokenizing inputs:   1%|          | 355/47868 [00:01<03:54, 202.44it/s]Tokenizing inputs:   1%|          | 376/47868 [00:01<03:57, 199.86it/s]Tokenizing inputs:   1%|          | 397/47868 [00:01<03:55, 201.77it/s]Tokenizing inputs:   1%|          | 418/47868 [00:02<03:53, 203.35it/s]Tokenizing inputs:   1%|          | 439/47868 [00:02<03:51, 204.83it/s]Tokenizing inputs:   1%|          | 460/47868 [00:02<03:49, 206.18it/s]Tokenizing inputs:   1%|          | 481/47868 [00:02<03:50, 205.82it/s]Tokenizing inputs:   1%|          | 502/47868 [00:02<03:50, 205.65it/s]Tokenizing inputs:   1%|          | 523/47868 [00:02<03:52, 203.91it/s]Tokenizing inputs:   1%|          | 544/47868 [00:02<03:51, 204.71it/s]Tokenizing inputs:   1%|          | 565/47868 [00:02<03:50, 205.65it/s]Tokenizing inputs:   1%|          | 586/47868 [00:02<03:49, 205.92it/s]Tokenizing inputs:   1%|▏         | 608/47868 [00:02<03:44, 210.05it/s]Tokenizing inputs:   1%|▏         | 630/47868 [00:03<03:45, 209.22it/s]Tokenizing inputs:   1%|▏         | 652/47868 [00:03<03:44, 210.46it/s]Tokenizing inputs:   1%|▏         | 674/47868 [00:03<03:46, 208.17it/s]Tokenizing inputs:   1%|▏         | 695/47868 [00:03<03:47, 207.15it/s]Tokenizing inputs:   1%|▏         | 717/47868 [00:03<03:45, 209.03it/s]Tokenizing inputs:   2%|▏         | 738/47868 [00:03<03:49, 204.99it/s]Tokenizing inputs:   2%|▏         | 759/47868 [00:03<03:48, 205.94it/s]Tokenizing inputs:   2%|▏         | 781/47868 [00:03<03:46, 207.80it/s]Tokenizing inputs:   2%|▏         | 803/47868 [00:03<03:42, 211.34it/s]Tokenizing inputs:   2%|▏         | 825/47868 [00:04<03:44, 209.16it/s]Tokenizing inputs:   2%|▏         | 847/47868 [00:04<03:43, 210.40it/s]Tokenizing inputs:   2%|▏         | 869/47868 [00:04<03:44, 209.78it/s]Tokenizing inputs:   2%|▏         | 890/47868 [00:04<03:45, 208.26it/s]Tokenizing inputs:   2%|▏         | 912/47868 [00:04<03:44, 209.24it/s]Tokenizing inputs:   2%|▏         | 933/47868 [00:04<03:44, 209.39it/s]Tokenizing inputs:   2%|▏         | 955/47868 [00:04<03:40, 212.45it/s]Tokenizing inputs:   2%|▏         | 977/47868 [00:04<03:44, 208.99it/s]Tokenizing inputs:   2%|▏         | 998/47868 [00:04<03:44, 208.78it/s]Tokenizing inputs:   2%|▏         | 1019/47868 [00:04<03:45, 207.40it/s]Tokenizing inputs:   2%|▏         | 1040/47868 [00:05<03:48, 205.20it/s]Tokenizing inputs:   2%|▏         | 1062/47868 [00:05<03:44, 208.75it/s]Tokenizing inputs:   2%|▏         | 1083/47868 [00:05<03:45, 207.66it/s]Tokenizing inputs:   2%|▏         | 1105/47868 [00:05<03:43, 209.46it/s]Tokenizing inputs:   2%|▏         | 1126/47868 [00:05<03:44, 207.87it/s]Tokenizing inputs:   2%|▏         | 1147/47868 [00:05<03:44, 207.81it/s]Tokenizing inputs:   2%|▏         | 1168/47868 [00:05<03:45, 206.71it/s]Tokenizing inputs:   2%|▏         | 1189/47868 [00:05<03:47, 205.16it/s]Tokenizing inputs:   3%|▎         | 1210/47868 [00:05<03:46, 205.74it/s]Tokenizing inputs:   3%|▎         | 1231/47868 [00:05<03:47, 205.23it/s]Tokenizing inputs:   3%|▎         | 1252/47868 [00:06<03:47, 204.72it/s]Tokenizing inputs:   3%|▎         | 1273/47868 [00:06<03:46, 205.94it/s]Tokenizing inputs:   3%|▎         | 1295/47868 [00:06<03:42, 208.86it/s]Tokenizing inputs:   3%|▎         | 1318/47868 [00:06<03:39, 212.34it/s]Tokenizing inputs:   3%|▎         | 1340/47868 [00:06<03:41, 210.27it/s]Tokenizing inputs:   3%|▎         | 1362/47868 [00:06<03:44, 207.35it/s]Tokenizing inputs:   3%|▎         | 1383/47868 [00:06<03:44, 207.06it/s]Tokenizing inputs:   3%|▎         | 1404/47868 [00:06<03:44, 207.34it/s]Tokenizing inputs:   3%|▎         | 1425/47868 [00:06<03:46, 205.05it/s]Tokenizing inputs:   3%|▎         | 1446/47868 [00:07<03:45, 205.86it/s]Tokenizing inputs:   3%|▎         | 1467/47868 [00:07<03:45, 205.67it/s]Tokenizing inputs:   3%|▎         | 1488/47868 [00:07<03:44, 206.32it/s]Tokenizing inputs:   3%|▎         | 1509/47868 [00:07<03:45, 205.87it/s]Tokenizing inputs:   3%|▎         | 1530/47868 [00:07<03:45, 205.94it/s]Tokenizing inputs:   3%|▎         | 1551/47868 [00:07<03:46, 204.54it/s]Tokenizing inputs:   3%|▎         | 1572/47868 [00:07<03:46, 204.56it/s]Tokenizing inputs:   3%|▎         | 1593/47868 [00:07<03:46, 204.56it/s]Tokenizing inputs:   3%|▎         | 1614/47868 [00:07<03:46, 203.94it/s]Tokenizing inputs:   3%|▎         | 1635/47868 [00:07<03:45, 204.83it/s]Tokenizing inputs:   3%|▎         | 1656/47868 [00:08<03:51, 200.01it/s]Tokenizing inputs:   4%|▎         | 1677/47868 [00:08<03:49, 201.55it/s]Tokenizing inputs:   4%|▎         | 1698/47868 [00:08<03:49, 201.12it/s]Tokenizing inputs:   4%|▎         | 1719/47868 [00:08<03:47, 202.92it/s]Tokenizing inputs:   4%|▎         | 1740/47868 [00:08<03:46, 203.39it/s]Tokenizing inputs:   4%|▎         | 1761/47868 [00:08<03:46, 203.50it/s]Tokenizing inputs:   4%|▎         | 1782/47868 [00:08<03:45, 204.25it/s]Tokenizing inputs:   4%|▍         | 1803/47868 [00:08<03:45, 204.36it/s]Tokenizing inputs:   4%|▍         | 1824/47868 [00:08<03:43, 205.72it/s]Tokenizing inputs:   4%|▍         | 1845/47868 [00:08<03:44, 204.81it/s]Tokenizing inputs:   4%|▍         | 1866/47868 [00:09<04:04, 188.42it/s]Tokenizing inputs:   4%|▍         | 1887/47868 [00:09<03:57, 193.35it/s]Tokenizing inputs:   4%|▍         | 1908/47868 [00:09<03:54, 196.37it/s]Tokenizing inputs:   4%|▍         | 1929/47868 [00:09<03:52, 197.57it/s]Tokenizing inputs:   4%|▍         | 1950/47868 [00:09<03:50, 199.34it/s]Tokenizing inputs:   4%|▍         | 1971/47868 [00:09<03:48, 200.90it/s]Tokenizing inputs:   4%|▍         | 1992/47868 [00:09<03:47, 201.59it/s]Tokenizing inputs:   4%|▍         | 2015/47868 [00:09<03:39, 208.54it/s]Tokenizing inputs:   4%|▍         | 2040/47868 [00:09<03:29, 219.21it/s]Tokenizing inputs:   4%|▍         | 2065/47868 [00:10<03:20, 228.22it/s]Tokenizing inputs:   4%|▍         | 2091/47868 [00:10<03:14, 235.18it/s]Tokenizing inputs:   4%|▍         | 2116/47868 [00:10<03:11, 238.86it/s]Tokenizing inputs:   4%|▍         | 2142/47868 [00:10<03:08, 242.55it/s]Tokenizing inputs:   5%|▍         | 2168/47868 [00:10<03:05, 246.26it/s]Tokenizing inputs:   5%|▍         | 2194/47868 [00:10<03:03, 249.01it/s]Tokenizing inputs:   5%|▍         | 2219/47868 [00:10<03:03, 248.28it/s]Tokenizing inputs:   5%|▍         | 2244/47868 [00:10<03:03, 248.03it/s]Tokenizing inputs:   5%|▍         | 2269/47868 [00:10<03:03, 247.89it/s]Tokenizing inputs:   5%|▍         | 2294/47868 [00:10<03:05, 245.27it/s]Tokenizing inputs:   5%|▍         | 2319/47868 [00:11<03:05, 245.56it/s]Tokenizing inputs:   5%|▍         | 2344/47868 [00:11<03:04, 246.85it/s]Tokenizing inputs:   5%|▍         | 2369/47868 [00:11<03:05, 244.85it/s]Tokenizing inputs:   5%|▌         | 2394/47868 [00:11<03:05, 244.53it/s]Tokenizing inputs:   5%|▌         | 2420/47868 [00:11<03:03, 247.53it/s]Tokenizing inputs:   5%|▌         | 2446/47868 [00:11<03:02, 249.13it/s]Tokenizing inputs:   5%|▌         | 2472/47868 [00:11<03:00, 251.41it/s]Tokenizing inputs:   5%|▌         | 2498/47868 [00:11<03:02, 249.11it/s]Tokenizing inputs:   5%|▌         | 2524/47868 [00:11<03:00, 250.56it/s]Tokenizing inputs:   5%|▌         | 2550/47868 [00:11<03:01, 249.10it/s]Tokenizing inputs:   5%|▌         | 2576/47868 [00:12<03:00, 250.80it/s]Tokenizing inputs:   5%|▌         | 2602/47868 [00:12<02:59, 252.17it/s]Tokenizing inputs:   5%|▌         | 2628/47868 [00:12<02:59, 252.12it/s]Tokenizing inputs:   6%|▌         | 2654/47868 [00:12<02:59, 252.38it/s]Tokenizing inputs:   6%|▌         | 2680/47868 [00:12<02:59, 251.35it/s]Tokenizing inputs:   6%|▌         | 2706/47868 [00:12<02:58, 252.97it/s]Tokenizing inputs:   6%|▌         | 2732/47868 [00:12<03:00, 249.88it/s]Tokenizing inputs:   6%|▌         | 2758/47868 [00:12<02:59, 251.82it/s]Tokenizing inputs:   6%|▌         | 2784/47868 [00:12<02:58, 252.80it/s]Tokenizing inputs:   6%|▌         | 2810/47868 [00:13<02:56, 254.82it/s]Tokenizing inputs:   6%|▌         | 2836/47868 [00:13<02:58, 251.99it/s]Tokenizing inputs:   6%|▌         | 2862/47868 [00:13<02:59, 250.53it/s]Tokenizing inputs:   6%|▌         | 2888/47868 [00:13<03:00, 248.95it/s]Tokenizing inputs:   6%|▌         | 2914/47868 [00:13<02:59, 250.39it/s]Tokenizing inputs:   6%|▌         | 2940/47868 [00:13<02:58, 252.34it/s]Tokenizing inputs:   6%|▌         | 2967/47868 [00:13<02:55, 255.49it/s]Tokenizing inputs:   6%|▋         | 2993/47868 [00:13<02:55, 255.63it/s]Tokenizing inputs:   6%|▋         | 3019/47868 [00:13<02:56, 253.88it/s]Tokenizing inputs:   6%|▋         | 3045/47868 [00:13<02:58, 251.50it/s]Tokenizing inputs:   6%|▋         | 3071/47868 [00:14<02:57, 251.72it/s]Tokenizing inputs:   6%|▋         | 3097/47868 [00:14<02:57, 252.79it/s]Tokenizing inputs:   7%|▋         | 3123/47868 [00:14<02:56, 253.42it/s]Tokenizing inputs:   7%|▋         | 3149/47868 [00:14<02:56, 253.94it/s]Tokenizing inputs:   7%|▋         | 3175/47868 [00:14<02:56, 253.61it/s]Tokenizing inputs:   7%|▋         | 3201/47868 [00:14<02:56, 252.79it/s]Tokenizing inputs:   7%|▋         | 3227/47868 [00:14<02:57, 251.40it/s]Tokenizing inputs:   7%|▋         | 3253/47868 [00:14<02:57, 250.97it/s]Tokenizing inputs:   7%|▋         | 3279/47868 [00:14<02:56, 252.77it/s]Tokenizing inputs:   7%|▋         | 3306/47868 [00:14<02:54, 255.65it/s]Tokenizing inputs:   7%|▋         | 3332/47868 [00:15<02:55, 254.23it/s]Tokenizing inputs:   7%|▋         | 3358/47868 [00:15<02:56, 252.71it/s]Tokenizing inputs:   7%|▋         | 3385/47868 [00:15<02:54, 254.94it/s]Tokenizing inputs:   7%|▋         | 3411/47868 [00:15<02:54, 254.21it/s]Tokenizing inputs:   7%|▋         | 3437/47868 [00:15<02:54, 255.11it/s]Tokenizing inputs:   7%|▋         | 3463/47868 [00:15<02:54, 254.63it/s]Tokenizing inputs:   7%|▋         | 3489/47868 [00:15<02:54, 254.43it/s]Tokenizing inputs:   7%|▋         | 3515/47868 [00:15<02:53, 255.34it/s]Tokenizing inputs:   7%|▋         | 3541/47868 [00:15<02:55, 253.26it/s]Tokenizing inputs:   7%|▋         | 3567/47868 [00:16<02:56, 250.76it/s]Tokenizing inputs:   8%|▊         | 3593/47868 [00:16<02:57, 249.34it/s]Tokenizing inputs:   8%|▊         | 3619/47868 [00:16<02:56, 250.06it/s]Tokenizing inputs:   8%|▊         | 3645/47868 [00:16<02:55, 251.64it/s]Tokenizing inputs:   8%|▊         | 3671/47868 [00:16<02:58, 247.53it/s]Tokenizing inputs:   8%|▊         | 3696/47868 [00:16<02:58, 247.65it/s]Tokenizing inputs:   8%|▊         | 3722/47868 [00:16<02:57, 249.04it/s]Tokenizing inputs:   8%|▊         | 3747/47868 [00:16<02:57, 248.91it/s]Tokenizing inputs:   8%|▊         | 3772/47868 [00:16<02:56, 249.17it/s]Tokenizing inputs:   8%|▊         | 3798/47868 [00:16<02:56, 250.01it/s]Tokenizing inputs:   8%|▊         | 3824/47868 [00:17<02:55, 251.47it/s]Tokenizing inputs:   8%|▊         | 3850/47868 [00:17<02:55, 250.44it/s]Tokenizing inputs:   8%|▊         | 3876/47868 [00:17<02:56, 249.04it/s]Tokenizing inputs:   8%|▊         | 3901/47868 [00:17<02:56, 249.07it/s]Tokenizing inputs:   8%|▊         | 3926/47868 [00:17<03:10, 231.20it/s]Tokenizing inputs:   8%|▊         | 3952/47868 [00:17<03:04, 237.51it/s]Tokenizing inputs:   8%|▊         | 3977/47868 [00:17<03:02, 241.04it/s]Tokenizing inputs:   8%|▊         | 4003/47868 [00:17<02:59, 244.70it/s]Tokenizing inputs:   8%|▊         | 4041/47868 [00:17<02:35, 282.10it/s]Tokenizing inputs:   9%|▊         | 4077/47868 [00:17<02:24, 303.24it/s]Tokenizing inputs:   9%|▊         | 4114/47868 [00:18<02:15, 322.19it/s]Tokenizing inputs:   9%|▊         | 4151/47868 [00:18<02:10, 335.55it/s]Tokenizing inputs:   9%|▊         | 4188/47868 [00:18<02:06, 345.54it/s]Tokenizing inputs:   9%|▉         | 4226/47868 [00:18<02:03, 353.30it/s]Tokenizing inputs:   9%|▉         | 4263/47868 [00:18<02:02, 356.22it/s]Tokenizing inputs:   9%|▉         | 4300/47868 [00:18<02:01, 359.32it/s]Tokenizing inputs:   9%|▉         | 4337/47868 [00:18<02:00, 361.42it/s]Tokenizing inputs:   9%|▉         | 4375/47868 [00:18<01:59, 364.47it/s]Tokenizing inputs:   9%|▉         | 4413/47868 [00:18<01:58, 367.34it/s]Tokenizing inputs:   9%|▉         | 4450/47868 [00:18<01:58, 367.26it/s]Tokenizing inputs:   9%|▉         | 4487/47868 [00:19<01:59, 363.72it/s]Tokenizing inputs:   9%|▉         | 4525/47868 [00:19<01:58, 367.06it/s]Tokenizing inputs:  10%|▉         | 4563/47868 [00:19<01:56, 370.21it/s]Tokenizing inputs:  10%|▉         | 4601/47868 [00:19<01:56, 369.88it/s]Tokenizing inputs:  10%|▉         | 4638/47868 [00:19<01:58, 365.82it/s]Tokenizing inputs:  10%|▉         | 4675/47868 [00:19<01:57, 366.69it/s]Tokenizing inputs:  10%|▉         | 4712/47868 [00:19<01:57, 367.33it/s]Tokenizing inputs:  10%|▉         | 4749/47868 [00:19<01:57, 367.25it/s]Tokenizing inputs:  10%|▉         | 4786/47868 [00:19<01:57, 366.33it/s]Tokenizing inputs:  10%|█         | 4823/47868 [00:20<01:57, 366.37it/s]Tokenizing inputs:  10%|█         | 4860/47868 [00:20<01:57, 365.32it/s]Tokenizing inputs:  10%|█         | 4898/47868 [00:20<01:56, 369.67it/s]Tokenizing inputs:  10%|█         | 4935/47868 [00:20<01:57, 366.49it/s]Tokenizing inputs:  10%|█         | 4972/47868 [00:20<01:57, 364.95it/s]Tokenizing inputs:  10%|█         | 5010/47868 [00:20<01:56, 366.87it/s]Tokenizing inputs:  11%|█         | 5047/47868 [00:20<01:56, 367.33it/s]Tokenizing inputs:  11%|█         | 5084/47868 [00:20<01:56, 366.98it/s]Tokenizing inputs:  11%|█         | 5121/47868 [00:20<01:57, 365.34it/s]Tokenizing inputs:  11%|█         | 5158/47868 [00:20<01:57, 362.55it/s]Tokenizing inputs:  11%|█         | 5195/47868 [00:21<01:58, 361.04it/s]Tokenizing inputs:  11%|█         | 5232/47868 [00:21<01:57, 361.98it/s]Tokenizing inputs:  11%|█         | 5269/47868 [00:21<01:58, 358.61it/s]Tokenizing inputs:  11%|█         | 5305/47868 [00:21<01:58, 358.12it/s]Tokenizing inputs:  11%|█         | 5342/47868 [00:21<01:57, 360.82it/s]Tokenizing inputs:  11%|█         | 5379/47868 [00:21<01:57, 361.46it/s]Tokenizing inputs:  11%|█▏        | 5416/47868 [00:21<01:57, 360.75it/s]Tokenizing inputs:  11%|█▏        | 5453/47868 [00:21<01:57, 362.39it/s]Tokenizing inputs:  11%|█▏        | 5490/47868 [00:21<01:56, 364.09it/s]Tokenizing inputs:  12%|█▏        | 5527/47868 [00:21<01:56, 364.89it/s]Tokenizing inputs:  12%|█▏        | 5564/47868 [00:22<01:55, 364.86it/s]Tokenizing inputs:  12%|█▏        | 5601/47868 [00:22<01:57, 359.32it/s]Tokenizing inputs:  12%|█▏        | 5637/47868 [00:22<01:57, 358.47it/s]Tokenizing inputs:  12%|█▏        | 5673/47868 [00:22<01:59, 354.22it/s]Tokenizing inputs:  12%|█▏        | 5710/47868 [00:22<01:57, 357.30it/s]Tokenizing inputs:  12%|█▏        | 5747/47868 [00:22<01:56, 360.80it/s]Tokenizing inputs:  12%|█▏        | 5784/47868 [00:22<01:56, 359.90it/s]Tokenizing inputs:  12%|█▏        | 5821/47868 [00:22<01:56, 360.14it/s]Tokenizing inputs:  12%|█▏        | 5858/47868 [00:22<01:56, 361.13it/s]Tokenizing inputs:  12%|█▏        | 5895/47868 [00:22<01:56, 359.11it/s]Tokenizing inputs:  12%|█▏        | 5931/47868 [00:23<01:57, 357.83it/s]Tokenizing inputs:  12%|█▏        | 5967/47868 [00:23<02:01, 344.68it/s]Tokenizing inputs:  13%|█▎        | 6002/47868 [00:23<02:01, 344.29it/s]Tokenizing inputs:  13%|█▎        | 6037/47868 [00:23<02:24, 289.07it/s]Tokenizing inputs:  13%|█▎        | 6068/47868 [00:23<02:38, 263.07it/s]Tokenizing inputs:  13%|█▎        | 6096/47868 [00:23<02:49, 246.66it/s]Tokenizing inputs:  13%|█▎        | 6122/47868 [00:23<02:58, 233.25it/s]Tokenizing inputs:  13%|█▎        | 6146/47868 [00:23<03:04, 225.99it/s]Tokenizing inputs:  13%|█▎        | 6169/47868 [00:24<03:08, 221.40it/s]Tokenizing inputs:  13%|█▎        | 6192/47868 [00:24<03:12, 216.18it/s]Tokenizing inputs:  13%|█▎        | 6214/47868 [00:24<03:15, 213.32it/s]Tokenizing inputs:  13%|█▎        | 6236/47868 [00:24<03:17, 210.71it/s]Tokenizing inputs:  13%|█▎        | 6258/47868 [00:24<03:18, 210.07it/s]Tokenizing inputs:  13%|█▎        | 6280/47868 [00:24<03:19, 208.29it/s]Tokenizing inputs:  13%|█▎        | 6301/47868 [00:24<03:22, 205.23it/s]Tokenizing inputs:  13%|█▎        | 6322/47868 [00:24<03:22, 204.80it/s]Tokenizing inputs:  13%|█▎        | 6343/47868 [00:24<03:23, 204.21it/s]Tokenizing inputs:  13%|█▎        | 6365/47868 [00:25<03:19, 208.37it/s]Tokenizing inputs:  13%|█▎        | 6387/47868 [00:25<03:16, 211.49it/s]Tokenizing inputs:  13%|█▎        | 6409/47868 [00:25<03:18, 209.27it/s]Tokenizing inputs:  13%|█▎        | 6430/47868 [00:25<03:19, 208.01it/s]Tokenizing inputs:  13%|█▎        | 6452/47868 [00:25<03:16, 211.26it/s]Tokenizing inputs:  14%|█▎        | 6474/47868 [00:25<03:15, 211.71it/s]Tokenizing inputs:  14%|█▎        | 6496/47868 [00:25<03:15, 211.12it/s]Tokenizing inputs:  14%|█▎        | 6518/47868 [00:25<03:17, 209.12it/s]Tokenizing inputs:  14%|█▎        | 6539/47868 [00:25<03:20, 206.37it/s]Tokenizing inputs:  14%|█▎        | 6561/47868 [00:25<03:16, 210.06it/s]Tokenizing inputs:  14%|█▍        | 6583/47868 [00:26<03:16, 210.49it/s]Tokenizing inputs:  14%|█▍        | 6605/47868 [00:26<03:14, 212.46it/s]Tokenizing inputs:  14%|█▍        | 6627/47868 [00:26<03:17, 209.28it/s]Tokenizing inputs:  14%|█▍        | 6649/47868 [00:26<03:16, 209.87it/s]Tokenizing inputs:  14%|█▍        | 6671/47868 [00:26<03:17, 208.88it/s]Tokenizing inputs:  14%|█▍        | 6692/47868 [00:26<03:17, 208.46it/s]Tokenizing inputs:  14%|█▍        | 6713/47868 [00:26<03:19, 206.16it/s]Tokenizing inputs:  14%|█▍        | 6734/47868 [00:26<03:19, 206.58it/s]Tokenizing inputs:  14%|█▍        | 6755/47868 [00:26<03:19, 206.11it/s]Tokenizing inputs:  14%|█▍        | 6776/47868 [00:27<03:19, 205.95it/s]Tokenizing inputs:  14%|█▍        | 6797/47868 [00:27<03:21, 203.36it/s]Tokenizing inputs:  14%|█▍        | 6818/47868 [00:27<03:20, 204.65it/s]Tokenizing inputs:  14%|█▍        | 6839/47868 [00:27<03:22, 202.64it/s]Tokenizing inputs:  14%|█▍        | 6860/47868 [00:27<03:21, 203.65it/s]Tokenizing inputs:  14%|█▍        | 6881/47868 [00:27<03:20, 204.19it/s]Tokenizing inputs:  14%|█▍        | 6903/47868 [00:27<03:16, 208.21it/s]Tokenizing inputs:  14%|█▍        | 6924/47868 [00:27<03:17, 207.55it/s]Tokenizing inputs:  15%|█▍        | 6945/47868 [00:27<03:17, 206.85it/s]Tokenizing inputs:  15%|█▍        | 6966/47868 [00:27<03:19, 205.03it/s]Tokenizing inputs:  15%|█▍        | 6987/47868 [00:28<03:19, 205.08it/s]Tokenizing inputs:  15%|█▍        | 7009/47868 [00:28<03:16, 207.53it/s]Tokenizing inputs:  15%|█▍        | 7031/47868 [00:28<03:14, 209.56it/s]Tokenizing inputs:  15%|█▍        | 7053/47868 [00:28<03:12, 212.38it/s]Tokenizing inputs:  15%|█▍        | 7075/47868 [00:28<03:11, 213.19it/s]Tokenizing inputs:  15%|█▍        | 7097/47868 [00:28<03:12, 212.07it/s]Tokenizing inputs:  15%|█▍        | 7119/47868 [00:28<03:14, 209.70it/s]Tokenizing inputs:  15%|█▍        | 7140/47868 [00:28<03:18, 205.49it/s]Tokenizing inputs:  15%|█▍        | 7161/47868 [00:28<03:18, 205.33it/s]Tokenizing inputs:  15%|█▌        | 7182/47868 [00:28<03:18, 204.92it/s]Tokenizing inputs:  15%|█▌        | 7204/47868 [00:29<03:16, 207.10it/s]Tokenizing inputs:  15%|█▌        | 7225/47868 [00:29<03:18, 204.44it/s]Tokenizing inputs:  15%|█▌        | 7246/47868 [00:29<03:17, 205.29it/s]Tokenizing inputs:  15%|█▌        | 7268/47868 [00:29<03:14, 209.15it/s]Tokenizing inputs:  15%|█▌        | 7289/47868 [00:29<03:14, 208.86it/s]Tokenizing inputs:  15%|█▌        | 7310/47868 [00:29<03:15, 207.50it/s]Tokenizing inputs:  15%|█▌        | 7331/47868 [00:29<03:15, 207.81it/s]Tokenizing inputs:  15%|█▌        | 7352/47868 [00:29<03:14, 208.05it/s]Tokenizing inputs:  15%|█▌        | 7373/47868 [00:29<03:14, 207.70it/s]Tokenizing inputs:  15%|█▌        | 7394/47868 [00:29<03:15, 207.48it/s]Tokenizing inputs:  15%|█▌        | 7415/47868 [00:30<03:14, 207.51it/s]Tokenizing inputs:  16%|█▌        | 7436/47868 [00:30<03:14, 207.67it/s]Tokenizing inputs:  16%|█▌        | 7459/47868 [00:30<03:10, 211.89it/s]Tokenizing inputs:  16%|█▌        | 7481/47868 [00:30<03:12, 210.10it/s]Tokenizing inputs:  16%|█▌        | 7503/47868 [00:30<03:13, 208.85it/s]Tokenizing inputs:  16%|█▌        | 7524/47868 [00:30<03:14, 207.23it/s]Tokenizing inputs:  16%|█▌        | 7546/47868 [00:30<03:13, 208.33it/s]Tokenizing inputs:  16%|█▌        | 7568/47868 [00:30<03:11, 210.28it/s]Tokenizing inputs:  16%|█▌        | 7590/47868 [00:30<03:11, 210.19it/s]Tokenizing inputs:  16%|█▌        | 7612/47868 [00:31<03:12, 209.54it/s]Tokenizing inputs:  16%|█▌        | 7634/47868 [00:31<03:10, 210.82it/s]Tokenizing inputs:  16%|█▌        | 7656/47868 [00:31<03:11, 210.51it/s]Tokenizing inputs:  16%|█▌        | 7678/47868 [00:31<03:11, 210.18it/s]Tokenizing inputs:  16%|█▌        | 7700/47868 [00:31<03:10, 210.48it/s]Tokenizing inputs:  16%|█▌        | 7722/47868 [00:31<03:11, 209.72it/s]Tokenizing inputs:  16%|█▌        | 7743/47868 [00:31<03:12, 208.10it/s]Tokenizing inputs:  16%|█▌        | 7765/47868 [00:31<03:11, 209.95it/s]Tokenizing inputs:  16%|█▋        | 7787/47868 [00:31<03:09, 212.06it/s]Tokenizing inputs:  16%|█▋        | 7809/47868 [00:31<03:07, 213.82it/s]Tokenizing inputs:  16%|█▋        | 7831/47868 [00:32<03:11, 209.62it/s]Tokenizing inputs:  16%|█▋        | 7853/47868 [00:32<03:08, 211.94it/s]Tokenizing inputs:  16%|█▋        | 7875/47868 [00:32<03:10, 209.89it/s]Tokenizing inputs:  16%|█▋        | 7897/47868 [00:32<03:13, 206.90it/s]Tokenizing inputs:  17%|█▋        | 7919/47868 [00:32<03:10, 209.17it/s]Tokenizing inputs:  17%|█▋        | 7940/47868 [00:32<03:12, 207.43it/s]Tokenizing inputs:  17%|█▋        | 7961/47868 [00:32<03:12, 207.55it/s]Tokenizing inputs:  17%|█▋        | 7982/47868 [00:32<03:12, 206.92it/s]Tokenizing inputs:  17%|█▋        | 8003/47868 [00:32<03:25, 194.39it/s]Tokenizing inputs:  17%|█▋        | 8037/47868 [00:33<02:49, 235.36it/s]Tokenizing inputs:  17%|█▋        | 8072/47868 [00:33<02:28, 267.21it/s]Tokenizing inputs:  17%|█▋        | 8107/47868 [00:33<02:17, 289.11it/s]Tokenizing inputs:  17%|█▋        | 8142/47868 [00:33<02:09, 306.03it/s]Tokenizing inputs:  17%|█▋        | 8177/47868 [00:33<02:04, 318.01it/s]Tokenizing inputs:  17%|█▋        | 8213/47868 [00:33<02:00, 329.14it/s]Tokenizing inputs:  17%|█▋        | 8247/47868 [00:33<01:59, 331.90it/s]Tokenizing inputs:  17%|█▋        | 8281/47868 [00:33<01:59, 332.33it/s]Tokenizing inputs:  17%|█▋        | 8315/47868 [00:33<01:58, 334.03it/s]Tokenizing inputs:  17%|█▋        | 8350/47868 [00:33<01:57, 336.61it/s]Tokenizing inputs:  18%|█▊        | 8384/47868 [00:34<01:57, 335.28it/s]Tokenizing inputs:  18%|█▊        | 8420/47868 [00:34<01:56, 340.00it/s]Tokenizing inputs:  18%|█▊        | 8455/47868 [00:34<01:54, 342.73it/s]Tokenizing inputs:  18%|█▊        | 8490/47868 [00:34<01:55, 342.34it/s]Tokenizing inputs:  18%|█▊        | 8525/47868 [00:34<01:54, 342.94it/s]Tokenizing inputs:  18%|█▊        | 8560/47868 [00:34<01:54, 344.45it/s]Tokenizing inputs:  18%|█▊        | 8596/47868 [00:34<01:53, 346.95it/s]Tokenizing inputs:  18%|█▊        | 8632/47868 [00:34<01:52, 348.80it/s]Tokenizing inputs:  18%|█▊        | 8667/47868 [00:34<01:53, 345.87it/s]Tokenizing inputs:  18%|█▊        | 8703/47868 [00:34<01:52, 347.63it/s]Tokenizing inputs:  18%|█▊        | 8738/47868 [00:35<01:53, 345.92it/s]Tokenizing inputs:  18%|█▊        | 8773/47868 [00:35<01:53, 344.83it/s]Tokenizing inputs:  18%|█▊        | 8808/47868 [00:35<01:52, 345.92it/s]Tokenizing inputs:  18%|█▊        | 8843/47868 [00:35<01:53, 344.33it/s]Tokenizing inputs:  19%|█▊        | 8878/47868 [00:35<01:54, 341.34it/s]Tokenizing inputs:  19%|█▊        | 8913/47868 [00:35<01:53, 342.07it/s]Tokenizing inputs:  19%|█▊        | 8948/47868 [00:35<01:53, 341.86it/s]Tokenizing inputs:  19%|█▉        | 8983/47868 [00:35<01:53, 343.60it/s]Tokenizing inputs:  19%|█▉        | 9018/47868 [00:35<01:53, 342.09it/s]Tokenizing inputs:  19%|█▉        | 9053/47868 [00:35<01:53, 340.62it/s]Tokenizing inputs:  19%|█▉        | 9088/47868 [00:36<01:54, 339.46it/s]Tokenizing inputs:  19%|█▉        | 9123/47868 [00:36<01:53, 341.09it/s]Tokenizing inputs:  19%|█▉        | 9158/47868 [00:36<01:53, 341.06it/s]Tokenizing inputs:  19%|█▉        | 9193/47868 [00:36<01:54, 338.17it/s]Tokenizing inputs:  19%|█▉        | 9228/47868 [00:36<01:53, 339.15it/s]Tokenizing inputs:  19%|█▉        | 9262/47868 [00:36<01:54, 338.44it/s]Tokenizing inputs:  19%|█▉        | 9298/47868 [00:36<01:52, 343.41it/s]Tokenizing inputs:  19%|█▉        | 9333/47868 [00:36<01:52, 342.48it/s]Tokenizing inputs:  20%|█▉        | 9368/47868 [00:36<01:53, 338.94it/s]Tokenizing inputs:  20%|█▉        | 9403/47868 [00:37<01:52, 340.86it/s]Tokenizing inputs:  20%|█▉        | 9438/47868 [00:37<01:52, 342.34it/s]Tokenizing inputs:  20%|█▉        | 9473/47868 [00:37<01:52, 342.57it/s]Tokenizing inputs:  20%|█▉        | 9508/47868 [00:37<01:52, 341.85it/s]Tokenizing inputs:  20%|█▉        | 9543/47868 [00:37<01:53, 337.79it/s]Tokenizing inputs:  20%|██        | 9577/47868 [00:37<01:53, 336.77it/s]Tokenizing inputs:  20%|██        | 9611/47868 [00:37<01:54, 335.55it/s]Tokenizing inputs:  20%|██        | 9645/47868 [00:37<01:53, 336.82it/s]Tokenizing inputs:  20%|██        | 9679/47868 [00:37<01:54, 333.95it/s]Tokenizing inputs:  20%|██        | 9713/47868 [00:37<01:55, 331.68it/s]Tokenizing inputs:  20%|██        | 9748/47868 [00:38<01:54, 334.28it/s]Tokenizing inputs:  20%|██        | 9782/47868 [00:38<01:53, 334.65it/s]Tokenizing inputs:  21%|██        | 9816/47868 [00:38<01:53, 334.94it/s]Tokenizing inputs:  21%|██        | 9850/47868 [00:38<01:53, 336.07it/s]Tokenizing inputs:  21%|██        | 9884/47868 [00:38<01:54, 332.26it/s]Tokenizing inputs:  21%|██        | 9918/47868 [00:38<01:55, 329.44it/s]Tokenizing inputs:  21%|██        | 9952/47868 [00:38<01:54, 330.61it/s]Tokenizing inputs:  21%|██        | 9986/47868 [00:38<01:55, 328.41it/s]Tokenizing inputs:  21%|██        | 10019/47868 [00:38<01:59, 316.63it/s]Tokenizing inputs:  21%|██        | 10051/47868 [00:39<02:08, 295.45it/s]Tokenizing inputs:  21%|██        | 10081/47868 [00:39<02:09, 291.51it/s]Tokenizing inputs:  21%|██        | 10111/47868 [00:39<02:10, 288.59it/s]Tokenizing inputs:  21%|██        | 10140/47868 [00:39<02:11, 287.53it/s]Tokenizing inputs:  21%|██        | 10169/47868 [00:39<02:11, 287.53it/s]Tokenizing inputs:  21%|██▏       | 10198/47868 [00:39<02:11, 287.42it/s]Tokenizing inputs:  21%|██▏       | 10227/47868 [00:39<02:11, 285.63it/s]Tokenizing inputs:  21%|██▏       | 10256/47868 [00:39<02:12, 284.75it/s]Tokenizing inputs:  21%|██▏       | 10285/47868 [00:39<02:14, 279.85it/s]Tokenizing inputs:  22%|██▏       | 10314/47868 [00:39<02:14, 279.78it/s]Tokenizing inputs:  22%|██▏       | 10342/47868 [00:40<02:14, 279.54it/s]Tokenizing inputs:  22%|██▏       | 10370/47868 [00:40<02:15, 276.04it/s]Tokenizing inputs:  22%|██▏       | 10399/47868 [00:40<02:14, 278.14it/s]Tokenizing inputs:  22%|██▏       | 10428/47868 [00:40<02:13, 280.85it/s]Tokenizing inputs:  22%|██▏       | 10457/47868 [00:40<02:12, 282.89it/s]Tokenizing inputs:  22%|██▏       | 10486/47868 [00:40<02:12, 282.86it/s]Tokenizing inputs:  22%|██▏       | 10515/47868 [00:40<02:11, 283.43it/s]Tokenizing inputs:  22%|██▏       | 10544/47868 [00:40<02:11, 283.26it/s]Tokenizing inputs:  22%|██▏       | 10573/47868 [00:40<02:11, 284.47it/s]Tokenizing inputs:  22%|██▏       | 10602/47868 [00:40<02:10, 285.79it/s]Tokenizing inputs:  22%|██▏       | 10631/47868 [00:41<02:10, 286.33it/s]Tokenizing inputs:  22%|██▏       | 10660/47868 [00:41<02:10, 285.82it/s]Tokenizing inputs:  22%|██▏       | 10689/47868 [00:41<02:10, 284.23it/s]Tokenizing inputs:  22%|██▏       | 10718/47868 [00:41<02:10, 283.67it/s]Tokenizing inputs:  22%|██▏       | 10747/47868 [00:41<02:11, 283.27it/s]Tokenizing inputs:  23%|██▎       | 10776/47868 [00:41<02:10, 284.02it/s]Tokenizing inputs:  23%|██▎       | 10806/47868 [00:41<02:09, 286.23it/s]Tokenizing inputs:  23%|██▎       | 10835/47868 [00:41<02:09, 286.59it/s]Tokenizing inputs:  23%|██▎       | 10864/47868 [00:41<02:09, 285.03it/s]Tokenizing inputs:  23%|██▎       | 10893/47868 [00:41<02:10, 283.08it/s]Tokenizing inputs:  23%|██▎       | 10922/47868 [00:42<02:09, 284.28it/s]Tokenizing inputs:  23%|██▎       | 10952/47868 [00:42<02:08, 286.17it/s]Tokenizing inputs:  23%|██▎       | 10981/47868 [00:42<02:08, 286.67it/s]Tokenizing inputs:  23%|██▎       | 11010/47868 [00:42<02:08, 286.29it/s]Tokenizing inputs:  23%|██▎       | 11039/47868 [00:42<02:10, 282.74it/s]Tokenizing inputs:  23%|██▎       | 11068/47868 [00:42<02:10, 282.16it/s]Tokenizing inputs:  23%|██▎       | 11097/47868 [00:42<02:10, 281.92it/s]Tokenizing inputs:  23%|██▎       | 11126/47868 [00:42<02:10, 282.56it/s]Tokenizing inputs:  23%|██▎       | 11155/47868 [00:42<02:09, 282.94it/s]Tokenizing inputs:  23%|██▎       | 11184/47868 [00:43<02:09, 282.71it/s]Tokenizing inputs:  23%|██▎       | 11213/47868 [00:43<02:09, 283.40it/s]Tokenizing inputs:  23%|██▎       | 11242/47868 [00:43<02:11, 279.24it/s]Tokenizing inputs:  24%|██▎       | 11270/47868 [00:43<02:10, 279.43it/s]Tokenizing inputs:  24%|██▎       | 11300/47868 [00:43<02:09, 283.35it/s]Tokenizing inputs:  24%|██▎       | 11329/47868 [00:43<02:09, 282.47it/s]Tokenizing inputs:  24%|██▎       | 11358/47868 [00:43<02:10, 279.95it/s]Tokenizing inputs:  24%|██▍       | 11387/47868 [00:43<02:10, 280.24it/s]Tokenizing inputs:  24%|██▍       | 11416/47868 [00:43<02:09, 281.55it/s]Tokenizing inputs:  24%|██▍       | 11445/47868 [00:43<02:09, 282.22it/s]Tokenizing inputs:  24%|██▍       | 11475/47868 [00:44<02:07, 285.12it/s]Tokenizing inputs:  24%|██▍       | 11505/47868 [00:44<02:06, 286.78it/s]Tokenizing inputs:  24%|██▍       | 11534/47868 [00:44<02:06, 287.39it/s]Tokenizing inputs:  24%|██▍       | 11563/47868 [00:44<02:06, 286.71it/s]Tokenizing inputs:  24%|██▍       | 11592/47868 [00:44<02:06, 286.68it/s]Tokenizing inputs:  24%|██▍       | 11622/47868 [00:44<02:05, 287.81it/s]Tokenizing inputs:  24%|██▍       | 11652/47868 [00:44<02:05, 289.46it/s]Tokenizing inputs:  24%|██▍       | 11681/47868 [00:44<02:05, 288.24it/s]Tokenizing inputs:  24%|██▍       | 11710/47868 [00:44<02:05, 288.51it/s]Tokenizing inputs:  25%|██▍       | 11739/47868 [00:44<02:05, 288.61it/s]Tokenizing inputs:  25%|██▍       | 11769/47868 [00:45<02:04, 289.47it/s]Tokenizing inputs:  25%|██▍       | 11798/47868 [00:45<02:04, 289.58it/s]Tokenizing inputs:  25%|██▍       | 11828/47868 [00:45<02:03, 291.46it/s]Tokenizing inputs:  25%|██▍       | 11858/47868 [00:45<02:04, 290.30it/s]Tokenizing inputs:  25%|██▍       | 11888/47868 [00:45<02:04, 289.29it/s]Tokenizing inputs:  25%|██▍       | 11917/47868 [00:45<02:05, 285.92it/s]Tokenizing inputs:  25%|██▍       | 11947/47868 [00:45<02:04, 287.38it/s]Tokenizing inputs:  25%|██▌       | 11976/47868 [00:45<02:05, 286.85it/s]Tokenizing inputs:  25%|██▌       | 12005/47868 [00:45<02:05, 285.19it/s]Tokenizing inputs:  25%|██▌       | 12034/47868 [00:45<02:08, 279.03it/s]Tokenizing inputs:  25%|██▌       | 12062/47868 [00:46<02:10, 274.09it/s]Tokenizing inputs:  25%|██▌       | 12090/47868 [00:46<02:18, 258.65it/s]Tokenizing inputs:  25%|██▌       | 12117/47868 [00:46<02:17, 259.83it/s]Tokenizing inputs:  25%|██▌       | 12144/47868 [00:46<02:16, 261.63it/s]Tokenizing inputs:  25%|██▌       | 12171/47868 [00:46<02:15, 263.86it/s]Tokenizing inputs:  25%|██▌       | 12199/47868 [00:46<02:13, 266.42it/s]Tokenizing inputs:  26%|██▌       | 12227/47868 [00:46<02:12, 268.09it/s]Tokenizing inputs:  26%|██▌       | 12254/47868 [00:46<02:12, 267.78it/s]Tokenizing inputs:  26%|██▌       | 12281/47868 [00:46<02:12, 268.08it/s]Tokenizing inputs:  26%|██▌       | 12308/47868 [00:47<02:13, 267.00it/s]Tokenizing inputs:  26%|██▌       | 12335/47868 [00:47<02:13, 266.83it/s]Tokenizing inputs:  26%|██▌       | 12362/47868 [00:47<02:13, 265.39it/s]Tokenizing inputs:  26%|██▌       | 12389/47868 [00:47<02:14, 264.18it/s]Tokenizing inputs:  26%|██▌       | 12416/47868 [00:47<02:14, 262.89it/s]Tokenizing inputs:  26%|██▌       | 12443/47868 [00:47<02:14, 262.42it/s]Tokenizing inputs:  26%|██▌       | 12470/47868 [00:47<02:14, 263.57it/s]Tokenizing inputs:  26%|██▌       | 12497/47868 [00:47<02:14, 263.41it/s]Tokenizing inputs:  26%|██▌       | 12524/47868 [00:47<02:14, 262.68it/s]Tokenizing inputs:  26%|██▌       | 12551/47868 [00:47<02:14, 262.79it/s]Tokenizing inputs:  26%|██▋       | 12578/47868 [00:48<02:13, 263.59it/s]Tokenizing inputs:  26%|██▋       | 12605/47868 [00:48<02:13, 264.51it/s]Tokenizing inputs:  26%|██▋       | 12632/47868 [00:48<02:13, 264.74it/s]Tokenizing inputs:  26%|██▋       | 12659/47868 [00:48<02:12, 265.45it/s]Tokenizing inputs:  27%|██▋       | 12687/47868 [00:48<02:11, 267.09it/s]Tokenizing inputs:  27%|██▋       | 12714/47868 [00:48<02:12, 264.94it/s]Tokenizing inputs:  27%|██▋       | 12741/47868 [00:48<02:12, 264.43it/s]Tokenizing inputs:  27%|██▋       | 12768/47868 [00:48<02:14, 261.60it/s]Tokenizing inputs:  27%|██▋       | 12795/47868 [00:48<02:13, 263.62it/s]Tokenizing inputs:  27%|██▋       | 12822/47868 [00:48<02:12, 263.85it/s]Tokenizing inputs:  27%|██▋       | 12849/47868 [00:49<02:14, 260.82it/s]Tokenizing inputs:  27%|██▋       | 12876/47868 [00:49<02:13, 262.78it/s]Tokenizing inputs:  27%|██▋       | 12903/47868 [00:49<02:15, 258.87it/s]Tokenizing inputs:  27%|██▋       | 12929/47868 [00:49<02:15, 257.61it/s]Tokenizing inputs:  27%|██▋       | 12956/47868 [00:49<02:14, 259.12it/s]Tokenizing inputs:  27%|██▋       | 12983/47868 [00:49<02:13, 261.17it/s]Tokenizing inputs:  27%|██▋       | 13010/47868 [00:49<02:14, 259.62it/s]Tokenizing inputs:  27%|██▋       | 13037/47868 [00:49<02:12, 262.31it/s]Tokenizing inputs:  27%|██▋       | 13065/47868 [00:49<02:11, 265.27it/s]Tokenizing inputs:  27%|██▋       | 13092/47868 [00:50<02:10, 266.41it/s]Tokenizing inputs:  27%|██▋       | 13119/47868 [00:50<02:11, 264.18it/s]Tokenizing inputs:  27%|██▋       | 13146/47868 [00:50<02:10, 265.53it/s]Tokenizing inputs:  28%|██▊       | 13174/47868 [00:50<02:09, 267.21it/s]Tokenizing inputs:  28%|██▊       | 13202/47868 [00:50<02:09, 268.31it/s]Tokenizing inputs:  28%|██▊       | 13230/47868 [00:50<02:08, 269.40it/s]Tokenizing inputs:  28%|██▊       | 13257/47868 [00:50<02:09, 267.63it/s]Tokenizing inputs:  28%|██▊       | 13284/47868 [00:50<02:11, 262.80it/s]Tokenizing inputs:  28%|██▊       | 13311/47868 [00:50<02:11, 263.36it/s]Tokenizing inputs:  28%|██▊       | 13339/47868 [00:50<02:09, 265.76it/s]Tokenizing inputs:  28%|██▊       | 13366/47868 [00:51<02:10, 264.89it/s]Tokenizing inputs:  28%|██▊       | 13394/47868 [00:51<02:09, 266.90it/s]Tokenizing inputs:  28%|██▊       | 13422/47868 [00:51<02:08, 268.46it/s]Tokenizing inputs:  28%|██▊       | 13449/47868 [00:51<02:08, 268.02it/s]Tokenizing inputs:  28%|██▊       | 13477/47868 [00:51<02:07, 268.81it/s]Tokenizing inputs:  28%|██▊       | 13504/47868 [00:51<02:08, 267.48it/s]Tokenizing inputs:  28%|██▊       | 13531/47868 [00:51<02:08, 267.48it/s]Tokenizing inputs:  28%|██▊       | 13559/47868 [00:51<02:07, 268.69it/s]Tokenizing inputs:  28%|██▊       | 13587/47868 [00:51<02:06, 270.14it/s]Tokenizing inputs:  28%|██▊       | 13615/47868 [00:51<02:06, 269.75it/s]Tokenizing inputs:  29%|██▊       | 13643/47868 [00:52<02:06, 270.07it/s]Tokenizing inputs:  29%|██▊       | 13671/47868 [00:52<02:08, 266.55it/s]Tokenizing inputs:  29%|██▊       | 13698/47868 [00:52<02:07, 267.28it/s]Tokenizing inputs:  29%|██▊       | 13725/47868 [00:52<02:07, 267.49it/s]Tokenizing inputs:  29%|██▊       | 13753/47868 [00:52<02:07, 268.32it/s]Tokenizing inputs:  29%|██▉       | 13780/47868 [00:52<02:07, 266.74it/s]Tokenizing inputs:  29%|██▉       | 13807/47868 [00:52<02:07, 266.84it/s]Tokenizing inputs:  29%|██▉       | 13834/47868 [00:52<02:07, 267.36it/s]Tokenizing inputs:  29%|██▉       | 13861/47868 [00:52<02:07, 266.35it/s]Tokenizing inputs:  29%|██▉       | 13888/47868 [00:52<02:07, 265.61it/s]Tokenizing inputs:  29%|██▉       | 13916/47868 [00:53<02:06, 268.10it/s]Tokenizing inputs:  29%|██▉       | 13944/47868 [00:53<02:06, 268.81it/s]Tokenizing inputs:  29%|██▉       | 13971/47868 [00:53<02:06, 267.54it/s]Tokenizing inputs:  29%|██▉       | 13998/47868 [00:53<02:06, 268.25it/s]Tokenizing inputs:  29%|██▉       | 14080/47868 [00:53<01:18, 430.34it/s]Tokenizing inputs:  30%|██▉       | 14152/47868 [00:53<01:05, 515.69it/s]Tokenizing inputs:  30%|██▉       | 14251/47868 [00:53<00:51, 655.93it/s]Tokenizing inputs:  30%|███       | 14361/47868 [00:53<00:42, 787.86it/s]Tokenizing inputs:  30%|███       | 14452/47868 [00:53<00:40, 823.06it/s]Tokenizing inputs:  30%|███       | 14536/47868 [00:53<00:40, 826.53it/s]Tokenizing inputs:  31%|███       | 14619/47868 [00:54<00:40, 811.65it/s]Tokenizing inputs:  31%|███       | 14701/47868 [00:54<00:42, 787.41it/s]Tokenizing inputs:  31%|███       | 14780/47868 [00:54<00:45, 723.43it/s]Tokenizing inputs:  31%|███       | 14854/47868 [00:54<00:57, 576.20it/s]Tokenizing inputs:  31%|███       | 14917/47868 [00:54<01:04, 510.92it/s]Tokenizing inputs:  31%|███▏      | 14973/47868 [00:54<01:03, 514.88it/s]Tokenizing inputs:  31%|███▏      | 15034/47868 [00:54<01:01, 537.64it/s]Tokenizing inputs:  32%|███▏      | 15091/47868 [00:55<01:00, 544.10it/s]Tokenizing inputs:  32%|███▏      | 15170/47868 [00:55<00:53, 609.75it/s]Tokenizing inputs:  32%|███▏      | 15234/47868 [00:55<00:54, 602.61it/s]Tokenizing inputs:  32%|███▏      | 15296/47868 [00:55<00:59, 546.91it/s]Tokenizing inputs:  32%|███▏      | 15353/47868 [00:55<01:00, 540.44it/s]Tokenizing inputs:  32%|███▏      | 15409/47868 [00:55<01:02, 521.13it/s]Tokenizing inputs:  32%|███▏      | 15487/47868 [00:55<00:54, 590.15it/s]Tokenizing inputs:  32%|███▏      | 15548/47868 [00:55<01:01, 522.99it/s]Tokenizing inputs:  33%|███▎      | 15615/47868 [00:55<00:57, 560.73it/s]Tokenizing inputs:  33%|███▎      | 15705/47868 [00:56<00:49, 650.44it/s]Tokenizing inputs:  33%|███▎      | 15773/47868 [00:56<00:51, 625.54it/s]Tokenizing inputs:  33%|███▎      | 15838/47868 [00:56<00:50, 629.98it/s]Tokenizing inputs:  33%|███▎      | 15961/47868 [00:56<00:40, 797.05it/s]Tokenizing inputs:  34%|███▎      | 16087/47868 [00:56<00:34, 927.66it/s]Tokenizing inputs:  34%|███▍      | 16182/47868 [00:56<00:34, 929.54it/s]Tokenizing inputs:  34%|███▍      | 16277/47868 [00:56<00:43, 719.08it/s]Tokenizing inputs:  34%|███▍      | 16358/47868 [00:56<00:51, 609.31it/s]Tokenizing inputs:  34%|███▍      | 16427/47868 [00:57<00:56, 553.45it/s]Tokenizing inputs:  34%|███▍      | 16489/47868 [00:57<01:09, 452.02it/s]Tokenizing inputs:  35%|███▍      | 16541/47868 [00:57<01:11, 436.73it/s]Tokenizing inputs:  35%|███▍      | 16598/47868 [00:57<01:07, 464.35it/s]Tokenizing inputs:  35%|███▍      | 16655/47868 [00:57<01:04, 486.38it/s]Tokenizing inputs:  35%|███▍      | 16719/47868 [00:57<00:59, 522.02it/s]Tokenizing inputs:  35%|███▌      | 16775/47868 [00:57<00:59, 518.78it/s]Tokenizing inputs:  35%|███▌      | 16830/47868 [00:57<01:00, 511.62it/s]Tokenizing inputs:  35%|███▌      | 16883/47868 [00:58<01:01, 505.36it/s]Tokenizing inputs:  35%|███▌      | 16935/47868 [00:58<01:17, 396.82it/s]Tokenizing inputs:  35%|███▌      | 16979/47868 [00:58<01:39, 309.85it/s]Tokenizing inputs:  36%|███▌      | 17016/47868 [00:58<02:11, 234.23it/s]Tokenizing inputs:  36%|███▌      | 17046/47868 [00:58<02:05, 245.53it/s]Tokenizing inputs:  36%|███▌      | 17101/47868 [00:59<01:40, 305.62it/s]Tokenizing inputs:  36%|███▌      | 17160/47868 [00:59<01:23, 367.59it/s]Tokenizing inputs:  36%|███▌      | 17208/47868 [00:59<01:18, 389.59it/s]Tokenizing inputs:  36%|███▌      | 17253/47868 [00:59<01:51, 273.99it/s]Tokenizing inputs:  36%|███▌      | 17289/47868 [00:59<02:12, 230.61it/s]Tokenizing inputs:  36%|███▌      | 17319/47868 [00:59<02:27, 207.43it/s]Tokenizing inputs:  36%|███▌      | 17345/47868 [01:00<02:34, 196.93it/s]Tokenizing inputs:  36%|███▋      | 17421/47868 [01:00<01:40, 304.10it/s]Tokenizing inputs:  37%|███▋      | 17484/47868 [01:00<01:21, 373.78it/s]Tokenizing inputs:  37%|███▋      | 17569/47868 [01:00<01:02, 484.10it/s]Tokenizing inputs:  37%|███▋      | 17640/47868 [01:00<00:56, 539.41it/s]Tokenizing inputs:  37%|███▋      | 17702/47868 [01:00<00:56, 531.81it/s]Tokenizing inputs:  37%|███▋      | 17761/47868 [01:00<00:55, 540.17it/s]Tokenizing inputs:  37%|███▋      | 17819/47868 [01:00<00:55, 543.26it/s]Tokenizing inputs:  37%|███▋      | 17903/47868 [01:00<00:48, 624.00it/s]Tokenizing inputs:  38%|███▊      | 17968/47868 [01:01<00:51, 576.46it/s]Tokenizing inputs:  38%|███▊      | 18056/47868 [01:01<00:45, 658.12it/s]Tokenizing inputs:  38%|███▊      | 18140/47868 [01:01<00:41, 708.26it/s]Tokenizing inputs:  38%|███▊      | 18214/47868 [01:01<00:44, 672.61it/s]Tokenizing inputs:  38%|███▊      | 18326/47868 [01:01<00:37, 795.84it/s]Tokenizing inputs:  39%|███▊      | 18454/47868 [01:01<00:31, 930.59it/s]Tokenizing inputs:  39%|███▉      | 18572/47868 [01:01<00:29, 1002.01it/s]Tokenizing inputs:  39%|███▉      | 18675/47868 [01:01<00:36, 798.37it/s] Tokenizing inputs:  39%|███▉      | 18763/47868 [01:02<00:43, 666.14it/s]Tokenizing inputs:  39%|███▉      | 18839/47868 [01:02<00:48, 600.53it/s]Tokenizing inputs:  39%|███▉      | 18906/47868 [01:02<01:00, 481.68it/s]Tokenizing inputs:  40%|███▉      | 18970/47868 [01:02<00:56, 512.43it/s]Tokenizing inputs:  40%|███▉      | 19031/47868 [01:02<00:54, 533.48it/s]Tokenizing inputs:  40%|███▉      | 19105/47868 [01:02<00:49, 582.39it/s]Tokenizing inputs:  40%|████      | 19169/47868 [01:02<00:48, 592.96it/s]Tokenizing inputs:  40%|████      | 19233/47868 [01:02<00:49, 579.42it/s]Tokenizing inputs:  40%|████      | 19294/47868 [01:03<00:53, 536.89it/s]Tokenizing inputs:  40%|████      | 19350/47868 [01:03<00:59, 481.13it/s]Tokenizing inputs:  41%|████      | 19401/47868 [01:03<01:37, 292.90it/s]Tokenizing inputs:  41%|████      | 19441/47868 [01:03<01:41, 278.90it/s]Tokenizing inputs:  41%|████      | 19501/47868 [01:03<01:24, 337.20it/s]Tokenizing inputs:  41%|████      | 19560/47868 [01:04<01:12, 389.02it/s]Tokenizing inputs:  41%|████      | 19609/47868 [01:04<01:08, 410.73it/s]Tokenizing inputs:  41%|████      | 19657/47868 [01:04<01:37, 288.83it/s]Tokenizing inputs:  41%|████      | 19696/47868 [01:04<01:56, 241.93it/s]Tokenizing inputs:  41%|████      | 19728/47868 [01:04<02:09, 216.98it/s]Tokenizing inputs:  41%|████▏     | 19755/47868 [01:04<02:04, 226.24it/s]Tokenizing inputs:  41%|████▏     | 19827/47868 [01:05<01:26, 324.96it/s]Tokenizing inputs:  42%|████▏     | 19891/47868 [01:05<01:10, 394.54it/s]Tokenizing inputs:  42%|████▏     | 19976/47868 [01:05<00:55, 503.39it/s]Tokenizing inputs:  42%|████▏     | 20047/47868 [01:05<00:50, 556.07it/s]Tokenizing inputs:  42%|████▏     | 20110/47868 [01:05<00:51, 538.37it/s]Tokenizing inputs:  42%|████▏     | 20169/47868 [01:05<00:51, 540.30it/s]Tokenizing inputs:  42%|████▏     | 20227/47868 [01:05<00:51, 539.31it/s]Tokenizing inputs:  42%|████▏     | 20307/47868 [01:05<00:45, 606.06it/s]Tokenizing inputs:  43%|████▎     | 20370/47868 [01:05<00:48, 565.07it/s]Tokenizing inputs:  43%|████▎     | 20456/47868 [01:06<00:42, 643.01it/s]Tokenizing inputs:  43%|████▎     | 20541/47868 [01:06<00:39, 698.81it/s]Tokenizing inputs:  43%|████▎     | 20613/47868 [01:06<00:39, 690.64it/s]Tokenizing inputs:  43%|████▎     | 20726/47868 [01:06<00:33, 814.97it/s]Tokenizing inputs:  44%|████▎     | 20855/47868 [01:06<00:28, 950.19it/s]Tokenizing inputs:  44%|████▍     | 20975/47868 [01:06<00:26, 1017.25it/s]Tokenizing inputs:  44%|████▍     | 21078/47868 [01:06<00:33, 796.61it/s] Tokenizing inputs:  44%|████▍     | 21166/47868 [01:06<00:39, 675.03it/s]Tokenizing inputs:  44%|████▍     | 21242/47868 [01:07<00:43, 611.96it/s]Tokenizing inputs:  45%|████▍     | 21310/47868 [01:07<00:55, 481.08it/s]Tokenizing inputs:  45%|████▍     | 21380/47868 [01:07<00:50, 523.30it/s]Tokenizing inputs:  45%|████▍     | 21441/47868 [01:07<00:48, 542.16it/s]Tokenizing inputs:  45%|████▍     | 21517/47868 [01:07<00:44, 591.46it/s]Tokenizing inputs:  45%|████▌     | 21582/47868 [01:07<00:44, 592.88it/s]Tokenizing inputs:  45%|████▌     | 21646/47868 [01:07<00:45, 572.51it/s]Tokenizing inputs:  45%|████▌     | 21706/47868 [01:08<00:52, 494.36it/s]Tokenizing inputs:  45%|████▌     | 21759/47868 [01:08<00:53, 490.69it/s]Tokenizing inputs:  46%|████▌     | 21811/47868 [01:08<01:33, 279.12it/s]Tokenizing inputs:  46%|████▌     | 21851/47868 [01:08<01:29, 291.71it/s]Tokenizing inputs:  46%|████▌     | 21910/47868 [01:08<01:14, 347.08it/s]Tokenizing inputs:  46%|████▌     | 21974/47868 [01:08<01:03, 407.92it/s]Tokenizing inputs:  46%|████▌     | 22024/47868 [01:09<01:09, 374.12it/s]Tokenizing inputs:  46%|████▌     | 22069/47868 [01:09<01:31, 282.73it/s]Tokenizing inputs:  46%|████▌     | 22105/47868 [01:09<01:45, 243.79it/s]Tokenizing inputs:  46%|████▌     | 22136/47868 [01:09<01:56, 221.22it/s]Tokenizing inputs:  46%|████▋     | 22200/47868 [01:09<01:26, 296.90it/s]Tokenizing inputs:  47%|████▋     | 22259/47868 [01:09<01:11, 356.28it/s]Tokenizing inputs:  47%|████▋     | 22324/47868 [01:10<01:00, 422.19it/s]Tokenizing inputs:  47%|████▋     | 22405/47868 [01:10<00:49, 515.91it/s]Tokenizing inputs:  47%|████▋     | 22468/47868 [01:10<00:46, 542.89it/s]Tokenizing inputs:  47%|████▋     | 22528/47868 [01:10<00:46, 539.81it/s]Tokenizing inputs:  47%|████▋     | 22586/47868 [01:10<00:49, 515.93it/s]Tokenizing inputs:  47%|████▋     | 22649/47868 [01:10<00:46, 546.24it/s]Tokenizing inputs:  47%|████▋     | 22713/47868 [01:10<00:44, 571.11it/s]Tokenizing inputs:  48%|████▊     | 22772/47868 [01:10<00:45, 550.81it/s]Tokenizing inputs:  48%|████▊     | 22857/47868 [01:10<00:39, 632.57it/s]Tokenizing inputs:  48%|████▊     | 22940/47868 [01:10<00:36, 685.78it/s]Tokenizing inputs:  48%|████▊     | 23010/47868 [01:11<00:36, 677.46it/s]Tokenizing inputs:  48%|████▊     | 23113/47868 [01:11<00:31, 777.39it/s]Tokenizing inputs:  49%|████▊     | 23232/47868 [01:11<00:27, 896.93it/s]Tokenizing inputs:  49%|████▉     | 23346/47868 [01:11<00:25, 966.51it/s]Tokenizing inputs:  49%|████▉     | 23444/47868 [01:11<00:29, 818.94it/s]Tokenizing inputs:  49%|████▉     | 23531/47868 [01:11<00:35, 680.70it/s]Tokenizing inputs:  49%|████▉     | 23606/47868 [01:11<00:39, 612.33it/s]Tokenizing inputs:  49%|████▉     | 23673/47868 [01:12<00:45, 529.04it/s]Tokenizing inputs:  50%|████▉     | 23731/47868 [01:12<00:50, 477.79it/s]Tokenizing inputs:  50%|████▉     | 23797/47868 [01:12<00:46, 514.88it/s]Tokenizing inputs:  50%|████▉     | 23859/47868 [01:12<00:44, 539.08it/s]Tokenizing inputs:  50%|████▉     | 23927/47868 [01:12<00:41, 573.46it/s]Tokenizing inputs:  50%|█████     | 23988/47868 [01:12<00:41, 579.01it/s]Tokenizing inputs:  50%|█████     | 24049/47868 [01:12<00:43, 548.03it/s]Tokenizing inputs:  50%|█████     | 24106/47868 [01:12<00:51, 460.20it/s]Tokenizing inputs:  50%|█████     | 24156/47868 [01:13<00:52, 449.94it/s]Tokenizing inputs:  51%|█████     | 24204/47868 [01:13<01:32, 256.72it/s]Tokenizing inputs:  51%|█████     | 24241/47868 [01:13<01:33, 252.00it/s]Tokenizing inputs:  51%|█████     | 24300/47868 [01:13<01:15, 311.51it/s]Tokenizing inputs:  51%|█████     | 24351/47868 [01:13<01:07, 350.81it/s]Tokenizing inputs:  51%|█████     | 24407/47868 [01:13<00:59, 396.91it/s]Tokenizing inputs:  51%|█████     | 24455/47868 [01:14<01:22, 285.27it/s]Tokenizing inputs:  51%|█████     | 24493/47868 [01:14<01:36, 242.18it/s]Tokenizing inputs:  51%|█████     | 24525/47868 [01:14<01:46, 218.24it/s]Tokenizing inputs:  51%|█████▏    | 24552/47868 [01:14<01:45, 221.71it/s]Tokenizing inputs:  51%|█████▏    | 24631/47868 [01:14<01:09, 334.95it/s]Tokenizing inputs:  52%|█████▏    | 24711/47868 [01:14<00:53, 436.89it/s]Tokenizing inputs:  52%|█████▏    | 24791/47868 [01:15<00:44, 523.05it/s]Tokenizing inputs:  52%|█████▏    | 24871/47868 [01:15<00:38, 592.27it/s]Tokenizing inputs:  52%|█████▏    | 24952/47868 [01:15<00:35, 649.08it/s]Tokenizing inputs:  52%|█████▏    | 25033/47868 [01:15<00:32, 692.63it/s]Tokenizing inputs:  52%|█████▏    | 25113/47868 [01:15<00:31, 720.62it/s]Tokenizing inputs:  53%|█████▎    | 25194/47868 [01:15<00:30, 745.87it/s]Tokenizing inputs:  53%|█████▎    | 25274/47868 [01:15<00:29, 760.64it/s]Tokenizing inputs:  53%|█████▎    | 25353/47868 [01:15<00:29, 768.65it/s]Tokenizing inputs:  53%|█████▎    | 25434/47868 [01:15<00:28, 778.94it/s]Tokenizing inputs:  53%|█████▎    | 25515/47868 [01:15<00:28, 786.11it/s]Tokenizing inputs:  53%|█████▎    | 25595/47868 [01:16<00:28, 788.90it/s]Tokenizing inputs:  54%|█████▎    | 25676/47868 [01:16<00:27, 794.22it/s]Tokenizing inputs:  54%|█████▍    | 25756/47868 [01:16<00:27, 792.31it/s]Tokenizing inputs:  54%|█████▍    | 25836/47868 [01:16<00:27, 794.37it/s]Tokenizing inputs:  54%|█████▍    | 25916/47868 [01:16<00:27, 794.32it/s]Tokenizing inputs:  54%|█████▍    | 25996/47868 [01:16<00:27, 790.95it/s]Tokenizing inputs:  54%|█████▍    | 26076/47868 [01:16<00:27, 789.76it/s]Tokenizing inputs:  55%|█████▍    | 26158/47868 [01:16<00:27, 796.18it/s]Tokenizing inputs:  55%|█████▍    | 26238/47868 [01:16<00:27, 797.26it/s]Tokenizing inputs:  55%|█████▍    | 26321/47868 [01:16<00:26, 806.72it/s]Tokenizing inputs:  55%|█████▌    | 26402/47868 [01:17<00:27, 788.53it/s]Tokenizing inputs:  55%|█████▌    | 26486/47868 [01:17<00:26, 801.50it/s]Tokenizing inputs:  56%|█████▌    | 26567/47868 [01:17<00:29, 731.88it/s]Tokenizing inputs:  56%|█████▌    | 26642/47868 [01:17<00:34, 621.69it/s]Tokenizing inputs:  56%|█████▌    | 26708/47868 [01:17<00:37, 568.88it/s]Tokenizing inputs:  56%|█████▌    | 26768/47868 [01:17<00:39, 532.36it/s]Tokenizing inputs:  56%|█████▌    | 26824/47868 [01:17<00:41, 509.83it/s]Tokenizing inputs:  56%|█████▌    | 26877/47868 [01:18<00:43, 486.83it/s]Tokenizing inputs:  56%|█████▋    | 26927/47868 [01:18<00:44, 473.84it/s]Tokenizing inputs:  56%|█████▋    | 26975/47868 [01:18<00:45, 464.00it/s]Tokenizing inputs:  56%|█████▋    | 27022/47868 [01:18<00:44, 464.14it/s]Tokenizing inputs:  57%|█████▋    | 27069/47868 [01:18<00:44, 463.54it/s]Tokenizing inputs:  57%|█████▋    | 27116/47868 [01:18<00:44, 463.16it/s]Tokenizing inputs:  57%|█████▋    | 27163/47868 [01:18<00:45, 458.97it/s]Tokenizing inputs:  57%|█████▋    | 27209/47868 [01:18<00:45, 458.81it/s]Tokenizing inputs:  57%|█████▋    | 27257/47868 [01:18<00:44, 464.09it/s]Tokenizing inputs:  57%|█████▋    | 27305/47868 [01:18<00:44, 465.92it/s]Tokenizing inputs:  57%|█████▋    | 27353/47868 [01:19<00:43, 467.36it/s]Tokenizing inputs:  57%|█████▋    | 27400/47868 [01:19<00:43, 467.43it/s]Tokenizing inputs:  57%|█████▋    | 27447/47868 [01:19<00:43, 467.89it/s]Tokenizing inputs:  57%|█████▋    | 27495/47868 [01:19<00:43, 469.94it/s]Tokenizing inputs:  58%|█████▊    | 27543/47868 [01:19<00:43, 468.82it/s]Tokenizing inputs:  58%|█████▊    | 27591/47868 [01:19<00:43, 470.66it/s]Tokenizing inputs:  58%|█████▊    | 27639/47868 [01:19<00:42, 471.54it/s]Tokenizing inputs:  58%|█████▊    | 27687/47868 [01:19<00:42, 471.61it/s]Tokenizing inputs:  58%|█████▊    | 27735/47868 [01:19<00:42, 472.25it/s]Tokenizing inputs:  58%|█████▊    | 27784/47868 [01:19<00:42, 474.20it/s]Tokenizing inputs:  58%|█████▊    | 27832/47868 [01:20<00:42, 470.85it/s]Tokenizing inputs:  58%|█████▊    | 27881/47868 [01:20<00:42, 474.06it/s]Tokenizing inputs:  58%|█████▊    | 27929/47868 [01:20<00:42, 473.42it/s]Tokenizing inputs:  58%|█████▊    | 27978/47868 [01:20<00:41, 475.61it/s]Tokenizing inputs:  59%|█████▊    | 28026/47868 [01:20<00:41, 475.82it/s]Tokenizing inputs:  59%|█████▊    | 28074/47868 [01:20<00:41, 476.97it/s]Tokenizing inputs:  59%|█████▉    | 28123/47868 [01:20<00:41, 477.92it/s]Tokenizing inputs:  59%|█████▉    | 28171/47868 [01:20<00:41, 478.21it/s]Tokenizing inputs:  59%|█████▉    | 28219/47868 [01:20<00:41, 477.94it/s]Tokenizing inputs:  59%|█████▉    | 28267/47868 [01:20<00:41, 467.77it/s]Tokenizing inputs:  59%|█████▉    | 28314/47868 [01:21<00:41, 466.69it/s]Tokenizing inputs:  59%|█████▉    | 28361/47868 [01:21<00:42, 461.61it/s]Tokenizing inputs:  59%|█████▉    | 28408/47868 [01:21<00:43, 446.54it/s]Tokenizing inputs:  59%|█████▉    | 28453/47868 [01:21<00:43, 446.71it/s]Tokenizing inputs:  60%|█████▉    | 28498/47868 [01:21<00:43, 447.49it/s]Tokenizing inputs:  60%|█████▉    | 28544/47868 [01:21<00:43, 449.28it/s]Tokenizing inputs:  60%|█████▉    | 28590/47868 [01:21<00:42, 452.38it/s]Tokenizing inputs:  60%|█████▉    | 28636/47868 [01:21<00:42, 453.04it/s]Tokenizing inputs:  60%|█████▉    | 28682/47868 [01:21<00:43, 446.01it/s]Tokenizing inputs:  60%|██████    | 28739/47868 [01:22<00:39, 481.17it/s]Tokenizing inputs:  60%|██████    | 28817/47868 [01:22<00:33, 568.29it/s]Tokenizing inputs:  60%|██████    | 28896/47868 [01:22<00:30, 631.88it/s]Tokenizing inputs:  61%|██████    | 28974/47868 [01:22<00:27, 675.55it/s]Tokenizing inputs:  61%|██████    | 29052/47868 [01:22<00:26, 705.37it/s]Tokenizing inputs:  61%|██████    | 29130/47868 [01:22<00:25, 726.38it/s]Tokenizing inputs:  61%|██████    | 29209/47868 [01:22<00:25, 742.50it/s]Tokenizing inputs:  61%|██████    | 29286/47868 [01:22<00:24, 747.84it/s]Tokenizing inputs:  61%|██████▏   | 29362/47868 [01:22<00:24, 750.22it/s]Tokenizing inputs:  61%|██████▏   | 29438/47868 [01:22<00:24, 746.56it/s]Tokenizing inputs:  62%|██████▏   | 29514/47868 [01:23<00:24, 749.82it/s]Tokenizing inputs:  62%|██████▏   | 29590/47868 [01:23<00:24, 752.05it/s]Tokenizing inputs:  62%|██████▏   | 29667/47868 [01:23<00:24, 755.86it/s]Tokenizing inputs:  62%|██████▏   | 29743/47868 [01:23<00:23, 755.50it/s]Tokenizing inputs:  62%|██████▏   | 29819/47868 [01:23<00:23, 752.55it/s]Tokenizing inputs:  62%|██████▏   | 29896/47868 [01:23<00:23, 757.29it/s]Tokenizing inputs:  63%|██████▎   | 29972/47868 [01:23<00:23, 754.66it/s]Tokenizing inputs:  63%|██████▎   | 30048/47868 [01:23<00:23, 754.11it/s]Tokenizing inputs:  63%|██████▎   | 30124/47868 [01:23<00:23, 753.45it/s]Tokenizing inputs:  63%|██████▎   | 30201/47868 [01:23<00:23, 756.88it/s]Tokenizing inputs:  63%|██████▎   | 30277/47868 [01:24<00:23, 756.69it/s]Tokenizing inputs:  63%|██████▎   | 30353/47868 [01:24<00:23, 756.71it/s]Tokenizing inputs:  64%|██████▎   | 30429/47868 [01:24<00:23, 742.03it/s]Tokenizing inputs:  64%|██████▎   | 30506/47868 [01:24<00:23, 747.33it/s]Tokenizing inputs:  64%|██████▍   | 30582/47868 [01:24<00:23, 749.45it/s]Tokenizing inputs:  64%|██████▍   | 30658/47868 [01:24<00:22, 749.84it/s]Tokenizing inputs:  64%|██████▍   | 30734/47868 [01:24<00:23, 720.62it/s]Tokenizing inputs:  64%|██████▍   | 30807/47868 [01:24<00:25, 674.15it/s]Tokenizing inputs:  65%|██████▍   | 30876/47868 [01:24<00:26, 649.07it/s]Tokenizing inputs:  65%|██████▍   | 30942/47868 [01:25<00:26, 629.57it/s]Tokenizing inputs:  65%|██████▍   | 31006/47868 [01:25<00:27, 613.76it/s]Tokenizing inputs:  65%|██████▍   | 31068/47868 [01:25<00:27, 604.47it/s]Tokenizing inputs:  65%|██████▌   | 31129/47868 [01:25<00:28, 594.47it/s]Tokenizing inputs:  65%|██████▌   | 31189/47868 [01:25<00:28, 590.86it/s]Tokenizing inputs:  65%|██████▌   | 31249/47868 [01:25<00:28, 581.16it/s]Tokenizing inputs:  65%|██████▌   | 31308/47868 [01:25<00:28, 576.60it/s]Tokenizing inputs:  66%|██████▌   | 31366/47868 [01:25<00:28, 574.80it/s]Tokenizing inputs:  66%|██████▌   | 31424/47868 [01:25<00:28, 576.09it/s]Tokenizing inputs:  66%|██████▌   | 31482/47868 [01:25<00:28, 576.48it/s]Tokenizing inputs:  66%|██████▌   | 31541/47868 [01:26<00:28, 579.93it/s]Tokenizing inputs:  66%|██████▌   | 31600/47868 [01:26<00:28, 577.50it/s]Tokenizing inputs:  66%|██████▌   | 31658/47868 [01:26<00:28, 576.40it/s]Tokenizing inputs:  66%|██████▋   | 31716/47868 [01:26<00:28, 574.43it/s]Tokenizing inputs:  66%|██████▋   | 31776/47868 [01:26<00:27, 579.71it/s]Tokenizing inputs:  67%|██████▋   | 31834/47868 [01:26<00:27, 577.09it/s]Tokenizing inputs:  67%|██████▋   | 31892/47868 [01:26<00:27, 574.92it/s]Tokenizing inputs:  67%|██████▋   | 31951/47868 [01:26<00:27, 578.06it/s]Tokenizing inputs:  67%|██████▋   | 32010/47868 [01:26<00:27, 581.57it/s]Tokenizing inputs:  67%|██████▋   | 32070/47868 [01:26<00:27, 584.64it/s]Tokenizing inputs:  67%|██████▋   | 32130/47868 [01:27<00:26, 588.20it/s]Tokenizing inputs:  67%|██████▋   | 32189/47868 [01:27<00:26, 587.36it/s]Tokenizing inputs:  67%|██████▋   | 32249/47868 [01:27<00:26, 589.08it/s]Tokenizing inputs:  67%|██████▋   | 32309/47868 [01:27<00:26, 589.72it/s]Tokenizing inputs:  68%|██████▊   | 32368/47868 [01:27<00:26, 584.16it/s]Tokenizing inputs:  68%|██████▊   | 32427/47868 [01:27<00:26, 584.59it/s]Tokenizing inputs:  68%|██████▊   | 32486/47868 [01:27<00:26, 571.14it/s]Tokenizing inputs:  68%|██████▊   | 32545/47868 [01:27<00:26, 576.35it/s]Tokenizing inputs:  68%|██████▊   | 32604/47868 [01:27<00:26, 578.36it/s]Tokenizing inputs:  68%|██████▊   | 32664/47868 [01:27<00:26, 583.01it/s]Tokenizing inputs:  68%|██████▊   | 32723/47868 [01:28<00:25, 583.20it/s]Tokenizing inputs:  68%|██████▊   | 32782/47868 [01:28<00:26, 580.09it/s]Tokenizing inputs:  69%|██████▊   | 32842/47868 [01:28<00:25, 584.60it/s]Tokenizing inputs:  69%|██████▉   | 32912/47868 [01:28<00:24, 617.46it/s]Tokenizing inputs:  69%|██████▉   | 32991/47868 [01:28<00:22, 666.49it/s]Tokenizing inputs:  69%|██████▉   | 33070/47868 [01:28<00:21, 702.73it/s]Tokenizing inputs:  69%|██████▉   | 33145/47868 [01:28<00:20, 715.07it/s]Tokenizing inputs:  69%|██████▉   | 33224/47868 [01:28<00:19, 737.15it/s]Tokenizing inputs:  70%|██████▉   | 33304/47868 [01:28<00:19, 754.76it/s]Tokenizing inputs:  70%|██████▉   | 33387/47868 [01:28<00:18, 775.05it/s]Tokenizing inputs:  70%|██████▉   | 33466/47868 [01:29<00:18, 778.91it/s]Tokenizing inputs:  70%|███████   | 33545/47868 [01:29<00:18, 780.97it/s]Tokenizing inputs:  70%|███████   | 33624/47868 [01:29<00:18, 782.47it/s]Tokenizing inputs:  70%|███████   | 33706/47868 [01:29<00:17, 791.93it/s]Tokenizing inputs:  71%|███████   | 33787/47868 [01:29<00:17, 796.77it/s]Tokenizing inputs:  71%|███████   | 33867/47868 [01:29<00:17, 791.75it/s]Tokenizing inputs:  71%|███████   | 33949/47868 [01:29<00:17, 799.08it/s]Tokenizing inputs:  71%|███████   | 34032/47868 [01:29<00:17, 805.72it/s]Tokenizing inputs:  71%|███████▏  | 34117/47868 [01:29<00:16, 817.29it/s]Tokenizing inputs:  71%|███████▏  | 34199/47868 [01:30<00:16, 815.11it/s]Tokenizing inputs:  72%|███████▏  | 34281/47868 [01:30<00:16, 810.37it/s]Tokenizing inputs:  72%|███████▏  | 34371/47868 [01:30<00:16, 836.58it/s]Tokenizing inputs:  72%|███████▏  | 34458/47868 [01:30<00:15, 846.36it/s]Tokenizing inputs:  72%|███████▏  | 34543/47868 [01:30<00:15, 836.39it/s]Tokenizing inputs:  72%|███████▏  | 34629/47868 [01:30<00:15, 842.86it/s]Tokenizing inputs:  73%|███████▎  | 34717/47868 [01:30<00:15, 851.91it/s]Tokenizing inputs:  73%|███████▎  | 34808/47868 [01:30<00:15, 866.75it/s]Tokenizing inputs:  73%|███████▎  | 34896/47868 [01:30<00:14, 868.93it/s]Tokenizing inputs:  73%|███████▎  | 34984/47868 [01:30<00:14, 871.31it/s]Tokenizing inputs:  73%|███████▎  | 35072/47868 [01:31<00:14, 872.79it/s]Tokenizing inputs:  73%|███████▎  | 35162/47868 [01:31<00:14, 878.02it/s]Tokenizing inputs:  74%|███████▎  | 35250/47868 [01:31<00:14, 877.32it/s]Tokenizing inputs:  74%|███████▍  | 35340/47868 [01:31<00:14, 882.80it/s]Tokenizing inputs:  74%|███████▍  | 35430/47868 [01:31<00:14, 887.36it/s]Tokenizing inputs:  74%|███████▍  | 35523/47868 [01:31<00:13, 899.22it/s]Tokenizing inputs:  74%|███████▍  | 35614/47868 [01:31<00:13, 900.26it/s]Tokenizing inputs:  75%|███████▍  | 35705/47868 [01:31<00:13, 892.37it/s]Tokenizing inputs:  75%|███████▍  | 35805/47868 [01:31<00:13, 922.75it/s]Tokenizing inputs:  75%|███████▌  | 35902/47868 [01:31<00:12, 934.47it/s]Tokenizing inputs:  75%|███████▌  | 35999/47868 [01:32<00:12, 942.81it/s]Tokenizing inputs:  75%|███████▌  | 36097/47868 [01:32<00:12, 953.17it/s]Tokenizing inputs:  76%|███████▌  | 36197/47868 [01:32<00:12, 967.00it/s]Tokenizing inputs:  76%|███████▌  | 36296/47868 [01:32<00:11, 973.55it/s]Tokenizing inputs:  76%|███████▌  | 36395/47868 [01:32<00:11, 975.66it/s]Tokenizing inputs:  76%|███████▌  | 36493/47868 [01:32<00:11, 976.12it/s]Tokenizing inputs:  76%|███████▋  | 36591/47868 [01:32<00:11, 958.12it/s]Tokenizing inputs:  77%|███████▋  | 36690/47868 [01:32<00:11, 966.92it/s]Tokenizing inputs:  77%|███████▋  | 36789/47868 [01:32<00:11, 970.78it/s]Tokenizing inputs:  77%|███████▋  | 36891/47868 [01:32<00:11, 982.67it/s]Tokenizing inputs:  77%|███████▋  | 36996/47868 [01:33<00:10, 1002.01it/s]Tokenizing inputs:  77%|███████▋  | 37097/47868 [01:33<00:10, 997.23it/s] Tokenizing inputs:  78%|███████▊  | 37197/47868 [01:33<00:10, 977.19it/s]Tokenizing inputs:  78%|███████▊  | 37295/47868 [01:33<00:11, 919.42it/s]Tokenizing inputs:  78%|███████▊  | 37388/47868 [01:33<00:11, 880.66it/s]Tokenizing inputs:  78%|███████▊  | 37477/47868 [01:33<00:12, 849.16it/s]Tokenizing inputs:  78%|███████▊  | 37563/47868 [01:33<00:12, 840.59it/s]Tokenizing inputs:  79%|███████▊  | 37648/47868 [01:33<00:12, 829.27it/s]Tokenizing inputs:  79%|███████▉  | 37732/47868 [01:33<00:12, 818.08it/s]Tokenizing inputs:  79%|███████▉  | 37814/47868 [01:34<00:12, 807.43it/s]Tokenizing inputs:  79%|███████▉  | 37895/47868 [01:34<00:12, 801.97it/s]Tokenizing inputs:  79%|███████▉  | 37976/47868 [01:34<00:12, 797.94it/s]Tokenizing inputs:  80%|███████▉  | 38056/47868 [01:34<00:12, 792.28it/s]Tokenizing inputs:  80%|███████▉  | 38136/47868 [01:34<00:12, 793.91it/s]Tokenizing inputs:  80%|███████▉  | 38216/47868 [01:34<00:12, 792.96it/s]Tokenizing inputs:  80%|████████  | 38296/47868 [01:34<00:12, 791.45it/s]Tokenizing inputs:  80%|████████  | 38380/47868 [01:34<00:11, 803.06it/s]Tokenizing inputs:  80%|████████  | 38462/47868 [01:34<00:11, 806.33it/s]Tokenizing inputs:  81%|████████  | 38543/47868 [01:34<00:11, 795.08it/s]Tokenizing inputs:  81%|████████  | 38626/47868 [01:35<00:11, 804.93it/s]Tokenizing inputs:  81%|████████  | 38724/47868 [01:35<00:10, 853.99it/s]Tokenizing inputs:  81%|████████  | 38820/47868 [01:35<00:10, 883.66it/s]Tokenizing inputs:  81%|████████▏ | 38915/47868 [01:35<00:09, 903.17it/s]Tokenizing inputs:  81%|████████▏ | 39012/47868 [01:35<00:09, 921.14it/s]Tokenizing inputs:  82%|████████▏ | 39110/47868 [01:35<00:09, 937.82it/s]Tokenizing inputs:  82%|████████▏ | 39205/47868 [01:35<00:09, 939.59it/s]Tokenizing inputs:  82%|████████▏ | 39303/47868 [01:35<00:09, 948.65it/s]Tokenizing inputs:  82%|████████▏ | 39401/47868 [01:35<00:08, 956.02it/s]Tokenizing inputs:  83%|████████▎ | 39497/47868 [01:35<00:08, 956.66it/s]Tokenizing inputs:  83%|████████▎ | 39595/47868 [01:36<00:08, 963.02it/s]Tokenizing inputs:  83%|████████▎ | 39694/47868 [01:36<00:08, 969.27it/s]Tokenizing inputs:  83%|████████▎ | 39795/47868 [01:36<00:08, 980.81it/s]Tokenizing inputs:  83%|████████▎ | 39894/47868 [01:36<00:08, 982.20it/s]Tokenizing inputs:  84%|████████▎ | 39993/47868 [01:36<00:08, 970.05it/s]Tokenizing inputs:  84%|████████▍ | 40091/47868 [01:36<00:08, 955.05it/s]Tokenizing inputs:  84%|████████▍ | 40187/47868 [01:36<00:08, 937.86it/s]Tokenizing inputs:  84%|████████▍ | 40281/47868 [01:36<00:08, 929.25it/s]Tokenizing inputs:  84%|████████▍ | 40374/47868 [01:36<00:08, 927.03it/s]Tokenizing inputs:  85%|████████▍ | 40467/47868 [01:36<00:07, 927.37it/s]Tokenizing inputs:  85%|████████▍ | 40561/47868 [01:37<00:07, 928.74it/s]Tokenizing inputs:  85%|████████▍ | 40654/47868 [01:37<00:07, 905.97it/s]Tokenizing inputs:  85%|████████▌ | 40745/47868 [01:37<00:07, 907.00it/s]Tokenizing inputs:  85%|████████▌ | 40837/47868 [01:37<00:07, 909.09it/s]Tokenizing inputs:  86%|████████▌ | 40930/47868 [01:37<00:07, 914.40it/s]Tokenizing inputs:  86%|████████▌ | 41022/47868 [01:37<00:07, 910.69it/s]Tokenizing inputs:  86%|████████▌ | 41115/47868 [01:37<00:07, 915.55it/s]Tokenizing inputs:  86%|████████▌ | 41212/47868 [01:37<00:07, 930.52it/s]Tokenizing inputs:  86%|████████▋ | 41306/47868 [01:37<00:07, 932.76it/s]Tokenizing inputs:  86%|████████▋ | 41400/47868 [01:37<00:06, 926.05it/s]Tokenizing inputs:  87%|████████▋ | 41497/47868 [01:38<00:06, 938.17it/s]Tokenizing inputs:  87%|████████▋ | 41592/47868 [01:38<00:06, 938.49it/s]Tokenizing inputs:  87%|████████▋ | 41687/47868 [01:38<00:06, 940.23it/s]Tokenizing inputs:  87%|████████▋ | 41782/47868 [01:38<00:06, 932.98it/s]Tokenizing inputs:  87%|████████▋ | 41877/47868 [01:38<00:06, 937.77it/s]Tokenizing inputs:  88%|████████▊ | 41975/47868 [01:38<00:06, 947.09it/s]Tokenizing inputs:  88%|████████▊ | 42070/47868 [01:38<00:06, 945.81it/s]Tokenizing inputs:  88%|████████▊ | 42165/47868 [01:38<00:06, 939.66it/s]Tokenizing inputs:  88%|████████▊ | 42261/47868 [01:38<00:05, 945.52it/s]Tokenizing inputs:  88%|████████▊ | 42356/47868 [01:38<00:05, 942.76it/s]Tokenizing inputs:  89%|████████▊ | 42451/47868 [01:39<00:05, 943.15it/s]Tokenizing inputs:  89%|████████▉ | 42546/47868 [01:39<00:05, 943.40it/s]Tokenizing inputs:  89%|████████▉ | 42646/47868 [01:39<00:05, 957.85it/s]Tokenizing inputs:  89%|████████▉ | 42742/47868 [01:39<00:05, 941.24it/s]Tokenizing inputs:  89%|████████▉ | 42837/47868 [01:39<00:05, 938.43it/s]Tokenizing inputs:  90%|████████▉ | 42931/47868 [01:39<00:05, 827.96it/s]Tokenizing inputs:  90%|████████▉ | 43017/47868 [01:39<00:06, 730.21it/s]Tokenizing inputs:  90%|█████████ | 43094/47868 [01:39<00:07, 674.34it/s]Tokenizing inputs:  90%|█████████ | 43165/47868 [01:40<00:07, 642.98it/s]Tokenizing inputs:  90%|█████████ | 43232/47868 [01:40<00:07, 622.71it/s]Tokenizing inputs:  90%|█████████ | 43296/47868 [01:40<00:07, 615.09it/s]Tokenizing inputs:  91%|█████████ | 43359/47868 [01:40<00:07, 614.77it/s]Tokenizing inputs:  91%|█████████ | 43422/47868 [01:40<00:07, 618.08it/s]Tokenizing inputs:  91%|█████████ | 43485/47868 [01:40<00:07, 619.00it/s]Tokenizing inputs:  91%|█████████ | 43548/47868 [01:40<00:06, 618.78it/s]Tokenizing inputs:  91%|█████████ | 43612/47868 [01:40<00:06, 622.16it/s]Tokenizing inputs:  91%|█████████ | 43675/47868 [01:40<00:06, 623.67it/s]Tokenizing inputs:  91%|█████████▏| 43738/47868 [01:41<00:06, 622.63it/s]Tokenizing inputs:  92%|█████████▏| 43801/47868 [01:41<00:06, 623.03it/s]Tokenizing inputs:  92%|█████████▏| 43864/47868 [01:41<00:06, 623.53it/s]Tokenizing inputs:  92%|█████████▏| 43927/47868 [01:41<00:06, 625.28it/s]Tokenizing inputs:  92%|█████████▏| 43993/47868 [01:41<00:06, 633.75it/s]Tokenizing inputs:  92%|█████████▏| 44059/47868 [01:41<00:05, 639.96it/s]Tokenizing inputs:  92%|█████████▏| 44125/47868 [01:41<00:05, 645.66it/s]Tokenizing inputs:  92%|█████████▏| 44192/47868 [01:41<00:05, 650.65it/s]Tokenizing inputs:  92%|█████████▏| 44259/47868 [01:41<00:05, 654.19it/s]Tokenizing inputs:  93%|█████████▎| 44326/47868 [01:41<00:05, 657.14it/s]Tokenizing inputs:  93%|█████████▎| 44392/47868 [01:42<00:05, 650.07it/s]Tokenizing inputs:  93%|█████████▎| 44459/47868 [01:42<00:05, 653.45it/s]Tokenizing inputs:  93%|█████████▎| 44525/47868 [01:42<00:05, 654.17it/s]Tokenizing inputs:  93%|█████████▎| 44592/47868 [01:42<00:04, 656.75it/s]Tokenizing inputs:  93%|█████████▎| 44662/47868 [01:42<00:04, 668.43it/s]Tokenizing inputs:  93%|█████████▎| 44729/47868 [01:42<00:04, 668.35it/s]Tokenizing inputs:  94%|█████████▎| 44796/47868 [01:42<00:04, 661.63it/s]Tokenizing inputs:  94%|█████████▎| 44863/47868 [01:42<00:04, 655.54it/s]Tokenizing inputs:  94%|█████████▍| 44929/47868 [01:42<00:04, 650.39it/s]Tokenizing inputs:  94%|█████████▍| 44995/47868 [01:42<00:04, 648.20it/s]Tokenizing inputs:  94%|█████████▍| 45060/47868 [01:43<00:04, 647.47it/s]Tokenizing inputs:  94%|█████████▍| 45132/47868 [01:43<00:04, 667.81it/s]Tokenizing inputs:  94%|█████████▍| 45207/47868 [01:43<00:03, 691.89it/s]Tokenizing inputs:  95%|█████████▍| 45279/47868 [01:43<00:03, 699.42it/s]Tokenizing inputs:  95%|█████████▍| 45351/47868 [01:43<00:03, 703.45it/s]Tokenizing inputs:  95%|█████████▍| 45425/47868 [01:43<00:03, 711.89it/s]Tokenizing inputs:  95%|█████████▌| 45499/47868 [01:43<00:03, 719.04it/s]Tokenizing inputs:  95%|█████████▌| 45572/47868 [01:43<00:03, 720.26it/s]Tokenizing inputs:  95%|█████████▌| 45645/47868 [01:43<00:03, 722.22it/s]Tokenizing inputs:  96%|█████████▌| 45719/47868 [01:43<00:02, 725.29it/s]Tokenizing inputs:  96%|█████████▌| 45792/47868 [01:44<00:02, 715.74it/s]Tokenizing inputs:  96%|█████████▌| 45864/47868 [01:44<00:02, 707.39it/s]Tokenizing inputs:  96%|█████████▌| 45935/47868 [01:44<00:02, 699.08it/s]Tokenizing inputs:  96%|█████████▌| 46006/47868 [01:44<00:02, 699.71it/s]Tokenizing inputs:  96%|█████████▋| 46076/47868 [01:44<00:02, 697.80it/s]Tokenizing inputs:  96%|█████████▋| 46146/47868 [01:44<00:02, 694.79it/s]Tokenizing inputs:  97%|█████████▋| 46216/47868 [01:44<00:02, 611.73it/s]Tokenizing inputs:  97%|█████████▋| 46279/47868 [01:44<00:03, 500.07it/s]Tokenizing inputs:  97%|█████████▋| 46334/47868 [01:45<00:03, 468.81it/s]Tokenizing inputs:  97%|█████████▋| 46384/47868 [01:45<00:03, 467.09it/s]Tokenizing inputs:  97%|█████████▋| 46433/47868 [01:45<00:03, 463.76it/s]Tokenizing inputs:  97%|█████████▋| 46481/47868 [01:45<00:03, 459.92it/s]Tokenizing inputs:  97%|█████████▋| 46528/47868 [01:45<00:02, 458.27it/s]Tokenizing inputs:  97%|█████████▋| 46575/47868 [01:45<00:02, 456.66it/s]Tokenizing inputs:  97%|█████████▋| 46622/47868 [01:45<00:02, 453.43it/s]Tokenizing inputs:  97%|█████████▋| 46668/47868 [01:45<00:02, 449.22it/s]Tokenizing inputs:  98%|█████████▊| 46714/47868 [01:45<00:02, 446.07it/s]Tokenizing inputs:  98%|█████████▊| 46759/47868 [01:45<00:02, 432.08it/s]Tokenizing inputs:  98%|█████████▊| 46803/47868 [01:46<00:02, 431.45it/s]Tokenizing inputs:  98%|█████████▊| 46847/47868 [01:46<00:02, 429.37it/s]Tokenizing inputs:  98%|█████████▊| 46890/47868 [01:46<00:02, 429.39it/s]Tokenizing inputs:  98%|█████████▊| 46933/47868 [01:46<00:02, 427.59it/s]Tokenizing inputs:  98%|█████████▊| 46976/47868 [01:46<00:02, 425.92it/s]Tokenizing inputs:  98%|█████████▊| 47019/47868 [01:46<00:02, 423.84it/s]Tokenizing inputs:  98%|█████████▊| 47062/47868 [01:46<00:01, 424.52it/s]Tokenizing inputs:  98%|█████████▊| 47109/47868 [01:46<00:01, 436.50it/s]Tokenizing inputs:  99%|█████████▊| 47157/47868 [01:46<00:01, 447.74it/s]Tokenizing inputs:  99%|█████████▊| 47206/47868 [01:47<00:01, 458.23it/s]Tokenizing inputs:  99%|█████████▊| 47254/47868 [01:47<00:01, 462.51it/s]Tokenizing inputs:  99%|█████████▉| 47301/47868 [01:47<00:01, 462.99it/s]Tokenizing inputs:  99%|█████████▉| 47348/47868 [01:47<00:01, 463.39it/s]Tokenizing inputs:  99%|█████████▉| 47397/47868 [01:47<00:01, 468.36it/s]Tokenizing inputs:  99%|█████████▉| 47445/47868 [01:47<00:00, 470.61it/s]Tokenizing inputs:  99%|█████████▉| 47495/47868 [01:47<00:00, 479.28it/s]Tokenizing inputs:  99%|█████████▉| 47544/47868 [01:47<00:00, 481.53it/s]Tokenizing inputs:  99%|█████████▉| 47594/47868 [01:47<00:00, 484.63it/s]Tokenizing inputs: 100%|█████████▉| 47643/47868 [01:47<00:00, 480.59it/s]Tokenizing inputs: 100%|█████████▉| 47692/47868 [01:48<00:00, 480.13it/s]Tokenizing inputs: 100%|█████████▉| 47741/47868 [01:48<00:00, 479.30it/s]Tokenizing inputs: 100%|█████████▉| 47789/47868 [01:48<00:00, 476.54it/s]Tokenizing inputs: 100%|█████████▉| 47837/47868 [01:48<00:00, 470.51it/s]Tokenizing inputs: 100%|██████████| 47868/47868 [01:48<00:00, 441.61it/s]
Running loglikelihood requests:   0%|          | 0/47868 [00:00<?, ?it/s]Running loglikelihood requests:   0%|          | 1/47868 [01:07<897:44:08, 67.52s/it]Running loglikelihood requests:   0%|          | 17/47868 [01:07<37:56:15,  2.85s/it]Running loglikelihood requests:   0%|          | 33/47868 [01:08<16:10:28,  1.22s/it]Running loglikelihood requests:   0%|          | 49/47868 [01:08<8:58:30,  1.48it/s] Running loglikelihood requests:   0%|          | 65/47868 [01:08<5:32:50,  2.39it/s]Running loglikelihood requests:   0%|          | 81/47868 [01:09<3:38:23,  3.65it/s]Running loglikelihood requests:   0%|          | 97/47868 [01:09<2:29:02,  5.34it/s]Running loglikelihood requests:   0%|          | 113/47868 [01:09<1:44:54,  7.59it/s]Running loglikelihood requests:   0%|          | 129/47868 [01:09<1:15:44, 10.51it/s]Running loglikelihood requests:   0%|          | 145/47868 [01:10<56:05, 14.18it/s]  Running loglikelihood requests:   0%|          | 161/47868 [01:10<42:41, 18.63it/s]Running loglikelihood requests:   0%|          | 177/47868 [01:10<33:29, 23.74it/s]Running loglikelihood requests:   0%|          | 193/47868 [01:11<27:07, 29.29it/s]Running loglikelihood requests:   0%|          | 209/47868 [01:11<22:41, 34.99it/s]Running loglikelihood requests:   0%|          | 225/47868 [01:11<19:36, 40.48it/s]Running loglikelihood requests:   1%|          | 241/47868 [01:11<17:26, 45.51it/s]Running loglikelihood requests:   1%|          | 257/47868 [01:12<15:55, 49.83it/s]Running loglikelihood requests:   1%|          | 273/47868 [01:12<14:51, 53.39it/s]Running loglikelihood requests:   1%|          | 289/47868 [01:12<14:02, 56.44it/s]Running loglikelihood requests:   1%|          | 305/47868 [01:12<13:31, 58.58it/s]Running loglikelihood requests:   1%|          | 321/47868 [01:13<13:10, 60.15it/s]Running loglikelihood requests:   1%|          | 337/47868 [01:13<12:55, 61.25it/s]Running loglikelihood requests:   1%|          | 353/47868 [01:13<12:44, 62.15it/s]Running loglikelihood requests:   1%|          | 369/47868 [01:13<12:36, 62.80it/s]Running loglikelihood requests:   1%|          | 385/47868 [01:14<12:26, 63.60it/s]Running loglikelihood requests:   1%|          | 401/47868 [01:14<12:23, 63.86it/s]Running loglikelihood requests:   1%|          | 417/47868 [01:14<12:17, 64.32it/s]Running loglikelihood requests:   1%|          | 433/47868 [01:14<12:13, 64.65it/s]Running loglikelihood requests:   1%|          | 449/47868 [01:14<12:10, 64.88it/s]Running loglikelihood requests:   1%|          | 465/47868 [01:15<12:08, 65.07it/s]Running loglikelihood requests:   1%|          | 481/47868 [01:15<12:06, 65.19it/s]Running loglikelihood requests:   1%|          | 497/47868 [01:15<12:05, 65.28it/s]Running loglikelihood requests:   1%|          | 513/47868 [01:15<12:04, 65.35it/s]Running loglikelihood requests:   1%|          | 529/47868 [01:16<12:03, 65.43it/s]Running loglikelihood requests:   1%|          | 545/47868 [01:16<12:02, 65.48it/s]Running loglikelihood requests:   1%|          | 561/47868 [01:16<12:01, 65.55it/s]Running loglikelihood requests:   1%|          | 577/47868 [01:16<12:00, 65.61it/s]Running loglikelihood requests:   1%|          | 593/47868 [01:17<12:00, 65.64it/s]Running loglikelihood requests:   1%|▏         | 609/47868 [01:17<11:59, 65.72it/s]Running loglikelihood requests:   1%|▏         | 625/47868 [01:17<11:58, 65.78it/s]Running loglikelihood requests:   1%|▏         | 641/47868 [01:17<11:57, 65.83it/s]Running loglikelihood requests:   1%|▏         | 657/47868 [01:18<11:57, 65.83it/s]Running loglikelihood requests:   1%|▏         | 673/47868 [01:18<11:56, 65.89it/s]Running loglikelihood requests:   1%|▏         | 689/47868 [01:18<11:55, 65.94it/s]Running loglikelihood requests:   1%|▏         | 705/47868 [01:18<11:55, 65.96it/s]Running loglikelihood requests:   2%|▏         | 721/47868 [01:19<11:54, 65.98it/s]Running loglikelihood requests:   2%|▏         | 737/47868 [01:19<11:53, 66.02it/s]Running loglikelihood requests:   2%|▏         | 753/47868 [01:19<11:53, 66.04it/s]Running loglikelihood requests:   2%|▏         | 769/47868 [01:19<11:52, 66.09it/s]Running loglikelihood requests:   2%|▏         | 785/47868 [01:20<11:47, 66.58it/s]Running loglikelihood requests:   2%|▏         | 801/47868 [01:20<11:46, 66.65it/s]Running loglikelihood requests:   2%|▏         | 817/47868 [01:20<11:45, 66.69it/s]Running loglikelihood requests:   2%|▏         | 833/47868 [01:20<11:47, 66.47it/s]Running loglikelihood requests:   2%|▏         | 849/47868 [01:21<11:47, 66.50it/s]Running loglikelihood requests:   2%|▏         | 865/47868 [01:21<11:46, 66.57it/s]Running loglikelihood requests:   2%|▏         | 881/47868 [01:21<11:44, 66.65it/s]Running loglikelihood requests:   2%|▏         | 897/47868 [01:21<11:43, 66.75it/s]Running loglikelihood requests:   2%|▏         | 913/47868 [01:22<11:42, 66.83it/s]Running loglikelihood requests:   2%|▏         | 929/47868 [01:22<11:42, 66.85it/s]Running loglikelihood requests:   2%|▏         | 945/47868 [01:22<11:42, 66.81it/s]Running loglikelihood requests:   2%|▏         | 961/47868 [01:22<11:41, 66.86it/s]Running loglikelihood requests:   2%|▏         | 977/47868 [01:22<11:37, 67.21it/s]Running loglikelihood requests:   2%|▏         | 993/47868 [01:23<11:38, 67.15it/s]Running loglikelihood requests:   2%|▏         | 1009/47868 [01:23<11:38, 67.06it/s]Running loglikelihood requests:   2%|▏         | 1025/47868 [01:23<11:38, 67.03it/s]Running loglikelihood requests:   2%|▏         | 1041/47868 [01:23<11:37, 67.13it/s]Running loglikelihood requests:   2%|▏         | 1057/47868 [01:24<11:36, 67.21it/s]Running loglikelihood requests:   2%|▏         | 1073/47868 [01:24<11:33, 67.52it/s]Running loglikelihood requests:   2%|▏         | 1089/47868 [01:24<11:33, 67.45it/s]Running loglikelihood requests:   2%|▏         | 1105/47868 [01:24<11:33, 67.42it/s]Running loglikelihood requests:   2%|▏         | 1121/47868 [01:25<11:34, 67.35it/s]Running loglikelihood requests:   2%|▏         | 1137/47868 [01:25<11:34, 67.29it/s]Running loglikelihood requests:   2%|▏         | 1153/47868 [01:25<11:33, 67.37it/s]Running loglikelihood requests:   2%|▏         | 1169/47868 [01:25<11:32, 67.40it/s]Running loglikelihood requests:   2%|▏         | 1185/47868 [01:26<11:29, 67.66it/s]Running loglikelihood requests:   3%|▎         | 1201/47868 [01:26<11:30, 67.62it/s]Running loglikelihood requests:   3%|▎         | 1217/47868 [01:26<11:30, 67.55it/s]Running loglikelihood requests:   3%|▎         | 1233/47868 [01:26<11:24, 68.12it/s]Running loglikelihood requests:   3%|▎         | 1249/47868 [01:26<11:23, 68.23it/s]Running loglikelihood requests:   3%|▎         | 1265/47868 [01:27<11:22, 68.30it/s]Running loglikelihood requests:   3%|▎         | 1281/47868 [01:27<11:21, 68.41it/s]Running loglikelihood requests:   3%|▎         | 1297/47868 [01:27<11:17, 68.76it/s]Running loglikelihood requests:   3%|▎         | 1313/47868 [01:27<11:17, 68.72it/s]Running loglikelihood requests:   3%|▎         | 1329/47868 [01:28<11:17, 68.68it/s]Running loglikelihood requests:   3%|▎         | 1345/47868 [01:28<11:18, 68.58it/s]Running loglikelihood requests:   3%|▎         | 1361/47868 [01:28<11:18, 68.55it/s]Running loglikelihood requests:   3%|▎         | 1377/47868 [01:28<11:17, 68.58it/s]Running loglikelihood requests:   3%|▎         | 1393/47868 [01:29<11:17, 68.61it/s]Running loglikelihood requests:   3%|▎         | 1409/47868 [01:29<11:16, 68.65it/s]Running loglikelihood requests:   3%|▎         | 1425/47868 [01:29<11:13, 68.94it/s]Running loglikelihood requests:   3%|▎         | 1441/47868 [01:29<11:13, 68.88it/s]Running loglikelihood requests:   3%|▎         | 1457/47868 [01:30<11:13, 68.91it/s]Running loglikelihood requests:   3%|▎         | 1473/47868 [01:30<11:13, 68.88it/s]Running loglikelihood requests:   3%|▎         | 1489/47868 [01:30<11:13, 68.90it/s]Running loglikelihood requests:   3%|▎         | 1505/47868 [01:30<11:06, 69.61it/s]Running loglikelihood requests:   3%|▎         | 1521/47868 [01:30<11:04, 69.77it/s]Running loglikelihood requests:   3%|▎         | 1537/47868 [01:31<11:02, 69.93it/s]Running loglikelihood requests:   3%|▎         | 1553/47868 [01:31<10:58, 70.36it/s]Running loglikelihood requests:   3%|▎         | 1569/47868 [01:31<10:58, 70.35it/s]Running loglikelihood requests:   3%|▎         | 1585/47868 [01:31<10:57, 70.34it/s]Running loglikelihood requests:   3%|▎         | 1601/47868 [01:32<10:58, 70.27it/s]Running loglikelihood requests:   3%|▎         | 1617/47868 [01:32<10:55, 70.61it/s]Running loglikelihood requests:   3%|▎         | 1633/47868 [01:32<10:55, 70.57it/s]Running loglikelihood requests:   3%|▎         | 1649/47868 [01:32<10:55, 70.55it/s]Running loglikelihood requests:   3%|▎         | 1665/47868 [01:32<10:54, 70.55it/s]Running loglikelihood requests:   4%|▎         | 1681/47868 [01:33<10:51, 70.87it/s]Running loglikelihood requests:   4%|▎         | 1697/47868 [01:33<10:52, 70.80it/s]Running loglikelihood requests:   4%|▎         | 1713/47868 [01:33<10:52, 70.73it/s]Running loglikelihood requests:   4%|▎         | 1729/47868 [01:33<10:52, 70.68it/s]Running loglikelihood requests:   4%|▎         | 1745/47868 [01:34<10:52, 70.66it/s]Running loglikelihood requests:   4%|▎         | 1761/47868 [01:34<10:48, 71.06it/s]Running loglikelihood requests:   4%|▎         | 1777/47868 [01:34<10:48, 71.03it/s]Running loglikelihood requests:   4%|▎         | 1793/47868 [01:34<10:48, 71.02it/s]Running loglikelihood requests:   4%|▍         | 1809/47868 [01:34<10:48, 71.02it/s]Running loglikelihood requests:   4%|▍         | 1825/47868 [01:35<10:48, 71.01it/s]Running loglikelihood requests:   4%|▍         | 1841/47868 [01:35<10:47, 71.04it/s]Running loglikelihood requests:   4%|▍         | 1857/47868 [01:35<10:47, 71.06it/s]Running loglikelihood requests:   4%|▍         | 1873/47868 [01:35<10:49, 70.81it/s]Running loglikelihood requests:   4%|▍         | 1889/47868 [01:36<10:48, 70.88it/s]Running loglikelihood requests:   4%|▍         | 1905/47868 [01:36<10:47, 70.97it/s]Running loglikelihood requests:   4%|▍         | 1921/47868 [01:36<10:43, 71.38it/s]Running loglikelihood requests:   4%|▍         | 1937/47868 [01:36<10:43, 71.35it/s]Running loglikelihood requests:   4%|▍         | 1953/47868 [01:37<10:43, 71.33it/s]Running loglikelihood requests:   4%|▍         | 1969/47868 [01:37<10:43, 71.29it/s]Running loglikelihood requests:   4%|▍         | 1985/47868 [01:37<10:43, 71.30it/s]Running loglikelihood requests:   4%|▍         | 2001/47868 [01:37<10:40, 71.61it/s]Running loglikelihood requests:   4%|▍         | 2017/47868 [01:37<10:40, 71.54it/s]Running loglikelihood requests:   4%|▍         | 2033/47868 [01:38<10:40, 71.54it/s]Running loglikelihood requests:   4%|▍         | 2049/47868 [01:38<10:40, 71.55it/s]Running loglikelihood requests:   4%|▍         | 2065/47868 [01:38<10:37, 71.90it/s]Running loglikelihood requests:   4%|▍         | 2081/47868 [01:38<10:37, 71.81it/s]Running loglikelihood requests:   4%|▍         | 2097/47868 [01:39<10:37, 71.77it/s]Running loglikelihood requests:   4%|▍         | 2113/47868 [01:39<10:38, 71.71it/s]Running loglikelihood requests:   4%|▍         | 2129/47868 [01:39<10:37, 71.72it/s]Running loglikelihood requests:   4%|▍         | 2145/47868 [01:39<10:37, 71.73it/s]Running loglikelihood requests:   5%|▍         | 2161/47868 [01:39<10:34, 72.04it/s]Running loglikelihood requests:   5%|▍         | 2177/47868 [01:40<10:34, 71.97it/s]Running loglikelihood requests:   5%|▍         | 2193/47868 [01:40<10:35, 71.92it/s]Running loglikelihood requests:   5%|▍         | 2209/47868 [01:40<10:34, 71.93it/s]Running loglikelihood requests:   5%|▍         | 2225/47868 [01:40<10:31, 72.26it/s]Running loglikelihood requests:   5%|▍         | 2241/47868 [01:41<10:29, 72.52it/s]Running loglikelihood requests:   5%|▍         | 2257/47868 [01:41<10:27, 72.67it/s]Running loglikelihood requests:   5%|▍         | 2273/47868 [01:41<10:26, 72.76it/s]Running loglikelihood requests:   5%|▍         | 2289/47868 [01:41<10:21, 73.34it/s]Running loglikelihood requests:   5%|▍         | 2305/47868 [01:41<10:20, 73.43it/s]Running loglikelihood requests:   5%|▍         | 2321/47868 [01:42<10:20, 73.44it/s]Running loglikelihood requests:   5%|▍         | 2337/47868 [01:42<10:19, 73.50it/s]Running loglikelihood requests:   5%|▍         | 2353/47868 [01:42<10:17, 73.65it/s]Running loglikelihood requests:   5%|▍         | 2369/47868 [01:42<10:15, 73.89it/s]Running loglikelihood requests:   5%|▍         | 2385/47868 [01:42<10:14, 74.05it/s]Running loglikelihood requests:   5%|▌         | 2401/47868 [01:43<10:12, 74.27it/s]Running loglikelihood requests:   5%|▌         | 2417/47868 [01:43<10:10, 74.43it/s]Running loglikelihood requests:   5%|▌         | 2433/47868 [01:43<10:08, 74.67it/s]Running loglikelihood requests:   5%|▌         | 2449/47868 [01:43<10:07, 74.77it/s]Running loglikelihood requests:   5%|▌         | 2465/47868 [01:44<10:05, 74.96it/s]Running loglikelihood requests:   5%|▌         | 2481/47868 [01:44<10:04, 75.04it/s]Running loglikelihood requests:   5%|▌         | 2497/47868 [01:44<10:03, 75.21it/s]Running loglikelihood requests:   5%|▌         | 2513/47868 [01:44<10:02, 75.23it/s]Running loglikelihood requests:   5%|▌         | 2529/47868 [01:44<09:59, 75.59it/s]Running loglikelihood requests:   5%|▌         | 2545/47868 [01:45<09:57, 75.86it/s]Running loglikelihood requests:   5%|▌         | 2561/47868 [01:45<09:55, 76.05it/s]Running loglikelihood requests:   5%|▌         | 2577/47868 [01:45<09:54, 76.20it/s]Running loglikelihood requests:   5%|▌         | 2593/47868 [01:45<09:53, 76.30it/s]Running loglikelihood requests:   5%|▌         | 2609/47868 [01:45<09:52, 76.35it/s]Running loglikelihood requests:   5%|▌         | 2625/47868 [01:46<09:51, 76.46it/s]Running loglikelihood requests:   6%|▌         | 2641/47868 [01:46<09:50, 76.58it/s]Running loglikelihood requests:   6%|▌         | 2657/47868 [01:46<09:50, 76.62it/s]Running loglikelihood requests:   6%|▌         | 2673/47868 [01:46<09:49, 76.68it/s]Running loglikelihood requests:   6%|▌         | 2689/47868 [01:46<09:48, 76.74it/s]Running loglikelihood requests:   6%|▌         | 2705/47868 [01:47<09:48, 76.78it/s]Running loglikelihood requests:   6%|▌         | 2721/47868 [01:47<09:47, 76.79it/s]Running loglikelihood requests:   6%|▌         | 2737/47868 [01:47<09:46, 76.91it/s]Running loglikelihood requests:   6%|▌         | 2753/47868 [01:47<09:45, 77.00it/s]Running loglikelihood requests:   6%|▌         | 2769/47868 [01:48<09:44, 77.11it/s]Running loglikelihood requests:   6%|▌         | 2785/47868 [01:48<09:44, 77.18it/s]Running loglikelihood requests:   6%|▌         | 2801/47868 [01:48<09:43, 77.24it/s]Running loglikelihood requests:   6%|▌         | 2817/47868 [01:48<09:42, 77.30it/s]Running loglikelihood requests:   6%|▌         | 2833/47868 [01:48<09:42, 77.36it/s]Running loglikelihood requests:   6%|▌         | 2849/47868 [01:49<09:41, 77.41it/s]Running loglikelihood requests:   6%|▌         | 2865/47868 [01:49<09:38, 77.75it/s]Running loglikelihood requests:   6%|▌         | 2881/47868 [01:49<09:39, 77.68it/s]Running loglikelihood requests:   6%|▌         | 2897/47868 [01:49<09:39, 77.63it/s]Running loglikelihood requests:   6%|▌         | 2913/47868 [01:49<09:38, 77.65it/s]Running loglikelihood requests:   6%|▌         | 2929/47868 [01:50<09:38, 77.66it/s]Running loglikelihood requests:   6%|▌         | 2945/47868 [01:50<09:38, 77.71it/s]Running loglikelihood requests:   6%|▌         | 2961/47868 [01:50<09:33, 78.37it/s]Running loglikelihood requests:   6%|▌         | 2977/47868 [01:50<09:28, 78.90it/s]Running loglikelihood requests:   6%|▋         | 2993/47868 [01:50<09:26, 79.27it/s]Running loglikelihood requests:   6%|▋         | 3009/47868 [01:51<09:24, 79.52it/s]Running loglikelihood requests:   6%|▋         | 3025/47868 [01:51<09:22, 79.71it/s]Running loglikelihood requests:   6%|▋         | 3041/47868 [01:51<09:21, 79.85it/s]Running loglikelihood requests:   6%|▋         | 3057/47868 [01:51<09:20, 79.90it/s]Running loglikelihood requests:   6%|▋         | 3073/47868 [01:51<09:20, 79.97it/s]Running loglikelihood requests:   6%|▋         | 3089/47868 [01:52<09:19, 80.06it/s]Running loglikelihood requests:   6%|▋         | 3105/47868 [01:52<09:18, 80.14it/s]Running loglikelihood requests:   7%|▋         | 3121/47868 [01:52<09:17, 80.26it/s]Running loglikelihood requests:   7%|▋         | 3137/47868 [01:52<09:17, 80.30it/s]Running loglikelihood requests:   7%|▋         | 3153/47868 [01:52<09:17, 80.28it/s]Running loglikelihood requests:   7%|▋         | 3169/47868 [01:53<09:16, 80.29it/s]Running loglikelihood requests:   7%|▋         | 3185/47868 [01:53<09:15, 80.37it/s]Running loglikelihood requests:   7%|▋         | 3201/47868 [01:53<09:15, 80.45it/s]Running loglikelihood requests:   7%|▋         | 3217/47868 [01:53<09:11, 80.90it/s]Running loglikelihood requests:   7%|▋         | 3233/47868 [01:53<09:12, 80.81it/s]Running loglikelihood requests:   7%|▋         | 3249/47868 [01:54<09:11, 80.89it/s]Running loglikelihood requests:   7%|▋         | 3265/47868 [01:54<09:11, 80.93it/s]Running loglikelihood requests:   7%|▋         | 3281/47868 [01:54<09:08, 81.26it/s]Running loglikelihood requests:   7%|▋         | 3297/47868 [01:54<09:06, 81.49it/s]Running loglikelihood requests:   7%|▋         | 3313/47868 [01:54<09:07, 81.34it/s]Running loglikelihood requests:   7%|▋         | 3329/47868 [01:55<09:08, 81.20it/s]Running loglikelihood requests:   7%|▋         | 3345/47868 [01:55<09:08, 81.11it/s]Running loglikelihood requests:   7%|▋         | 3361/47868 [01:55<09:06, 81.48it/s]Running loglikelihood requests:   7%|▋         | 3377/47868 [01:55<09:08, 81.12it/s]Running loglikelihood requests:   7%|▋         | 3393/47868 [01:55<09:08, 81.03it/s]Running loglikelihood requests:   7%|▋         | 3409/47868 [01:56<09:08, 81.01it/s]Running loglikelihood requests:   7%|▋         | 3425/47868 [01:56<09:08, 81.07it/s]Running loglikelihood requests:   7%|▋         | 3441/47868 [01:56<09:07, 81.09it/s]Running loglikelihood requests:   7%|▋         | 3457/47868 [01:56<09:07, 81.05it/s]Running loglikelihood requests:   7%|▋         | 3473/47868 [01:56<09:03, 81.65it/s]Running loglikelihood requests:   7%|▋         | 3489/47868 [01:57<09:02, 81.75it/s]Running loglikelihood requests:   7%|▋         | 3505/47868 [01:57<09:02, 81.70it/s]Running loglikelihood requests:   7%|▋         | 3521/47868 [01:57<09:01, 81.83it/s]Running loglikelihood requests:   7%|▋         | 3537/47868 [01:57<08:59, 82.17it/s]Running loglikelihood requests:   7%|▋         | 3553/47868 [01:57<08:59, 82.14it/s]Running loglikelihood requests:   7%|▋         | 3569/47868 [01:57<08:59, 82.10it/s]Running loglikelihood requests:   7%|▋         | 3585/47868 [01:58<08:59, 82.02it/s]Running loglikelihood requests:   8%|▊         | 3601/47868 [01:58<08:57, 82.41it/s]Running loglikelihood requests:   8%|▊         | 3617/47868 [01:58<08:57, 82.32it/s]Running loglikelihood requests:   8%|▊         | 3633/47868 [01:58<08:57, 82.31it/s]Running loglikelihood requests:   8%|▊         | 3649/47868 [01:58<08:57, 82.32it/s]Running loglikelihood requests:   8%|▊         | 3665/47868 [01:59<08:57, 82.25it/s]Running loglikelihood requests:   8%|▊         | 3681/47868 [01:59<08:55, 82.59it/s]Running loglikelihood requests:   8%|▊         | 3697/47868 [01:59<08:55, 82.42it/s]Running loglikelihood requests:   8%|▊         | 3713/47868 [01:59<08:55, 82.40it/s]Running loglikelihood requests:   8%|▊         | 3729/47868 [01:59<08:56, 82.33it/s]Running loglikelihood requests:   8%|▊         | 3745/47868 [02:00<08:56, 82.30it/s]Running loglikelihood requests:   8%|▊         | 3761/47868 [02:00<08:51, 82.98it/s]Running loglikelihood requests:   8%|▊         | 3777/47868 [02:00<08:50, 83.14it/s]Running loglikelihood requests:   8%|▊         | 3793/47868 [02:00<08:50, 83.15it/s]Running loglikelihood requests:   8%|▊         | 3809/47868 [02:00<08:49, 83.25it/s]Running loglikelihood requests:   8%|▊         | 3825/47868 [02:01<08:49, 83.25it/s]Running loglikelihood requests:   8%|▊         | 3841/47868 [02:01<08:48, 83.32it/s]Running loglikelihood requests:   8%|▊         | 3857/47868 [02:01<08:48, 83.29it/s]Running loglikelihood requests:   8%|▊         | 3873/47868 [02:01<08:47, 83.44it/s]Running loglikelihood requests:   8%|▊         | 3889/47868 [02:01<08:47, 83.44it/s]Running loglikelihood requests:   8%|▊         | 3905/47868 [02:02<08:46, 83.50it/s]Running loglikelihood requests:   8%|▊         | 3921/47868 [02:02<08:46, 83.49it/s]Running loglikelihood requests:   8%|▊         | 3937/47868 [02:02<08:45, 83.55it/s]Running loglikelihood requests:   8%|▊         | 3953/47868 [02:02<08:45, 83.55it/s]Running loglikelihood requests:   8%|▊         | 3969/47868 [02:02<08:45, 83.60it/s]Running loglikelihood requests:   8%|▊         | 3985/47868 [02:02<08:44, 83.69it/s]Running loglikelihood requests:   8%|▊         | 4001/47868 [02:03<08:44, 83.66it/s]Running loglikelihood requests:   8%|▊         | 4017/47868 [02:03<08:43, 83.75it/s]Running loglikelihood requests:   8%|▊         | 4033/47868 [02:03<08:43, 83.71it/s]Running loglikelihood requests:   8%|▊         | 4049/47868 [02:03<08:39, 84.27it/s]Running loglikelihood requests:   8%|▊         | 4065/47868 [02:03<08:39, 84.39it/s]Running loglikelihood requests:   9%|▊         | 4081/47868 [02:04<08:39, 84.34it/s]Running loglikelihood requests:   9%|▊         | 4097/47868 [02:04<08:38, 84.41it/s]Running loglikelihood requests:   9%|▊         | 4113/47868 [02:04<08:37, 84.50it/s]Running loglikelihood requests:   9%|▊         | 4129/47868 [02:04<08:35, 84.86it/s]Running loglikelihood requests:   9%|▊         | 4145/47868 [02:04<08:35, 84.83it/s]Running loglikelihood requests:   9%|▊         | 4161/47868 [02:05<08:34, 84.90it/s]Running loglikelihood requests:   9%|▊         | 4177/47868 [02:05<08:35, 84.78it/s]Running loglikelihood requests:   9%|▉         | 4193/47868 [02:05<08:35, 84.79it/s]Running loglikelihood requests:   9%|▉         | 4209/47868 [02:05<08:34, 84.84it/s]Running loglikelihood requests:   9%|▉         | 4225/47868 [02:05<08:34, 84.81it/s]Running loglikelihood requests:   9%|▉         | 4241/47868 [02:06<08:34, 84.79it/s]Running loglikelihood requests:   9%|▉         | 4257/47868 [02:06<08:33, 84.88it/s]Running loglikelihood requests:   9%|▉         | 4273/47868 [02:06<08:33, 84.97it/s]Running loglikelihood requests:   9%|▉         | 4289/47868 [02:06<08:32, 84.99it/s]Running loglikelihood requests:   9%|▉         | 4305/47868 [02:06<08:30, 85.35it/s]Running loglikelihood requests:   9%|▉         | 4321/47868 [02:06<08:30, 85.36it/s]Running loglikelihood requests:   9%|▉         | 4337/47868 [02:07<08:29, 85.39it/s]Running loglikelihood requests:   9%|▉         | 4353/47868 [02:07<08:30, 85.32it/s]Running loglikelihood requests:   9%|▉         | 4369/47868 [02:07<08:29, 85.36it/s]Running loglikelihood requests:   9%|▉         | 4385/47868 [02:07<08:28, 85.48it/s]Running loglikelihood requests:   9%|▉         | 4401/47868 [02:07<08:28, 85.55it/s]Running loglikelihood requests:   9%|▉         | 4417/47868 [02:08<08:28, 85.51it/s]Running loglikelihood requests:   9%|▉         | 4433/47868 [02:08<08:25, 86.00it/s]Running loglikelihood requests:   9%|▉         | 4449/47868 [02:08<08:24, 86.09it/s]Running loglikelihood requests:   9%|▉         | 4465/47868 [02:08<08:23, 86.20it/s]Running loglikelihood requests:   9%|▉         | 4481/47868 [02:08<08:22, 86.31it/s]Running loglikelihood requests:   9%|▉         | 4497/47868 [02:08<08:21, 86.44it/s]Running loglikelihood requests:   9%|▉         | 4513/47868 [02:09<08:20, 86.56it/s]Running loglikelihood requests:   9%|▉         | 4529/47868 [02:09<08:20, 86.59it/s]Running loglikelihood requests:   9%|▉         | 4545/47868 [02:09<08:18, 86.89it/s]Running loglikelihood requests:  10%|▉         | 4561/47868 [02:09<08:16, 87.17it/s]Running loglikelihood requests:  10%|▉         | 4577/47868 [02:09<08:13, 87.78it/s]Running loglikelihood requests:  10%|▉         | 4593/47868 [02:10<08:09, 88.49it/s]Running loglikelihood requests:  10%|▉         | 4609/47868 [02:10<08:05, 89.06it/s]Running loglikelihood requests:  10%|▉         | 4625/47868 [02:10<08:03, 89.45it/s]Running loglikelihood requests:  10%|▉         | 4641/47868 [02:10<08:01, 89.70it/s]Running loglikelihood requests:  10%|▉         | 4657/47868 [02:10<08:00, 89.99it/s]Running loglikelihood requests:  10%|▉         | 4673/47868 [02:10<07:55, 90.80it/s]Running loglikelihood requests:  10%|▉         | 4689/47868 [02:11<07:55, 90.88it/s]Running loglikelihood requests:  10%|▉         | 4705/47868 [02:11<07:53, 91.18it/s]Running loglikelihood requests:  10%|▉         | 4721/47868 [02:11<07:52, 91.25it/s]Running loglikelihood requests:  10%|▉         | 4737/47868 [02:11<07:51, 91.46it/s]Running loglikelihood requests:  10%|▉         | 4753/47868 [02:11<07:50, 91.60it/s]Running loglikelihood requests:  10%|▉         | 4769/47868 [02:12<07:50, 91.63it/s]Running loglikelihood requests:  10%|▉         | 4785/47868 [02:12<07:49, 91.79it/s]Running loglikelihood requests:  10%|█         | 4801/47868 [02:12<07:49, 91.72it/s]Running loglikelihood requests:  10%|█         | 4817/47868 [02:12<07:48, 91.83it/s]Running loglikelihood requests:  10%|█         | 4833/47868 [02:12<07:47, 92.04it/s]Running loglikelihood requests:  10%|█         | 4849/47868 [02:12<07:47, 92.09it/s]Running loglikelihood requests:  10%|█         | 4865/47868 [02:13<07:47, 91.98it/s]Running loglikelihood requests:  10%|█         | 4881/47868 [02:13<07:47, 92.02it/s]Running loglikelihood requests:  10%|█         | 4897/47868 [02:13<07:46, 92.19it/s]Running loglikelihood requests:  10%|█         | 4913/47868 [02:13<07:46, 92.17it/s]Running loglikelihood requests:  10%|█         | 4929/47868 [02:13<07:45, 92.27it/s]Running loglikelihood requests:  10%|█         | 4945/47868 [02:13<07:43, 92.57it/s]Running loglikelihood requests:  10%|█         | 4961/47868 [02:14<07:43, 92.65it/s]Running loglikelihood requests:  10%|█         | 4977/47868 [02:14<07:42, 92.65it/s]Running loglikelihood requests:  10%|█         | 4993/47868 [02:14<07:41, 92.99it/s]Running loglikelihood requests:  10%|█         | 5009/47868 [02:14<07:40, 93.01it/s]Running loglikelihood requests:  10%|█         | 5025/47868 [02:14<07:40, 92.95it/s]Running loglikelihood requests:  11%|█         | 5041/47868 [02:14<07:38, 93.33it/s]Running loglikelihood requests:  11%|█         | 5057/47868 [02:15<07:38, 93.44it/s]Running loglikelihood requests:  11%|█         | 5073/47868 [02:15<07:37, 93.59it/s]Running loglikelihood requests:  11%|█         | 5089/47868 [02:15<07:36, 93.72it/s]Running loglikelihood requests:  11%|█         | 5105/47868 [02:15<07:36, 93.72it/s]Running loglikelihood requests:  11%|█         | 5121/47868 [02:15<07:31, 94.67it/s]Running loglikelihood requests:  11%|█         | 5137/47868 [02:15<07:29, 95.07it/s]Running loglikelihood requests:  11%|█         | 5153/47868 [02:16<07:28, 95.21it/s]Running loglikelihood requests:  11%|█         | 5169/47868 [02:16<07:27, 95.34it/s]Running loglikelihood requests:  11%|█         | 5185/47868 [02:16<07:26, 95.55it/s]Running loglikelihood requests:  11%|█         | 5201/47868 [02:16<07:25, 95.72it/s]Running loglikelihood requests:  11%|█         | 5217/47868 [02:16<07:24, 95.94it/s]Running loglikelihood requests:  11%|█         | 5233/47868 [02:16<07:23, 96.22it/s]Running loglikelihood requests:  11%|█         | 5249/47868 [02:17<07:23, 96.07it/s]Running loglikelihood requests:  11%|█         | 5265/47868 [02:17<07:23, 96.10it/s]Running loglikelihood requests:  11%|█         | 5281/47868 [02:17<07:23, 96.12it/s]Running loglikelihood requests:  11%|█         | 5297/47868 [02:17<07:22, 96.19it/s]Running loglikelihood requests:  11%|█         | 5313/47868 [02:17<07:22, 96.18it/s]Running loglikelihood requests:  11%|█         | 5329/47868 [02:17<07:22, 96.09it/s]Running loglikelihood requests:  11%|█         | 5345/47868 [02:18<07:21, 96.42it/s]Running loglikelihood requests:  11%|█         | 5361/47868 [02:18<07:20, 96.44it/s]Running loglikelihood requests:  11%|█         | 5377/47868 [02:18<07:20, 96.49it/s]Running loglikelihood requests:  11%|█▏        | 5393/47868 [02:18<07:19, 96.54it/s]Running loglikelihood requests:  11%|█▏        | 5409/47868 [02:18<07:20, 96.44it/s]Running loglikelihood requests:  11%|█▏        | 5425/47868 [02:18<07:18, 96.75it/s]Running loglikelihood requests:  11%|█▏        | 5441/47868 [02:19<07:19, 96.62it/s]Running loglikelihood requests:  11%|█▏        | 5457/47868 [02:19<07:18, 96.65it/s]Running loglikelihood requests:  11%|█▏        | 5473/47868 [02:19<07:18, 96.71it/s]Running loglikelihood requests:  11%|█▏        | 5489/47868 [02:19<07:18, 96.74it/s]Running loglikelihood requests:  12%|█▏        | 5505/47868 [02:19<07:17, 96.72it/s]Running loglikelihood requests:  12%|█▏        | 5521/47868 [02:19<07:16, 97.01it/s]Running loglikelihood requests:  12%|█▏        | 5537/47868 [02:20<07:17, 96.80it/s]Running loglikelihood requests:  12%|█▏        | 5553/47868 [02:20<07:17, 96.74it/s]Running loglikelihood requests:  12%|█▏        | 5569/47868 [02:20<07:16, 96.83it/s]Running loglikelihood requests:  12%|█▏        | 5585/47868 [02:20<07:16, 96.91it/s]Running loglikelihood requests:  12%|█▏        | 5601/47868 [02:20<07:15, 96.99it/s]Running loglikelihood requests:  12%|█▏        | 5617/47868 [02:20<07:16, 96.89it/s]Running loglikelihood requests:  12%|█▏        | 5633/47868 [02:21<07:16, 96.82it/s]Running loglikelihood requests:  12%|█▏        | 5649/47868 [02:21<07:16, 96.73it/s]Running loglikelihood requests:  12%|█▏        | 5665/47868 [02:21<07:15, 96.85it/s]Running loglikelihood requests:  12%|█▏        | 5681/47868 [02:21<07:15, 96.97it/s]Running loglikelihood requests:  12%|█▏        | 5697/47868 [02:21<07:14, 97.11it/s]Running loglikelihood requests:  12%|█▏        | 5713/47868 [02:21<07:13, 97.21it/s]Running loglikelihood requests:  12%|█▏        | 5729/47868 [02:22<07:13, 97.22it/s]Running loglikelihood requests:  12%|█▏        | 5745/47868 [02:22<07:13, 97.14it/s]Running loglikelihood requests:  12%|█▏        | 5761/47868 [02:22<07:13, 97.10it/s]Running loglikelihood requests:  12%|█▏        | 5777/47868 [02:22<07:13, 97.14it/s]Running loglikelihood requests:  12%|█▏        | 5793/47868 [02:22<07:12, 97.27it/s]Running loglikelihood requests:  12%|█▏        | 5809/47868 [02:22<07:12, 97.30it/s]Running loglikelihood requests:  12%|█▏        | 5825/47868 [02:23<07:11, 97.43it/s]Running loglikelihood requests:  12%|█▏        | 5841/47868 [02:23<07:10, 97.54it/s]Running loglikelihood requests:  12%|█▏        | 5857/47868 [02:23<07:10, 97.61it/s]Running loglikelihood requests:  12%|█▏        | 5873/47868 [02:23<07:10, 97.59it/s]Running loglikelihood requests:  12%|█▏        | 5889/47868 [02:23<07:08, 98.00it/s]Running loglikelihood requests:  12%|█▏        | 5905/47868 [02:23<07:08, 97.98it/s]Running loglikelihood requests:  12%|█▏        | 5921/47868 [02:24<07:08, 97.99it/s]Running loglikelihood requests:  12%|█▏        | 5937/47868 [02:24<07:08, 97.96it/s]Running loglikelihood requests:  12%|█▏        | 5953/47868 [02:24<07:07, 97.97it/s]Running loglikelihood requests:  12%|█▏        | 5969/47868 [02:24<07:07, 98.00it/s]Running loglikelihood requests:  13%|█▎        | 5985/47868 [02:24<07:05, 98.41it/s]Running loglikelihood requests:  13%|█▎        | 6001/47868 [02:24<07:05, 98.30it/s]Running loglikelihood requests:  13%|█▎        | 6017/47868 [02:25<07:06, 98.22it/s]Running loglikelihood requests:  13%|█▎        | 6033/47868 [02:25<07:05, 98.22it/s]Running loglikelihood requests:  13%|█▎        | 6049/47868 [02:25<07:05, 98.35it/s]Running loglikelihood requests:  13%|█▎        | 6065/47868 [02:25<07:04, 98.40it/s]Running loglikelihood requests:  13%|█▎        | 6081/47868 [02:25<07:02, 98.86it/s]Running loglikelihood requests:  13%|█▎        | 6097/47868 [02:25<07:03, 98.74it/s]Running loglikelihood requests:  13%|█▎        | 6113/47868 [02:26<07:03, 98.67it/s]Running loglikelihood requests:  13%|█▎        | 6129/47868 [02:26<07:03, 98.63it/s]Running loglikelihood requests:  13%|█▎        | 6145/47868 [02:26<07:02, 98.71it/s]Running loglikelihood requests:  13%|█▎        | 6161/47868 [02:26<07:02, 98.64it/s]Running loglikelihood requests:  13%|█▎        | 6177/47868 [02:26<07:02, 98.71it/s]Running loglikelihood requests:  13%|█▎        | 6193/47868 [02:26<07:01, 98.77it/s]Running loglikelihood requests:  13%|█▎        | 6209/47868 [02:26<07:00, 99.18it/s]Running loglikelihood requests:  13%|█▎        | 6225/47868 [02:27<07:00, 99.02it/s]Running loglikelihood requests:  13%|█▎        | 6241/47868 [02:27<07:00, 98.93it/s]Running loglikelihood requests:  13%|█▎        | 6257/47868 [02:27<07:00, 98.85it/s]Running loglikelihood requests:  13%|█▎        | 6273/47868 [02:27<07:00, 98.83it/s]Running loglikelihood requests:  13%|█▎        | 6289/47868 [02:27<06:59, 99.21it/s]Running loglikelihood requests:  13%|█▎        | 6305/47868 [02:27<06:59, 99.08it/s]Running loglikelihood requests:  13%|█▎        | 6321/47868 [02:28<06:59, 99.00it/s]Running loglikelihood requests:  13%|█▎        | 6337/47868 [02:28<06:59, 98.97it/s]Running loglikelihood requests:  13%|█▎        | 6353/47868 [02:28<06:59, 98.94it/s]Running loglikelihood requests:  13%|█▎        | 6369/47868 [02:28<06:59, 98.93it/s]Running loglikelihood requests:  13%|█▎        | 6385/47868 [02:28<06:59, 98.90it/s]Running loglikelihood requests:  13%|█▎        | 6401/47868 [02:28<06:59, 98.91it/s]Running loglikelihood requests:  13%|█▎        | 6417/47868 [02:29<06:59, 98.92it/s]Running loglikelihood requests:  13%|█▎        | 6433/47868 [02:29<06:58, 99.05it/s]Running loglikelihood requests:  13%|█▎        | 6449/47868 [02:29<06:57, 99.16it/s]Running loglikelihood requests:  14%|█▎        | 6465/47868 [02:29<06:57, 99.27it/s]Running loglikelihood requests:  14%|█▎        | 6481/47868 [02:29<06:56, 99.45it/s]Running loglikelihood requests:  14%|█▎        | 6497/47868 [02:29<06:55, 99.58it/s]Running loglikelihood requests:  14%|█▎        | 6513/47868 [02:30<06:54, 99.70it/s]Running loglikelihood requests:  14%|█▎        | 6529/47868 [02:30<06:54, 99.76it/s]Running loglikelihood requests:  14%|█▎        | 6545/47868 [02:30<06:52, 100.16it/s]Running loglikelihood requests:  14%|█▎        | 6561/47868 [02:30<06:53, 99.95it/s] Running loglikelihood requests:  14%|█▎        | 6577/47868 [02:30<06:53, 99.84it/s]Running loglikelihood requests:  14%|█▍        | 6593/47868 [02:30<06:53, 99.76it/s]Running loglikelihood requests:  14%|█▍        | 6609/47868 [02:30<06:54, 99.65it/s]Running loglikelihood requests:  14%|█▍        | 6625/47868 [02:31<06:50, 100.49it/s]Running loglikelihood requests:  14%|█▍        | 6641/47868 [02:31<06:47, 101.26it/s]Running loglikelihood requests:  14%|█▍        | 6657/47868 [02:31<06:44, 101.77it/s]Running loglikelihood requests:  14%|█▍        | 6673/47868 [02:31<06:44, 101.94it/s]Running loglikelihood requests:  14%|█▍        | 6689/47868 [02:31<06:41, 102.68it/s]Running loglikelihood requests:  14%|█▍        | 6705/47868 [02:31<06:40, 102.70it/s]Running loglikelihood requests:  14%|█▍        | 6721/47868 [02:32<06:40, 102.69it/s]Running loglikelihood requests:  14%|█▍        | 6737/47868 [02:32<06:40, 102.81it/s]Running loglikelihood requests:  14%|█▍        | 6753/47868 [02:32<06:39, 102.98it/s]Running loglikelihood requests:  14%|█▍        | 6769/47868 [02:32<06:38, 103.10it/s]Running loglikelihood requests:  14%|█▍        | 6785/47868 [02:32<06:37, 103.44it/s]Running loglikelihood requests:  14%|█▍        | 6801/47868 [02:32<06:36, 103.52it/s]Running loglikelihood requests:  14%|█▍        | 6817/47868 [02:33<06:32, 104.47it/s]Running loglikelihood requests:  14%|█▍        | 6833/47868 [02:33<06:29, 105.32it/s]Running loglikelihood requests:  14%|█▍        | 6849/47868 [02:33<06:25, 106.36it/s]Running loglikelihood requests:  14%|█▍        | 6865/47868 [02:33<06:18, 108.24it/s]Running loglikelihood requests:  14%|█▍        | 6881/47868 [02:33<06:12, 110.14it/s]Running loglikelihood requests:  14%|█▍        | 6897/47868 [02:33<06:06, 111.70it/s]Running loglikelihood requests:  14%|█▍        | 6913/47868 [02:33<06:03, 112.80it/s]Running loglikelihood requests:  14%|█▍        | 6929/47868 [02:34<05:59, 113.74it/s]Running loglikelihood requests:  15%|█▍        | 6945/47868 [02:34<05:52, 116.23it/s]Running loglikelihood requests:  15%|█▍        | 6961/47868 [02:34<05:45, 118.45it/s]Running loglikelihood requests:  15%|█▍        | 6977/47868 [02:34<05:41, 119.75it/s]Running loglikelihood requests:  15%|█▍        | 6993/47868 [02:34<05:37, 120.96it/s]Running loglikelihood requests:  15%|█▍        | 7009/47868 [02:34<05:35, 121.90it/s]Running loglikelihood requests:  15%|█▍        | 7025/47868 [02:34<05:33, 122.64it/s]Running loglikelihood requests:  15%|█▍        | 7041/47868 [02:34<05:29, 123.79it/s]Running loglikelihood requests:  15%|█▍        | 7057/47868 [02:35<05:28, 124.20it/s]Running loglikelihood requests:  15%|█▍        | 7073/47868 [02:35<05:27, 124.45it/s]Running loglikelihood requests:  15%|█▍        | 7089/47868 [02:35<05:25, 125.27it/s]Running loglikelihood requests:  15%|█▍        | 7105/47868 [02:35<05:23, 125.88it/s]Running loglikelihood requests:  15%|█▍        | 7121/47868 [02:35<05:23, 126.11it/s]Running loglikelihood requests:  15%|█▍        | 7137/47868 [02:35<05:22, 126.40it/s]Running loglikelihood requests:  15%|█▍        | 7153/47868 [02:35<05:20, 126.93it/s]Running loglikelihood requests:  15%|█▍        | 7169/47868 [02:35<05:19, 127.47it/s]Running loglikelihood requests:  15%|█▌        | 7185/47868 [02:36<05:18, 127.63it/s]Running loglikelihood requests:  15%|█▌        | 7201/47868 [02:36<05:18, 127.63it/s]Running loglikelihood requests:  15%|█▌        | 7217/47868 [02:36<05:18, 127.79it/s]Running loglikelihood requests:  15%|█▌        | 7233/47868 [02:36<05:17, 127.91it/s]Running loglikelihood requests:  15%|█▌        | 7249/47868 [02:36<05:16, 128.22it/s]Running loglikelihood requests:  15%|█▌        | 7265/47868 [02:36<05:15, 128.67it/s]Running loglikelihood requests:  15%|█▌        | 7281/47868 [02:36<05:14, 129.06it/s]Running loglikelihood requests:  15%|█▌        | 7297/47868 [02:36<05:14, 129.16it/s]Running loglikelihood requests:  15%|█▌        | 7313/47868 [02:37<05:14, 129.09it/s]Running loglikelihood requests:  15%|█▌        | 7329/47868 [02:37<05:14, 128.99it/s]Running loglikelihood requests:  15%|█▌        | 7345/47868 [02:37<05:14, 128.96it/s]Running loglikelihood requests:  15%|█▌        | 7361/47868 [02:37<05:14, 128.90it/s]Running loglikelihood requests:  15%|█▌        | 7377/47868 [02:37<05:12, 129.42it/s]Running loglikelihood requests:  15%|█▌        | 7393/47868 [02:37<05:12, 129.45it/s]Running loglikelihood requests:  15%|█▌        | 7409/47868 [02:37<05:12, 129.64it/s]Running loglikelihood requests:  16%|█▌        | 7425/47868 [02:37<05:11, 129.87it/s]Running loglikelihood requests:  16%|█▌        | 7441/47868 [02:38<05:11, 129.95it/s]Running loglikelihood requests:  16%|█▌        | 7457/47868 [02:38<05:10, 129.99it/s]Running loglikelihood requests:  16%|█▌        | 7473/47868 [02:38<05:10, 129.95it/s]Running loglikelihood requests:  16%|█▌        | 7489/47868 [02:38<05:11, 129.78it/s]Running loglikelihood requests:  16%|█▌        | 7505/47868 [02:38<05:11, 129.65it/s]Running loglikelihood requests:  16%|█▌        | 7521/47868 [02:38<05:11, 129.61it/s]Running loglikelihood requests:  16%|█▌        | 7537/47868 [02:38<05:11, 129.60it/s]Running loglikelihood requests:  16%|█▌        | 7553/47868 [02:38<05:10, 129.79it/s]Running loglikelihood requests:  16%|█▌        | 7569/47868 [02:39<05:07, 131.17it/s]Running loglikelihood requests:  16%|█▌        | 7585/47868 [02:39<05:05, 131.80it/s]Running loglikelihood requests:  16%|█▌        | 7601/47868 [02:39<05:04, 132.21it/s]Running loglikelihood requests:  16%|█▌        | 7617/47868 [02:39<05:03, 132.52it/s]Running loglikelihood requests:  16%|█▌        | 7633/47868 [02:39<05:03, 132.67it/s]Running loglikelihood requests:  16%|█▌        | 7649/47868 [02:39<05:03, 132.71it/s]Running loglikelihood requests:  16%|█▌        | 7665/47868 [02:39<05:02, 132.86it/s]Running loglikelihood requests:  16%|█▌        | 7681/47868 [02:39<05:02, 132.97it/s]Running loglikelihood requests:  16%|█▌        | 7697/47868 [02:39<05:01, 133.23it/s]Running loglikelihood requests:  16%|█▌        | 7713/47868 [02:40<05:00, 133.52it/s]Running loglikelihood requests:  16%|█▌        | 7729/47868 [02:40<04:59, 134.23it/s]Running loglikelihood requests:  16%|█▌        | 7745/47868 [02:40<04:58, 134.21it/s]Running loglikelihood requests:  16%|█▌        | 7761/47868 [02:40<04:58, 134.22it/s]Running loglikelihood requests:  16%|█▌        | 7777/47868 [02:40<04:59, 134.05it/s]Running loglikelihood requests:  16%|█▋        | 7793/47868 [02:40<04:59, 133.98it/s]Running loglikelihood requests:  16%|█▋        | 7809/47868 [02:40<04:59, 133.93it/s]Running loglikelihood requests:  16%|█▋        | 7825/47868 [02:40<04:59, 133.85it/s]Running loglikelihood requests:  16%|█▋        | 7841/47868 [02:41<04:58, 134.00it/s]Running loglikelihood requests:  16%|█▋        | 7857/47868 [02:41<04:58, 134.20it/s]Running loglikelihood requests:  16%|█▋        | 7873/47868 [02:41<04:57, 134.52it/s]Running loglikelihood requests:  16%|█▋        | 7889/47868 [02:41<04:55, 135.08it/s]Running loglikelihood requests:  17%|█▋        | 7905/47868 [02:41<04:56, 134.92it/s]Running loglikelihood requests:  17%|█▋        | 7921/47868 [02:41<04:56, 134.66it/s]Running loglikelihood requests:  17%|█▋        | 7937/47868 [02:41<04:57, 134.34it/s]Running loglikelihood requests:  17%|█▋        | 7953/47868 [02:41<04:57, 134.24it/s]Running loglikelihood requests:  17%|█▋        | 7969/47868 [02:41<04:57, 134.32it/s]Running loglikelihood requests:  17%|█▋        | 7985/47868 [02:42<04:56, 134.54it/s]Running loglikelihood requests:  17%|█▋        | 8001/47868 [02:42<04:55, 134.88it/s]Running loglikelihood requests:  17%|█▋        | 8017/47868 [02:42<04:55, 135.04it/s]Running loglikelihood requests:  17%|█▋        | 8033/47868 [02:42<04:55, 134.92it/s]Running loglikelihood requests:  17%|█▋        | 8049/47868 [02:42<04:55, 134.71it/s]Running loglikelihood requests:  17%|█▋        | 8065/47868 [02:42<04:54, 134.96it/s]Running loglikelihood requests:  17%|█▋        | 8081/47868 [02:42<04:54, 135.20it/s]Running loglikelihood requests:  17%|█▋        | 8097/47868 [02:42<04:54, 135.16it/s]Running loglikelihood requests:  17%|█▋        | 8113/47868 [02:43<04:53, 135.31it/s]Running loglikelihood requests:  17%|█▋        | 8129/47868 [02:43<04:53, 135.30it/s]Running loglikelihood requests:  17%|█▋        | 8145/47868 [02:43<04:54, 135.07it/s]Running loglikelihood requests:  17%|█▋        | 8161/47868 [02:43<04:54, 134.91it/s]Running loglikelihood requests:  17%|█▋        | 8177/47868 [02:43<04:54, 134.83it/s]Running loglikelihood requests:  17%|█▋        | 8193/47868 [02:43<04:54, 134.93it/s]Running loglikelihood requests:  17%|█▋        | 8209/47868 [02:43<04:53, 135.27it/s]Running loglikelihood requests:  17%|█▋        | 8225/47868 [02:43<04:52, 135.50it/s]Running loglikelihood requests:  17%|█▋        | 8241/47868 [02:43<04:52, 135.36it/s]Running loglikelihood requests:  17%|█▋        | 8257/47868 [02:44<04:52, 135.34it/s]Running loglikelihood requests:  17%|█▋        | 8273/47868 [02:44<04:52, 135.20it/s]Running loglikelihood requests:  17%|█▋        | 8289/47868 [02:44<04:52, 135.52it/s]Running loglikelihood requests:  17%|█▋        | 8305/47868 [02:44<04:51, 135.68it/s]Running loglikelihood requests:  17%|█▋        | 8321/47868 [02:44<04:50, 136.00it/s]Running loglikelihood requests:  17%|█▋        | 8337/47868 [02:44<04:50, 135.97it/s]Running loglikelihood requests:  17%|█▋        | 8353/47868 [02:44<04:50, 135.83it/s]Running loglikelihood requests:  17%|█▋        | 8369/47868 [02:44<04:51, 135.67it/s]Running loglikelihood requests:  18%|█▊        | 8385/47868 [02:45<04:51, 135.64it/s]Running loglikelihood requests:  18%|█▊        | 8401/47868 [02:45<04:50, 135.92it/s]Running loglikelihood requests:  18%|█▊        | 8417/47868 [02:45<04:49, 136.05it/s]Running loglikelihood requests:  18%|█▊        | 8433/47868 [02:45<04:50, 135.93it/s]Running loglikelihood requests:  18%|█▊        | 8449/47868 [02:45<04:50, 135.85it/s]Running loglikelihood requests:  18%|█▊        | 8465/47868 [02:45<04:50, 135.71it/s]Running loglikelihood requests:  18%|█▊        | 8481/47868 [02:45<04:49, 135.88it/s]Running loglikelihood requests:  18%|█▊        | 8497/47868 [02:45<04:49, 136.15it/s]Running loglikelihood requests:  18%|█▊        | 8513/47868 [02:45<04:48, 136.20it/s]Running loglikelihood requests:  18%|█▊        | 8529/47868 [02:46<04:49, 135.96it/s]Running loglikelihood requests:  18%|█▊        | 8545/47868 [02:46<04:48, 136.14it/s]Running loglikelihood requests:  18%|█▊        | 8561/47868 [02:46<04:47, 136.57it/s]Running loglikelihood requests:  18%|█▊        | 8577/47868 [02:46<04:47, 136.73it/s]Running loglikelihood requests:  18%|█▊        | 8593/47868 [02:46<04:47, 136.58it/s]Running loglikelihood requests:  18%|█▊        | 8609/47868 [02:46<04:47, 136.34it/s]Running loglikelihood requests:  18%|█▊        | 8625/47868 [02:46<04:48, 136.22it/s]Running loglikelihood requests:  18%|█▊        | 8641/47868 [02:46<04:47, 136.45it/s]Running loglikelihood requests:  18%|█▊        | 8657/47868 [02:47<04:46, 136.66it/s]Running loglikelihood requests:  18%|█▊        | 8673/47868 [02:47<04:46, 136.68it/s]Running loglikelihood requests:  18%|█▊        | 8689/47868 [02:47<04:47, 136.36it/s]Running loglikelihood requests:  18%|█▊        | 8705/47868 [02:47<04:47, 136.32it/s]Running loglikelihood requests:  18%|█▊        | 8721/47868 [02:47<04:46, 136.64it/s]Running loglikelihood requests:  18%|█▊        | 8737/47868 [02:47<04:45, 137.07it/s]Running loglikelihood requests:  18%|█▊        | 8753/47868 [02:47<04:45, 137.05it/s]Running loglikelihood requests:  18%|█▊        | 8769/47868 [02:47<04:45, 136.75it/s]Running loglikelihood requests:  18%|█▊        | 8785/47868 [02:47<04:45, 136.80it/s]Running loglikelihood requests:  18%|█▊        | 8801/47868 [02:48<04:45, 136.90it/s]Running loglikelihood requests:  18%|█▊        | 8817/47868 [02:48<04:45, 136.83it/s]Running loglikelihood requests:  18%|█▊        | 8833/47868 [02:48<04:45, 136.60it/s]Running loglikelihood requests:  18%|█▊        | 8849/47868 [02:48<04:45, 136.56it/s]Running loglikelihood requests:  19%|█▊        | 8865/47868 [02:48<04:44, 136.90it/s]Running loglikelihood requests:  19%|█▊        | 8881/47868 [02:48<04:44, 136.92it/s]Running loglikelihood requests:  19%|█▊        | 8897/47868 [02:48<04:44, 136.81it/s]Running loglikelihood requests:  19%|█▊        | 8913/47868 [02:48<04:45, 136.61it/s]Running loglikelihood requests:  19%|█▊        | 8929/47868 [02:49<04:44, 136.71it/s]Running loglikelihood requests:  19%|█▊        | 8945/47868 [02:49<04:43, 137.43it/s]Running loglikelihood requests:  19%|█▊        | 8961/47868 [02:49<04:42, 137.64it/s]Running loglikelihood requests:  19%|█▉        | 8977/47868 [02:49<04:42, 137.59it/s]Running loglikelihood requests:  19%|█▉        | 8993/47868 [02:49<04:42, 137.39it/s]Running loglikelihood requests:  19%|█▉        | 9009/47868 [02:49<04:42, 137.54it/s]Running loglikelihood requests:  19%|█▉        | 9025/47868 [02:49<04:42, 137.34it/s]Running loglikelihood requests:  19%|█▉        | 9041/47868 [02:49<04:43, 136.93it/s]Running loglikelihood requests:  19%|█▉        | 9057/47868 [02:49<04:43, 136.95it/s]Running loglikelihood requests:  19%|█▉        | 9073/47868 [02:50<04:42, 137.25it/s]Running loglikelihood requests:  19%|█▉        | 9089/47868 [02:50<04:42, 137.15it/s]Running loglikelihood requests:  19%|█▉        | 9105/47868 [02:50<04:42, 137.01it/s]Running loglikelihood requests:  19%|█▉        | 9121/47868 [02:50<04:42, 137.12it/s]Running loglikelihood requests:  19%|█▉        | 9137/47868 [02:50<04:41, 137.41it/s]Running loglikelihood requests:  19%|█▉        | 9153/47868 [02:50<04:41, 137.40it/s]Running loglikelihood requests:  19%|█▉        | 9169/47868 [02:50<04:42, 137.22it/s]Running loglikelihood requests:  19%|█▉        | 9185/47868 [02:50<04:42, 137.11it/s]Running loglikelihood requests:  19%|█▉        | 9201/47868 [02:51<04:39, 138.19it/s]Running loglikelihood requests:  19%|█▉        | 9217/47868 [02:51<04:38, 138.73it/s]Running loglikelihood requests:  19%|█▉        | 9233/47868 [02:51<04:38, 138.60it/s]Running loglikelihood requests:  19%|█▉        | 9249/47868 [02:51<04:37, 138.94it/s]Running loglikelihood requests:  19%|█▉        | 9265/47868 [02:51<04:37, 139.02it/s]Running loglikelihood requests:  19%|█▉        | 9281/47868 [02:51<04:37, 138.86it/s]Running loglikelihood requests:  19%|█▉        | 9297/47868 [02:51<04:37, 139.01it/s]Running loglikelihood requests:  19%|█▉        | 9313/47868 [02:51<04:37, 139.02it/s]Running loglikelihood requests:  19%|█▉        | 9329/47868 [02:51<04:37, 138.91it/s]Running loglikelihood requests:  20%|█▉        | 9345/47868 [02:52<04:37, 139.02it/s]Running loglikelihood requests:  20%|█▉        | 9361/47868 [02:52<04:36, 139.38it/s]Running loglikelihood requests:  20%|█▉        | 9377/47868 [02:52<04:36, 139.13it/s]Running loglikelihood requests:  20%|█▉        | 9393/47868 [02:52<04:36, 139.15it/s]Running loglikelihood requests:  20%|█▉        | 9409/47868 [02:52<04:35, 139.49it/s]Running loglikelihood requests:  20%|█▉        | 9425/47868 [02:52<04:35, 139.29it/s]Running loglikelihood requests:  20%|█▉        | 9441/47868 [02:52<04:35, 139.62it/s]Running loglikelihood requests:  20%|█▉        | 9457/47868 [02:52<04:34, 139.86it/s]Running loglikelihood requests:  20%|█▉        | 9473/47868 [02:52<04:35, 139.53it/s]Running loglikelihood requests:  20%|█▉        | 9489/47868 [02:53<04:35, 139.54it/s]Running loglikelihood requests:  20%|█▉        | 9505/47868 [02:53<04:34, 139.68it/s]Running loglikelihood requests:  20%|█▉        | 9521/47868 [02:53<04:34, 139.48it/s]Running loglikelihood requests:  20%|█▉        | 9537/47868 [02:53<04:34, 139.46it/s]Running loglikelihood requests:  20%|█▉        | 9553/47868 [02:53<04:34, 139.83it/s]Running loglikelihood requests:  20%|█▉        | 9569/47868 [02:53<04:34, 139.68it/s]Running loglikelihood requests:  20%|██        | 9585/47868 [02:53<04:33, 139.74it/s]Running loglikelihood requests:  20%|██        | 9601/47868 [02:53<04:33, 139.87it/s]Running loglikelihood requests:  20%|██        | 9617/47868 [02:54<04:33, 139.62it/s]Running loglikelihood requests:  20%|██        | 9633/47868 [02:54<04:33, 139.94it/s]Running loglikelihood requests:  20%|██        | 9649/47868 [02:54<04:32, 140.29it/s]Running loglikelihood requests:  20%|██        | 9665/47868 [02:54<04:32, 140.31it/s]Running loglikelihood requests:  20%|██        | 9681/47868 [02:54<04:32, 140.39it/s]Running loglikelihood requests:  20%|██        | 9697/47868 [02:54<04:32, 140.04it/s]Running loglikelihood requests:  20%|██        | 9713/47868 [02:54<04:32, 139.92it/s]Running loglikelihood requests:  20%|██        | 9729/47868 [02:54<04:32, 140.18it/s]Running loglikelihood requests:  20%|██        | 9745/47868 [02:54<04:32, 139.92it/s]Running loglikelihood requests:  20%|██        | 9761/47868 [02:55<04:32, 139.88it/s]Running loglikelihood requests:  20%|██        | 9777/47868 [02:55<04:32, 140.00it/s]Running loglikelihood requests:  20%|██        | 9793/47868 [02:55<04:32, 139.84it/s]Running loglikelihood requests:  20%|██        | 9809/47868 [02:55<04:32, 139.87it/s]Running loglikelihood requests:  21%|██        | 9825/47868 [02:55<04:31, 140.03it/s]Running loglikelihood requests:  21%|██        | 9841/47868 [02:55<04:31, 139.85it/s]Running loglikelihood requests:  21%|██        | 9857/47868 [02:55<04:31, 140.19it/s]Running loglikelihood requests:  21%|██        | 9873/47868 [02:55<04:31, 140.19it/s]Running loglikelihood requests:  21%|██        | 9889/47868 [02:55<04:31, 139.93it/s]Running loglikelihood requests:  21%|██        | 9905/47868 [02:56<04:29, 140.62it/s]Running loglikelihood requests:  21%|██        | 9921/47868 [02:56<04:29, 140.61it/s]Running loglikelihood requests:  21%|██        | 9937/47868 [02:56<04:29, 140.54it/s]Running loglikelihood requests:  21%|██        | 9953/47868 [02:56<04:29, 140.54it/s]Running loglikelihood requests:  21%|██        | 9969/47868 [02:56<04:30, 140.16it/s]Running loglikelihood requests:  21%|██        | 9985/47868 [02:56<04:29, 140.42it/s]Running loglikelihood requests:  21%|██        | 10001/47868 [02:56<04:30, 140.24it/s]Running loglikelihood requests:  21%|██        | 10017/47868 [02:56<04:30, 140.05it/s]Running loglikelihood requests:  21%|██        | 10033/47868 [02:56<04:29, 140.31it/s]Running loglikelihood requests:  21%|██        | 10049/47868 [02:57<04:29, 140.15it/s]Running loglikelihood requests:  21%|██        | 10065/47868 [02:57<04:29, 140.11it/s]Running loglikelihood requests:  21%|██        | 10081/47868 [02:57<04:29, 140.40it/s]Running loglikelihood requests:  21%|██        | 10097/47868 [02:57<04:29, 140.31it/s]Running loglikelihood requests:  21%|██        | 10113/47868 [02:57<04:27, 141.15it/s]Running loglikelihood requests:  21%|██        | 10129/47868 [02:57<04:26, 141.48it/s]Running loglikelihood requests:  21%|██        | 10145/47868 [02:57<04:27, 141.28it/s]Running loglikelihood requests:  21%|██        | 10161/47868 [02:57<04:26, 141.37it/s]Running loglikelihood requests:  21%|██▏       | 10177/47868 [02:57<04:26, 141.17it/s]Running loglikelihood requests:  21%|██▏       | 10193/47868 [02:58<04:26, 141.48it/s]Running loglikelihood requests:  21%|██▏       | 10209/47868 [02:58<04:26, 141.40it/s]Running loglikelihood requests:  21%|██▏       | 10225/47868 [02:58<04:26, 141.47it/s]Running loglikelihood requests:  21%|██▏       | 10241/47868 [02:58<04:25, 141.51it/s]Running loglikelihood requests:  21%|██▏       | 10257/47868 [02:58<04:25, 141.40it/s]Running loglikelihood requests:  21%|██▏       | 10273/47868 [02:58<04:25, 141.65it/s]Running loglikelihood requests:  21%|██▏       | 10289/47868 [02:58<04:25, 141.42it/s]Running loglikelihood requests:  22%|██▏       | 10305/47868 [02:58<04:24, 142.05it/s]Running loglikelihood requests:  22%|██▏       | 10321/47868 [02:59<04:24, 141.86it/s]Running loglikelihood requests:  22%|██▏       | 10337/47868 [02:59<04:24, 141.87it/s]Running loglikelihood requests:  22%|██▏       | 10353/47868 [02:59<04:24, 141.86it/s]Running loglikelihood requests:  22%|██▏       | 10369/47868 [02:59<04:24, 141.66it/s]Running loglikelihood requests:  22%|██▏       | 10385/47868 [02:59<04:23, 142.03it/s]Running loglikelihood requests:  22%|██▏       | 10401/47868 [02:59<04:24, 141.68it/s]Running loglikelihood requests:  22%|██▏       | 10417/47868 [02:59<04:23, 142.06it/s]Running loglikelihood requests:  22%|██▏       | 10433/47868 [02:59<04:23, 141.95it/s]Running loglikelihood requests:  22%|██▏       | 10449/47868 [02:59<04:23, 142.07it/s]Running loglikelihood requests:  22%|██▏       | 10465/47868 [03:00<04:22, 142.41it/s]Running loglikelihood requests:  22%|██▏       | 10481/47868 [03:00<04:22, 142.37it/s]Running loglikelihood requests:  22%|██▏       | 10497/47868 [03:00<04:22, 142.39it/s]Running loglikelihood requests:  22%|██▏       | 10513/47868 [03:00<04:22, 142.33it/s]Running loglikelihood requests:  22%|██▏       | 10529/47868 [03:00<04:21, 142.61it/s]Running loglikelihood requests:  22%|██▏       | 10545/47868 [03:00<04:22, 142.27it/s]Running loglikelihood requests:  22%|██▏       | 10561/47868 [03:00<04:21, 142.61it/s]Running loglikelihood requests:  22%|██▏       | 10577/47868 [03:00<04:21, 142.46it/s]Running loglikelihood requests:  22%|██▏       | 10593/47868 [03:00<04:21, 142.72it/s]Running loglikelihood requests:  22%|██▏       | 10609/47868 [03:01<04:21, 142.54it/s]Running loglikelihood requests:  22%|██▏       | 10625/47868 [03:01<04:20, 142.77it/s]Running loglikelihood requests:  22%|██▏       | 10640/47868 [03:01<04:30, 137.66it/s]Running loglikelihood requests:  22%|██▏       | 10654/47868 [03:01<04:37, 134.04it/s]Running loglikelihood requests:  22%|██▏       | 10668/47868 [03:01<04:42, 131.65it/s]Running loglikelihood requests:  22%|██▏       | 10684/47868 [03:01<04:35, 134.82it/s]Running loglikelihood requests:  22%|██▏       | 10700/47868 [03:01<04:30, 137.38it/s]Running loglikelihood requests:  22%|██▏       | 10716/47868 [03:01<04:27, 138.79it/s]Running loglikelihood requests:  22%|██▏       | 10730/47868 [03:01<04:35, 134.98it/s]Running loglikelihood requests:  22%|██▏       | 10745/47868 [03:02<04:35, 134.58it/s]Running loglikelihood requests:  22%|██▏       | 10759/47868 [03:02<04:40, 132.08it/s]Running loglikelihood requests:  23%|██▎       | 10775/47868 [03:02<04:33, 135.83it/s]Running loglikelihood requests:  23%|██▎       | 10791/47868 [03:02<04:25, 139.87it/s]Running loglikelihood requests:  23%|██▎       | 10807/47868 [03:02<04:20, 142.36it/s]Running loglikelihood requests:  23%|██▎       | 10823/47868 [03:02<04:16, 144.24it/s]Running loglikelihood requests:  23%|██▎       | 10838/47868 [03:02<04:18, 143.22it/s]Running loglikelihood requests:  23%|██▎       | 10853/47868 [03:02<04:20, 142.17it/s]Running loglikelihood requests:  23%|██▎       | 10868/47868 [03:02<04:21, 141.23it/s]Running loglikelihood requests:  23%|██▎       | 10883/47868 [03:03<04:22, 141.10it/s]Running loglikelihood requests:  23%|██▎       | 10898/47868 [03:03<04:21, 141.41it/s]Running loglikelihood requests:  23%|██▎       | 10913/47868 [03:03<04:21, 141.16it/s]Running loglikelihood requests:  23%|██▎       | 10928/47868 [03:03<04:22, 140.81it/s]Running loglikelihood requests:  23%|██▎       | 10943/47868 [03:03<04:22, 140.92it/s]Running loglikelihood requests:  23%|██▎       | 10958/47868 [03:03<04:22, 140.87it/s]Running loglikelihood requests:  23%|██▎       | 10973/47868 [03:03<04:21, 140.85it/s]Running loglikelihood requests:  23%|██▎       | 10988/47868 [03:03<04:21, 140.77it/s]Running loglikelihood requests:  23%|██▎       | 11003/47868 [03:03<04:21, 141.04it/s]Running loglikelihood requests:  23%|██▎       | 11018/47868 [03:03<04:21, 141.09it/s]Running loglikelihood requests:  23%|██▎       | 11033/47868 [03:04<04:21, 140.89it/s]Running loglikelihood requests:  23%|██▎       | 11048/47868 [03:04<04:20, 141.21it/s]Running loglikelihood requests:  23%|██▎       | 11063/47868 [03:04<04:20, 141.45it/s]Running loglikelihood requests:  23%|██▎       | 11078/47868 [03:04<05:36, 109.45it/s]Running loglikelihood requests:  23%|██▎       | 11092/47868 [03:04<05:19, 115.04it/s]Running loglikelihood requests:  23%|██▎       | 11108/47868 [03:04<04:55, 124.53it/s]Running loglikelihood requests:  23%|██▎       | 11122/47868 [03:04<04:48, 127.15it/s]Running loglikelihood requests:  23%|██▎       | 11136/47868 [03:04<04:45, 128.81it/s]Running loglikelihood requests:  23%|██▎       | 11150/47868 [03:05<04:42, 129.85it/s]Running loglikelihood requests:  23%|██▎       | 11164/47868 [03:05<04:41, 130.60it/s]Running loglikelihood requests:  23%|██▎       | 11178/47868 [03:05<04:39, 131.31it/s]Running loglikelihood requests:  23%|██▎       | 11192/47868 [03:05<04:37, 132.05it/s]Running loglikelihood requests:  23%|██▎       | 11206/47868 [03:05<04:36, 132.79it/s]Running loglikelihood requests:  23%|██▎       | 11220/47868 [03:05<05:55, 102.97it/s]Running loglikelihood requests:  23%|██▎       | 11232/47868 [03:05<05:45, 105.90it/s]Running loglikelihood requests:  23%|██▎       | 11244/47868 [03:05<05:38, 108.32it/s]Running loglikelihood requests:  24%|██▎       | 11256/47868 [03:05<05:31, 110.32it/s]Running loglikelihood requests:  24%|██▎       | 11268/47868 [03:06<05:25, 112.47it/s]Running loglikelihood requests:  24%|██▎       | 11280/47868 [03:06<06:50, 89.15it/s] Running loglikelihood requests:  24%|██▎       | 11290/47868 [03:06<06:40, 91.26it/s]Running loglikelihood requests:  24%|██▎       | 11300/47868 [03:06<06:32, 93.19it/s]Running loglikelihood requests:  24%|██▎       | 11315/47868 [03:06<05:39, 107.56it/s]Running loglikelihood requests:  24%|██▎       | 11328/47868 [03:06<05:23, 112.89it/s]Running loglikelihood requests:  24%|██▎       | 11342/47868 [03:06<05:05, 119.71it/s]Running loglikelihood requests:  24%|██▎       | 11355/47868 [03:06<04:59, 121.72it/s]Running loglikelihood requests:  24%|██▎       | 11368/47868 [03:06<04:56, 123.06it/s]Running loglikelihood requests:  24%|██▍       | 11381/47868 [03:07<04:53, 124.44it/s]Running loglikelihood requests:  24%|██▍       | 11394/47868 [03:07<04:51, 125.07it/s]Running loglikelihood requests:  24%|██▍       | 11407/47868 [03:07<04:50, 125.57it/s]Running loglikelihood requests:  24%|██▍       | 11420/47868 [03:07<04:49, 126.10it/s]Running loglikelihood requests:  24%|██▍       | 11433/47868 [03:07<04:48, 126.47it/s]Running loglikelihood requests:  24%|██▍       | 11446/47868 [03:07<04:46, 127.13it/s]Running loglikelihood requests:  24%|██▍       | 11459/47868 [03:07<04:45, 127.35it/s]Running loglikelihood requests:  24%|██▍       | 11472/47868 [03:07<04:45, 127.61it/s]Running loglikelihood requests:  24%|██▍       | 11485/47868 [03:07<04:44, 127.83it/s]Running loglikelihood requests:  24%|██▍       | 11499/47868 [03:08<04:37, 131.09it/s]Running loglikelihood requests:  24%|██▍       | 11515/47868 [03:08<04:21, 138.98it/s]Running loglikelihood requests:  24%|██▍       | 11529/47868 [03:08<04:21, 138.73it/s]Running loglikelihood requests:  24%|██▍       | 11543/47868 [03:08<05:39, 107.11it/s]Running loglikelihood requests:  24%|██▍       | 11555/47868 [03:08<05:30, 109.91it/s]Running loglikelihood requests:  24%|██▍       | 11569/47868 [03:08<05:09, 117.26it/s]Running loglikelihood requests:  24%|██▍       | 11582/47868 [03:08<05:01, 120.34it/s]Running loglikelihood requests:  24%|██▍       | 11596/47868 [03:08<04:48, 125.51it/s]Running loglikelihood requests:  24%|██▍       | 11612/47868 [03:08<04:28, 134.90it/s]Running loglikelihood requests:  24%|██▍       | 11628/47868 [03:09<04:15, 141.94it/s]Running loglikelihood requests:  24%|██▍       | 11643/47868 [03:09<04:11, 143.81it/s]Running loglikelihood requests:  24%|██▍       | 11658/47868 [03:09<04:09, 145.09it/s]Running loglikelihood requests:  24%|██▍       | 11673/47868 [03:09<04:07, 146.16it/s]Running loglikelihood requests:  24%|██▍       | 11688/47868 [03:09<04:06, 146.91it/s]Running loglikelihood requests:  24%|██▍       | 11703/47868 [03:09<04:05, 147.48it/s]Running loglikelihood requests:  25%|██▍       | 11729/47868 [03:09<04:15, 141.26it/s]Running loglikelihood requests:  25%|██▍       | 11758/47868 [03:09<04:09, 144.49it/s]Running loglikelihood requests:  25%|██▍       | 11787/47868 [03:10<04:07, 145.70it/s]Running loglikelihood requests:  25%|██▍       | 11818/47868 [03:10<03:20, 179.87it/s]Running loglikelihood requests:  25%|██▍       | 11838/47868 [03:10<03:56, 152.57it/s]Running loglikelihood requests:  25%|██▍       | 11861/47868 [03:10<04:15, 140.89it/s]Running loglikelihood requests:  25%|██▍       | 11887/47868 [03:10<04:19, 138.75it/s]Running loglikelihood requests:  25%|██▍       | 11919/47868 [03:10<04:04, 147.21it/s]Running loglikelihood requests:  25%|██▍       | 11950/47868 [03:11<03:21, 178.27it/s]Running loglikelihood requests:  25%|██▌       | 11970/47868 [03:11<03:54, 152.85it/s]Running loglikelihood requests:  25%|██▌       | 11999/47868 [03:11<03:56, 151.86it/s]Running loglikelihood requests:  25%|██▌       | 12028/47868 [03:11<03:56, 151.45it/s]Running loglikelihood requests:  25%|██▌       | 12060/47868 [03:11<03:49, 155.96it/s]Running loglikelihood requests:  25%|██▌       | 12084/47868 [03:12<04:04, 146.06it/s]Running loglikelihood requests:  25%|██▌       | 12116/47868 [03:12<03:54, 152.21it/s]Running loglikelihood requests:  25%|██▌       | 12148/47868 [03:12<03:48, 156.24it/s]Running loglikelihood requests:  25%|██▌       | 12180/47868 [03:12<03:43, 159.69it/s]Running loglikelihood requests:  26%|██▌       | 12212/47868 [03:12<03:39, 162.24it/s]Running loglikelihood requests:  26%|██▌       | 12244/47868 [03:12<03:36, 164.33it/s]Running loglikelihood requests:  26%|██▌       | 12276/47868 [03:13<03:34, 165.66it/s]Running loglikelihood requests:  26%|██▌       | 12308/47868 [03:13<03:33, 166.50it/s]Running loglikelihood requests:  26%|██▌       | 12340/47868 [03:13<03:32, 167.51it/s]Running loglikelihood requests:  26%|██▌       | 12372/47868 [03:13<03:31, 168.02it/s]Running loglikelihood requests:  26%|██▌       | 12404/47868 [03:13<03:30, 168.40it/s]Running loglikelihood requests:  26%|██▌       | 12436/47868 [03:14<03:29, 169.11it/s]Running loglikelihood requests:  26%|██▌       | 12468/47868 [03:14<03:29, 169.29it/s]Running loglikelihood requests:  26%|██▌       | 12497/47868 [03:14<03:34, 164.60it/s]Running loglikelihood requests:  26%|██▌       | 12526/47868 [03:14<03:38, 161.56it/s]Running loglikelihood requests:  26%|██▌       | 12555/47868 [03:14<03:41, 159.44it/s]Running loglikelihood requests:  26%|██▋       | 12587/47868 [03:15<03:36, 162.74it/s]Running loglikelihood requests:  26%|██▋       | 12616/47868 [03:15<03:39, 160.33it/s]Running loglikelihood requests:  26%|██▋       | 12648/47868 [03:15<03:35, 163.44it/s]Running loglikelihood requests:  26%|██▋       | 12680/47868 [03:15<03:32, 165.60it/s]Running loglikelihood requests:  27%|██▋       | 12709/47868 [03:15<03:36, 162.27it/s]Running loglikelihood requests:  27%|██▋       | 12738/47868 [03:16<03:39, 160.09it/s]Running loglikelihood requests:  27%|██▋       | 12770/47868 [03:16<03:34, 163.45it/s]Running loglikelihood requests:  27%|██▋       | 12802/47868 [03:16<03:31, 165.64it/s]Running loglikelihood requests:  27%|██▋       | 12834/47868 [03:16<03:29, 167.16it/s]Running loglikelihood requests:  27%|██▋       | 12860/47868 [03:16<03:40, 159.02it/s]Running loglikelihood requests:  27%|██▋       | 12889/47868 [03:16<03:41, 158.04it/s]Running loglikelihood requests:  27%|██▋       | 12921/47868 [03:17<03:35, 162.30it/s]Running loglikelihood requests:  27%|██▋       | 12953/47868 [03:17<03:31, 165.09it/s]Running loglikelihood requests:  27%|██▋       | 12985/47868 [03:17<03:28, 166.95it/s]Running loglikelihood requests:  27%|██▋       | 13014/47868 [03:17<03:33, 163.12it/s]Running loglikelihood requests:  27%|██▋       | 13046/47868 [03:17<03:30, 165.33it/s]Running loglikelihood requests:  27%|██▋       | 13078/47868 [03:18<03:28, 166.99it/s]Running loglikelihood requests:  27%|██▋       | 13110/47868 [03:18<03:26, 168.42it/s]Running loglikelihood requests:  27%|██▋       | 13142/47868 [03:18<03:25, 169.17it/s]Running loglikelihood requests:  28%|██▊       | 13174/47868 [03:18<03:24, 169.61it/s]Running loglikelihood requests:  28%|██▊       | 13203/47868 [03:18<03:29, 165.50it/s]Running loglikelihood requests:  28%|██▊       | 13232/47868 [03:18<03:33, 162.53it/s]Running loglikelihood requests:  28%|██▊       | 13264/47868 [03:19<03:29, 165.36it/s]Running loglikelihood requests:  28%|██▊       | 13296/47868 [03:19<03:26, 167.17it/s]Running loglikelihood requests:  28%|██▊       | 13322/47868 [03:19<03:37, 159.07it/s]Running loglikelihood requests:  28%|██▊       | 13351/47868 [03:19<03:37, 158.35it/s]Running loglikelihood requests:  28%|██▊       | 13380/47868 [03:19<03:38, 157.75it/s]Running loglikelihood requests:  28%|██▊       | 13409/47868 [03:20<03:39, 157.20it/s]Running loglikelihood requests:  28%|██▊       | 13439/47868 [03:20<03:36, 158.80it/s]Running loglikelihood requests:  28%|██▊       | 13471/47868 [03:20<03:31, 162.68it/s]Running loglikelihood requests:  28%|██▊       | 13500/47868 [03:20<03:33, 160.74it/s]Running loglikelihood requests:  28%|██▊       | 13529/47868 [03:20<03:35, 159.43it/s]Running loglikelihood requests:  28%|██▊       | 13558/47868 [03:21<03:35, 159.04it/s]Running loglikelihood requests:  28%|██▊       | 13584/47868 [03:21<03:42, 153.81it/s]Running loglikelihood requests:  28%|██▊       | 13613/47868 [03:21<03:41, 154.67it/s]Running loglikelihood requests:  28%|██▊       | 13642/47868 [03:21<03:40, 155.22it/s]Running loglikelihood requests:  29%|██▊       | 13671/47868 [03:21<03:39, 155.67it/s]Running loglikelihood requests:  29%|██▊       | 13697/47868 [03:21<03:45, 151.56it/s]Running loglikelihood requests:  29%|██▊       | 13729/47868 [03:22<03:35, 158.08it/s]Running loglikelihood requests:  29%|██▊       | 13761/47868 [03:22<03:29, 162.85it/s]Running loglikelihood requests:  29%|██▉       | 13790/47868 [03:22<03:31, 161.44it/s]Running loglikelihood requests:  29%|██▉       | 13820/47868 [03:22<03:29, 162.26it/s]Running loglikelihood requests:  29%|██▉       | 13841/47868 [03:22<03:49, 148.35it/s]Running loglikelihood requests:  29%|██▉       | 13873/47868 [03:23<03:37, 156.30it/s]Running loglikelihood requests:  29%|██▉       | 13905/47868 [03:23<03:29, 161.96it/s]Running loglikelihood requests:  29%|██▉       | 13931/47868 [03:23<03:34, 157.89it/s]Running loglikelihood requests:  29%|██▉       | 13960/47868 [03:23<03:32, 159.68it/s]Running loglikelihood requests:  29%|██▉       | 13989/47868 [03:23<03:30, 160.92it/s]Running loglikelihood requests:  29%|██▉       | 14021/47868 [03:23<03:22, 166.98it/s]Running loglikelihood requests:  29%|██▉       | 14050/47868 [03:24<03:23, 166.27it/s]Running loglikelihood requests:  29%|██▉       | 14073/47868 [03:24<03:36, 155.79it/s]Running loglikelihood requests:  29%|██▉       | 14099/47868 [03:24<03:40, 153.45it/s]Running loglikelihood requests:  30%|██▉       | 14129/47868 [03:24<03:32, 158.73it/s]Running loglikelihood requests:  30%|██▉       | 14161/47868 [03:24<03:23, 165.57it/s]Running loglikelihood requests:  30%|██▉       | 14190/47868 [03:25<03:23, 165.49it/s]Running loglikelihood requests:  30%|██▉       | 14222/47868 [03:25<03:17, 170.62it/s]Running loglikelihood requests:  30%|██▉       | 14251/47868 [03:25<03:18, 168.95it/s]Running loglikelihood requests:  30%|██▉       | 14277/47868 [03:25<03:26, 162.89it/s]Running loglikelihood requests:  30%|██▉       | 14306/47868 [03:25<03:24, 163.87it/s]Running loglikelihood requests:  30%|██▉       | 14332/47868 [03:25<03:30, 159.36it/s]Running loglikelihood requests:  30%|███       | 14362/47868 [03:26<03:24, 163.48it/s]Running loglikelihood requests:  30%|███       | 14386/47868 [03:26<03:35, 155.72it/s]Running loglikelihood requests:  30%|███       | 14418/47868 [03:26<03:24, 163.85it/s]Running loglikelihood requests:  30%|███       | 14442/47868 [03:26<03:33, 156.32it/s]Running loglikelihood requests:  30%|███       | 14474/47868 [03:26<03:23, 164.38it/s]Running loglikelihood requests:  30%|███       | 14497/47868 [03:26<03:35, 155.06it/s]Running loglikelihood requests:  30%|███       | 14529/47868 [03:27<03:23, 163.84it/s]Running loglikelihood requests:  30%|███       | 14561/47868 [03:27<03:16, 169.90it/s]Running loglikelihood requests:  30%|███       | 14584/47868 [03:27<03:29, 159.13it/s]Running loglikelihood requests:  31%|███       | 14610/47868 [03:27<03:32, 156.30it/s]Running loglikelihood requests:  31%|███       | 14630/47868 [03:27<03:50, 144.46it/s]Running loglikelihood requests:  31%|███       | 14651/47868 [03:27<04:01, 137.56it/s]Running loglikelihood requests:  31%|███       | 14678/47868 [03:28<03:51, 143.40it/s]Running loglikelihood requests:  31%|███       | 14705/47868 [03:28<03:45, 147.33it/s]Running loglikelihood requests:  31%|███       | 14737/47868 [03:28<03:28, 158.69it/s]Running loglikelihood requests:  31%|███       | 14769/47868 [03:28<03:18, 166.45it/s]Running loglikelihood requests:  31%|███       | 14798/47868 [03:28<03:18, 166.75it/s]Running loglikelihood requests:  31%|███       | 14821/47868 [03:28<03:30, 156.91it/s]Running loglikelihood requests:  31%|███       | 14853/47868 [03:29<03:19, 165.62it/s]Running loglikelihood requests:  31%|███       | 14879/47868 [03:29<03:24, 161.30it/s]Running loglikelihood requests:  31%|███       | 14905/47868 [03:29<03:28, 158.13it/s]Running loglikelihood requests:  31%|███       | 14932/47868 [03:29<03:28, 157.82it/s]Running loglikelihood requests:  31%|███▏      | 14964/47868 [03:29<03:18, 166.06it/s]Running loglikelihood requests:  31%|███▏      | 14990/47868 [03:30<03:23, 161.79it/s]Running loglikelihood requests:  31%|███▏      | 15016/47868 [03:30<03:27, 158.65it/s]Running loglikelihood requests:  31%|███▏      | 15046/47868 [03:30<03:20, 163.48it/s]Running loglikelihood requests:  31%|███▏      | 15070/47868 [03:30<03:29, 156.29it/s]Running loglikelihood requests:  32%|███▏      | 15102/47868 [03:30<03:18, 165.16it/s]Running loglikelihood requests:  32%|███▏      | 15131/47868 [03:30<03:17, 166.09it/s]Running loglikelihood requests:  32%|███▏      | 15157/47868 [03:31<03:21, 162.54it/s]Running loglikelihood requests:  32%|███▏      | 15183/47868 [03:31<03:23, 160.39it/s]Running loglikelihood requests:  32%|███▏      | 15206/47868 [03:31<03:32, 153.51it/s]Running loglikelihood requests:  32%|███▏      | 15238/47868 [03:31<03:17, 165.33it/s]Running loglikelihood requests:  32%|███▏      | 15270/47868 [03:31<03:07, 173.56it/s]Running loglikelihood requests:  32%|███▏      | 15302/47868 [03:31<03:01, 179.34it/s]Running loglikelihood requests:  32%|███▏      | 15331/47868 [03:32<03:03, 177.77it/s]Running loglikelihood requests:  32%|███▏      | 15357/47868 [03:32<03:09, 171.78it/s]Running loglikelihood requests:  32%|███▏      | 15383/47868 [03:32<03:13, 167.86it/s]Running loglikelihood requests:  32%|███▏      | 15407/47868 [03:32<03:21, 161.44it/s]Running loglikelihood requests:  32%|███▏      | 15431/47868 [03:32<03:26, 156.85it/s]Running loglikelihood requests:  32%|███▏      | 15463/47868 [03:32<03:13, 167.85it/s]Running loglikelihood requests:  32%|███▏      | 15495/47868 [03:33<03:04, 175.18it/s]Running loglikelihood requests:  32%|███▏      | 15521/47868 [03:33<03:10, 170.05it/s]Running loglikelihood requests:  32%|███▏      | 15553/47868 [03:33<03:01, 177.57it/s]Running loglikelihood requests:  33%|███▎      | 15576/47868 [03:33<03:13, 166.56it/s]Running loglikelihood requests:  33%|███▎      | 15602/47868 [03:33<03:16, 164.12it/s]Running loglikelihood requests:  33%|███▎      | 15631/47868 [03:33<03:12, 167.21it/s]Running loglikelihood requests:  33%|███▎      | 15660/47868 [03:34<03:10, 169.41it/s]Running loglikelihood requests:  33%|███▎      | 15692/47868 [03:34<03:02, 176.66it/s]Running loglikelihood requests:  33%|███▎      | 15721/47868 [03:34<03:01, 176.84it/s]Running loglikelihood requests:  33%|███▎      | 15744/47868 [03:34<03:13, 166.28it/s]Running loglikelihood requests:  33%|███▎      | 15770/47868 [03:34<03:15, 164.18it/s]Running loglikelihood requests:  33%|███▎      | 15796/47868 [03:34<03:17, 162.69it/s]Running loglikelihood requests:  33%|███▎      | 15828/47868 [03:35<03:05, 172.43it/s]Running loglikelihood requests:  33%|███▎      | 15860/47868 [03:35<02:57, 179.97it/s]Running loglikelihood requests:  33%|███▎      | 15880/47868 [03:35<03:15, 163.37it/s]Running loglikelihood requests:  33%|███▎      | 15903/47868 [03:35<03:23, 157.15it/s]Running loglikelihood requests:  33%|███▎      | 15932/47868 [03:35<03:14, 163.82it/s]Running loglikelihood requests:  33%|███▎      | 15964/47868 [03:35<03:03, 173.59it/s]Running loglikelihood requests:  33%|███▎      | 15993/47868 [03:35<03:02, 174.50it/s]Running loglikelihood requests:  33%|███▎      | 16016/47868 [03:36<03:13, 164.79it/s]Running loglikelihood requests:  34%|███▎      | 16042/47868 [03:36<03:14, 163.48it/s]Running loglikelihood requests:  34%|███▎      | 16060/47868 [03:36<03:34, 148.27it/s]Running loglikelihood requests:  34%|███▎      | 16089/47868 [03:36<03:21, 157.39it/s]Running loglikelihood requests:  34%|███▎      | 16115/47868 [03:36<03:20, 158.36it/s]Running loglikelihood requests:  34%|███▎      | 16138/47868 [03:36<03:26, 153.61it/s]Running loglikelihood requests:  34%|███▍      | 16163/47868 [03:37<03:25, 154.19it/s]Running loglikelihood requests:  34%|███▍      | 16195/47868 [03:37<03:09, 167.09it/s]Running loglikelihood requests:  34%|███▍      | 16212/47868 [03:37<03:32, 148.97it/s]Running loglikelihood requests:  34%|███▍      | 16237/47868 [03:37<03:29, 151.30it/s]Running loglikelihood requests:  34%|███▍      | 16266/47868 [03:37<03:15, 161.98it/s]Running loglikelihood requests:  34%|███▍      | 16289/47868 [03:37<03:19, 158.39it/s]Running loglikelihood requests:  34%|███▍      | 16307/47868 [03:38<03:35, 146.19it/s]Running loglikelihood requests:  34%|███▍      | 16330/47868 [03:38<03:34, 147.33it/s]Running loglikelihood requests:  34%|███▍      | 16345/47868 [03:38<03:57, 132.86it/s]Running loglikelihood requests:  34%|███▍      | 16364/47868 [03:38<04:01, 130.41it/s]Running loglikelihood requests:  34%|███▍      | 16387/47868 [03:38<03:51, 136.23it/s]Running loglikelihood requests:  34%|███▍      | 16403/47868 [03:38<04:07, 126.95it/s]Running loglikelihood requests:  34%|███▍      | 16421/47868 [03:38<04:12, 124.62it/s]Running loglikelihood requests:  34%|███▍      | 16440/47868 [03:39<04:12, 124.59it/s]Running loglikelihood requests:  34%|███▍      | 16459/47868 [03:39<04:11, 124.75it/s]Running loglikelihood requests:  34%|███▍      | 16473/47868 [03:39<04:32, 115.07it/s]Running loglikelihood requests:  34%|███▍      | 16490/47868 [03:39<04:34, 114.17it/s]Running loglikelihood requests:  34%|███▍      | 16509/47868 [03:39<04:27, 117.42it/s]Running loglikelihood requests:  35%|███▍      | 16527/47868 [03:39<04:25, 117.85it/s]Running loglikelihood requests:  35%|███▍      | 16540/47868 [03:40<04:49, 108.19it/s]Running loglikelihood requests:  35%|███▍      | 16557/47868 [03:40<04:46, 109.43it/s]Running loglikelihood requests:  35%|███▍      | 16571/47868 [03:40<04:59, 104.33it/s]Running loglikelihood requests:  35%|███▍      | 16587/47868 [03:40<04:58, 104.84it/s]Running loglikelihood requests:  35%|███▍      | 16598/47868 [03:40<05:25, 96.09it/s] Running loglikelihood requests:  35%|███▍      | 16615/47868 [03:40<05:07, 101.62it/s]Running loglikelihood requests:  35%|███▍      | 16626/47868 [03:40<05:33, 93.69it/s] Running loglikelihood requests:  35%|███▍      | 16638/47868 [03:41<05:46, 90.00it/s]Running loglikelihood requests:  35%|███▍      | 16657/47868 [03:41<05:07, 101.57it/s]Running loglikelihood requests:  35%|███▍      | 16678/47868 [03:41<04:34, 113.74it/s]Running loglikelihood requests:  35%|███▍      | 16703/47868 [03:41<03:59, 130.21it/s]Running loglikelihood requests:  35%|███▍      | 16723/47868 [03:41<03:55, 132.09it/s]Running loglikelihood requests:  35%|███▍      | 16744/47868 [03:41<03:50, 134.99it/s]Running loglikelihood requests:  35%|███▌      | 16763/47868 [03:41<03:53, 133.29it/s]Running loglikelihood requests:  35%|███▌      | 16785/47868 [03:42<03:45, 137.86it/s]Running loglikelihood requests:  35%|███▌      | 16802/47868 [03:42<03:57, 131.05it/s]Running loglikelihood requests:  35%|███▌      | 16817/47868 [03:42<04:13, 122.51it/s]Running loglikelihood requests:  35%|███▌      | 16836/47868 [03:42<04:08, 124.72it/s]Running loglikelihood requests:  35%|███▌      | 16853/47868 [03:42<04:14, 121.99it/s]Running loglikelihood requests:  35%|███▌      | 16875/47868 [03:42<03:58, 130.07it/s]Running loglikelihood requests:  35%|███▌      | 16894/47868 [03:42<03:58, 129.94it/s]Running loglikelihood requests:  35%|███▌      | 16910/47868 [03:43<04:10, 123.48it/s]Running loglikelihood requests:  35%|███▌      | 16923/47868 [03:43<04:33, 113.18it/s]Running loglikelihood requests:  35%|███▌      | 16941/47868 [03:43<04:27, 115.78it/s]Running loglikelihood requests:  35%|███▌      | 16957/47868 [03:43<04:31, 113.78it/s]Running loglikelihood requests:  35%|███▌      | 16969/47868 [03:43<04:56, 104.24it/s]Running loglikelihood requests:  35%|███▌      | 16991/47868 [03:43<04:21, 117.94it/s]Running loglikelihood requests:  36%|███▌      | 17003/47868 [03:44<04:47, 107.32it/s]Running loglikelihood requests:  36%|███▌      | 17021/47868 [03:44<04:35, 111.94it/s]Running loglikelihood requests:  36%|███▌      | 17041/47868 [03:44<04:18, 119.03it/s]Running loglikelihood requests:  36%|███▌      | 17061/47868 [03:44<04:08, 124.08it/s]Running loglikelihood requests:  36%|███▌      | 17082/47868 [03:44<03:57, 129.80it/s]Running loglikelihood requests:  36%|███▌      | 17101/47868 [03:44<03:55, 130.50it/s]Running loglikelihood requests:  36%|███▌      | 17119/47868 [03:44<03:59, 128.59it/s]Running loglikelihood requests:  36%|███▌      | 17137/47868 [03:45<04:00, 127.57it/s]Running loglikelihood requests:  36%|███▌      | 17160/47868 [03:45<03:44, 136.97it/s]Running loglikelihood requests:  36%|███▌      | 17179/47868 [03:45<03:46, 135.65it/s]Running loglikelihood requests:  36%|███▌      | 17196/47868 [03:45<03:54, 130.57it/s]Running loglikelihood requests:  36%|███▌      | 17211/47868 [03:45<04:09, 122.94it/s]Running loglikelihood requests:  36%|███▌      | 17230/47868 [03:45<04:03, 126.00it/s]Running loglikelihood requests:  36%|███▌      | 17249/47868 [03:45<03:58, 128.16it/s]Running loglikelihood requests:  36%|███▌      | 17271/47868 [03:46<03:45, 135.84it/s]Running loglikelihood requests:  36%|███▌      | 17289/47868 [03:46<03:50, 132.95it/s]Running loglikelihood requests:  36%|███▌      | 17308/47868 [03:46<03:50, 132.77it/s]Running loglikelihood requests:  36%|███▌      | 17333/47868 [03:46<03:30, 145.25it/s]Running loglikelihood requests:  36%|███▋      | 17355/47868 [03:46<03:26, 147.95it/s]Running loglikelihood requests:  36%|███▋      | 17379/47868 [03:46<03:17, 154.30it/s]Running loglikelihood requests:  36%|███▋      | 17395/47868 [03:46<03:34, 142.01it/s]Running loglikelihood requests:  36%|███▋      | 17413/47868 [03:47<03:41, 137.63it/s]Running loglikelihood requests:  36%|███▋      | 17435/47868 [03:47<03:33, 142.84it/s]Running loglikelihood requests:  36%|███▋      | 17454/47868 [03:47<03:37, 140.13it/s]Running loglikelihood requests:  37%|███▋      | 17472/47868 [03:47<03:42, 136.31it/s]Running loglikelihood requests:  37%|███▋      | 17491/47868 [03:47<03:43, 136.12it/s]Running loglikelihood requests:  37%|███▋      | 17513/47868 [03:47<03:33, 142.05it/s]Running loglikelihood requests:  37%|███▋      | 17533/47868 [03:47<03:33, 142.10it/s]Running loglikelihood requests:  37%|███▋      | 17555/47868 [03:48<03:27, 146.43it/s]Running loglikelihood requests:  37%|███▋      | 17575/47868 [03:48<03:28, 145.49it/s]Running loglikelihood requests:  37%|███▋      | 17592/47868 [03:48<03:38, 138.37it/s]Running loglikelihood requests:  37%|███▋      | 17607/47868 [03:48<03:54, 129.05it/s]Running loglikelihood requests:  37%|███▋      | 17622/47868 [03:48<04:06, 122.47it/s]Running loglikelihood requests:  37%|███▋      | 17640/47868 [03:48<04:03, 124.27it/s]Running loglikelihood requests:  37%|███▋      | 17664/47868 [03:48<03:38, 138.34it/s]Running loglikelihood requests:  37%|███▋      | 17678/47868 [03:49<03:57, 127.14it/s]Running loglikelihood requests:  37%|███▋      | 17694/47868 [03:49<04:04, 123.65it/s]Running loglikelihood requests:  37%|███▋      | 17715/47868 [03:49<03:49, 131.58it/s]Running loglikelihood requests:  37%|███▋      | 17733/47868 [03:49<03:50, 130.81it/s]Running loglikelihood requests:  37%|███▋      | 17753/47868 [03:49<03:43, 134.54it/s]Running loglikelihood requests:  37%|███▋      | 17778/47868 [03:49<03:23, 147.79it/s]Running loglikelihood requests:  37%|███▋      | 17797/47868 [03:49<03:27, 144.62it/s]Running loglikelihood requests:  37%|███▋      | 17816/47868 [03:49<03:31, 142.26it/s]Running loglikelihood requests:  37%|███▋      | 17833/47868 [03:50<03:40, 136.21it/s]Running loglikelihood requests:  37%|███▋      | 17851/47868 [03:50<03:43, 134.31it/s]Running loglikelihood requests:  37%|███▋      | 17870/47868 [03:50<03:42, 135.06it/s]Running loglikelihood requests:  37%|███▋      | 17895/47868 [03:50<03:22, 148.29it/s]Running loglikelihood requests:  37%|███▋      | 17920/47868 [03:50<03:07, 159.57it/s]Running loglikelihood requests:  37%|███▋      | 17939/47868 [03:50<03:10, 156.75it/s]Running loglikelihood requests:  38%|███▊      | 17966/47868 [03:50<02:53, 172.63it/s]Running loglikelihood requests:  38%|███▊      | 17984/47868 [03:51<03:02, 163.88it/s]Running loglikelihood requests:  38%|███▊      | 18002/47868 [03:51<03:09, 157.43it/s]Running loglikelihood requests:  38%|███▊      | 18025/47868 [03:51<03:01, 164.68it/s]Running loglikelihood requests:  38%|███▊      | 18055/47868 [03:51<02:40, 185.75it/s]Running loglikelihood requests:  38%|███▊      | 18084/47868 [03:51<02:30, 198.14it/s]Running loglikelihood requests:  38%|███▊      | 18108/47868 [03:51<02:32, 195.56it/s]Running loglikelihood requests:  38%|███▊      | 18130/47868 [03:51<02:37, 189.30it/s]Running loglikelihood requests:  38%|███▊      | 18155/47868 [03:51<02:34, 192.07it/s]Running loglikelihood requests:  38%|███▊      | 18184/47868 [03:52<02:26, 202.65it/s]Running loglikelihood requests:  38%|███▊      | 18213/47868 [03:52<02:20, 210.50it/s]Running loglikelihood requests:  38%|███▊      | 18235/47868 [03:52<02:28, 199.65it/s]Running loglikelihood requests:  38%|███▊      | 18257/47868 [03:52<02:33, 192.34it/s]Running loglikelihood requests:  38%|███▊      | 18278/47868 [03:52<02:40, 184.44it/s]Running loglikelihood requests:  38%|███▊      | 18301/47868 [03:52<02:40, 183.87it/s]Running loglikelihood requests:  38%|███▊      | 18323/47868 [03:52<02:43, 181.23it/s]Running loglikelihood requests:  38%|███▊      | 18342/47868 [03:52<02:51, 172.44it/s]Running loglikelihood requests:  38%|███▊      | 18364/47868 [03:53<02:49, 173.67it/s]Running loglikelihood requests:  38%|███▊      | 18384/47868 [03:53<02:53, 170.05it/s]Running loglikelihood requests:  38%|███▊      | 18403/47868 [03:53<02:58, 165.20it/s]Running loglikelihood requests:  38%|███▊      | 18422/47868 [03:53<03:01, 161.83it/s]Running loglikelihood requests:  39%|███▊      | 18440/47868 [03:53<03:07, 157.13it/s]Running loglikelihood requests:  39%|███▊      | 18456/47868 [03:53<03:17, 149.12it/s]Running loglikelihood requests:  39%|███▊      | 18471/47868 [03:53<03:28, 141.08it/s]Running loglikelihood requests:  39%|███▊      | 18496/47868 [03:53<03:04, 159.21it/s]Running loglikelihood requests:  39%|███▊      | 18512/47868 [03:54<03:14, 150.66it/s]Running loglikelihood requests:  39%|███▊      | 18533/47868 [03:54<03:07, 156.15it/s]Running loglikelihood requests:  39%|███▉      | 18553/47868 [03:54<03:05, 158.14it/s]Running loglikelihood requests:  39%|███▉      | 18574/47868 [03:54<03:01, 161.82it/s]Running loglikelihood requests:  39%|███▉      | 18603/47868 [03:54<02:39, 183.22it/s]Running loglikelihood requests:  39%|███▉      | 18624/47868 [03:54<02:43, 179.39it/s]Running loglikelihood requests:  39%|███▉      | 18647/47868 [03:54<02:41, 181.48it/s]Running loglikelihood requests:  39%|███▉      | 18669/47868 [03:54<02:41, 180.49it/s]Running loglikelihood requests:  39%|███▉      | 18688/47868 [03:55<02:49, 172.64it/s]Running loglikelihood requests:  39%|███▉      | 18706/47868 [03:55<02:56, 164.81it/s]Running loglikelihood requests:  39%|███▉      | 18736/47868 [03:55<02:35, 187.61it/s]Running loglikelihood requests:  39%|███▉      | 18755/47868 [03:55<02:43, 178.15it/s]Running loglikelihood requests:  39%|███▉      | 18774/47868 [03:55<02:49, 171.73it/s]Running loglikelihood requests:  39%|███▉      | 18794/47868 [03:55<02:51, 169.26it/s]Running loglikelihood requests:  39%|███▉      | 18811/47868 [03:55<03:01, 160.14it/s]Running loglikelihood requests:  39%|███▉      | 18827/47868 [03:55<03:11, 151.39it/s]Running loglikelihood requests:  39%|███▉      | 18853/47868 [03:56<02:51, 169.17it/s]Running loglikelihood requests:  39%|███▉      | 18870/47868 [03:56<03:01, 160.12it/s]Running loglikelihood requests:  39%|███▉      | 18891/47868 [03:56<02:57, 163.41it/s]Running loglikelihood requests:  40%|███▉      | 18908/47868 [03:56<03:05, 156.17it/s]Running loglikelihood requests:  40%|███▉      | 18924/47868 [03:56<03:14, 148.70it/s]Running loglikelihood requests:  40%|███▉      | 18940/47868 [03:56<03:21, 143.49it/s]Running loglikelihood requests:  40%|███▉      | 18970/47868 [03:56<02:46, 173.19it/s]Running loglikelihood requests:  40%|███▉      | 18988/47868 [03:56<03:20, 144.24it/s]Running loglikelihood requests:  40%|███▉      | 19012/47868 [03:57<03:02, 158.20it/s]Running loglikelihood requests:  40%|███▉      | 19029/47868 [03:57<03:08, 152.93it/s]Running loglikelihood requests:  40%|███▉      | 19051/47868 [03:57<02:59, 160.87it/s]Running loglikelihood requests:  40%|███▉      | 19070/47868 [03:57<03:00, 159.49it/s]Running loglikelihood requests:  40%|███▉      | 19094/47868 [03:57<02:49, 169.76it/s]Running loglikelihood requests:  40%|███▉      | 19117/47868 [03:57<02:44, 174.89it/s]Running loglikelihood requests:  40%|███▉      | 19138/47868 [03:57<02:45, 173.80it/s]Running loglikelihood requests:  40%|████      | 19157/47868 [03:57<02:50, 168.36it/s]Running loglikelihood requests:  40%|████      | 19189/47868 [03:58<02:26, 195.53it/s]Running loglikelihood requests:  40%|████      | 19209/47868 [03:58<02:34, 186.01it/s]Running loglikelihood requests:  40%|████      | 19228/47868 [03:58<02:41, 176.90it/s]Running loglikelihood requests:  40%|████      | 19246/47868 [03:58<02:50, 168.19it/s]Running loglikelihood requests:  40%|████      | 19263/47868 [03:58<03:25, 138.97it/s]Running loglikelihood requests:  40%|████      | 19281/47868 [03:58<03:22, 141.08it/s]Running loglikelihood requests:  40%|████      | 19299/47868 [03:58<03:19, 142.94it/s]Running loglikelihood requests:  40%|████      | 19319/47868 [03:58<03:10, 149.50it/s]Running loglikelihood requests:  40%|████      | 19337/47868 [03:59<03:10, 149.99it/s]Running loglikelihood requests:  40%|████      | 19353/47868 [03:59<03:16, 145.28it/s]Running loglikelihood requests:  40%|████      | 19371/47868 [03:59<03:14, 146.78it/s]Running loglikelihood requests:  40%|████      | 19386/47868 [03:59<03:22, 140.51it/s]Running loglikelihood requests:  41%|████      | 19409/47868 [03:59<03:02, 155.67it/s]Running loglikelihood requests:  41%|████      | 19425/47868 [03:59<03:38, 130.39it/s]Running loglikelihood requests:  41%|████      | 19451/47868 [03:59<03:04, 153.70it/s]Running loglikelihood requests:  41%|████      | 19469/47868 [03:59<03:05, 152.92it/s]Running loglikelihood requests:  41%|████      | 19485/47868 [04:00<03:12, 147.46it/s]Running loglikelihood requests:  41%|████      | 19502/47868 [04:00<03:14, 146.04it/s]Running loglikelihood requests:  41%|████      | 19517/47868 [04:00<03:22, 140.20it/s]Running loglikelihood requests:  41%|████      | 19547/47868 [04:00<02:44, 172.15it/s]Running loglikelihood requests:  41%|████      | 19565/47868 [04:00<02:50, 165.87it/s]Running loglikelihood requests:  41%|████      | 19586/47868 [04:00<02:47, 168.76it/s]Running loglikelihood requests:  41%|████      | 19603/47868 [04:00<02:55, 160.84it/s]Running loglikelihood requests:  41%|████      | 19633/47868 [04:00<02:30, 187.23it/s]Running loglikelihood requests:  41%|████      | 19652/47868 [04:01<03:00, 155.99it/s]Running loglikelihood requests:  41%|████      | 19684/47868 [04:01<02:31, 186.17it/s]Running loglikelihood requests:  41%|████      | 19704/47868 [04:01<02:35, 181.46it/s]Running loglikelihood requests:  41%|████      | 19723/47868 [04:01<02:40, 175.41it/s]Running loglikelihood requests:  41%|████▏     | 19746/47868 [04:01<02:36, 180.26it/s]Running loglikelihood requests:  41%|████▏     | 19765/47868 [04:01<02:41, 174.12it/s]Running loglikelihood requests:  41%|████▏     | 19783/47868 [04:01<03:11, 146.36it/s]Running loglikelihood requests:  41%|████▏     | 19808/47868 [04:02<02:51, 163.19it/s]Running loglikelihood requests:  41%|████▏     | 19826/47868 [04:02<02:55, 159.65it/s]Running loglikelihood requests:  41%|████▏     | 19847/47868 [04:02<02:50, 164.33it/s]Running loglikelihood requests:  41%|████▏     | 19864/47868 [04:02<02:57, 158.17it/s]Running loglikelihood requests:  42%|████▏     | 19884/47868 [04:02<02:53, 161.15it/s]Running loglikelihood requests:  42%|████▏     | 19902/47868 [04:02<02:56, 158.35it/s]Running loglikelihood requests:  42%|████▏     | 19919/47868 [04:02<03:01, 153.81it/s]Running loglikelihood requests:  42%|████▏     | 19945/47868 [04:02<02:41, 172.61it/s]Running loglikelihood requests:  42%|████▏     | 19967/47868 [04:02<02:38, 176.07it/s]Running loglikelihood requests:  42%|████▏     | 19986/47868 [04:03<02:42, 171.15it/s]Running loglikelihood requests:  42%|████▏     | 20018/47868 [04:03<02:19, 199.35it/s]Running loglikelihood requests:  42%|████▏     | 20042/47868 [04:03<02:19, 199.63it/s]Running loglikelihood requests:  42%|████▏     | 20064/47868 [04:03<02:22, 195.47it/s]Running loglikelihood requests:  42%|████▏     | 20084/47868 [04:03<02:28, 187.40it/s]Running loglikelihood requests:  42%|████▏     | 20103/47868 [04:03<02:34, 179.46it/s]Running loglikelihood requests:  42%|████▏     | 20128/47868 [04:03<02:27, 188.39it/s]Running loglikelihood requests:  42%|████▏     | 20147/47868 [04:03<02:34, 179.60it/s]Running loglikelihood requests:  42%|████▏     | 20165/47868 [04:04<02:41, 171.25it/s]Running loglikelihood requests:  42%|████▏     | 20183/47868 [04:04<02:47, 165.29it/s]Running loglikelihood requests:  42%|████▏     | 20213/47868 [04:04<02:25, 190.64it/s]Running loglikelihood requests:  42%|████▏     | 20233/47868 [04:04<02:30, 183.80it/s]Running loglikelihood requests:  42%|████▏     | 20260/47868 [04:04<02:20, 196.10it/s]Running loglikelihood requests:  42%|████▏     | 20280/47868 [04:04<02:27, 187.21it/s]Running loglikelihood requests:  42%|████▏     | 20306/47868 [04:04<02:20, 196.09it/s]Running loglikelihood requests:  42%|████▏     | 20326/47868 [04:04<02:27, 187.33it/s]Running loglikelihood requests:  43%|████▎     | 20358/47868 [04:05<02:10, 210.34it/s]Running loglikelihood requests:  43%|████▎     | 20380/47868 [04:05<02:16, 202.11it/s]Running loglikelihood requests:  43%|████▎     | 20403/47868 [04:05<02:17, 199.32it/s]Running loglikelihood requests:  43%|████▎     | 20423/47868 [04:05<02:24, 189.93it/s]Running loglikelihood requests:  43%|████▎     | 20446/47868 [04:05<02:23, 191.30it/s]Running loglikelihood requests:  43%|████▎     | 20467/47868 [04:05<02:26, 187.03it/s]Running loglikelihood requests:  43%|████▎     | 20499/47868 [04:05<02:09, 210.81it/s]Running loglikelihood requests:  43%|████▎     | 20521/47868 [04:05<02:14, 202.94it/s]Running loglikelihood requests:  43%|████▎     | 20545/47868 [04:05<02:14, 202.52it/s]Running loglikelihood requests:  43%|████▎     | 20575/47868 [04:06<02:05, 216.82it/s]Running loglikelihood requests:  43%|████▎     | 20597/47868 [04:06<02:11, 207.28it/s]Running loglikelihood requests:  43%|████▎     | 20631/47868 [04:06<01:58, 229.89it/s]Running loglikelihood requests:  43%|████▎     | 20656/47868 [04:06<02:01, 223.78it/s]Running loglikelihood requests:  43%|████▎     | 20680/47868 [04:06<02:05, 217.14it/s]Running loglikelihood requests:  43%|████▎     | 20702/47868 [04:06<02:11, 207.08it/s]Running loglikelihood requests:  43%|████▎     | 20725/47868 [04:06<02:13, 203.03it/s]Running loglikelihood requests:  43%|████▎     | 20746/47868 [04:06<02:18, 195.17it/s]Running loglikelihood requests:  43%|████▎     | 20773/47868 [04:07<02:12, 204.49it/s]Running loglikelihood requests:  43%|████▎     | 20794/47868 [04:07<02:17, 196.23it/s]Running loglikelihood requests:  43%|████▎     | 20820/47868 [04:07<02:13, 202.87it/s]Running loglikelihood requests:  44%|████▎     | 20841/47868 [04:07<02:38, 170.46it/s]Running loglikelihood requests:  44%|████▎     | 20867/47868 [04:07<02:26, 184.11it/s]Running loglikelihood requests:  44%|████▎     | 20894/47868 [04:07<02:17, 196.73it/s]Running loglikelihood requests:  44%|████▎     | 20915/47868 [04:07<02:20, 191.56it/s]Running loglikelihood requests:  44%|████▎     | 20942/47868 [04:07<02:13, 202.07it/s]Running loglikelihood requests:  44%|████▍     | 20968/47868 [04:08<02:09, 207.16it/s]Running loglikelihood requests:  44%|████▍     | 20993/47868 [04:08<02:09, 208.09it/s]Running loglikelihood requests:  44%|████▍     | 21025/47868 [04:08<01:58, 226.05it/s]Running loglikelihood requests:  44%|████▍     | 21048/47868 [04:08<02:03, 216.64it/s]Running loglikelihood requests:  44%|████▍     | 21074/47868 [04:08<02:03, 217.49it/s]Running loglikelihood requests:  44%|████▍     | 21103/47868 [04:08<01:58, 225.37it/s]Running loglikelihood requests:  44%|████▍     | 21126/47868 [04:08<02:03, 216.21it/s]Running loglikelihood requests:  44%|████▍     | 21148/47868 [04:08<02:08, 207.52it/s]Running loglikelihood requests:  44%|████▍     | 21175/47868 [04:08<02:04, 213.64it/s]Running loglikelihood requests:  44%|████▍     | 21197/47868 [04:09<02:09, 205.55it/s]Running loglikelihood requests:  44%|████▍     | 21221/47868 [04:09<02:09, 204.99it/s]Running loglikelihood requests:  44%|████▍     | 21252/47868 [04:09<02:00, 221.74it/s]Running loglikelihood requests:  44%|████▍     | 21275/47868 [04:09<02:04, 213.72it/s]Running loglikelihood requests:  44%|████▍     | 21300/47868 [04:09<02:04, 213.14it/s]Running loglikelihood requests:  45%|████▍     | 21332/47868 [04:09<01:55, 229.96it/s]Running loglikelihood requests:  45%|████▍     | 21355/47868 [04:09<02:00, 219.57it/s]Running loglikelihood requests:  45%|████▍     | 21377/47868 [04:09<02:06, 209.78it/s]Running loglikelihood requests:  45%|████▍     | 21399/47868 [04:10<02:10, 203.04it/s]Running loglikelihood requests:  45%|████▍     | 21425/47868 [04:10<02:07, 208.20it/s]Running loglikelihood requests:  45%|████▍     | 21446/47868 [04:10<02:12, 199.21it/s]Running loglikelihood requests:  45%|████▍     | 21466/47868 [04:10<02:17, 191.35it/s]Running loglikelihood requests:  45%|████▍     | 21491/47868 [04:10<02:13, 198.13it/s]Running loglikelihood requests:  45%|████▍     | 21511/47868 [04:10<02:18, 190.33it/s]Running loglikelihood requests:  45%|████▍     | 21536/47868 [04:10<02:13, 196.55it/s]Running loglikelihood requests:  45%|████▌     | 21560/47868 [04:10<02:12, 198.87it/s]Running loglikelihood requests:  45%|████▌     | 21580/47868 [04:10<02:18, 190.42it/s]Running loglikelihood requests:  45%|████▌     | 21607/47868 [04:11<02:10, 201.99it/s]Running loglikelihood requests:  45%|████▌     | 21628/47868 [04:11<02:14, 195.02it/s]Running loglikelihood requests:  45%|████▌     | 21660/47868 [04:11<02:00, 217.47it/s]Running loglikelihood requests:  45%|████▌     | 21682/47868 [04:11<02:24, 181.81it/s]Running loglikelihood requests:  45%|████▌     | 21710/47868 [04:11<02:12, 196.92it/s]Running loglikelihood requests:  45%|████▌     | 21742/47868 [04:11<02:00, 216.73it/s]Running loglikelihood requests:  45%|████▌     | 21770/47868 [04:11<01:57, 222.52it/s]Running loglikelihood requests:  46%|████▌     | 21793/47868 [04:11<02:01, 214.76it/s]Running loglikelihood requests:  46%|████▌     | 21815/47868 [04:12<02:05, 206.77it/s]Running loglikelihood requests:  46%|████▌     | 21836/47868 [04:12<02:11, 198.63it/s]Running loglikelihood requests:  46%|████▌     | 21856/47868 [04:12<02:16, 190.39it/s]Running loglikelihood requests:  46%|████▌     | 21884/47868 [04:12<02:07, 204.49it/s]Running loglikelihood requests:  46%|████▌     | 21906/47868 [04:12<02:10, 199.50it/s]Running loglikelihood requests:  46%|████▌     | 21938/47868 [04:12<01:57, 220.59it/s]Running loglikelihood requests:  46%|████▌     | 21967/47868 [04:12<01:53, 228.30it/s]Running loglikelihood requests:  46%|████▌     | 21999/47868 [04:12<01:47, 241.62it/s]Running loglikelihood requests:  46%|████▌     | 22029/47868 [04:13<01:45, 245.68it/s]Running loglikelihood requests:  46%|████▌     | 22058/47868 [04:13<01:45, 245.58it/s]Running loglikelihood requests:  46%|████▌     | 22087/47868 [04:13<01:45, 245.02it/s]Running loglikelihood requests:  46%|████▌     | 22112/47868 [04:13<01:49, 234.93it/s]Running loglikelihood requests:  46%|████▌     | 22136/47868 [04:13<01:54, 225.49it/s]Running loglikelihood requests:  46%|████▋     | 22159/47868 [04:13<01:58, 216.41it/s]Running loglikelihood requests:  46%|████▋     | 22181/47868 [04:13<02:03, 207.59it/s]Running loglikelihood requests:  46%|████▋     | 22202/47868 [04:13<02:08, 199.21it/s]Running loglikelihood requests:  46%|████▋     | 22222/47868 [04:13<02:14, 190.96it/s]Running loglikelihood requests:  46%|████▋     | 22245/47868 [04:14<02:12, 192.78it/s]Running loglikelihood requests:  47%|████▋     | 22273/47868 [04:14<02:03, 206.42it/s]Running loglikelihood requests:  47%|████▋     | 22297/47868 [04:14<02:04, 205.98it/s]Running loglikelihood requests:  47%|████▋     | 22326/47868 [04:14<01:57, 218.24it/s]Running loglikelihood requests:  47%|████▋     | 22351/47868 [04:14<01:57, 217.21it/s]Running loglikelihood requests:  47%|████▋     | 22380/47868 [04:14<01:52, 226.38it/s]Running loglikelihood requests:  47%|████▋     | 22403/47868 [04:14<01:57, 217.38it/s]Running loglikelihood requests:  47%|████▋     | 22432/47868 [04:14<01:52, 226.28it/s]Running loglikelihood requests:  47%|████▋     | 22463/47868 [04:15<01:46, 237.54it/s]Running loglikelihood requests:  47%|████▋     | 22487/47868 [04:15<01:51, 227.94it/s]Running loglikelihood requests:  47%|████▋     | 22510/47868 [04:15<02:12, 191.12it/s]Running loglikelihood requests:  47%|████▋     | 22532/47868 [04:15<02:12, 190.51it/s]Running loglikelihood requests:  47%|████▋     | 22552/47868 [04:15<02:16, 185.35it/s]Running loglikelihood requests:  47%|████▋     | 22575/47868 [04:15<02:13, 188.92it/s]Running loglikelihood requests:  47%|████▋     | 22607/47868 [04:15<01:58, 213.41it/s]Running loglikelihood requests:  47%|████▋     | 22632/47868 [04:15<01:58, 212.50it/s]Running loglikelihood requests:  47%|████▋     | 22654/47868 [04:16<02:01, 207.72it/s]Running loglikelihood requests:  47%|████▋     | 22675/47868 [04:16<02:04, 201.78it/s]Running loglikelihood requests:  47%|████▋     | 22704/47868 [04:16<01:55, 217.94it/s]Running loglikelihood requests:  47%|████▋     | 22726/47868 [04:16<01:58, 211.65it/s]Running loglikelihood requests:  48%|████▊     | 22753/47868 [04:16<01:54, 220.08it/s]Running loglikelihood requests:  48%|████▊     | 22785/47868 [04:16<01:45, 238.55it/s]Running loglikelihood requests:  48%|████▊     | 22809/47868 [04:16<01:48, 231.22it/s]Running loglikelihood requests:  48%|████▊     | 22833/47868 [04:16<01:50, 226.04it/s]Running loglikelihood requests:  48%|████▊     | 22860/47868 [04:16<01:48, 230.33it/s]Running loglikelihood requests:  48%|████▊     | 22886/47868 [04:17<01:48, 230.68it/s]Running loglikelihood requests:  48%|████▊     | 22922/47868 [04:17<01:37, 256.57it/s]Running loglikelihood requests:  48%|████▊     | 22948/47868 [04:17<01:39, 249.41it/s]Running loglikelihood requests:  48%|████▊     | 22973/47868 [04:17<01:42, 242.15it/s]Running loglikelihood requests:  48%|████▊     | 23003/47868 [04:17<01:39, 249.37it/s]Running loglikelihood requests:  48%|████▊     | 23029/47868 [04:17<01:41, 244.18it/s]Running loglikelihood requests:  48%|████▊     | 23061/47868 [04:17<01:36, 255.80it/s]Running loglikelihood requests:  48%|████▊     | 23087/47868 [04:17<01:39, 248.36it/s]Running loglikelihood requests:  48%|████▊     | 23113/47868 [04:17<01:41, 243.54it/s]Running loglikelihood requests:  48%|████▊     | 23140/47868 [04:18<01:41, 242.62it/s]Running loglikelihood requests:  48%|████▊     | 23165/47868 [04:18<01:44, 236.69it/s]Running loglikelihood requests:  48%|████▊     | 23192/47868 [04:18<01:43, 237.65it/s]Running loglikelihood requests:  49%|████▊     | 23216/47868 [04:18<01:46, 230.68it/s]Running loglikelihood requests:  49%|████▊     | 23240/47868 [04:18<01:48, 226.03it/s]Running loglikelihood requests:  49%|████▊     | 23263/47868 [04:18<01:51, 220.13it/s]Running loglikelihood requests:  49%|████▊     | 23292/47868 [04:18<01:46, 231.42it/s]Running loglikelihood requests:  49%|████▊     | 23322/47868 [04:18<01:41, 242.41it/s]Running loglikelihood requests:  49%|████▉     | 23355/47868 [04:18<01:34, 258.40it/s]Running loglikelihood requests:  49%|████▉     | 23384/47868 [04:19<01:34, 258.76it/s]Running loglikelihood requests:  49%|████▉     | 23417/47868 [04:19<01:30, 268.92it/s]Running loglikelihood requests:  49%|████▉     | 23444/47868 [04:19<01:33, 260.76it/s]Running loglikelihood requests:  49%|████▉     | 23471/47868 [04:19<01:35, 254.82it/s]Running loglikelihood requests:  49%|████▉     | 23498/47868 [04:19<01:37, 250.84it/s]Running loglikelihood requests:  49%|████▉     | 23526/47868 [04:19<01:37, 250.54it/s]Running loglikelihood requests:  49%|████▉     | 23562/47868 [04:19<01:29, 270.85it/s]Running loglikelihood requests:  49%|████▉     | 23590/47868 [04:19<01:31, 264.61it/s]Running loglikelihood requests:  49%|████▉     | 23617/47868 [04:19<01:34, 257.45it/s]Running loglikelihood requests:  49%|████▉     | 23648/47868 [04:20<01:32, 262.99it/s]Running loglikelihood requests:  49%|████▉     | 23676/47868 [04:20<01:33, 259.25it/s]Running loglikelihood requests:  50%|████▉     | 23702/47868 [04:20<01:36, 251.42it/s]Running loglikelihood requests:  50%|████▉     | 23734/47868 [04:20<01:32, 262.22it/s]Running loglikelihood requests:  50%|████▉     | 23766/47868 [04:20<01:29, 269.38it/s]Running loglikelihood requests:  50%|████▉     | 23798/47868 [04:20<01:27, 274.38it/s]Running loglikelihood requests:  50%|████▉     | 23834/47868 [04:20<01:23, 288.03it/s]Running loglikelihood requests:  50%|████▉     | 23866/47868 [04:20<01:23, 287.37it/s]Running loglikelihood requests:  50%|████▉     | 23895/47868 [04:20<01:25, 279.17it/s]Running loglikelihood requests:  50%|████▉     | 23923/47868 [04:21<01:28, 270.68it/s]Running loglikelihood requests:  50%|█████     | 23951/47868 [04:21<01:43, 231.66it/s]Running loglikelihood requests:  50%|█████     | 23983/47868 [04:21<01:36, 246.49it/s]Running loglikelihood requests:  50%|█████     | 24021/47868 [04:21<01:27, 272.04it/s]Running loglikelihood requests:  50%|█████     | 24055/47868 [04:21<01:24, 280.91it/s]Running loglikelihood requests:  50%|█████     | 24093/47868 [04:21<01:19, 297.42it/s]Running loglikelihood requests:  50%|█████     | 24124/47868 [04:21<01:21, 291.68it/s]Running loglikelihood requests:  50%|█████     | 24154/47868 [04:21<01:23, 284.96it/s]Running loglikelihood requests:  51%|█████     | 24183/47868 [04:22<01:25, 277.66it/s]Running loglikelihood requests:  51%|█████     | 24211/47868 [04:22<01:27, 271.03it/s]Running loglikelihood requests:  51%|█████     | 24239/47868 [04:22<01:28, 265.74it/s]Running loglikelihood requests:  51%|█████     | 24266/47868 [04:22<01:31, 258.89it/s]Running loglikelihood requests:  51%|█████     | 24298/47868 [04:22<01:28, 267.14it/s]Running loglikelihood requests:  51%|█████     | 24330/47868 [04:22<01:26, 272.99it/s]Running loglikelihood requests:  51%|█████     | 24366/47868 [04:22<01:22, 286.58it/s]Running loglikelihood requests:  51%|█████     | 24395/47868 [04:22<01:24, 278.08it/s]Running loglikelihood requests:  51%|█████     | 24424/47868 [04:22<01:26, 272.58it/s]Running loglikelihood requests:  51%|█████     | 24453/47868 [04:23<01:26, 269.24it/s]Running loglikelihood requests:  51%|█████     | 24485/47868 [04:23<01:25, 274.61it/s]Running loglikelihood requests:  51%|█████     | 24521/47868 [04:23<01:20, 288.58it/s]Running loglikelihood requests:  51%|█████▏    | 24553/47868 [04:23<01:20, 288.20it/s]Running loglikelihood requests:  51%|█████▏    | 24584/47868 [04:23<01:21, 285.61it/s]Running loglikelihood requests:  51%|█████▏    | 24613/47868 [04:23<01:23, 278.85it/s]Running loglikelihood requests:  51%|█████▏    | 24641/47868 [04:23<01:25, 271.85it/s]Running loglikelihood requests:  52%|█████▏    | 24671/47868 [04:23<01:25, 271.31it/s]Running loglikelihood requests:  52%|█████▏    | 24700/47868 [04:23<01:26, 268.54it/s]Running loglikelihood requests:  52%|█████▏    | 24740/47868 [04:24<01:18, 295.04it/s]Running loglikelihood requests:  52%|█████▏    | 24772/47868 [04:24<01:18, 292.70it/s]Running loglikelihood requests:  52%|█████▏    | 24802/47868 [04:24<01:32, 250.02it/s]Running loglikelihood requests:  52%|█████▏    | 24834/47868 [04:24<01:28, 260.23it/s]Running loglikelihood requests:  52%|█████▏    | 24868/47868 [04:24<01:24, 272.86it/s]Running loglikelihood requests:  52%|█████▏    | 24900/47868 [04:24<01:22, 277.16it/s]Running loglikelihood requests:  52%|█████▏    | 24933/47868 [04:24<01:21, 282.75it/s]Running loglikelihood requests:  52%|█████▏    | 24970/47868 [04:24<01:17, 296.87it/s]Running loglikelihood requests:  52%|█████▏    | 25002/47868 [04:24<01:17, 294.35it/s]Running loglikelihood requests:  52%|█████▏    | 25034/47868 [04:25<01:18, 292.57it/s]Running loglikelihood requests:  52%|█████▏    | 25066/47868 [04:25<01:18, 291.35it/s]Running loglikelihood requests:  52%|█████▏    | 25098/47868 [04:25<01:18, 290.52it/s]Running loglikelihood requests:  53%|█████▎    | 25131/47868 [04:25<01:17, 292.39it/s]Running loglikelihood requests:  53%|█████▎    | 25163/47868 [04:25<01:17, 291.22it/s]Running loglikelihood requests:  53%|█████▎    | 25193/47868 [04:25<01:19, 285.31it/s]Running loglikelihood requests:  53%|█████▎    | 25222/47868 [04:25<01:21, 279.31it/s]Running loglikelihood requests:  53%|█████▎    | 25250/47868 [04:25<01:23, 272.06it/s]Running loglikelihood requests:  53%|█████▎    | 25281/47868 [04:25<01:22, 274.19it/s]Running loglikelihood requests:  53%|█████▎    | 25316/47868 [04:26<01:18, 286.38it/s]Running loglikelihood requests:  53%|█████▎    | 25345/47868 [04:26<01:20, 279.36it/s]Running loglikelihood requests:  53%|█████▎    | 25377/47868 [04:26<01:19, 282.21it/s]Running loglikelihood requests:  53%|█████▎    | 25408/47868 [04:26<01:19, 281.60it/s]Running loglikelihood requests:  53%|█████▎    | 25438/47868 [04:26<01:20, 278.52it/s]Running loglikelihood requests:  53%|█████▎    | 25472/47868 [04:26<01:18, 286.98it/s]Running loglikelihood requests:  53%|█████▎    | 25501/47868 [04:26<01:19, 279.83it/s]Running loglikelihood requests:  53%|█████▎    | 25532/47868 [04:26<01:19, 279.98it/s]Running loglikelihood requests:  53%|█████▎    | 25560/47868 [04:26<01:21, 272.27it/s]Running loglikelihood requests:  53%|█████▎    | 25588/47868 [04:27<01:23, 266.86it/s]Running loglikelihood requests:  54%|█████▎    | 25618/47868 [04:27<01:22, 268.50it/s]Running loglikelihood requests:  54%|█████▎    | 25649/47868 [04:27<01:21, 272.26it/s]Running loglikelihood requests:  54%|█████▎    | 25683/47868 [04:27<01:18, 282.77it/s]Running loglikelihood requests:  54%|█████▎    | 25712/47868 [04:27<01:19, 277.00it/s]Running loglikelihood requests:  54%|█████▍    | 25743/47868 [04:27<01:19, 278.91it/s]Running loglikelihood requests:  54%|█████▍    | 25777/47868 [04:27<01:16, 287.89it/s]Running loglikelihood requests:  54%|█████▍    | 25806/47868 [04:27<01:18, 280.60it/s]Running loglikelihood requests:  54%|█████▍    | 25835/47868 [04:27<01:19, 275.45it/s]Running loglikelihood requests:  54%|█████▍    | 25863/47868 [04:28<01:21, 269.35it/s]Running loglikelihood requests:  54%|█████▍    | 25890/47868 [04:28<01:35, 229.24it/s]Running loglikelihood requests:  54%|█████▍    | 25918/47868 [04:28<01:32, 236.11it/s]Running loglikelihood requests:  54%|█████▍    | 25949/47868 [04:28<01:28, 248.86it/s]Running loglikelihood requests:  54%|█████▍    | 25975/47868 [04:28<01:29, 245.66it/s]Running loglikelihood requests:  54%|█████▍    | 26000/47868 [04:28<01:30, 240.64it/s]Running loglikelihood requests:  54%|█████▍    | 26029/47868 [04:28<01:28, 247.47it/s]Running loglikelihood requests:  54%|█████▍    | 26054/47868 [04:28<01:29, 242.69it/s]Running loglikelihood requests:  54%|█████▍    | 26079/47868 [04:28<01:30, 240.18it/s]Running loglikelihood requests:  55%|█████▍    | 26104/47868 [04:29<01:44, 207.78it/s]Running loglikelihood requests:  55%|█████▍    | 26126/47868 [04:29<01:45, 206.84it/s]Running loglikelihood requests:  55%|█████▍    | 26148/47868 [04:29<01:45, 206.19it/s]Running loglikelihood requests:  55%|█████▍    | 26169/47868 [04:29<01:47, 202.68it/s]Running loglikelihood requests:  55%|█████▍    | 26190/47868 [04:29<01:47, 200.85it/s]Running loglikelihood requests:  55%|█████▍    | 26211/47868 [04:29<01:48, 199.39it/s]Running loglikelihood requests:  55%|█████▍    | 26235/47868 [04:29<01:44, 206.37it/s]Running loglikelihood requests:  55%|█████▍    | 26256/47868 [04:29<01:46, 203.08it/s]Running loglikelihood requests:  55%|█████▍    | 26294/47868 [04:30<01:27, 246.33it/s]Running loglikelihood requests:  55%|█████▍    | 26319/47868 [04:30<01:41, 211.42it/s]Running loglikelihood requests:  55%|█████▌    | 26350/47868 [04:30<01:32, 231.79it/s]Running loglikelihood requests:  55%|█████▌    | 26374/47868 [04:30<01:46, 202.07it/s]Running loglikelihood requests:  55%|█████▌    | 26396/47868 [04:30<01:59, 180.20it/s]Running loglikelihood requests:  55%|█████▌    | 26417/47868 [04:30<01:56, 184.59it/s]Running loglikelihood requests:  55%|█████▌    | 26441/47868 [04:30<01:49, 195.28it/s]Running loglikelihood requests:  55%|█████▌    | 26462/47868 [04:30<01:49, 196.10it/s]Running loglikelihood requests:  55%|█████▌    | 26486/47868 [04:31<01:44, 203.79it/s]Running loglikelihood requests:  55%|█████▌    | 26514/47868 [04:31<01:37, 219.75it/s]Running loglikelihood requests:  55%|█████▌    | 26537/47868 [04:31<01:37, 218.17it/s]Running loglikelihood requests:  55%|█████▌    | 26560/47868 [04:31<01:38, 216.34it/s]Running loglikelihood requests:  56%|█████▌    | 26582/47868 [04:31<01:55, 185.07it/s]Running loglikelihood requests:  56%|█████▌    | 26602/47868 [04:31<01:54, 185.03it/s]Running loglikelihood requests:  56%|█████▌    | 26622/47868 [04:31<02:09, 163.87it/s]Running loglikelihood requests:  56%|█████▌    | 26640/47868 [04:31<02:24, 146.83it/s]Running loglikelihood requests:  56%|█████▌    | 26660/47868 [04:32<02:15, 156.74it/s]Running loglikelihood requests:  56%|█████▌    | 26679/47868 [04:32<02:10, 162.21it/s]Running loglikelihood requests:  56%|█████▌    | 26696/47868 [04:32<02:10, 161.66it/s]Running loglikelihood requests:  56%|█████▌    | 26713/47868 [04:32<02:11, 161.19it/s]Running loglikelihood requests:  56%|█████▌    | 26742/47868 [04:32<01:49, 192.33it/s]Running loglikelihood requests:  56%|█████▌    | 26762/47868 [04:32<01:50, 190.87it/s]Running loglikelihood requests:  56%|█████▌    | 26782/47868 [04:32<01:51, 189.77it/s]Running loglikelihood requests:  56%|█████▌    | 26802/47868 [04:32<02:23, 147.04it/s]Running loglikelihood requests:  56%|█████▌    | 26824/47868 [04:33<02:10, 161.38it/s]Running loglikelihood requests:  56%|█████▌    | 26843/47868 [04:33<02:06, 165.88it/s]Running loglikelihood requests:  56%|█████▌    | 26861/47868 [04:33<02:22, 147.37it/s]Running loglikelihood requests:  56%|█████▌    | 26877/47868 [04:33<02:21, 148.18it/s]Running loglikelihood requests:  56%|█████▌    | 26894/47868 [04:33<02:18, 151.92it/s]Running loglikelihood requests:  56%|█████▌    | 26910/47868 [04:33<02:17, 152.08it/s]Running loglikelihood requests:  56%|█████▋    | 26926/47868 [04:33<02:36, 133.89it/s]Running loglikelihood requests:  56%|█████▋    | 26949/47868 [04:33<02:14, 155.40it/s]Running loglikelihood requests:  56%|█████▋    | 26966/47868 [04:33<02:13, 156.80it/s]Running loglikelihood requests:  56%|█████▋    | 26983/47868 [04:34<02:30, 138.89it/s]Running loglikelihood requests:  56%|█████▋    | 27006/47868 [04:34<02:11, 158.83it/s]Running loglikelihood requests:  56%|█████▋    | 27023/47868 [04:34<02:11, 159.08it/s]Running loglikelihood requests:  56%|█████▋    | 27040/47868 [04:34<02:46, 125.38it/s]Running loglikelihood requests:  57%|█████▋    | 27072/47868 [04:34<02:04, 166.68it/s]Running loglikelihood requests:  57%|█████▋    | 27091/47868 [04:34<02:17, 151.08it/s]Running loglikelihood requests:  57%|█████▋    | 27108/47868 [04:34<02:15, 153.25it/s]Running loglikelihood requests:  57%|█████▋    | 27141/47868 [04:35<01:47, 192.96it/s]Running loglikelihood requests:  57%|█████▋    | 27162/47868 [04:35<02:00, 171.68it/s]Running loglikelihood requests:  57%|█████▋    | 27181/47868 [04:35<01:59, 173.47it/s]Running loglikelihood requests:  57%|█████▋    | 27200/47868 [04:35<01:58, 174.89it/s]Running loglikelihood requests:  57%|█████▋    | 27219/47868 [04:35<02:12, 155.33it/s]Running loglikelihood requests:  57%|█████▋    | 27236/47868 [04:35<02:11, 156.66it/s]Running loglikelihood requests:  57%|█████▋    | 27253/47868 [04:35<02:27, 139.46it/s]Running loglikelihood requests:  57%|█████▋    | 27270/47868 [04:35<02:22, 144.86it/s]Running loglikelihood requests:  57%|█████▋    | 27293/47868 [04:36<02:05, 163.81it/s]Running loglikelihood requests:  57%|█████▋    | 27311/47868 [04:36<02:20, 145.90it/s]Running loglikelihood requests:  57%|█████▋    | 27330/47868 [04:36<02:12, 154.97it/s]Running loglikelihood requests:  57%|█████▋    | 27354/47868 [04:36<01:57, 174.39it/s]Running loglikelihood requests:  57%|█████▋    | 27373/47868 [04:36<02:12, 155.12it/s]Running loglikelihood requests:  57%|█████▋    | 27393/47868 [04:36<02:05, 163.69it/s]Running loglikelihood requests:  57%|█████▋    | 27411/47868 [04:36<02:19, 146.14it/s]Running loglikelihood requests:  57%|█████▋    | 27432/47868 [04:36<02:08, 159.26it/s]Running loglikelihood requests:  57%|█████▋    | 27452/47868 [04:37<02:02, 167.19it/s]Running loglikelihood requests:  57%|█████▋    | 27470/47868 [04:37<02:01, 167.84it/s]Running loglikelihood requests:  57%|█████▋    | 27488/47868 [04:37<02:00, 168.56it/s]Running loglikelihood requests:  57%|█████▋    | 27506/47868 [04:37<02:17, 148.29it/s]Running loglikelihood requests:  57%|█████▋    | 27522/47868 [04:37<02:33, 132.14it/s]Running loglikelihood requests:  58%|█████▊    | 27541/47868 [04:37<02:21, 144.14it/s]Running loglikelihood requests:  58%|█████▊    | 27563/47868 [04:37<02:06, 160.73it/s]Running loglikelihood requests:  58%|█████▊    | 27580/47868 [04:37<02:06, 160.65it/s]Running loglikelihood requests:  58%|█████▊    | 27597/47868 [04:37<02:06, 160.70it/s]Running loglikelihood requests:  58%|█████▊    | 27614/47868 [04:38<02:05, 160.75it/s]Running loglikelihood requests:  58%|█████▊    | 27648/47868 [04:38<01:38, 206.23it/s]Running loglikelihood requests:  58%|█████▊    | 27669/47868 [04:38<01:53, 178.22it/s]Running loglikelihood requests:  58%|█████▊    | 27705/47868 [04:38<01:31, 220.18it/s]Running loglikelihood requests:  58%|█████▊    | 27729/47868 [04:38<01:30, 221.48it/s]Running loglikelihood requests:  58%|█████▊    | 27752/47868 [04:38<01:31, 219.89it/s]Running loglikelihood requests:  58%|█████▊    | 27775/47868 [04:38<01:31, 218.72it/s]Running loglikelihood requests:  58%|█████▊    | 27798/47868 [04:38<01:32, 217.86it/s]Running loglikelihood requests:  58%|█████▊    | 27821/47868 [04:39<01:44, 191.22it/s]Running loglikelihood requests:  58%|█████▊    | 27844/47868 [04:39<01:41, 197.88it/s]Running loglikelihood requests:  58%|█████▊    | 27865/47868 [04:39<01:41, 197.97it/s]Running loglikelihood requests:  58%|█████▊    | 27895/47868 [04:39<01:30, 221.47it/s]Running loglikelihood requests:  58%|█████▊    | 27918/47868 [04:39<01:30, 219.77it/s]Running loglikelihood requests:  58%|█████▊    | 27941/47868 [04:39<01:31, 217.60it/s]Running loglikelihood requests:  58%|█████▊    | 27963/47868 [04:39<01:33, 213.40it/s]Running loglikelihood requests:  58%|█████▊    | 27985/47868 [04:39<01:48, 183.78it/s]Running loglikelihood requests:  59%|█████▊    | 28009/47868 [04:39<01:42, 193.99it/s]Running loglikelihood requests:  59%|█████▊    | 28036/47868 [04:40<01:34, 208.82it/s]Running loglikelihood requests:  59%|█████▊    | 28063/47868 [04:40<01:30, 219.62it/s]Running loglikelihood requests:  59%|█████▊    | 28090/47868 [04:40<01:26, 228.06it/s]Running loglikelihood requests:  59%|█████▉    | 28123/47868 [04:40<01:19, 249.71it/s]Running loglikelihood requests:  59%|█████▉    | 28161/47868 [04:40<01:10, 277.81it/s]Running loglikelihood requests:  59%|█████▉    | 28190/47868 [04:40<01:11, 273.65it/s]Running loglikelihood requests:  59%|█████▉    | 28218/47868 [04:40<01:23, 234.59it/s]Running loglikelihood requests:  59%|█████▉    | 28247/47868 [04:40<01:20, 242.71it/s]Running loglikelihood requests:  59%|█████▉    | 28274/47868 [04:40<01:20, 243.86it/s]Running loglikelihood requests:  59%|█████▉    | 28299/47868 [04:41<01:21, 239.69it/s]Running loglikelihood requests:  59%|█████▉    | 28325/47868 [04:41<01:21, 238.92it/s]Running loglikelihood requests:  59%|█████▉    | 28357/47868 [04:41<01:16, 254.13it/s]Running loglikelihood requests:  59%|█████▉    | 28383/47868 [04:41<01:17, 249.83it/s]Running loglikelihood requests:  59%|█████▉    | 28409/47868 [04:41<01:18, 247.05it/s]Running loglikelihood requests:  59%|█████▉    | 28434/47868 [04:41<01:20, 242.19it/s]Running loglikelihood requests:  59%|█████▉    | 28459/47868 [04:41<01:21, 238.31it/s]Running loglikelihood requests:  60%|█████▉    | 28483/47868 [04:41<01:23, 232.95it/s]Running loglikelihood requests:  60%|█████▉    | 28508/47868 [04:41<01:23, 231.94it/s]Running loglikelihood requests:  60%|█████▉    | 28532/47868 [04:42<01:24, 228.70it/s]Running loglikelihood requests:  60%|█████▉    | 28570/47868 [04:42<01:13, 263.52it/s]Running loglikelihood requests:  60%|█████▉    | 28597/47868 [04:42<01:14, 258.53it/s]Running loglikelihood requests:  60%|█████▉    | 28623/47868 [04:42<01:16, 252.48it/s]Running loglikelihood requests:  60%|█████▉    | 28649/47868 [04:42<01:17, 248.34it/s]Running loglikelihood requests:  60%|█████▉    | 28674/47868 [04:42<01:19, 242.89it/s]Running loglikelihood requests:  60%|█████▉    | 28699/47868 [04:42<01:20, 239.19it/s]Running loglikelihood requests:  60%|██████    | 28723/47868 [04:42<01:33, 204.49it/s]Running loglikelihood requests:  60%|██████    | 28745/47868 [04:43<01:45, 181.10it/s]Running loglikelihood requests:  60%|██████    | 28765/47868 [04:43<01:44, 182.27it/s]Running loglikelihood requests:  60%|██████    | 28784/47868 [04:43<01:45, 180.74it/s]Running loglikelihood requests:  60%|██████    | 28803/47868 [04:43<01:46, 179.49it/s]Running loglikelihood requests:  60%|██████    | 28824/47868 [04:43<01:43, 183.67it/s]Running loglikelihood requests:  60%|██████    | 28848/47868 [04:43<01:37, 194.42it/s]Running loglikelihood requests:  60%|██████    | 28868/47868 [04:43<01:39, 190.78it/s]Running loglikelihood requests:  60%|██████    | 28895/47868 [04:43<01:31, 207.65it/s]Running loglikelihood requests:  60%|██████    | 28921/47868 [04:43<01:27, 217.01it/s]Running loglikelihood requests:  60%|██████    | 28943/47868 [04:44<01:28, 213.00it/s]Running loglikelihood requests:  61%|██████    | 28965/47868 [04:44<01:29, 210.20it/s]Running loglikelihood requests:  61%|██████    | 28987/47868 [04:44<01:30, 208.20it/s]Running loglikelihood requests:  61%|██████    | 29008/47868 [04:44<01:32, 204.23it/s]Running loglikelihood requests:  61%|██████    | 29029/47868 [04:44<01:33, 201.32it/s]Running loglikelihood requests:  61%|██████    | 29050/47868 [04:44<01:34, 199.36it/s]Running loglikelihood requests:  61%|██████    | 29070/47868 [04:44<01:36, 195.16it/s]Running loglikelihood requests:  61%|██████    | 29090/47868 [04:44<01:37, 192.35it/s]Running loglikelihood requests:  61%|██████    | 29110/47868 [04:44<01:52, 166.28it/s]Running loglikelihood requests:  61%|██████    | 29135/47868 [04:45<01:41, 183.90it/s]Running loglikelihood requests:  61%|██████    | 29157/47868 [04:45<01:38, 189.41it/s]Running loglikelihood requests:  61%|██████    | 29177/47868 [04:45<01:39, 188.38it/s]Running loglikelihood requests:  61%|██████    | 29197/47868 [04:45<01:54, 163.76it/s]Running loglikelihood requests:  61%|██████    | 29225/47868 [04:45<01:37, 190.99it/s]Running loglikelihood requests:  61%|██████    | 29246/47868 [04:45<01:35, 195.06it/s]Running loglikelihood requests:  61%|██████    | 29268/47868 [04:45<01:32, 201.82it/s]Running loglikelihood requests:  61%|██████    | 29289/47868 [04:45<01:55, 160.83it/s]Running loglikelihood requests:  61%|██████    | 29314/47868 [04:46<01:41, 182.16it/s]Running loglikelihood requests:  61%|██████▏   | 29335/47868 [04:46<01:49, 168.73it/s]Running loglikelihood requests:  61%|██████▏   | 29360/47868 [04:46<01:38, 188.44it/s]Running loglikelihood requests:  61%|██████▏   | 29381/47868 [04:46<01:35, 193.97it/s]Running loglikelihood requests:  61%|██████▏   | 29402/47868 [04:46<01:45, 175.49it/s]Running loglikelihood requests:  61%|██████▏   | 29424/47868 [04:46<01:50, 166.62it/s]Running loglikelihood requests:  62%|██████▏   | 29444/47868 [04:46<01:57, 156.33it/s]Running loglikelihood requests:  62%|██████▏   | 29478/47868 [04:46<01:32, 199.53it/s]Running loglikelihood requests:  62%|██████▏   | 29501/47868 [04:47<01:28, 207.18it/s]Running loglikelihood requests:  62%|██████▏   | 29523/47868 [04:47<01:38, 186.82it/s]Running loglikelihood requests:  62%|██████▏   | 29545/47868 [04:47<01:33, 195.16it/s]Running loglikelihood requests:  62%|██████▏   | 29566/47868 [04:47<01:55, 158.72it/s]Running loglikelihood requests:  62%|██████▏   | 29597/47868 [04:47<01:34, 193.44it/s]Running loglikelihood requests:  62%|██████▏   | 29623/47868 [04:47<01:26, 209.93it/s]Running loglikelihood requests:  62%|██████▏   | 29646/47868 [04:47<01:46, 171.71it/s]Running loglikelihood requests:  62%|██████▏   | 29670/47868 [04:47<01:37, 187.37it/s]Running loglikelihood requests:  62%|██████▏   | 29691/47868 [04:48<01:45, 172.82it/s]Running loglikelihood requests:  62%|██████▏   | 29715/47868 [04:48<01:36, 188.93it/s]Running loglikelihood requests:  62%|██████▏   | 29736/47868 [04:48<01:56, 156.15it/s]Running loglikelihood requests:  62%|██████▏   | 29754/47868 [04:48<02:04, 145.90it/s]Running loglikelihood requests:  62%|██████▏   | 29780/47868 [04:48<01:45, 171.68it/s]Running loglikelihood requests:  62%|██████▏   | 29805/47868 [04:48<01:34, 190.78it/s]Running loglikelihood requests:  62%|██████▏   | 29826/47868 [04:48<01:43, 174.32it/s]Running loglikelihood requests:  62%|██████▏   | 29846/47868 [04:49<01:51, 161.67it/s]Running loglikelihood requests:  62%|██████▏   | 29869/47868 [04:49<01:41, 178.06it/s]Running loglikelihood requests:  62%|██████▏   | 29897/47868 [04:49<01:28, 204.09it/s]Running loglikelihood requests:  63%|██████▎   | 29925/47868 [04:49<01:19, 224.34it/s]Running loglikelihood requests:  63%|██████▎   | 29949/47868 [04:49<01:39, 180.70it/s]Running loglikelihood requests:  63%|██████▎   | 29973/47868 [04:49<01:31, 194.77it/s]Running loglikelihood requests:  63%|██████▎   | 29995/47868 [04:49<01:39, 179.51it/s]Running loglikelihood requests:  63%|██████▎   | 30015/47868 [04:49<01:48, 165.16it/s]Running loglikelihood requests:  63%|██████▎   | 30042/47868 [04:50<01:33, 190.05it/s]Running loglikelihood requests:  63%|██████▎   | 30063/47868 [04:50<01:42, 174.03it/s]Running loglikelihood requests:  63%|██████▎   | 30082/47868 [04:50<01:51, 159.52it/s]Running loglikelihood requests:  63%|██████▎   | 30106/47868 [04:50<01:39, 178.59it/s]Running loglikelihood requests:  63%|██████▎   | 30139/47868 [04:50<01:30, 195.34it/s]Running loglikelihood requests:  63%|██████▎   | 30163/47868 [04:50<01:34, 186.78it/s]Running loglikelihood requests:  63%|██████▎   | 30183/47868 [04:50<01:42, 172.85it/s]Running loglikelihood requests:  63%|██████▎   | 30229/47868 [04:51<01:20, 218.38it/s]Running loglikelihood requests:  63%|██████▎   | 30251/47868 [04:51<01:28, 199.51it/s]Running loglikelihood requests:  63%|██████▎   | 30272/47868 [04:51<01:35, 184.30it/s]Running loglikelihood requests:  63%|██████▎   | 30305/47868 [04:51<01:28, 198.62it/s]Running loglikelihood requests:  63%|██████▎   | 30335/47868 [04:51<01:26, 202.36it/s]Running loglikelihood requests:  63%|██████▎   | 30356/47868 [04:51<01:33, 186.39it/s]Running loglikelihood requests:  63%|██████▎   | 30376/47868 [04:51<01:41, 173.09it/s]Running loglikelihood requests:  64%|██████▎   | 30412/47868 [04:51<01:28, 197.05it/s]Running loglikelihood requests:  64%|██████▎   | 30437/47868 [04:52<01:31, 190.93it/s]Running loglikelihood requests:  64%|██████▎   | 30457/47868 [04:52<01:38, 176.34it/s]Running loglikelihood requests:  64%|██████▎   | 30493/47868 [04:52<01:27, 199.14it/s]Running loglikelihood requests:  64%|██████▍   | 30521/47868 [04:52<01:27, 198.56it/s]Running loglikelihood requests:  64%|██████▍   | 30545/47868 [04:52<01:31, 189.98it/s]Running loglikelihood requests:  64%|██████▍   | 30565/47868 [04:52<01:38, 175.65it/s]Running loglikelihood requests:  64%|██████▍   | 30612/47868 [04:52<01:18, 221.18it/s]Running loglikelihood requests:  64%|██████▍   | 30635/47868 [04:53<01:24, 203.81it/s]Running loglikelihood requests:  64%|██████▍   | 30681/47868 [04:53<01:11, 238.77it/s]Running loglikelihood requests:  64%|██████▍   | 30713/47868 [04:53<01:13, 234.72it/s]Running loglikelihood requests:  64%|██████▍   | 30737/47868 [04:53<01:19, 215.38it/s]Running loglikelihood requests:  64%|██████▍   | 30764/47868 [04:53<01:22, 207.89it/s]Running loglikelihood requests:  64%|██████▍   | 30797/47868 [04:53<01:19, 215.19it/s]Running loglikelihood requests:  64%|██████▍   | 30827/47868 [04:53<01:19, 213.72it/s]Running loglikelihood requests:  64%|██████▍   | 30860/47868 [04:54<01:17, 219.30it/s]Running loglikelihood requests:  65%|██████▍   | 30887/47868 [04:54<01:20, 210.19it/s]Running loglikelihood requests:  65%|██████▍   | 30933/47868 [04:54<01:09, 243.04it/s]Running loglikelihood requests:  65%|██████▍   | 30958/47868 [04:54<01:22, 203.84it/s]Running loglikelihood requests:  65%|██████▍   | 30988/47868 [04:54<01:22, 205.75it/s]Running loglikelihood requests:  65%|██████▍   | 31010/47868 [04:54<01:27, 191.79it/s]Running loglikelihood requests:  65%|██████▍   | 31064/47868 [04:55<01:08, 245.14it/s]Running loglikelihood requests:  65%|██████▍   | 31089/47868 [04:55<01:14, 225.48it/s]Running loglikelihood requests:  65%|██████▌   | 31127/47868 [04:55<01:10, 237.77it/s]Running loglikelihood requests:  65%|██████▌   | 31158/47868 [04:55<01:11, 232.19it/s]Running loglikelihood requests:  65%|██████▌   | 31182/47868 [04:55<01:25, 195.07it/s]Running loglikelihood requests:  65%|██████▌   | 31217/47868 [04:55<01:19, 209.44it/s]Running loglikelihood requests:  65%|██████▌   | 31241/47868 [04:55<01:23, 198.57it/s]Running loglikelihood requests:  65%|██████▌   | 31265/47868 [04:56<01:27, 190.49it/s]Running loglikelihood requests:  65%|██████▌   | 31315/47868 [04:56<01:09, 237.01it/s]Running loglikelihood requests:  65%|██████▌   | 31350/47868 [04:56<01:08, 239.82it/s]Running loglikelihood requests:  66%|██████▌   | 31382/47868 [04:56<01:09, 235.68it/s]Running loglikelihood requests:  66%|██████▌   | 31422/47868 [04:56<01:06, 249.16it/s]Running loglikelihood requests:  66%|██████▌   | 31447/47868 [04:56<01:18, 208.04it/s]Running loglikelihood requests:  66%|██████▌   | 31483/47868 [04:56<01:14, 220.78it/s]Running loglikelihood requests:  66%|██████▌   | 31506/47868 [04:57<01:19, 204.56it/s]Running loglikelihood requests:  66%|██████▌   | 31540/47868 [04:57<01:15, 214.88it/s]Running loglikelihood requests:  66%|██████▌   | 31594/47868 [04:57<01:02, 262.08it/s]Running loglikelihood requests:  66%|██████▌   | 31621/47868 [04:57<01:07, 241.57it/s]Running loglikelihood requests:  66%|██████▌   | 31665/47868 [04:57<01:02, 260.97it/s]Running loglikelihood requests:  66%|██████▌   | 31696/47868 [04:57<01:05, 247.69it/s]Running loglikelihood requests:  66%|██████▋   | 31723/47868 [04:57<01:09, 231.22it/s]Running loglikelihood requests:  66%|██████▋   | 31747/47868 [04:58<01:15, 213.39it/s]Running loglikelihood requests:  66%|██████▋   | 31774/47868 [04:58<01:17, 206.86it/s]Running loglikelihood requests:  66%|██████▋   | 31822/47868 [04:58<01:05, 245.39it/s]Running loglikelihood requests:  67%|██████▋   | 31856/47868 [04:58<01:05, 243.87it/s]Running loglikelihood requests:  67%|██████▋   | 31893/47868 [04:58<01:04, 248.56it/s]Running loglikelihood requests:  67%|██████▋   | 31938/47868 [04:58<00:59, 268.26it/s]Running loglikelihood requests:  67%|██████▋   | 31965/47868 [04:58<01:04, 245.63it/s]Running loglikelihood requests:  67%|██████▋   | 32004/47868 [04:59<01:02, 254.21it/s]Running loglikelihood requests:  67%|██████▋   | 32047/47868 [04:59<00:58, 268.24it/s]Running loglikelihood requests:  67%|██████▋   | 32074/47868 [04:59<01:04, 245.56it/s]Running loglikelihood requests:  67%|██████▋   | 32114/47868 [04:59<01:01, 256.22it/s]Running loglikelihood requests:  67%|██████▋   | 32158/47868 [04:59<00:57, 271.82it/s]Running loglikelihood requests:  67%|██████▋   | 32186/47868 [04:59<01:02, 250.13it/s]Running loglikelihood requests:  67%|██████▋   | 32222/47868 [04:59<01:02, 251.34it/s]Running loglikelihood requests:  67%|██████▋   | 32249/47868 [05:00<01:06, 233.49it/s]Running loglikelihood requests:  67%|██████▋   | 32274/47868 [05:00<01:11, 216.89it/s]Running loglikelihood requests:  68%|██████▊   | 32312/47868 [05:00<01:07, 232.18it/s]Running loglikelihood requests:  68%|██████▊   | 32336/47868 [05:00<01:12, 213.90it/s]Running loglikelihood requests:  68%|██████▊   | 32358/47868 [05:00<01:26, 179.48it/s]Running loglikelihood requests:  68%|██████▊   | 32403/47868 [05:00<01:10, 217.82it/s]Running loglikelihood requests:  68%|██████▊   | 32435/47868 [05:00<01:10, 220.15it/s]Running loglikelihood requests:  68%|██████▊   | 32458/47868 [05:01<01:15, 203.91it/s]Running loglikelihood requests:  68%|██████▊   | 32488/47868 [05:01<01:14, 206.40it/s]Running loglikelihood requests:  68%|██████▊   | 32523/47868 [05:01<01:10, 218.35it/s]Running loglikelihood requests:  68%|██████▊   | 32545/47868 [05:01<01:16, 200.41it/s]Running loglikelihood requests:  68%|██████▊   | 32566/47868 [05:01<01:30, 169.22it/s]Running loglikelihood requests:  68%|██████▊   | 32609/47868 [05:01<01:13, 206.42it/s]Running loglikelihood requests:  68%|██████▊   | 32652/47868 [05:02<01:05, 233.79it/s]Running loglikelihood requests:  68%|██████▊   | 32676/47868 [05:02<01:10, 215.70it/s]Running loglikelihood requests:  68%|██████▊   | 32698/47868 [05:02<01:16, 198.66it/s]Running loglikelihood requests:  68%|██████▊   | 32719/47868 [05:02<01:22, 184.44it/s]Running loglikelihood requests:  68%|██████▊   | 32761/47868 [05:02<01:09, 217.34it/s]Running loglikelihood requests:  68%|██████▊   | 32783/47868 [05:02<01:15, 199.52it/s]Running loglikelihood requests:  69%|██████▊   | 32803/47868 [05:02<01:22, 182.87it/s]Running loglikelihood requests:  69%|██████▊   | 32828/47868 [05:02<01:22, 181.48it/s]Running loglikelihood requests:  69%|██████▊   | 32876/47868 [05:03<01:05, 228.05it/s]Running loglikelihood requests:  69%|██████▊   | 32899/47868 [05:03<01:11, 209.19it/s]Running loglikelihood requests:  69%|██████▉   | 32920/47868 [05:03<01:17, 191.82it/s]Running loglikelihood requests:  69%|██████▉   | 32944/47868 [05:03<01:20, 185.40it/s]Running loglikelihood requests:  69%|██████▉   | 32992/47868 [05:03<01:04, 230.95it/s]Running loglikelihood requests:  69%|██████▉   | 33025/47868 [05:03<01:04, 231.77it/s]Running loglikelihood requests:  69%|██████▉   | 33049/47868 [05:04<01:16, 194.92it/s]Running loglikelihood requests:  69%|██████▉   | 33070/47868 [05:04<01:28, 167.17it/s]Running loglikelihood requests:  69%|██████▉   | 33106/47868 [05:04<01:17, 190.63it/s]Running loglikelihood requests:  69%|██████▉   | 33140/47868 [05:04<01:11, 204.64it/s]Running loglikelihood requests:  69%|██████▉   | 33162/47868 [05:04<01:16, 191.30it/s]Running loglikelihood requests:  69%|██████▉   | 33182/47868 [05:04<01:30, 162.49it/s]Running loglikelihood requests:  69%|██████▉   | 33202/47868 [05:04<01:33, 157.33it/s]Running loglikelihood requests:  69%|██████▉   | 33248/47868 [05:05<01:11, 204.32it/s]Running loglikelihood requests:  70%|██████▉   | 33290/47868 [05:05<01:03, 230.57it/s]Running loglikelihood requests:  70%|██████▉   | 33314/47868 [05:05<01:08, 213.60it/s]Running loglikelihood requests:  70%|██████▉   | 33336/47868 [05:05<01:20, 180.20it/s]Running loglikelihood requests:  70%|██████▉   | 33355/47868 [05:05<01:26, 168.15it/s]Running loglikelihood requests:  70%|██████▉   | 33398/47868 [05:05<01:10, 206.46it/s]Running loglikelihood requests:  70%|██████▉   | 33420/47868 [05:05<01:15, 192.14it/s]Running loglikelihood requests:  70%|██████▉   | 33440/47868 [05:06<01:21, 178.00it/s]Running loglikelihood requests:  70%|██████▉   | 33458/47868 [05:06<01:28, 163.69it/s]Running loglikelihood requests:  70%|██████▉   | 33488/47868 [05:06<01:20, 178.29it/s]Running loglikelihood requests:  70%|███████   | 33532/47868 [05:06<01:05, 217.55it/s]Running loglikelihood requests:  70%|███████   | 33554/47868 [05:06<01:11, 199.73it/s]Running loglikelihood requests:  70%|███████   | 33574/47868 [05:06<01:18, 183.00it/s]Running loglikelihood requests:  70%|███████   | 33593/47868 [05:06<01:24, 169.06it/s]Running loglikelihood requests:  70%|███████   | 33619/47868 [05:07<01:21, 173.90it/s]Running loglikelihood requests:  70%|███████   | 33668/47868 [05:07<01:03, 225.06it/s]Running loglikelihood requests:  70%|███████   | 33696/47868 [05:07<01:05, 217.39it/s]Running loglikelihood requests:  70%|███████   | 33718/47868 [05:07<01:10, 199.43it/s]Running loglikelihood requests:  70%|███████   | 33738/47868 [05:07<01:24, 166.75it/s]Running loglikelihood requests:  71%|███████   | 33763/47868 [05:07<01:22, 170.03it/s]Running loglikelihood requests:  71%|███████   | 33803/47868 [05:08<01:09, 201.60it/s]Running loglikelihood requests:  71%|███████   | 33824/47868 [05:08<01:15, 186.96it/s]Running loglikelihood requests:  71%|███████   | 33843/47868 [05:08<01:21, 172.14it/s]Running loglikelihood requests:  71%|███████   | 33861/47868 [05:08<01:27, 159.59it/s]Running loglikelihood requests:  71%|███████   | 33877/47868 [05:08<01:36, 145.33it/s]Running loglikelihood requests:  71%|███████   | 33924/47868 [05:08<01:09, 200.53it/s]Running loglikelihood requests:  71%|███████   | 33956/47868 [05:08<01:06, 208.51it/s]Running loglikelihood requests:  71%|███████   | 33977/47868 [05:08<01:12, 191.30it/s]Running loglikelihood requests:  71%|███████   | 33997/47868 [05:09<01:25, 161.49it/s]Running loglikelihood requests:  71%|███████   | 34014/47868 [05:09<01:31, 150.69it/s]Running loglikelihood requests:  71%|███████   | 34041/47868 [05:09<01:25, 162.59it/s]Running loglikelihood requests:  71%|███████   | 34095/47868 [05:09<01:01, 225.58it/s]Running loglikelihood requests:  71%|███████▏  | 34118/47868 [05:09<01:12, 190.01it/s]Running loglikelihood requests:  71%|███████▏  | 34138/47868 [05:09<01:17, 177.24it/s]Running loglikelihood requests:  71%|███████▏  | 34157/47868 [05:10<01:22, 165.63it/s]Running loglikelihood requests:  71%|███████▏  | 34178/47868 [05:10<01:24, 161.31it/s]Running loglikelihood requests:  71%|███████▏  | 34220/47868 [05:10<01:08, 200.70it/s]Running loglikelihood requests:  72%|███████▏  | 34250/47868 [05:10<01:06, 204.54it/s]Running loglikelihood requests:  72%|███████▏  | 34271/47868 [05:10<01:18, 172.13it/s]Running loglikelihood requests:  72%|███████▏  | 34290/47868 [05:10<01:23, 162.29it/s]Running loglikelihood requests:  72%|███████▏  | 34320/47868 [05:10<01:16, 176.93it/s]Running loglikelihood requests:  72%|███████▏  | 34368/47868 [05:11<01:00, 223.53it/s]Running loglikelihood requests:  72%|███████▏  | 34391/47868 [05:11<01:05, 206.50it/s]Running loglikelihood requests:  72%|███████▏  | 34412/47868 [05:11<01:10, 190.39it/s]Running loglikelihood requests:  72%|███████▏  | 34432/47868 [05:11<01:16, 176.77it/s]Running loglikelihood requests:  72%|███████▏  | 34464/47868 [05:11<01:09, 192.00it/s]Running loglikelihood requests:  72%|███████▏  | 34512/47868 [05:11<00:56, 235.72it/s]Running loglikelihood requests:  72%|███████▏  | 34537/47868 [05:11<01:00, 218.93it/s]Running loglikelihood requests:  72%|███████▏  | 34559/47868 [05:12<01:06, 200.57it/s]Running loglikelihood requests:  72%|███████▏  | 34580/47868 [05:12<01:11, 185.92it/s]Running loglikelihood requests:  72%|███████▏  | 34618/47868 [05:12<01:02, 211.19it/s]Running loglikelihood requests:  72%|███████▏  | 34650/47868 [05:12<01:01, 216.52it/s]Running loglikelihood requests:  72%|███████▏  | 34672/47868 [05:12<01:06, 199.49it/s]Running loglikelihood requests:  72%|███████▏  | 34692/47868 [05:12<01:11, 183.14it/s]Running loglikelihood requests:  73%|███████▎  | 34725/47868 [05:12<01:06, 199.00it/s]Running loglikelihood requests:  73%|███████▎  | 34762/47868 [05:13<01:00, 218.41it/s]Running loglikelihood requests:  73%|███████▎  | 34785/47868 [05:13<01:04, 203.01it/s]Running loglikelihood requests:  73%|███████▎  | 34806/47868 [05:13<01:09, 187.88it/s]Running loglikelihood requests:  73%|███████▎  | 34830/47868 [05:13<01:11, 183.47it/s]Running loglikelihood requests:  73%|███████▎  | 34877/47868 [05:13<00:56, 228.13it/s]Running loglikelihood requests:  73%|███████▎  | 34907/47868 [05:13<00:57, 224.20it/s]Running loglikelihood requests:  73%|███████▎  | 34930/47868 [05:13<01:08, 188.63it/s]Running loglikelihood requests:  73%|███████▎  | 34959/47868 [05:14<01:06, 194.14it/s]Running loglikelihood requests:  73%|███████▎  | 35006/47868 [05:14<00:54, 234.00it/s]Running loglikelihood requests:  73%|███████▎  | 35036/47868 [05:14<00:56, 228.48it/s]Running loglikelihood requests:  73%|███████▎  | 35060/47868 [05:14<01:06, 193.98it/s]Running loglikelihood requests:  73%|███████▎  | 35081/47868 [05:14<01:10, 182.40it/s]Running loglikelihood requests:  73%|███████▎  | 35125/47868 [05:14<00:58, 219.23it/s]Running loglikelihood requests:  73%|███████▎  | 35162/47868 [05:14<00:54, 232.18it/s]Running loglikelihood requests:  74%|███████▎  | 35186/47868 [05:15<00:58, 215.25it/s]Running loglikelihood requests:  74%|███████▎  | 35208/47868 [05:15<01:03, 198.97it/s]Running loglikelihood requests:  74%|███████▎  | 35245/47868 [05:15<00:57, 218.33it/s]Running loglikelihood requests:  74%|███████▎  | 35267/47868 [05:15<01:02, 200.87it/s]Running loglikelihood requests:  74%|███████▎  | 35295/47868 [05:15<01:02, 200.53it/s]Running loglikelihood requests:  74%|███████▍  | 35333/47868 [05:15<00:56, 221.60it/s]Running loglikelihood requests:  74%|███████▍  | 35360/47868 [05:15<00:58, 213.19it/s]Running loglikelihood requests:  74%|███████▍  | 35390/47868 [05:16<00:58, 213.90it/s]Running loglikelihood requests:  74%|███████▍  | 35421/47868 [05:16<00:57, 215.06it/s]Running loglikelihood requests:  74%|███████▍  | 35443/47868 [05:16<01:03, 195.99it/s]Running loglikelihood requests:  74%|███████▍  | 35485/47868 [05:16<00:49, 248.02it/s]Running loglikelihood requests:  74%|███████▍  | 35512/47868 [05:16<01:05, 188.40it/s]Running loglikelihood requests:  74%|███████▍  | 35553/47868 [05:16<00:52, 234.71it/s]Running loglikelihood requests:  74%|███████▍  | 35581/47868 [05:16<00:55, 222.13it/s]Running loglikelihood requests:  74%|███████▍  | 35607/47868 [05:17<00:58, 209.13it/s]Running loglikelihood requests:  74%|███████▍  | 35630/47868 [05:17<01:03, 194.22it/s]Running loglikelihood requests:  74%|███████▍  | 35651/47868 [05:17<01:08, 179.63it/s]Running loglikelihood requests:  75%|███████▍  | 35687/47868 [05:17<01:01, 199.66it/s]Running loglikelihood requests:  75%|███████▍  | 35725/47868 [05:17<00:50, 240.79it/s]Running loglikelihood requests:  75%|███████▍  | 35755/47868 [05:17<00:52, 229.75it/s]Running loglikelihood requests:  75%|███████▍  | 35793/47868 [05:17<00:50, 238.86it/s]Running loglikelihood requests:  75%|███████▍  | 35829/47868 [05:18<00:49, 241.07it/s]Running loglikelihood requests:  75%|███████▍  | 35868/47868 [05:18<00:43, 275.70it/s]Running loglikelihood requests:  75%|███████▌  | 35901/47868 [05:18<00:45, 262.61it/s]Running loglikelihood requests:  75%|███████▌  | 35948/47868 [05:18<00:41, 284.94it/s]Running loglikelihood requests:  75%|███████▌  | 35994/47868 [05:18<00:39, 298.00it/s]Running loglikelihood requests:  75%|███████▌  | 36025/47868 [05:18<00:43, 275.40it/s]Running loglikelihood requests:  75%|███████▌  | 36061/47868 [05:18<00:43, 270.58it/s]Running loglikelihood requests:  75%|███████▌  | 36109/47868 [05:18<00:40, 292.40it/s]Running loglikelihood requests:  76%|███████▌  | 36146/47868 [05:19<00:41, 284.14it/s]Running loglikelihood requests:  76%|███████▌  | 36198/47868 [05:19<00:37, 309.54it/s]Running loglikelihood requests:  76%|███████▌  | 36239/47868 [05:19<00:38, 304.89it/s]Running loglikelihood requests:  76%|███████▌  | 36282/47868 [05:19<00:37, 305.78it/s]Running loglikelihood requests:  76%|███████▌  | 36323/47868 [05:19<00:38, 302.42it/s]Running loglikelihood requests:  76%|███████▌  | 36370/47868 [05:19<00:36, 312.40it/s]Running loglikelihood requests:  76%|███████▌  | 36412/47868 [05:19<00:37, 308.98it/s]Running loglikelihood requests:  76%|███████▌  | 36457/47868 [05:20<00:36, 310.61it/s]Running loglikelihood requests:  76%|███████▌  | 36490/47868 [05:20<00:39, 289.01it/s]Running loglikelihood requests:  76%|███████▋  | 36538/47868 [05:20<00:37, 304.83it/s]Running loglikelihood requests:  76%|███████▋  | 36589/47868 [05:20<00:34, 322.30it/s]Running loglikelihood requests:  77%|███████▋  | 36640/47868 [05:20<00:33, 334.16it/s]Running loglikelihood requests:  77%|███████▋  | 36679/47868 [05:20<00:35, 317.93it/s]Running loglikelihood requests:  77%|███████▋  | 36720/47868 [05:20<00:35, 311.00it/s]Running loglikelihood requests:  77%|███████▋  | 36762/47868 [05:21<00:36, 308.25it/s]Running loglikelihood requests:  77%|███████▋  | 36805/47868 [05:21<00:35, 308.22it/s]Running loglikelihood requests:  77%|███████▋  | 36842/47868 [05:21<00:37, 295.77it/s]Running loglikelihood requests:  77%|███████▋  | 36880/47868 [05:21<00:37, 289.34it/s]Running loglikelihood requests:  77%|███████▋  | 36922/47868 [05:21<00:37, 292.87it/s]Running loglikelihood requests:  77%|███████▋  | 36975/47868 [05:21<00:34, 318.16it/s]Running loglikelihood requests:  77%|███████▋  | 37019/47868 [05:21<00:34, 317.43it/s]Running loglikelihood requests:  77%|███████▋  | 37067/47868 [05:22<00:33, 325.08it/s]Running loglikelihood requests:  78%|███████▊  | 37100/47868 [05:22<00:35, 299.47it/s]Running loglikelihood requests:  78%|███████▊  | 37141/47868 [05:22<00:36, 297.73it/s]Running loglikelihood requests:  78%|███████▊  | 37189/47868 [05:22<00:34, 311.26it/s]Running loglikelihood requests:  78%|███████▊  | 37227/47868 [05:22<00:35, 300.22it/s]Running loglikelihood requests:  78%|███████▊  | 37275/47868 [05:22<00:34, 310.41it/s]Running loglikelihood requests:  78%|███████▊  | 37333/47868 [05:22<00:30, 340.54it/s]Running loglikelihood requests:  78%|███████▊  | 37368/47868 [05:23<00:33, 314.52it/s]Running loglikelihood requests:  78%|███████▊  | 37418/47868 [05:23<00:31, 327.28it/s]Running loglikelihood requests:  78%|███████▊  | 37465/47868 [05:23<00:31, 329.70it/s]Running loglikelihood requests:  78%|███████▊  | 37508/47868 [05:23<00:32, 323.32it/s]Running loglikelihood requests:  78%|███████▊  | 37556/47868 [05:23<00:31, 328.91it/s]Running loglikelihood requests:  79%|███████▊  | 37602/47868 [05:23<00:31, 328.64it/s]Running loglikelihood requests:  79%|███████▊  | 37649/47868 [05:23<00:30, 331.02it/s]Running loglikelihood requests:  79%|███████▊  | 37691/47868 [05:24<00:31, 322.26it/s]Running loglikelihood requests:  79%|███████▉  | 37735/47868 [05:24<00:31, 319.59it/s]Running loglikelihood requests:  79%|███████▉  | 37774/47868 [05:24<00:32, 307.93it/s]Running loglikelihood requests:  79%|███████▉  | 37817/47868 [05:24<00:32, 308.34it/s]Running loglikelihood requests:  79%|███████▉  | 37857/47868 [05:24<00:33, 302.09it/s]Running loglikelihood requests:  79%|███████▉  | 37906/47868 [05:24<00:31, 316.85it/s]Running loglikelihood requests:  79%|███████▉  | 37954/47868 [05:24<00:30, 324.95it/s]Running loglikelihood requests:  79%|███████▉  | 38002/47868 [05:25<00:29, 330.67it/s]Running loglikelihood requests:  79%|███████▉  | 38053/47868 [05:25<00:28, 340.54it/s]Running loglikelihood requests:  80%|███████▉  | 38091/47868 [05:25<00:30, 320.51it/s]Running loglikelihood requests:  80%|███████▉  | 38138/47868 [05:25<00:29, 325.48it/s]Running loglikelihood requests:  80%|███████▉  | 38178/47868 [05:25<00:30, 314.67it/s]Running loglikelihood requests:  80%|███████▉  | 38220/47868 [05:25<00:31, 310.79it/s]Running loglikelihood requests:  80%|███████▉  | 38266/47868 [05:25<00:30, 316.59it/s]Running loglikelihood requests:  80%|████████  | 38311/47868 [05:25<00:30, 318.57it/s]Running loglikelihood requests:  80%|████████  | 38354/47868 [05:26<00:30, 315.84it/s]Running loglikelihood requests:  80%|████████  | 38397/47868 [05:26<00:30, 312.53it/s]Running loglikelihood requests:  80%|████████  | 38443/47868 [05:26<00:29, 317.70it/s]Running loglikelihood requests:  80%|████████  | 38497/47868 [05:26<00:27, 337.74it/s]Running loglikelihood requests:  81%|████████  | 38535/47868 [05:26<00:29, 318.84it/s]Running loglikelihood requests:  81%|████████  | 38580/47868 [05:26<00:29, 319.98it/s]Running loglikelihood requests:  81%|████████  | 38626/47868 [05:26<00:28, 322.98it/s]Running loglikelihood requests:  81%|████████  | 38670/47868 [05:27<00:28, 320.84it/s]Running loglikelihood requests:  81%|████████  | 38714/47868 [05:27<00:28, 319.49it/s]Running loglikelihood requests:  81%|████████  | 38763/47868 [05:27<00:27, 328.70it/s]Running loglikelihood requests:  81%|████████  | 38809/47868 [05:27<00:27, 329.37it/s]Running loglikelihood requests:  81%|████████  | 38854/47868 [05:27<00:27, 327.46it/s]Running loglikelihood requests:  81%|████████▏ | 38905/47868 [05:27<00:26, 338.54it/s]Running loglikelihood requests:  81%|████████▏ | 38952/47868 [05:27<00:26, 338.11it/s]Running loglikelihood requests:  81%|████████▏ | 38999/47868 [05:28<00:26, 337.86it/s]Running loglikelihood requests:  82%|████████▏ | 39037/47868 [05:28<00:27, 319.20it/s]Running loglikelihood requests:  82%|████████▏ | 39073/47868 [05:28<00:29, 301.42it/s]Running loglikelihood requests:  82%|████████▏ | 39104/47868 [05:28<00:31, 278.91it/s]Running loglikelihood requests:  82%|████████▏ | 39148/47868 [05:28<00:30, 290.33it/s]Running loglikelihood requests:  82%|████████▏ | 39199/47868 [05:28<00:27, 312.86it/s]Running loglikelihood requests:  82%|████████▏ | 39238/47868 [05:28<00:28, 303.90it/s]Running loglikelihood requests:  82%|████████▏ | 39275/47868 [05:29<00:29, 293.59it/s]Running loglikelihood requests:  82%|████████▏ | 39308/47868 [05:29<00:30, 277.78it/s]Running loglikelihood requests:  82%|████████▏ | 39356/47868 [05:29<00:28, 298.05it/s]Running loglikelihood requests:  82%|████████▏ | 39406/47868 [05:29<00:26, 316.39it/s]Running loglikelihood requests:  82%|████████▏ | 39449/47868 [05:29<00:26, 314.50it/s]Running loglikelihood requests:  83%|████████▎ | 39492/47868 [05:29<00:26, 313.07it/s]Running loglikelihood requests:  83%|████████▎ | 39530/47868 [05:29<00:27, 299.97it/s]Running loglikelihood requests:  83%|████████▎ | 39574/47868 [05:30<00:27, 304.97it/s]Running loglikelihood requests:  83%|████████▎ | 39625/47868 [05:30<00:25, 322.65it/s]Running loglikelihood requests:  83%|████████▎ | 39676/47868 [05:30<00:24, 335.29it/s]Running loglikelihood requests:  83%|████████▎ | 39710/47868 [05:30<00:26, 309.37it/s]Running loglikelihood requests:  83%|████████▎ | 39741/47868 [05:30<00:31, 260.08it/s]Running loglikelihood requests:  83%|████████▎ | 39788/47868 [05:30<00:28, 283.24it/s]Running loglikelihood requests:  83%|████████▎ | 39841/47868 [05:30<00:25, 312.13it/s]Running loglikelihood requests:  83%|████████▎ | 39886/47868 [05:31<00:25, 317.44it/s]Running loglikelihood requests:  83%|████████▎ | 39922/47868 [05:31<00:26, 302.23it/s]Running loglikelihood requests:  83%|████████▎ | 39964/47868 [05:31<00:25, 304.08it/s]Running loglikelihood requests:  84%|████████▎ | 39997/47868 [05:31<00:27, 286.78it/s]Running loglikelihood requests:  84%|████████▎ | 40047/47868 [05:31<00:25, 310.36it/s]Running loglikelihood requests:  84%|████████▍ | 40090/47868 [05:31<00:24, 311.88it/s]Running loglikelihood requests:  84%|████████▍ | 40138/47868 [05:31<00:23, 322.15it/s]Running loglikelihood requests:  84%|████████▍ | 40177/47868 [05:31<00:24, 311.30it/s]Running loglikelihood requests:  84%|████████▍ | 40217/47868 [05:32<00:24, 306.53it/s]Running loglikelihood requests:  84%|████████▍ | 40277/47868 [05:32<00:22, 344.96it/s]Running loglikelihood requests:  84%|████████▍ | 40312/47868 [05:32<00:23, 319.41it/s]Running loglikelihood requests:  84%|████████▍ | 40344/47868 [05:32<00:25, 295.15it/s]Running loglikelihood requests:  84%|████████▍ | 40382/47868 [05:32<00:25, 290.99it/s]Running loglikelihood requests:  84%|████████▍ | 40435/47868 [05:32<00:23, 319.80it/s]Running loglikelihood requests:  85%|████████▍ | 40488/47868 [05:32<00:21, 339.75it/s]Running loglikelihood requests:  85%|████████▍ | 40535/47868 [05:33<00:21, 340.83it/s]Running loglikelihood requests:  85%|████████▍ | 40572/47868 [05:33<00:22, 320.74it/s]Running loglikelihood requests:  85%|████████▍ | 40609/47868 [05:33<00:23, 306.47it/s]Running loglikelihood requests:  85%|████████▍ | 40647/47868 [05:33<00:24, 298.58it/s]Running loglikelihood requests:  85%|████████▍ | 40685/47868 [05:33<00:24, 292.13it/s]Running loglikelihood requests:  85%|████████▌ | 40728/47868 [05:33<00:23, 299.29it/s]Running loglikelihood requests:  85%|████████▌ | 40775/47868 [05:33<00:22, 312.77it/s]Running loglikelihood requests:  85%|████████▌ | 40807/47868 [05:34<00:24, 290.45it/s]Running loglikelihood requests:  85%|████████▌ | 40844/47868 [05:34<00:24, 285.41it/s]Running loglikelihood requests:  85%|████████▌ | 40890/47868 [05:34<00:23, 301.20it/s]Running loglikelihood requests:  86%|████████▌ | 40935/47868 [05:34<00:22, 309.92it/s]Running loglikelihood requests:  86%|████████▌ | 40978/47868 [05:34<00:22, 311.63it/s]Running loglikelihood requests:  86%|████████▌ | 41026/47868 [05:34<00:21, 323.41it/s]Running loglikelihood requests:  86%|████████▌ | 41079/47868 [05:34<00:19, 342.41it/s]Running loglikelihood requests:  86%|████████▌ | 41122/47868 [05:34<00:20, 334.70it/s]Running loglikelihood requests:  86%|████████▌ | 41156/47868 [05:35<00:21, 310.22it/s]Running loglikelihood requests:  86%|████████▌ | 41194/47868 [05:35<00:22, 301.62it/s]Running loglikelihood requests:  86%|████████▌ | 41225/47868 [05:35<00:23, 280.57it/s]Running loglikelihood requests:  86%|████████▌ | 41274/47868 [05:35<00:21, 304.60it/s]Running loglikelihood requests:  86%|████████▋ | 41314/47868 [05:35<00:21, 302.34it/s]Running loglikelihood requests:  86%|████████▋ | 41367/47868 [05:35<00:19, 328.35it/s]Running loglikelihood requests:  87%|████████▋ | 41421/47868 [05:35<00:18, 348.86it/s]Running loglikelihood requests:  87%|████████▋ | 41456/47868 [05:36<00:19, 322.64it/s]Running loglikelihood requests:  87%|████████▋ | 41500/47868 [05:36<00:19, 323.45it/s]Running loglikelihood requests:  87%|████████▋ | 41540/47868 [05:36<00:20, 315.53it/s]Running loglikelihood requests:  87%|████████▋ | 41576/47868 [05:36<00:20, 301.56it/s]Running loglikelihood requests:  87%|████████▋ | 41614/47868 [05:36<00:21, 295.73it/s]Running loglikelihood requests:  87%|████████▋ | 41646/47868 [05:36<00:22, 278.48it/s]Running loglikelihood requests:  87%|████████▋ | 41678/47868 [05:36<00:23, 266.29it/s]Running loglikelihood requests:  87%|████████▋ | 41727/47868 [05:36<00:20, 294.86it/s]Running loglikelihood requests:  87%|████████▋ | 41770/47868 [05:37<00:20, 302.11it/s]Running loglikelihood requests:  87%|████████▋ | 41815/47868 [05:37<00:19, 311.40it/s]Running loglikelihood requests:  87%|████████▋ | 41847/47868 [05:37<00:20, 289.78it/s]Running loglikelihood requests:  88%|████████▊ | 41898/47868 [05:37<00:18, 315.64it/s]Running loglikelihood requests:  88%|████████▊ | 41940/47868 [05:37<00:18, 314.46it/s]Running loglikelihood requests:  88%|████████▊ | 41986/47868 [05:37<00:18, 322.26it/s]Running loglikelihood requests:  88%|████████▊ | 42019/47868 [05:37<00:19, 300.10it/s]Running loglikelihood requests:  88%|████████▊ | 42059/47868 [05:38<00:19, 297.98it/s]Running loglikelihood requests:  88%|████████▊ | 42105/47868 [05:38<00:18, 310.42it/s]Running loglikelihood requests:  88%|████████▊ | 42140/47868 [05:38<00:19, 295.65it/s]Running loglikelihood requests:  88%|████████▊ | 42181/47868 [05:38<00:19, 298.05it/s]Running loglikelihood requests:  88%|████████▊ | 42211/47868 [05:38<00:20, 275.94it/s]Running loglikelihood requests:  88%|████████▊ | 42247/47868 [05:38<00:20, 273.76it/s]Running loglikelihood requests:  88%|████████▊ | 42275/47868 [05:38<00:21, 254.93it/s]Running loglikelihood requests:  88%|████████▊ | 42313/47868 [05:39<00:21, 263.70it/s]Running loglikelihood requests:  88%|████████▊ | 42340/47868 [05:39<00:22, 245.97it/s]Running loglikelihood requests:  89%|████████▊ | 42389/47868 [05:39<00:19, 281.30it/s]Running loglikelihood requests:  89%|████████▊ | 42419/47868 [05:39<00:20, 264.84it/s]Running loglikelihood requests:  89%|████████▊ | 42460/47868 [05:39<00:19, 277.22it/s]Running loglikelihood requests:  89%|████████▉ | 42502/47868 [05:39<00:18, 287.54it/s]Running loglikelihood requests:  89%|████████▉ | 42532/47868 [05:39<00:19, 268.98it/s]Running loglikelihood requests:  89%|████████▉ | 42569/47868 [05:39<00:19, 271.29it/s]Running loglikelihood requests:  89%|████████▉ | 42601/47868 [05:40<00:20, 262.15it/s]Running loglikelihood requests:  89%|████████▉ | 42636/47868 [05:40<00:19, 262.20it/s]Running loglikelihood requests:  89%|████████▉ | 42688/47868 [05:40<00:17, 298.99it/s]Running loglikelihood requests:  89%|████████▉ | 42718/47868 [05:40<00:18, 276.36it/s]Running loglikelihood requests:  89%|████████▉ | 42746/47868 [05:40<00:19, 257.10it/s]Running loglikelihood requests:  89%|████████▉ | 42777/47868 [05:40<00:20, 249.27it/s]Running loglikelihood requests:  89%|████████▉ | 42820/47868 [05:40<00:18, 270.34it/s]Running loglikelihood requests:  90%|████████▉ | 42859/47868 [05:41<00:18, 276.46it/s]Running loglikelihood requests:  90%|████████▉ | 42894/47868 [05:41<00:18, 272.40it/s]Running loglikelihood requests:  90%|████████▉ | 42945/47868 [05:41<00:16, 303.93it/s]Running loglikelihood requests:  90%|████████▉ | 42981/47868 [05:41<00:16, 293.63it/s]Running loglikelihood requests:  90%|████████▉ | 43024/47868 [05:41<00:16, 301.26it/s]Running loglikelihood requests:  90%|████████▉ | 43070/47868 [05:41<00:15, 313.21it/s]Running loglikelihood requests:  90%|█████████ | 43102/47868 [05:41<00:17, 266.07it/s]Running loglikelihood requests:  90%|█████████ | 43133/47868 [05:41<00:18, 256.95it/s]Running loglikelihood requests:  90%|█████████ | 43160/47868 [05:42<00:19, 241.86it/s]Running loglikelihood requests:  90%|█████████ | 43193/47868 [05:42<00:19, 243.66it/s]Running loglikelihood requests:  90%|█████████ | 43218/47868 [05:42<00:20, 228.03it/s]Running loglikelihood requests:  90%|█████████ | 43256/47868 [05:42<00:18, 244.77it/s]Running loglikelihood requests:  90%|█████████ | 43287/47868 [05:42<00:18, 241.35it/s]Running loglikelihood requests:  90%|█████████ | 43315/47868 [05:42<00:19, 232.50it/s]Running loglikelihood requests:  91%|█████████ | 43367/47868 [05:42<00:16, 278.32it/s]Running loglikelihood requests:  91%|█████████ | 43395/47868 [05:43<00:17, 258.64it/s]Running loglikelihood requests:  91%|█████████ | 43435/47868 [05:43<00:16, 271.09it/s]Running loglikelihood requests:  91%|█████████ | 43488/47868 [05:43<00:14, 307.74it/s]Running loglikelihood requests:  91%|█████████ | 43524/47868 [05:43<00:14, 297.01it/s]Running loglikelihood requests:  91%|█████████ | 43575/47868 [05:43<00:13, 321.53it/s]Running loglikelihood requests:  91%|█████████ | 43613/47868 [05:43<00:13, 309.37it/s]Running loglikelihood requests:  91%|█████████ | 43654/47868 [05:43<00:13, 308.40it/s]Running loglikelihood requests:  91%|█████████▏| 43693/47868 [05:44<00:13, 303.62it/s]Running loglikelihood requests:  91%|█████████▏| 43726/47868 [05:44<00:14, 287.35it/s]Running loglikelihood requests:  91%|█████████▏| 43769/47868 [05:44<00:13, 297.73it/s]Running loglikelihood requests:  92%|█████████▏| 43816/47868 [05:44<00:12, 313.32it/s]Running loglikelihood requests:  92%|█████████▏| 43873/47868 [05:44<00:11, 346.06it/s]Running loglikelihood requests:  92%|█████████▏| 43915/47868 [05:44<00:11, 336.68it/s]Running loglikelihood requests:  92%|█████████▏| 43949/47868 [05:44<00:12, 312.86it/s]Running loglikelihood requests:  92%|█████████▏| 43989/47868 [05:44<00:12, 308.92it/s]Running loglikelihood requests:  92%|█████████▏| 44021/47868 [05:45<00:13, 288.56it/s]Running loglikelihood requests:  92%|█████████▏| 44067/47868 [05:45<00:12, 304.49it/s]Running loglikelihood requests:  92%|█████████▏| 44107/47868 [05:45<00:12, 302.94it/s]Running loglikelihood requests:  92%|█████████▏| 44151/47868 [05:45<00:11, 310.56it/s]Running loglikelihood requests:  92%|█████████▏| 44201/47868 [05:45<00:11, 328.94it/s]Running loglikelihood requests:  92%|█████████▏| 44241/47868 [05:45<00:11, 320.06it/s]Running loglikelihood requests:  93%|█████████▎| 44296/47868 [05:45<00:10, 346.72it/s]Running loglikelihood requests:  93%|█████████▎| 44343/47868 [05:46<00:10, 347.63it/s]Running loglikelihood requests:  93%|█████████▎| 44378/47868 [05:46<00:10, 322.57it/s]Running loglikelihood requests:  93%|█████████▎| 44411/47868 [05:46<00:11, 300.48it/s]Running loglikelihood requests:  93%|█████████▎| 44445/47868 [05:46<00:11, 287.57it/s]Running loglikelihood requests:  93%|█████████▎| 44474/47868 [05:46<00:12, 267.69it/s]Running loglikelihood requests:  93%|█████████▎| 44521/47868 [05:46<00:11, 292.75it/s]Running loglikelihood requests:  93%|█████████▎| 44568/47868 [05:46<00:10, 310.45it/s]Running loglikelihood requests:  93%|█████████▎| 44610/47868 [05:46<00:10, 312.23it/s]Running loglikelihood requests:  93%|█████████▎| 44655/47868 [05:47<00:10, 319.44it/s]Running loglikelihood requests:  93%|█████████▎| 44697/47868 [05:47<00:09, 318.55it/s]Running loglikelihood requests:  93%|█████████▎| 44749/47868 [05:47<00:09, 339.45it/s]Running loglikelihood requests:  94%|█████████▎| 44800/47868 [05:47<00:08, 351.68it/s]Running loglikelihood requests:  94%|█████████▎| 44837/47868 [05:47<00:09, 329.97it/s]Running loglikelihood requests:  94%|█████████▍| 44888/47868 [05:47<00:08, 344.64it/s]Running loglikelihood requests:  94%|█████████▍| 44945/47868 [05:47<00:07, 368.19it/s]Running loglikelihood requests:  94%|█████████▍| 44990/47868 [05:48<00:08, 358.98it/s]Running loglikelihood requests:  94%|█████████▍| 45026/47868 [05:48<00:08, 333.00it/s]Running loglikelihood requests:  94%|█████████▍| 45061/47868 [05:48<00:08, 312.96it/s]Running loglikelihood requests:  94%|█████████▍| 45108/47868 [05:48<00:08, 324.68it/s]Running loglikelihood requests:  94%|█████████▍| 45152/47868 [05:48<00:08, 326.46it/s]Running loglikelihood requests:  94%|█████████▍| 45202/47868 [05:48<00:07, 340.59it/s]Running loglikelihood requests:  95%|█████████▍| 45259/47868 [05:48<00:07, 365.48it/s]Running loglikelihood requests:  95%|█████████▍| 45307/47868 [05:48<00:07, 363.00it/s]Running loglikelihood requests:  95%|█████████▍| 45349/47868 [05:49<00:07, 348.88it/s]Running loglikelihood requests:  95%|█████████▍| 45384/47868 [05:49<00:08, 295.88it/s]Running loglikelihood requests:  95%|█████████▍| 45430/47868 [05:49<00:07, 309.77it/s]Running loglikelihood requests:  95%|█████████▌| 45475/47868 [05:49<00:07, 317.94it/s]Running loglikelihood requests:  95%|█████████▌| 45532/47868 [05:49<00:06, 348.61it/s]Running loglikelihood requests:  95%|█████████▌| 45575/47868 [05:49<00:06, 341.12it/s]Running loglikelihood requests:  95%|█████████▌| 45625/47868 [05:49<00:06, 350.47it/s]Running loglikelihood requests:  95%|█████████▌| 45670/47868 [05:50<00:06, 346.88it/s]Running loglikelihood requests:  96%|█████████▌| 45718/47868 [05:50<00:06, 349.79it/s]Running loglikelihood requests:  96%|█████████▌| 45754/47868 [05:50<00:06, 326.56it/s]Running loglikelihood requests:  96%|█████████▌| 45789/47868 [05:50<00:06, 308.64it/s]Running loglikelihood requests:  96%|█████████▌| 45826/47868 [05:50<00:06, 300.19it/s]Running loglikelihood requests:  96%|█████████▌| 45863/47868 [05:50<00:06, 294.03it/s]Running loglikelihood requests:  96%|█████████▌| 45912/47868 [05:50<00:06, 315.00it/s]Running loglikelihood requests:  96%|█████████▌| 45959/47868 [05:50<00:05, 326.18it/s]Running loglikelihood requests:  96%|█████████▌| 46005/47868 [05:51<00:05, 332.11it/s]Running loglikelihood requests:  96%|█████████▌| 46044/47868 [05:51<00:05, 320.86it/s]Running loglikelihood requests:  96%|█████████▋| 46090/47868 [05:51<00:05, 328.18it/s]Running loglikelihood requests:  96%|█████████▋| 46138/47868 [05:51<00:05, 337.64it/s]Running loglikelihood requests:  96%|█████████▋| 46188/47868 [05:51<00:04, 348.91it/s]Running loglikelihood requests:  97%|█████████▋| 46236/47868 [05:51<00:04, 352.55it/s]Running loglikelihood requests:  97%|█████████▋| 46278/47868 [05:51<00:04, 341.86it/s]Running loglikelihood requests:  97%|█████████▋| 46319/47868 [05:52<00:04, 332.36it/s]Running loglikelihood requests:  97%|█████████▋| 46369/47868 [05:52<00:04, 345.90it/s]Running loglikelihood requests:  97%|█████████▋| 46404/47868 [05:52<00:04, 322.48it/s]Running loglikelihood requests:  97%|█████████▋| 46452/47868 [05:52<00:04, 334.57it/s]Running loglikelihood requests:  97%|█████████▋| 46496/47868 [05:52<00:04, 334.51it/s]Running loglikelihood requests:  97%|█████████▋| 46542/47868 [05:52<00:03, 338.55it/s]Running loglikelihood requests:  97%|█████████▋| 46590/47868 [05:52<00:03, 345.94it/s]Running loglikelihood requests:  97%|█████████▋| 46625/47868 [05:52<00:03, 322.79it/s]Running loglikelihood requests:  97%|█████████▋| 46668/47868 [05:53<00:03, 323.38it/s]Running loglikelihood requests:  98%|█████████▊| 46709/47868 [05:53<00:03, 320.21it/s]Running loglikelihood requests:  98%|█████████▊| 46756/47868 [05:53<00:03, 331.10it/s]Running loglikelihood requests:  98%|█████████▊| 46790/47868 [05:53<00:03, 310.01it/s]Running loglikelihood requests:  98%|█████████▊| 46833/47868 [05:53<00:03, 315.14it/s]Running loglikelihood requests:  98%|█████████▊| 46882/47868 [05:53<00:02, 331.92it/s]Running loglikelihood requests:  98%|█████████▊| 46924/47868 [05:53<00:02, 327.43it/s]Running loglikelihood requests:  98%|█████████▊| 46971/47868 [05:54<00:02, 335.69it/s]Running loglikelihood requests:  98%|█████████▊| 47021/47868 [05:54<00:02, 348.15it/s]Running loglikelihood requests:  98%|█████████▊| 47059/47868 [05:54<00:02, 330.71it/s]Running loglikelihood requests:  98%|█████████▊| 47093/47868 [05:54<00:02, 283.15it/s]Running loglikelihood requests:  98%|█████████▊| 47135/47868 [05:54<00:02, 292.55it/s]Running loglikelihood requests:  99%|█████████▊| 47172/47868 [05:54<00:02, 289.83it/s]Running loglikelihood requests:  99%|█████████▊| 47202/47868 [05:54<00:02, 273.00it/s]Running loglikelihood requests:  99%|█████████▊| 47242/47868 [05:54<00:02, 282.11it/s]Running loglikelihood requests:  99%|█████████▉| 47271/47868 [05:55<00:02, 265.05it/s]Running loglikelihood requests:  99%|█████████▉| 47301/47868 [05:55<00:02, 255.32it/s]Running loglikelihood requests:  99%|█████████▉| 47328/47868 [05:55<00:02, 241.66it/s]Running loglikelihood requests:  99%|█████████▉| 47365/47868 [05:55<00:01, 254.42it/s]Running loglikelihood requests:  99%|█████████▉| 47397/47868 [05:55<00:01, 252.33it/s]Running loglikelihood requests:  99%|█████████▉| 47429/47868 [05:55<00:01, 250.76it/s]Running loglikelihood requests:  99%|█████████▉| 47456/47868 [05:55<00:01, 238.69it/s]Running loglikelihood requests:  99%|█████████▉| 47483/47868 [05:56<00:01, 229.95it/s]Running loglikelihood requests:  99%|█████████▉| 47510/47868 [05:56<00:01, 223.72it/s]Running loglikelihood requests:  99%|█████████▉| 47542/47868 [05:56<00:01, 230.68it/s]Running loglikelihood requests:  99%|█████████▉| 47574/47868 [05:56<00:01, 235.81it/s]Running loglikelihood requests:  99%|█████████▉| 47616/47868 [05:56<00:00, 262.31it/s]Running loglikelihood requests: 100%|█████████▉| 47643/47868 [05:56<00:00, 225.42it/s]Running loglikelihood requests: 100%|█████████▉| 47672/47868 [05:56<00:00, 225.58it/s]Running loglikelihood requests: 100%|█████████▉| 47700/47868 [05:56<00:00, 222.82it/s]Running loglikelihood requests: 100%|█████████▉| 47723/47868 [05:57<00:00, 210.89it/s]Running loglikelihood requests: 100%|█████████▉| 47745/47868 [05:57<00:00, 182.75it/s]Running loglikelihood requests: 100%|█████████▉| 47764/47868 [05:57<00:00, 173.91it/s]Running loglikelihood requests: 100%|█████████▉| 47785/47868 [05:57<00:00, 171.70it/s]Running loglikelihood requests: 100%|█████████▉| 47803/47868 [05:57<00:00, 149.44it/s]Running loglikelihood requests: 100%|█████████▉| 47823/47868 [05:57<00:00, 151.87it/s]Running loglikelihood requests: 100%|█████████▉| 47839/47868 [05:57<00:00, 132.82it/s]Running loglikelihood requests: 100%|██████████| 47868/47868 [05:58<00:00, 133.69it/s]
