Loading weights:   0%|          | 0/340 [00:00<?, ?it/s]Loading weights:   0%|          | 1/340 [00:00<05:18,  1.06it/s]Loading weights:   5%|▌         | 17/340 [00:01<00:15, 21.38it/s]Loading weights:  13%|█▎        | 43/340 [00:01<00:05, 57.15it/s]Loading weights:  20%|██        | 68/340 [00:01<00:03, 89.18it/s]Loading weights:  25%|██▌       | 86/340 [00:01<00:02, 105.92it/s]Loading weights:  32%|███▏      | 108/340 [00:01<00:01, 126.95it/s]Loading weights:  39%|███▉      | 133/340 [00:01<00:01, 150.36it/s]Loading weights:  45%|████▌     | 153/340 [00:01<00:01, 158.84it/s]Loading weights:  51%|█████     | 173/340 [00:01<00:01, 165.07it/s]Loading weights:  58%|█████▊    | 198/340 [00:01<00:00, 181.74it/s]Loading weights:  64%|██████▍   | 218/340 [00:02<00:00, 181.80it/s]Loading weights:  70%|███████   | 238/340 [00:02<00:00, 182.27it/s]Loading weights:  77%|███████▋  | 263/340 [00:02<00:00, 193.33it/s]Loading weights:  83%|████████▎ | 283/340 [00:02<00:00, 192.32it/s]Loading weights:  89%|████████▉ | 303/340 [00:02<00:00, 189.71it/s]Loading weights:  96%|█████████▌| 327/340 [00:02<00:00, 196.85it/s]Loading weights: 100%|██████████| 340/340 [00:02<00:00, 127.69it/s]
Using the latest cached version of the dataset since facebook/belebele couldn't be found on the Hugging Face Hub (offline mode is enabled).
Found the latest cached dataset configuration 'mya_Mymr' at /home/mai.chau/.cache/huggingface/datasets/facebook___belebele/mya_Mymr/0.0.0/7899cdfa4e1e0d733fd77c848e2c273cb1d32be2 (last modified on Thu Oct  8 00:18:48 2026).
Using the latest cached version of the dataset since facebook/belebele couldn't be found on the Hugging Face Hub (offline mode is enabled).
Found the latest cached dataset configuration 'tgl_Latn' at /home/mai.chau/.cache/huggingface/datasets/facebook___belebele/tgl_Latn/0.0.0/7899cdfa4e1e0d733fd77c848e2c273cb1d32be2 (last modified on Thu Oct  8 00:18:50 2026).
Using the latest cached version of the dataset since facebook/belebele couldn't be found on the Hugging Face Hub (offline mode is enabled).
Found the latest cached dataset configuration 'ind_Latn' at /home/mai.chau/.cache/huggingface/datasets/facebook___belebele/ind_Latn/0.0.0/7899cdfa4e1e0d733fd77c848e2c273cb1d32be2 (last modified on Thu Oct  8 00:18:52 2026).
Using the latest cached version of the dataset since facebook/belebele couldn't be found on the Hugging Face Hub (offline mode is enabled).
Found the latest cached dataset configuration 'khm_Khmr' at /home/mai.chau/.cache/huggingface/datasets/facebook___belebele/khm_Khmr/0.0.0/7899cdfa4e1e0d733fd77c848e2c273cb1d32be2 (last modified on Thu Oct  8 00:18:55 2026).
Using the latest cached version of the dataset since facebook/belebele couldn't be found on the Hugging Face Hub (offline mode is enabled).
Found the latest cached dataset configuration 'zsm_Latn' at /home/mai.chau/.cache/huggingface/datasets/facebook___belebele/zsm_Latn/0.0.0/7899cdfa4e1e0d733fd77c848e2c273cb1d32be2 (last modified on Thu Oct  8 00:18:57 2026).
Using the latest cached version of the dataset since facebook/belebele couldn't be found on the Hugging Face Hub (offline mode is enabled).
Found the latest cached dataset configuration 'tha_Thai' at /home/mai.chau/.cache/huggingface/datasets/facebook___belebele/tha_Thai/0.0.0/7899cdfa4e1e0d733fd77c848e2c273cb1d32be2 (last modified on Thu Oct  8 00:19:00 2026).
Using the latest cached version of the dataset since facebook/belebele couldn't be found on the Hugging Face Hub (offline mode is enabled).
Found the latest cached dataset configuration 'vie_Latn' at /home/mai.chau/.cache/huggingface/datasets/facebook___belebele/vie_Latn/0.0.0/7899cdfa4e1e0d733fd77c848e2c273cb1d32be2 (last modified on Thu Oct  8 00:05:31 2026).
Using the latest cached version of the dataset since mrlbenchmarks/global-piqa-nonparallel couldn't be found on the Hugging Face Hub (offline mode is enabled).
Found the latest cached dataset configuration 'tgl_latn' at /home/mai.chau/.cache/huggingface/datasets/mrlbenchmarks___global-piqa-nonparallel/tgl_latn/0.0.0/6777742fa3634c0583cda3b7f8a482ea7b1b0937 (last modified on Thu Oct  8 00:19:04 2026).
Using the latest cached version of the dataset since mrlbenchmarks/global-piqa-nonparallel couldn't be found on the Hugging Face Hub (offline mode is enabled).
Found the latest cached dataset configuration 'ind_latn' at /home/mai.chau/.cache/huggingface/datasets/mrlbenchmarks___global-piqa-nonparallel/ind_latn/0.0.0/6777742fa3634c0583cda3b7f8a482ea7b1b0937 (last modified on Thu Oct  8 00:19:06 2026).
Using the latest cached version of the dataset since mrlbenchmarks/global-piqa-nonparallel couldn't be found on the Hugging Face Hub (offline mode is enabled).
Found the latest cached dataset configuration 'zsm_latn' at /home/mai.chau/.cache/huggingface/datasets/mrlbenchmarks___global-piqa-nonparallel/zsm_latn/0.0.0/6777742fa3634c0583cda3b7f8a482ea7b1b0937 (last modified on Thu Oct  8 00:19:08 2026).
Using the latest cached version of the dataset since mrlbenchmarks/global-piqa-nonparallel couldn't be found on the Hugging Face Hub (offline mode is enabled).
Found the latest cached dataset configuration 'tha_thai' at /home/mai.chau/.cache/huggingface/datasets/mrlbenchmarks___global-piqa-nonparallel/tha_thai/0.0.0/6777742fa3634c0583cda3b7f8a482ea7b1b0937 (last modified on Thu Oct  8 00:19:12 2026).
Using the latest cached version of the dataset since mrlbenchmarks/global-piqa-nonparallel couldn't be found on the Hugging Face Hub (offline mode is enabled).
Found the latest cached dataset configuration 'vie_latn' at /home/mai.chau/.cache/huggingface/datasets/mrlbenchmarks___global-piqa-nonparallel/vie_latn/0.0.0/6777742fa3634c0583cda3b7f8a482ea7b1b0937 (last modified on Thu Oct  8 00:05:53 2026).
Using the latest cached version of the dataset since CohereForAI/Global-MMLU couldn't be found on the Hugging Face Hub (offline mode is enabled).
Found the latest cached dataset configuration 'fil' at /home/mai.chau/.cache/huggingface/datasets/CohereForAI___global-mmlu/fil/0.0.0/0e619dbeb34206cd48705a1a0ea7fb21cae09993 (last modified on Thu Oct  8 14:53:05 2026).
Using the latest cached version of the dataset since CohereForAI/Global-MMLU couldn't be found on the Hugging Face Hub (offline mode is enabled).
Found the latest cached dataset configuration 'fil' at /home/mai.chau/.cache/huggingface/datasets/CohereForAI___global-mmlu/fil/0.0.0/0e619dbeb34206cd48705a1a0ea7fb21cae09993 (last modified on Thu Oct  8 14:53:05 2026).
Using the latest cached version of the dataset since CohereForAI/Global-MMLU couldn't be found on the Hugging Face Hub (offline mode is enabled).
Found the latest cached dataset configuration 'fil' at /home/mai.chau/.cache/huggingface/datasets/CohereForAI___global-mmlu/fil/0.0.0/0e619dbeb34206cd48705a1a0ea7fb21cae09993 (last modified on Thu Oct  8 14:53:05 2026).
Using the latest cached version of the dataset since CohereForAI/Global-MMLU couldn't be found on the Hugging Face Hub (offline mode is enabled).
Found the latest cached dataset configuration 'fil' at /home/mai.chau/.cache/huggingface/datasets/CohereForAI___global-mmlu/fil/0.0.0/0e619dbeb34206cd48705a1a0ea7fb21cae09993 (last modified on Thu Oct  8 14:53:05 2026).
Using the latest cached version of the dataset since CohereForAI/Global-MMLU couldn't be found on the Hugging Face Hub (offline mode is enabled).
Found the latest cached dataset configuration 'fil' at /home/mai.chau/.cache/huggingface/datasets/CohereForAI___global-mmlu/fil/0.0.0/0e619dbeb34206cd48705a1a0ea7fb21cae09993 (last modified on Thu Oct  8 14:53:05 2026).
Using the latest cached version of the dataset since CohereForAI/Global-MMLU couldn't be found on the Hugging Face Hub (offline mode is enabled).
Found the latest cached dataset configuration 'fil' at /home/mai.chau/.cache/huggingface/datasets/CohereForAI___global-mmlu/fil/0.0.0/0e619dbeb34206cd48705a1a0ea7fb21cae09993 (last modified on Thu Oct  8 14:53:05 2026).
Using the latest cached version of the dataset since CohereForAI/Global-MMLU couldn't be found on the Hugging Face Hub (offline mode is enabled).
Found the latest cached dataset configuration 'fil' at /home/mai.chau/.cache/huggingface/datasets/CohereForAI___global-mmlu/fil/0.0.0/0e619dbeb34206cd48705a1a0ea7fb21cae09993 (last modified on Thu Oct  8 14:53:05 2026).
Using the latest cached version of the dataset since CohereForAI/Global-MMLU couldn't be found on the Hugging Face Hub (offline mode is enabled).
Found the latest cached dataset configuration 'fil' at /home/mai.chau/.cache/huggingface/datasets/CohereForAI___global-mmlu/fil/0.0.0/0e619dbeb34206cd48705a1a0ea7fb21cae09993 (last modified on Thu Oct  8 14:53:05 2026).
Using the latest cached version of the dataset since CohereForAI/Global-MMLU couldn't be found on the Hugging Face Hub (offline mode is enabled).
Found the latest cached dataset configuration 'fil' at /home/mai.chau/.cache/huggingface/datasets/CohereForAI___global-mmlu/fil/0.0.0/0e619dbeb34206cd48705a1a0ea7fb21cae09993 (last modified on Thu Oct  8 14:53:05 2026).
Using the latest cached version of the dataset since CohereForAI/Global-MMLU couldn't be found on the Hugging Face Hub (offline mode is enabled).
Found the latest cached dataset configuration 'fil' at /home/mai.chau/.cache/huggingface/datasets/CohereForAI___global-mmlu/fil/0.0.0/0e619dbeb34206cd48705a1a0ea7fb21cae09993 (last modified on Thu Oct  8 14:53:05 2026).
Using the latest cached version of the dataset since CohereForAI/Global-MMLU couldn't be found on the Hugging Face Hub (offline mode is enabled).
Found the latest cached dataset configuration 'fil' at /home/mai.chau/.cache/huggingface/datasets/CohereForAI___global-mmlu/fil/0.0.0/0e619dbeb34206cd48705a1a0ea7fb21cae09993 (last modified on Thu Oct  8 14:53:05 2026).
Using the latest cached version of the dataset since CohereForAI/Global-MMLU couldn't be found on the Hugging Face Hub (offline mode is enabled).
Found the latest cached dataset configuration 'fil' at /home/mai.chau/.cache/huggingface/datasets/CohereForAI___global-mmlu/fil/0.0.0/0e619dbeb34206cd48705a1a0ea7fb21cae09993 (last modified on Thu Oct  8 14:53:05 2026).
Using the latest cached version of the dataset since CohereForAI/Global-MMLU couldn't be found on the Hugging Face Hub (offline mode is enabled).
Found the latest cached dataset configuration 'fil' at /home/mai.chau/.cache/huggingface/datasets/CohereForAI___global-mmlu/fil/0.0.0/0e619dbeb34206cd48705a1a0ea7fb21cae09993 (last modified on Thu Oct  8 14:53:05 2026).
Using the latest cached version of the dataset since CohereForAI/Global-MMLU couldn't be found on the Hugging Face Hub (offline mode is enabled).
Found the latest cached dataset configuration 'fil' at /home/mai.chau/.cache/huggingface/datasets/CohereForAI___global-mmlu/fil/0.0.0/0e619dbeb34206cd48705a1a0ea7fb21cae09993 (last modified on Thu Oct  8 14:53:05 2026).
Using the latest cached version of the dataset since CohereForAI/Global-MMLU couldn't be found on the Hugging Face Hub (offline mode is enabled).
Found the latest cached dataset configuration 'fil' at /home/mai.chau/.cache/huggingface/datasets/CohereForAI___global-mmlu/fil/0.0.0/0e619dbeb34206cd48705a1a0ea7fb21cae09993 (last modified on Thu Oct  8 14:53:05 2026).
Using the latest cached version of the dataset since CohereForAI/Global-MMLU couldn't be found on the Hugging Face Hub (offline mode is enabled).
Found the latest cached dataset configuration 'fil' at /home/mai.chau/.cache/huggingface/datasets/CohereForAI___global-mmlu/fil/0.0.0/0e619dbeb34206cd48705a1a0ea7fb21cae09993 (last modified on Thu Oct  8 14:53:05 2026).
Using the latest cached version of the dataset since CohereForAI/Global-MMLU couldn't be found on the Hugging Face Hub (offline mode is enabled).
Found the latest cached dataset configuration 'fil' at /home/mai.chau/.cache/huggingface/datasets/CohereForAI___global-mmlu/fil/0.0.0/0e619dbeb34206cd48705a1a0ea7fb21cae09993 (last modified on Thu Oct  8 14:53:05 2026).
Using the latest cached version of the dataset since CohereForAI/Global-MMLU couldn't be found on the Hugging Face Hub (offline mode is enabled).
Found the latest cached dataset configuration 'fil' at /home/mai.chau/.cache/huggingface/datasets/CohereForAI___global-mmlu/fil/0.0.0/0e619dbeb34206cd48705a1a0ea7fb21cae09993 (last modified on Thu Oct  8 14:53:05 2026).
Using the latest cached version of the dataset since CohereForAI/Global-MMLU couldn't be found on the Hugging Face Hub (offline mode is enabled).
Found the latest cached dataset configuration 'fil' at /home/mai.chau/.cache/huggingface/datasets/CohereForAI___global-mmlu/fil/0.0.0/0e619dbeb34206cd48705a1a0ea7fb21cae09993 (last modified on Thu Oct  8 14:53:05 2026).
Using the latest cached version of the dataset since CohereForAI/Global-MMLU couldn't be found on the Hugging Face Hub (offline mode is enabled).
Found the latest cached dataset configuration 'fil' at /home/mai.chau/.cache/huggingface/datasets/CohereForAI___global-mmlu/fil/0.0.0/0e619dbeb34206cd48705a1a0ea7fb21cae09993 (last modified on Thu Oct  8 14:53:05 2026).
Using the latest cached version of the dataset since CohereForAI/Global-MMLU couldn't be found on the Hugging Face Hub (offline mode is enabled).
Found the latest cached dataset configuration 'fil' at /home/mai.chau/.cache/huggingface/datasets/CohereForAI___global-mmlu/fil/0.0.0/0e619dbeb34206cd48705a1a0ea7fb21cae09993 (last modified on Thu Oct  8 14:53:05 2026).
Using the latest cached version of the dataset since CohereForAI/Global-MMLU couldn't be found on the Hugging Face Hub (offline mode is enabled).
Found the latest cached dataset configuration 'fil' at /home/mai.chau/.cache/huggingface/datasets/CohereForAI___global-mmlu/fil/0.0.0/0e619dbeb34206cd48705a1a0ea7fb21cae09993 (last modified on Thu Oct  8 14:53:05 2026).
Using the latest cached version of the dataset since CohereForAI/Global-MMLU couldn't be found on the Hugging Face Hub (offline mode is enabled).
Found the latest cached dataset configuration 'fil' at /home/mai.chau/.cache/huggingface/datasets/CohereForAI___global-mmlu/fil/0.0.0/0e619dbeb34206cd48705a1a0ea7fb21cae09993 (last modified on Thu Oct  8 14:53:05 2026).
Using the latest cached version of the dataset since CohereForAI/Global-MMLU couldn't be found on the Hugging Face Hub (offline mode is enabled).
Found the latest cached dataset configuration 'fil' at /home/mai.chau/.cache/huggingface/datasets/CohereForAI___global-mmlu/fil/0.0.0/0e619dbeb34206cd48705a1a0ea7fb21cae09993 (last modified on Thu Oct  8 14:53:05 2026).
Using the latest cached version of the dataset since CohereForAI/Global-MMLU couldn't be found on the Hugging Face Hub (offline mode is enabled).
Found the latest cached dataset configuration 'fil' at /home/mai.chau/.cache/huggingface/datasets/CohereForAI___global-mmlu/fil/0.0.0/0e619dbeb34206cd48705a1a0ea7fb21cae09993 (last modified on Thu Oct  8 14:53:05 2026).
Using the latest cached version of the dataset since CohereForAI/Global-MMLU couldn't be found on the Hugging Face Hub (offline mode is enabled).
Found the latest cached dataset configuration 'fil' at /home/mai.chau/.cache/huggingface/datasets/CohereForAI___global-mmlu/fil/0.0.0/0e619dbeb34206cd48705a1a0ea7fb21cae09993 (last modified on Thu Oct  8 14:53:05 2026).
Using the latest cached version of the dataset since CohereForAI/Global-MMLU couldn't be found on the Hugging Face Hub (offline mode is enabled).
Found the latest cached dataset configuration 'fil' at /home/mai.chau/.cache/huggingface/datasets/CohereForAI___global-mmlu/fil/0.0.0/0e619dbeb34206cd48705a1a0ea7fb21cae09993 (last modified on Thu Oct  8 14:53:05 2026).
Using the latest cached version of the dataset since CohereForAI/Global-MMLU couldn't be found on the Hugging Face Hub (offline mode is enabled).
Found the latest cached dataset configuration 'fil' at /home/mai.chau/.cache/huggingface/datasets/CohereForAI___global-mmlu/fil/0.0.0/0e619dbeb34206cd48705a1a0ea7fb21cae09993 (last modified on Thu Oct  8 14:53:05 2026).
Using the latest cached version of the dataset since CohereForAI/Global-MMLU couldn't be found on the Hugging Face Hub (offline mode is enabled).
Found the latest cached dataset configuration 'fil' at /home/mai.chau/.cache/huggingface/datasets/CohereForAI___global-mmlu/fil/0.0.0/0e619dbeb34206cd48705a1a0ea7fb21cae09993 (last modified on Thu Oct  8 14:53:05 2026).
Using the latest cached version of the dataset since CohereForAI/Global-MMLU couldn't be found on the Hugging Face Hub (offline mode is enabled).
Found the latest cached dataset configuration 'fil' at /home/mai.chau/.cache/huggingface/datasets/CohereForAI___global-mmlu/fil/0.0.0/0e619dbeb34206cd48705a1a0ea7fb21cae09993 (last modified on Thu Oct  8 14:53:05 2026).
Using the latest cached version of the dataset since CohereForAI/Global-MMLU couldn't be found on the Hugging Face Hub (offline mode is enabled).
Found the latest cached dataset configuration 'fil' at /home/mai.chau/.cache/huggingface/datasets/CohereForAI___global-mmlu/fil/0.0.0/0e619dbeb34206cd48705a1a0ea7fb21cae09993 (last modified on Thu Oct  8 14:53:05 2026).
Using the latest cached version of the dataset since CohereForAI/Global-MMLU couldn't be found on the Hugging Face Hub (offline mode is enabled).
Found the latest cached dataset configuration 'fil' at /home/mai.chau/.cache/huggingface/datasets/CohereForAI___global-mmlu/fil/0.0.0/0e619dbeb34206cd48705a1a0ea7fb21cae09993 (last modified on Thu Oct  8 14:53:05 2026).
Using the latest cached version of the dataset since CohereForAI/Global-MMLU couldn't be found on the Hugging Face Hub (offline mode is enabled).
Found the latest cached dataset configuration 'fil' at /home/mai.chau/.cache/huggingface/datasets/CohereForAI___global-mmlu/fil/0.0.0/0e619dbeb34206cd48705a1a0ea7fb21cae09993 (last modified on Thu Oct  8 14:53:05 2026).
Using the latest cached version of the dataset since CohereForAI/Global-MMLU couldn't be found on the Hugging Face Hub (offline mode is enabled).
Found the latest cached dataset configuration 'fil' at /home/mai.chau/.cache/huggingface/datasets/CohereForAI___global-mmlu/fil/0.0.0/0e619dbeb34206cd48705a1a0ea7fb21cae09993 (last modified on Thu Oct  8 14:53:05 2026).
Using the latest cached version of the dataset since CohereForAI/Global-MMLU couldn't be found on the Hugging Face Hub (offline mode is enabled).
Found the latest cached dataset configuration 'fil' at /home/mai.chau/.cache/huggingface/datasets/CohereForAI___global-mmlu/fil/0.0.0/0e619dbeb34206cd48705a1a0ea7fb21cae09993 (last modified on Thu Oct  8 14:53:05 2026).
Using the latest cached version of the dataset since CohereForAI/Global-MMLU couldn't be found on the Hugging Face Hub (offline mode is enabled).
Found the latest cached dataset configuration 'fil' at /home/mai.chau/.cache/huggingface/datasets/CohereForAI___global-mmlu/fil/0.0.0/0e619dbeb34206cd48705a1a0ea7fb21cae09993 (last modified on Thu Oct  8 14:53:05 2026).
Using the latest cached version of the dataset since CohereForAI/Global-MMLU couldn't be found on the Hugging Face Hub (offline mode is enabled).
Found the latest cached dataset configuration 'fil' at /home/mai.chau/.cache/huggingface/datasets/CohereForAI___global-mmlu/fil/0.0.0/0e619dbeb34206cd48705a1a0ea7fb21cae09993 (last modified on Thu Oct  8 14:53:05 2026).
Using the latest cached version of the dataset since CohereForAI/Global-MMLU couldn't be found on the Hugging Face Hub (offline mode is enabled).
Found the latest cached dataset configuration 'fil' at /home/mai.chau/.cache/huggingface/datasets/CohereForAI___global-mmlu/fil/0.0.0/0e619dbeb34206cd48705a1a0ea7fb21cae09993 (last modified on Thu Oct  8 14:53:05 2026).
Using the latest cached version of the dataset since CohereForAI/Global-MMLU couldn't be found on the Hugging Face Hub (offline mode is enabled).
Found the latest cached dataset configuration 'fil' at /home/mai.chau/.cache/huggingface/datasets/CohereForAI___global-mmlu/fil/0.0.0/0e619dbeb34206cd48705a1a0ea7fb21cae09993 (last modified on Thu Oct  8 14:53:05 2026).
Using the latest cached version of the dataset since CohereForAI/Global-MMLU couldn't be found on the Hugging Face Hub (offline mode is enabled).
Found the latest cached dataset configuration 'fil' at /home/mai.chau/.cache/huggingface/datasets/CohereForAI___global-mmlu/fil/0.0.0/0e619dbeb34206cd48705a1a0ea7fb21cae09993 (last modified on Thu Oct  8 14:53:05 2026).
Using the latest cached version of the dataset since CohereForAI/Global-MMLU couldn't be found on the Hugging Face Hub (offline mode is enabled).
Found the latest cached dataset configuration 'fil' at /home/mai.chau/.cache/huggingface/datasets/CohereForAI___global-mmlu/fil/0.0.0/0e619dbeb34206cd48705a1a0ea7fb21cae09993 (last modified on Thu Oct  8 14:53:05 2026).
Using the latest cached version of the dataset since CohereForAI/Global-MMLU couldn't be found on the Hugging Face Hub (offline mode is enabled).
Found the latest cached dataset configuration 'fil' at /home/mai.chau/.cache/huggingface/datasets/CohereForAI___global-mmlu/fil/0.0.0/0e619dbeb34206cd48705a1a0ea7fb21cae09993 (last modified on Thu Oct  8 14:53:05 2026).
Using the latest cached version of the dataset since CohereForAI/Global-MMLU couldn't be found on the Hugging Face Hub (offline mode is enabled).
Found the latest cached dataset configuration 'fil' at /home/mai.chau/.cache/huggingface/datasets/CohereForAI___global-mmlu/fil/0.0.0/0e619dbeb34206cd48705a1a0ea7fb21cae09993 (last modified on Thu Oct  8 14:53:05 2026).
Using the latest cached version of the dataset since CohereForAI/Global-MMLU couldn't be found on the Hugging Face Hub (offline mode is enabled).
Found the latest cached dataset configuration 'fil' at /home/mai.chau/.cache/huggingface/datasets/CohereForAI___global-mmlu/fil/0.0.0/0e619dbeb34206cd48705a1a0ea7fb21cae09993 (last modified on Thu Oct  8 14:53:05 2026).
Using the latest cached version of the dataset since CohereForAI/Global-MMLU couldn't be found on the Hugging Face Hub (offline mode is enabled).
Found the latest cached dataset configuration 'fil' at /home/mai.chau/.cache/huggingface/datasets/CohereForAI___global-mmlu/fil/0.0.0/0e619dbeb34206cd48705a1a0ea7fb21cae09993 (last modified on Thu Oct  8 14:53:05 2026).
Using the latest cached version of the dataset since CohereForAI/Global-MMLU couldn't be found on the Hugging Face Hub (offline mode is enabled).
Found the latest cached dataset configuration 'fil' at /home/mai.chau/.cache/huggingface/datasets/CohereForAI___global-mmlu/fil/0.0.0/0e619dbeb34206cd48705a1a0ea7fb21cae09993 (last modified on Thu Oct  8 14:53:05 2026).
Using the latest cached version of the dataset since CohereForAI/Global-MMLU couldn't be found on the Hugging Face Hub (offline mode is enabled).
Found the latest cached dataset configuration 'fil' at /home/mai.chau/.cache/huggingface/datasets/CohereForAI___global-mmlu/fil/0.0.0/0e619dbeb34206cd48705a1a0ea7fb21cae09993 (last modified on Thu Oct  8 14:53:05 2026).
Using the latest cached version of the dataset since CohereForAI/Global-MMLU couldn't be found on the Hugging Face Hub (offline mode is enabled).
Found the latest cached dataset configuration 'fil' at /home/mai.chau/.cache/huggingface/datasets/CohereForAI___global-mmlu/fil/0.0.0/0e619dbeb34206cd48705a1a0ea7fb21cae09993 (last modified on Thu Oct  8 14:53:05 2026).
Using the latest cached version of the dataset since CohereForAI/Global-MMLU couldn't be found on the Hugging Face Hub (offline mode is enabled).
Found the latest cached dataset configuration 'fil' at /home/mai.chau/.cache/huggingface/datasets/CohereForAI___global-mmlu/fil/0.0.0/0e619dbeb34206cd48705a1a0ea7fb21cae09993 (last modified on Thu Oct  8 14:53:05 2026).
Using the latest cached version of the dataset since CohereForAI/Global-MMLU couldn't be found on the Hugging Face Hub (offline mode is enabled).
Found the latest cached dataset configuration 'fil' at /home/mai.chau/.cache/huggingface/datasets/CohereForAI___global-mmlu/fil/0.0.0/0e619dbeb34206cd48705a1a0ea7fb21cae09993 (last modified on Thu Oct  8 14:53:05 2026).
Using the latest cached version of the dataset since CohereForAI/Global-MMLU couldn't be found on the Hugging Face Hub (offline mode is enabled).
Found the latest cached dataset configuration 'fil' at /home/mai.chau/.cache/huggingface/datasets/CohereForAI___global-mmlu/fil/0.0.0/0e619dbeb34206cd48705a1a0ea7fb21cae09993 (last modified on Thu Oct  8 14:53:05 2026).
Using the latest cached version of the dataset since CohereForAI/Global-MMLU couldn't be found on the Hugging Face Hub (offline mode is enabled).
Found the latest cached dataset configuration 'fil' at /home/mai.chau/.cache/huggingface/datasets/CohereForAI___global-mmlu/fil/0.0.0/0e619dbeb34206cd48705a1a0ea7fb21cae09993 (last modified on Thu Oct  8 14:53:05 2026).
Using the latest cached version of the dataset since CohereForAI/Global-MMLU couldn't be found on the Hugging Face Hub (offline mode is enabled).
Found the latest cached dataset configuration 'fil' at /home/mai.chau/.cache/huggingface/datasets/CohereForAI___global-mmlu/fil/0.0.0/0e619dbeb34206cd48705a1a0ea7fb21cae09993 (last modified on Thu Oct  8 14:53:05 2026).
Using the latest cached version of the dataset since CohereForAI/Global-MMLU couldn't be found on the Hugging Face Hub (offline mode is enabled).
Found the latest cached dataset configuration 'fil' at /home/mai.chau/.cache/huggingface/datasets/CohereForAI___global-mmlu/fil/0.0.0/0e619dbeb34206cd48705a1a0ea7fb21cae09993 (last modified on Thu Oct  8 14:53:05 2026).
Using the latest cached version of the dataset since CohereForAI/Global-MMLU couldn't be found on the Hugging Face Hub (offline mode is enabled).
Found the latest cached dataset configuration 'fil' at /home/mai.chau/.cache/huggingface/datasets/CohereForAI___global-mmlu/fil/0.0.0/0e619dbeb34206cd48705a1a0ea7fb21cae09993 (last modified on Thu Oct  8 14:53:05 2026).
Using the latest cached version of the dataset since CohereForAI/Global-MMLU couldn't be found on the Hugging Face Hub (offline mode is enabled).
Found the latest cached dataset configuration 'fil' at /home/mai.chau/.cache/huggingface/datasets/CohereForAI___global-mmlu/fil/0.0.0/0e619dbeb34206cd48705a1a0ea7fb21cae09993 (last modified on Thu Oct  8 14:53:05 2026).
Using the latest cached version of the dataset since CohereForAI/Global-MMLU couldn't be found on the Hugging Face Hub (offline mode is enabled).
Found the latest cached dataset configuration 'fil' at /home/mai.chau/.cache/huggingface/datasets/CohereForAI___global-mmlu/fil/0.0.0/0e619dbeb34206cd48705a1a0ea7fb21cae09993 (last modified on Thu Oct  8 14:53:05 2026).
Using the latest cached version of the dataset since CohereForAI/Global-MMLU couldn't be found on the Hugging Face Hub (offline mode is enabled).
Found the latest cached dataset configuration 'id' at /home/mai.chau/.cache/huggingface/datasets/CohereForAI___global-mmlu/id/0.0.0/0e619dbeb34206cd48705a1a0ea7fb21cae09993 (last modified on Thu Oct  8 14:53:07 2026).
Using the latest cached version of the dataset since CohereForAI/Global-MMLU couldn't be found on the Hugging Face Hub (offline mode is enabled).
Found the latest cached dataset configuration 'id' at /home/mai.chau/.cache/huggingface/datasets/CohereForAI___global-mmlu/id/0.0.0/0e619dbeb34206cd48705a1a0ea7fb21cae09993 (last modified on Thu Oct  8 14:53:07 2026).
Using the latest cached version of the dataset since CohereForAI/Global-MMLU couldn't be found on the Hugging Face Hub (offline mode is enabled).
Found the latest cached dataset configuration 'id' at /home/mai.chau/.cache/huggingface/datasets/CohereForAI___global-mmlu/id/0.0.0/0e619dbeb34206cd48705a1a0ea7fb21cae09993 (last modified on Thu Oct  8 14:53:07 2026).
Using the latest cached version of the dataset since CohereForAI/Global-MMLU couldn't be found on the Hugging Face Hub (offline mode is enabled).
Found the latest cached dataset configuration 'id' at /home/mai.chau/.cache/huggingface/datasets/CohereForAI___global-mmlu/id/0.0.0/0e619dbeb34206cd48705a1a0ea7fb21cae09993 (last modified on Thu Oct  8 14:53:07 2026).
Using the latest cached version of the dataset since CohereForAI/Global-MMLU couldn't be found on the Hugging Face Hub (offline mode is enabled).
Found the latest cached dataset configuration 'id' at /home/mai.chau/.cache/huggingface/datasets/CohereForAI___global-mmlu/id/0.0.0/0e619dbeb34206cd48705a1a0ea7fb21cae09993 (last modified on Thu Oct  8 14:53:07 2026).
Using the latest cached version of the dataset since CohereForAI/Global-MMLU couldn't be found on the Hugging Face Hub (offline mode is enabled).
Found the latest cached dataset configuration 'id' at /home/mai.chau/.cache/huggingface/datasets/CohereForAI___global-mmlu/id/0.0.0/0e619dbeb34206cd48705a1a0ea7fb21cae09993 (last modified on Thu Oct  8 14:53:07 2026).
Using the latest cached version of the dataset since CohereForAI/Global-MMLU couldn't be found on the Hugging Face Hub (offline mode is enabled).
Found the latest cached dataset configuration 'id' at /home/mai.chau/.cache/huggingface/datasets/CohereForAI___global-mmlu/id/0.0.0/0e619dbeb34206cd48705a1a0ea7fb21cae09993 (last modified on Thu Oct  8 14:53:07 2026).
Using the latest cached version of the dataset since CohereForAI/Global-MMLU couldn't be found on the Hugging Face Hub (offline mode is enabled).
Found the latest cached dataset configuration 'id' at /home/mai.chau/.cache/huggingface/datasets/CohereForAI___global-mmlu/id/0.0.0/0e619dbeb34206cd48705a1a0ea7fb21cae09993 (last modified on Thu Oct  8 14:53:07 2026).
Using the latest cached version of the dataset since CohereForAI/Global-MMLU couldn't be found on the Hugging Face Hub (offline mode is enabled).
Found the latest cached dataset configuration 'id' at /home/mai.chau/.cache/huggingface/datasets/CohereForAI___global-mmlu/id/0.0.0/0e619dbeb34206cd48705a1a0ea7fb21cae09993 (last modified on Thu Oct  8 14:53:07 2026).
Using the latest cached version of the dataset since CohereForAI/Global-MMLU couldn't be found on the Hugging Face Hub (offline mode is enabled).
Found the latest cached dataset configuration 'id' at /home/mai.chau/.cache/huggingface/datasets/CohereForAI___global-mmlu/id/0.0.0/0e619dbeb34206cd48705a1a0ea7fb21cae09993 (last modified on Thu Oct  8 14:53:07 2026).
Using the latest cached version of the dataset since CohereForAI/Global-MMLU couldn't be found on the Hugging Face Hub (offline mode is enabled).
Found the latest cached dataset configuration 'id' at /home/mai.chau/.cache/huggingface/datasets/CohereForAI___global-mmlu/id/0.0.0/0e619dbeb34206cd48705a1a0ea7fb21cae09993 (last modified on Thu Oct  8 14:53:07 2026).
Using the latest cached version of the dataset since CohereForAI/Global-MMLU couldn't be found on the Hugging Face Hub (offline mode is enabled).
Found the latest cached dataset configuration 'id' at /home/mai.chau/.cache/huggingface/datasets/CohereForAI___global-mmlu/id/0.0.0/0e619dbeb34206cd48705a1a0ea7fb21cae09993 (last modified on Thu Oct  8 14:53:07 2026).
Using the latest cached version of the dataset since CohereForAI/Global-MMLU couldn't be found on the Hugging Face Hub (offline mode is enabled).
Found the latest cached dataset configuration 'id' at /home/mai.chau/.cache/huggingface/datasets/CohereForAI___global-mmlu/id/0.0.0/0e619dbeb34206cd48705a1a0ea7fb21cae09993 (last modified on Thu Oct  8 14:53:07 2026).
Using the latest cached version of the dataset since CohereForAI/Global-MMLU couldn't be found on the Hugging Face Hub (offline mode is enabled).
Found the latest cached dataset configuration 'id' at /home/mai.chau/.cache/huggingface/datasets/CohereForAI___global-mmlu/id/0.0.0/0e619dbeb34206cd48705a1a0ea7fb21cae09993 (last modified on Thu Oct  8 14:53:07 2026).
Using the latest cached version of the dataset since CohereForAI/Global-MMLU couldn't be found on the Hugging Face Hub (offline mode is enabled).
Found the latest cached dataset configuration 'id' at /home/mai.chau/.cache/huggingface/datasets/CohereForAI___global-mmlu/id/0.0.0/0e619dbeb34206cd48705a1a0ea7fb21cae09993 (last modified on Thu Oct  8 14:53:07 2026).
Using the latest cached version of the dataset since CohereForAI/Global-MMLU couldn't be found on the Hugging Face Hub (offline mode is enabled).
Found the latest cached dataset configuration 'id' at /home/mai.chau/.cache/huggingface/datasets/CohereForAI___global-mmlu/id/0.0.0/0e619dbeb34206cd48705a1a0ea7fb21cae09993 (last modified on Thu Oct  8 14:53:07 2026).
Using the latest cached version of the dataset since CohereForAI/Global-MMLU couldn't be found on the Hugging Face Hub (offline mode is enabled).
Found the latest cached dataset configuration 'id' at /home/mai.chau/.cache/huggingface/datasets/CohereForAI___global-mmlu/id/0.0.0/0e619dbeb34206cd48705a1a0ea7fb21cae09993 (last modified on Thu Oct  8 14:53:07 2026).
Using the latest cached version of the dataset since CohereForAI/Global-MMLU couldn't be found on the Hugging Face Hub (offline mode is enabled).
Found the latest cached dataset configuration 'id' at /home/mai.chau/.cache/huggingface/datasets/CohereForAI___global-mmlu/id/0.0.0/0e619dbeb34206cd48705a1a0ea7fb21cae09993 (last modified on Thu Oct  8 14:53:07 2026).
Using the latest cached version of the dataset since CohereForAI/Global-MMLU couldn't be found on the Hugging Face Hub (offline mode is enabled).
Found the latest cached dataset configuration 'id' at /home/mai.chau/.cache/huggingface/datasets/CohereForAI___global-mmlu/id/0.0.0/0e619dbeb34206cd48705a1a0ea7fb21cae09993 (last modified on Thu Oct  8 14:53:07 2026).
Using the latest cached version of the dataset since CohereForAI/Global-MMLU couldn't be found on the Hugging Face Hub (offline mode is enabled).
Found the latest cached dataset configuration 'id' at /home/mai.chau/.cache/huggingface/datasets/CohereForAI___global-mmlu/id/0.0.0/0e619dbeb34206cd48705a1a0ea7fb21cae09993 (last modified on Thu Oct  8 14:53:07 2026).
Using the latest cached version of the dataset since CohereForAI/Global-MMLU couldn't be found on the Hugging Face Hub (offline mode is enabled).
Found the latest cached dataset configuration 'id' at /home/mai.chau/.cache/huggingface/datasets/CohereForAI___global-mmlu/id/0.0.0/0e619dbeb34206cd48705a1a0ea7fb21cae09993 (last modified on Thu Oct  8 14:53:07 2026).
Using the latest cached version of the dataset since CohereForAI/Global-MMLU couldn't be found on the Hugging Face Hub (offline mode is enabled).
Found the latest cached dataset configuration 'id' at /home/mai.chau/.cache/huggingface/datasets/CohereForAI___global-mmlu/id/0.0.0/0e619dbeb34206cd48705a1a0ea7fb21cae09993 (last modified on Thu Oct  8 14:53:07 2026).
Using the latest cached version of the dataset since CohereForAI/Global-MMLU couldn't be found on the Hugging Face Hub (offline mode is enabled).
Found the latest cached dataset configuration 'id' at /home/mai.chau/.cache/huggingface/datasets/CohereForAI___global-mmlu/id/0.0.0/0e619dbeb34206cd48705a1a0ea7fb21cae09993 (last modified on Thu Oct  8 14:53:07 2026).
Using the latest cached version of the dataset since CohereForAI/Global-MMLU couldn't be found on the Hugging Face Hub (offline mode is enabled).
Found the latest cached dataset configuration 'id' at /home/mai.chau/.cache/huggingface/datasets/CohereForAI___global-mmlu/id/0.0.0/0e619dbeb34206cd48705a1a0ea7fb21cae09993 (last modified on Thu Oct  8 14:53:07 2026).
Using the latest cached version of the dataset since CohereForAI/Global-MMLU couldn't be found on the Hugging Face Hub (offline mode is enabled).
Found the latest cached dataset configuration 'id' at /home/mai.chau/.cache/huggingface/datasets/CohereForAI___global-mmlu/id/0.0.0/0e619dbeb34206cd48705a1a0ea7fb21cae09993 (last modified on Thu Oct  8 14:53:07 2026).
Using the latest cached version of the dataset since CohereForAI/Global-MMLU couldn't be found on the Hugging Face Hub (offline mode is enabled).
Found the latest cached dataset configuration 'id' at /home/mai.chau/.cache/huggingface/datasets/CohereForAI___global-mmlu/id/0.0.0/0e619dbeb34206cd48705a1a0ea7fb21cae09993 (last modified on Thu Oct  8 14:53:07 2026).
Using the latest cached version of the dataset since CohereForAI/Global-MMLU couldn't be found on the Hugging Face Hub (offline mode is enabled).
Found the latest cached dataset configuration 'id' at /home/mai.chau/.cache/huggingface/datasets/CohereForAI___global-mmlu/id/0.0.0/0e619dbeb34206cd48705a1a0ea7fb21cae09993 (last modified on Thu Oct  8 14:53:07 2026).
Using the latest cached version of the dataset since CohereForAI/Global-MMLU couldn't be found on the Hugging Face Hub (offline mode is enabled).
Found the latest cached dataset configuration 'id' at /home/mai.chau/.cache/huggingface/datasets/CohereForAI___global-mmlu/id/0.0.0/0e619dbeb34206cd48705a1a0ea7fb21cae09993 (last modified on Thu Oct  8 14:53:07 2026).
Using the latest cached version of the dataset since CohereForAI/Global-MMLU couldn't be found on the Hugging Face Hub (offline mode is enabled).
Found the latest cached dataset configuration 'id' at /home/mai.chau/.cache/huggingface/datasets/CohereForAI___global-mmlu/id/0.0.0/0e619dbeb34206cd48705a1a0ea7fb21cae09993 (last modified on Thu Oct  8 14:53:07 2026).
Using the latest cached version of the dataset since CohereForAI/Global-MMLU couldn't be found on the Hugging Face Hub (offline mode is enabled).
Found the latest cached dataset configuration 'id' at /home/mai.chau/.cache/huggingface/datasets/CohereForAI___global-mmlu/id/0.0.0/0e619dbeb34206cd48705a1a0ea7fb21cae09993 (last modified on Thu Oct  8 14:53:07 2026).
Using the latest cached version of the dataset since CohereForAI/Global-MMLU couldn't be found on the Hugging Face Hub (offline mode is enabled).
Found the latest cached dataset configuration 'id' at /home/mai.chau/.cache/huggingface/datasets/CohereForAI___global-mmlu/id/0.0.0/0e619dbeb34206cd48705a1a0ea7fb21cae09993 (last modified on Thu Oct  8 14:53:07 2026).
Using the latest cached version of the dataset since CohereForAI/Global-MMLU couldn't be found on the Hugging Face Hub (offline mode is enabled).
Found the latest cached dataset configuration 'id' at /home/mai.chau/.cache/huggingface/datasets/CohereForAI___global-mmlu/id/0.0.0/0e619dbeb34206cd48705a1a0ea7fb21cae09993 (last modified on Thu Oct  8 14:53:07 2026).
Using the latest cached version of the dataset since CohereForAI/Global-MMLU couldn't be found on the Hugging Face Hub (offline mode is enabled).
Found the latest cached dataset configuration 'id' at /home/mai.chau/.cache/huggingface/datasets/CohereForAI___global-mmlu/id/0.0.0/0e619dbeb34206cd48705a1a0ea7fb21cae09993 (last modified on Thu Oct  8 14:53:07 2026).
Using the latest cached version of the dataset since CohereForAI/Global-MMLU couldn't be found on the Hugging Face Hub (offline mode is enabled).
Found the latest cached dataset configuration 'id' at /home/mai.chau/.cache/huggingface/datasets/CohereForAI___global-mmlu/id/0.0.0/0e619dbeb34206cd48705a1a0ea7fb21cae09993 (last modified on Thu Oct  8 14:53:07 2026).
Using the latest cached version of the dataset since CohereForAI/Global-MMLU couldn't be found on the Hugging Face Hub (offline mode is enabled).
Found the latest cached dataset configuration 'id' at /home/mai.chau/.cache/huggingface/datasets/CohereForAI___global-mmlu/id/0.0.0/0e619dbeb34206cd48705a1a0ea7fb21cae09993 (last modified on Thu Oct  8 14:53:07 2026).
Using the latest cached version of the dataset since CohereForAI/Global-MMLU couldn't be found on the Hugging Face Hub (offline mode is enabled).
Found the latest cached dataset configuration 'id' at /home/mai.chau/.cache/huggingface/datasets/CohereForAI___global-mmlu/id/0.0.0/0e619dbeb34206cd48705a1a0ea7fb21cae09993 (last modified on Thu Oct  8 14:53:07 2026).
Using the latest cached version of the dataset since CohereForAI/Global-MMLU couldn't be found on the Hugging Face Hub (offline mode is enabled).
Found the latest cached dataset configuration 'id' at /home/mai.chau/.cache/huggingface/datasets/CohereForAI___global-mmlu/id/0.0.0/0e619dbeb34206cd48705a1a0ea7fb21cae09993 (last modified on Thu Oct  8 14:53:07 2026).
Using the latest cached version of the dataset since CohereForAI/Global-MMLU couldn't be found on the Hugging Face Hub (offline mode is enabled).
Found the latest cached dataset configuration 'id' at /home/mai.chau/.cache/huggingface/datasets/CohereForAI___global-mmlu/id/0.0.0/0e619dbeb34206cd48705a1a0ea7fb21cae09993 (last modified on Thu Oct  8 14:53:07 2026).
Using the latest cached version of the dataset since CohereForAI/Global-MMLU couldn't be found on the Hugging Face Hub (offline mode is enabled).
Found the latest cached dataset configuration 'id' at /home/mai.chau/.cache/huggingface/datasets/CohereForAI___global-mmlu/id/0.0.0/0e619dbeb34206cd48705a1a0ea7fb21cae09993 (last modified on Thu Oct  8 14:53:07 2026).
Using the latest cached version of the dataset since CohereForAI/Global-MMLU couldn't be found on the Hugging Face Hub (offline mode is enabled).
Found the latest cached dataset configuration 'id' at /home/mai.chau/.cache/huggingface/datasets/CohereForAI___global-mmlu/id/0.0.0/0e619dbeb34206cd48705a1a0ea7fb21cae09993 (last modified on Thu Oct  8 14:53:07 2026).
Using the latest cached version of the dataset since CohereForAI/Global-MMLU couldn't be found on the Hugging Face Hub (offline mode is enabled).
Found the latest cached dataset configuration 'id' at /home/mai.chau/.cache/huggingface/datasets/CohereForAI___global-mmlu/id/0.0.0/0e619dbeb34206cd48705a1a0ea7fb21cae09993 (last modified on Thu Oct  8 14:53:07 2026).
Using the latest cached version of the dataset since CohereForAI/Global-MMLU couldn't be found on the Hugging Face Hub (offline mode is enabled).
Found the latest cached dataset configuration 'id' at /home/mai.chau/.cache/huggingface/datasets/CohereForAI___global-mmlu/id/0.0.0/0e619dbeb34206cd48705a1a0ea7fb21cae09993 (last modified on Thu Oct  8 14:53:07 2026).
Using the latest cached version of the dataset since CohereForAI/Global-MMLU couldn't be found on the Hugging Face Hub (offline mode is enabled).
Found the latest cached dataset configuration 'id' at /home/mai.chau/.cache/huggingface/datasets/CohereForAI___global-mmlu/id/0.0.0/0e619dbeb34206cd48705a1a0ea7fb21cae09993 (last modified on Thu Oct  8 14:53:07 2026).
Using the latest cached version of the dataset since CohereForAI/Global-MMLU couldn't be found on the Hugging Face Hub (offline mode is enabled).
Found the latest cached dataset configuration 'id' at /home/mai.chau/.cache/huggingface/datasets/CohereForAI___global-mmlu/id/0.0.0/0e619dbeb34206cd48705a1a0ea7fb21cae09993 (last modified on Thu Oct  8 14:53:07 2026).
Using the latest cached version of the dataset since CohereForAI/Global-MMLU couldn't be found on the Hugging Face Hub (offline mode is enabled).
Found the latest cached dataset configuration 'id' at /home/mai.chau/.cache/huggingface/datasets/CohereForAI___global-mmlu/id/0.0.0/0e619dbeb34206cd48705a1a0ea7fb21cae09993 (last modified on Thu Oct  8 14:53:07 2026).
Using the latest cached version of the dataset since CohereForAI/Global-MMLU couldn't be found on the Hugging Face Hub (offline mode is enabled).
Found the latest cached dataset configuration 'id' at /home/mai.chau/.cache/huggingface/datasets/CohereForAI___global-mmlu/id/0.0.0/0e619dbeb34206cd48705a1a0ea7fb21cae09993 (last modified on Thu Oct  8 14:53:07 2026).
Using the latest cached version of the dataset since CohereForAI/Global-MMLU couldn't be found on the Hugging Face Hub (offline mode is enabled).
Found the latest cached dataset configuration 'id' at /home/mai.chau/.cache/huggingface/datasets/CohereForAI___global-mmlu/id/0.0.0/0e619dbeb34206cd48705a1a0ea7fb21cae09993 (last modified on Thu Oct  8 14:53:07 2026).
Using the latest cached version of the dataset since CohereForAI/Global-MMLU couldn't be found on the Hugging Face Hub (offline mode is enabled).
Found the latest cached dataset configuration 'id' at /home/mai.chau/.cache/huggingface/datasets/CohereForAI___global-mmlu/id/0.0.0/0e619dbeb34206cd48705a1a0ea7fb21cae09993 (last modified on Thu Oct  8 14:53:07 2026).
Using the latest cached version of the dataset since CohereForAI/Global-MMLU couldn't be found on the Hugging Face Hub (offline mode is enabled).
Found the latest cached dataset configuration 'id' at /home/mai.chau/.cache/huggingface/datasets/CohereForAI___global-mmlu/id/0.0.0/0e619dbeb34206cd48705a1a0ea7fb21cae09993 (last modified on Thu Oct  8 14:53:07 2026).
Using the latest cached version of the dataset since CohereForAI/Global-MMLU couldn't be found on the Hugging Face Hub (offline mode is enabled).
Found the latest cached dataset configuration 'id' at /home/mai.chau/.cache/huggingface/datasets/CohereForAI___global-mmlu/id/0.0.0/0e619dbeb34206cd48705a1a0ea7fb21cae09993 (last modified on Thu Oct  8 14:53:07 2026).
Using the latest cached version of the dataset since CohereForAI/Global-MMLU couldn't be found on the Hugging Face Hub (offline mode is enabled).
Found the latest cached dataset configuration 'id' at /home/mai.chau/.cache/huggingface/datasets/CohereForAI___global-mmlu/id/0.0.0/0e619dbeb34206cd48705a1a0ea7fb21cae09993 (last modified on Thu Oct  8 14:53:07 2026).
Using the latest cached version of the dataset since CohereForAI/Global-MMLU couldn't be found on the Hugging Face Hub (offline mode is enabled).
Found the latest cached dataset configuration 'id' at /home/mai.chau/.cache/huggingface/datasets/CohereForAI___global-mmlu/id/0.0.0/0e619dbeb34206cd48705a1a0ea7fb21cae09993 (last modified on Thu Oct  8 14:53:07 2026).
Using the latest cached version of the dataset since CohereForAI/Global-MMLU couldn't be found on the Hugging Face Hub (offline mode is enabled).
Found the latest cached dataset configuration 'id' at /home/mai.chau/.cache/huggingface/datasets/CohereForAI___global-mmlu/id/0.0.0/0e619dbeb34206cd48705a1a0ea7fb21cae09993 (last modified on Thu Oct  8 14:53:07 2026).
Using the latest cached version of the dataset since CohereForAI/Global-MMLU couldn't be found on the Hugging Face Hub (offline mode is enabled).
Found the latest cached dataset configuration 'id' at /home/mai.chau/.cache/huggingface/datasets/CohereForAI___global-mmlu/id/0.0.0/0e619dbeb34206cd48705a1a0ea7fb21cae09993 (last modified on Thu Oct  8 14:53:07 2026).
Using the latest cached version of the dataset since CohereForAI/Global-MMLU couldn't be found on the Hugging Face Hub (offline mode is enabled).
Found the latest cached dataset configuration 'id' at /home/mai.chau/.cache/huggingface/datasets/CohereForAI___global-mmlu/id/0.0.0/0e619dbeb34206cd48705a1a0ea7fb21cae09993 (last modified on Thu Oct  8 14:53:07 2026).
Using the latest cached version of the dataset since CohereForAI/Global-MMLU couldn't be found on the Hugging Face Hub (offline mode is enabled).
Found the latest cached dataset configuration 'id' at /home/mai.chau/.cache/huggingface/datasets/CohereForAI___global-mmlu/id/0.0.0/0e619dbeb34206cd48705a1a0ea7fb21cae09993 (last modified on Thu Oct  8 14:53:07 2026).
Using the latest cached version of the dataset since CohereForAI/Global-MMLU couldn't be found on the Hugging Face Hub (offline mode is enabled).
Found the latest cached dataset configuration 'id' at /home/mai.chau/.cache/huggingface/datasets/CohereForAI___global-mmlu/id/0.0.0/0e619dbeb34206cd48705a1a0ea7fb21cae09993 (last modified on Thu Oct  8 14:53:07 2026).
Using the latest cached version of the dataset since CohereForAI/Global-MMLU couldn't be found on the Hugging Face Hub (offline mode is enabled).
Found the latest cached dataset configuration 'ms' at /home/mai.chau/.cache/huggingface/datasets/CohereForAI___global-mmlu/ms/0.0.0/0e619dbeb34206cd48705a1a0ea7fb21cae09993 (last modified on Thu Oct  8 14:53:10 2026).
Using the latest cached version of the dataset since CohereForAI/Global-MMLU couldn't be found on the Hugging Face Hub (offline mode is enabled).
Found the latest cached dataset configuration 'ms' at /home/mai.chau/.cache/huggingface/datasets/CohereForAI___global-mmlu/ms/0.0.0/0e619dbeb34206cd48705a1a0ea7fb21cae09993 (last modified on Thu Oct  8 14:53:10 2026).
Using the latest cached version of the dataset since CohereForAI/Global-MMLU couldn't be found on the Hugging Face Hub (offline mode is enabled).
Found the latest cached dataset configuration 'ms' at /home/mai.chau/.cache/huggingface/datasets/CohereForAI___global-mmlu/ms/0.0.0/0e619dbeb34206cd48705a1a0ea7fb21cae09993 (last modified on Thu Oct  8 14:53:10 2026).
Using the latest cached version of the dataset since CohereForAI/Global-MMLU couldn't be found on the Hugging Face Hub (offline mode is enabled).
Found the latest cached dataset configuration 'ms' at /home/mai.chau/.cache/huggingface/datasets/CohereForAI___global-mmlu/ms/0.0.0/0e619dbeb34206cd48705a1a0ea7fb21cae09993 (last modified on Thu Oct  8 14:53:10 2026).
Using the latest cached version of the dataset since CohereForAI/Global-MMLU couldn't be found on the Hugging Face Hub (offline mode is enabled).
Found the latest cached dataset configuration 'ms' at /home/mai.chau/.cache/huggingface/datasets/CohereForAI___global-mmlu/ms/0.0.0/0e619dbeb34206cd48705a1a0ea7fb21cae09993 (last modified on Thu Oct  8 14:53:10 2026).
Using the latest cached version of the dataset since CohereForAI/Global-MMLU couldn't be found on the Hugging Face Hub (offline mode is enabled).
Found the latest cached dataset configuration 'ms' at /home/mai.chau/.cache/huggingface/datasets/CohereForAI___global-mmlu/ms/0.0.0/0e619dbeb34206cd48705a1a0ea7fb21cae09993 (last modified on Thu Oct  8 14:53:10 2026).
Using the latest cached version of the dataset since CohereForAI/Global-MMLU couldn't be found on the Hugging Face Hub (offline mode is enabled).
Found the latest cached dataset configuration 'ms' at /home/mai.chau/.cache/huggingface/datasets/CohereForAI___global-mmlu/ms/0.0.0/0e619dbeb34206cd48705a1a0ea7fb21cae09993 (last modified on Thu Oct  8 14:53:10 2026).
Using the latest cached version of the dataset since CohereForAI/Global-MMLU couldn't be found on the Hugging Face Hub (offline mode is enabled).
Found the latest cached dataset configuration 'ms' at /home/mai.chau/.cache/huggingface/datasets/CohereForAI___global-mmlu/ms/0.0.0/0e619dbeb34206cd48705a1a0ea7fb21cae09993 (last modified on Thu Oct  8 14:53:10 2026).
Using the latest cached version of the dataset since CohereForAI/Global-MMLU couldn't be found on the Hugging Face Hub (offline mode is enabled).
Found the latest cached dataset configuration 'ms' at /home/mai.chau/.cache/huggingface/datasets/CohereForAI___global-mmlu/ms/0.0.0/0e619dbeb34206cd48705a1a0ea7fb21cae09993 (last modified on Thu Oct  8 14:53:10 2026).
Using the latest cached version of the dataset since CohereForAI/Global-MMLU couldn't be found on the Hugging Face Hub (offline mode is enabled).
Found the latest cached dataset configuration 'ms' at /home/mai.chau/.cache/huggingface/datasets/CohereForAI___global-mmlu/ms/0.0.0/0e619dbeb34206cd48705a1a0ea7fb21cae09993 (last modified on Thu Oct  8 14:53:10 2026).
Using the latest cached version of the dataset since CohereForAI/Global-MMLU couldn't be found on the Hugging Face Hub (offline mode is enabled).
Found the latest cached dataset configuration 'ms' at /home/mai.chau/.cache/huggingface/datasets/CohereForAI___global-mmlu/ms/0.0.0/0e619dbeb34206cd48705a1a0ea7fb21cae09993 (last modified on Thu Oct  8 14:53:10 2026).
Using the latest cached version of the dataset since CohereForAI/Global-MMLU couldn't be found on the Hugging Face Hub (offline mode is enabled).
Found the latest cached dataset configuration 'ms' at /home/mai.chau/.cache/huggingface/datasets/CohereForAI___global-mmlu/ms/0.0.0/0e619dbeb34206cd48705a1a0ea7fb21cae09993 (last modified on Thu Oct  8 14:53:10 2026).
Using the latest cached version of the dataset since CohereForAI/Global-MMLU couldn't be found on the Hugging Face Hub (offline mode is enabled).
Found the latest cached dataset configuration 'ms' at /home/mai.chau/.cache/huggingface/datasets/CohereForAI___global-mmlu/ms/0.0.0/0e619dbeb34206cd48705a1a0ea7fb21cae09993 (last modified on Thu Oct  8 14:53:10 2026).
Using the latest cached version of the dataset since CohereForAI/Global-MMLU couldn't be found on the Hugging Face Hub (offline mode is enabled).
Found the latest cached dataset configuration 'ms' at /home/mai.chau/.cache/huggingface/datasets/CohereForAI___global-mmlu/ms/0.0.0/0e619dbeb34206cd48705a1a0ea7fb21cae09993 (last modified on Thu Oct  8 14:53:10 2026).
Using the latest cached version of the dataset since CohereForAI/Global-MMLU couldn't be found on the Hugging Face Hub (offline mode is enabled).
Found the latest cached dataset configuration 'ms' at /home/mai.chau/.cache/huggingface/datasets/CohereForAI___global-mmlu/ms/0.0.0/0e619dbeb34206cd48705a1a0ea7fb21cae09993 (last modified on Thu Oct  8 14:53:10 2026).
Using the latest cached version of the dataset since CohereForAI/Global-MMLU couldn't be found on the Hugging Face Hub (offline mode is enabled).
Found the latest cached dataset configuration 'ms' at /home/mai.chau/.cache/huggingface/datasets/CohereForAI___global-mmlu/ms/0.0.0/0e619dbeb34206cd48705a1a0ea7fb21cae09993 (last modified on Thu Oct  8 14:53:10 2026).
Using the latest cached version of the dataset since CohereForAI/Global-MMLU couldn't be found on the Hugging Face Hub (offline mode is enabled).
Found the latest cached dataset configuration 'ms' at /home/mai.chau/.cache/huggingface/datasets/CohereForAI___global-mmlu/ms/0.0.0/0e619dbeb34206cd48705a1a0ea7fb21cae09993 (last modified on Thu Oct  8 14:53:10 2026).
Using the latest cached version of the dataset since CohereForAI/Global-MMLU couldn't be found on the Hugging Face Hub (offline mode is enabled).
Found the latest cached dataset configuration 'ms' at /home/mai.chau/.cache/huggingface/datasets/CohereForAI___global-mmlu/ms/0.0.0/0e619dbeb34206cd48705a1a0ea7fb21cae09993 (last modified on Thu Oct  8 14:53:10 2026).
Using the latest cached version of the dataset since CohereForAI/Global-MMLU couldn't be found on the Hugging Face Hub (offline mode is enabled).
Found the latest cached dataset configuration 'ms' at /home/mai.chau/.cache/huggingface/datasets/CohereForAI___global-mmlu/ms/0.0.0/0e619dbeb34206cd48705a1a0ea7fb21cae09993 (last modified on Thu Oct  8 14:53:10 2026).
Using the latest cached version of the dataset since CohereForAI/Global-MMLU couldn't be found on the Hugging Face Hub (offline mode is enabled).
Found the latest cached dataset configuration 'ms' at /home/mai.chau/.cache/huggingface/datasets/CohereForAI___global-mmlu/ms/0.0.0/0e619dbeb34206cd48705a1a0ea7fb21cae09993 (last modified on Thu Oct  8 14:53:10 2026).
Using the latest cached version of the dataset since CohereForAI/Global-MMLU couldn't be found on the Hugging Face Hub (offline mode is enabled).
Found the latest cached dataset configuration 'ms' at /home/mai.chau/.cache/huggingface/datasets/CohereForAI___global-mmlu/ms/0.0.0/0e619dbeb34206cd48705a1a0ea7fb21cae09993 (last modified on Thu Oct  8 14:53:10 2026).
Using the latest cached version of the dataset since CohereForAI/Global-MMLU couldn't be found on the Hugging Face Hub (offline mode is enabled).
Found the latest cached dataset configuration 'ms' at /home/mai.chau/.cache/huggingface/datasets/CohereForAI___global-mmlu/ms/0.0.0/0e619dbeb34206cd48705a1a0ea7fb21cae09993 (last modified on Thu Oct  8 14:53:10 2026).
Using the latest cached version of the dataset since CohereForAI/Global-MMLU couldn't be found on the Hugging Face Hub (offline mode is enabled).
Found the latest cached dataset configuration 'ms' at /home/mai.chau/.cache/huggingface/datasets/CohereForAI___global-mmlu/ms/0.0.0/0e619dbeb34206cd48705a1a0ea7fb21cae09993 (last modified on Thu Oct  8 14:53:10 2026).
Using the latest cached version of the dataset since CohereForAI/Global-MMLU couldn't be found on the Hugging Face Hub (offline mode is enabled).
Found the latest cached dataset configuration 'ms' at /home/mai.chau/.cache/huggingface/datasets/CohereForAI___global-mmlu/ms/0.0.0/0e619dbeb34206cd48705a1a0ea7fb21cae09993 (last modified on Thu Oct  8 14:53:10 2026).
Using the latest cached version of the dataset since CohereForAI/Global-MMLU couldn't be found on the Hugging Face Hub (offline mode is enabled).
Found the latest cached dataset configuration 'ms' at /home/mai.chau/.cache/huggingface/datasets/CohereForAI___global-mmlu/ms/0.0.0/0e619dbeb34206cd48705a1a0ea7fb21cae09993 (last modified on Thu Oct  8 14:53:10 2026).
Using the latest cached version of the dataset since CohereForAI/Global-MMLU couldn't be found on the Hugging Face Hub (offline mode is enabled).
Found the latest cached dataset configuration 'ms' at /home/mai.chau/.cache/huggingface/datasets/CohereForAI___global-mmlu/ms/0.0.0/0e619dbeb34206cd48705a1a0ea7fb21cae09993 (last modified on Thu Oct  8 14:53:10 2026).
Using the latest cached version of the dataset since CohereForAI/Global-MMLU couldn't be found on the Hugging Face Hub (offline mode is enabled).
Found the latest cached dataset configuration 'ms' at /home/mai.chau/.cache/huggingface/datasets/CohereForAI___global-mmlu/ms/0.0.0/0e619dbeb34206cd48705a1a0ea7fb21cae09993 (last modified on Thu Oct  8 14:53:10 2026).
Using the latest cached version of the dataset since CohereForAI/Global-MMLU couldn't be found on the Hugging Face Hub (offline mode is enabled).
Found the latest cached dataset configuration 'ms' at /home/mai.chau/.cache/huggingface/datasets/CohereForAI___global-mmlu/ms/0.0.0/0e619dbeb34206cd48705a1a0ea7fb21cae09993 (last modified on Thu Oct  8 14:53:10 2026).
Using the latest cached version of the dataset since CohereForAI/Global-MMLU couldn't be found on the Hugging Face Hub (offline mode is enabled).
Found the latest cached dataset configuration 'ms' at /home/mai.chau/.cache/huggingface/datasets/CohereForAI___global-mmlu/ms/0.0.0/0e619dbeb34206cd48705a1a0ea7fb21cae09993 (last modified on Thu Oct  8 14:53:10 2026).
Using the latest cached version of the dataset since CohereForAI/Global-MMLU couldn't be found on the Hugging Face Hub (offline mode is enabled).
Found the latest cached dataset configuration 'ms' at /home/mai.chau/.cache/huggingface/datasets/CohereForAI___global-mmlu/ms/0.0.0/0e619dbeb34206cd48705a1a0ea7fb21cae09993 (last modified on Thu Oct  8 14:53:10 2026).
Using the latest cached version of the dataset since CohereForAI/Global-MMLU couldn't be found on the Hugging Face Hub (offline mode is enabled).
Found the latest cached dataset configuration 'ms' at /home/mai.chau/.cache/huggingface/datasets/CohereForAI___global-mmlu/ms/0.0.0/0e619dbeb34206cd48705a1a0ea7fb21cae09993 (last modified on Thu Oct  8 14:53:10 2026).
Using the latest cached version of the dataset since CohereForAI/Global-MMLU couldn't be found on the Hugging Face Hub (offline mode is enabled).
Found the latest cached dataset configuration 'ms' at /home/mai.chau/.cache/huggingface/datasets/CohereForAI___global-mmlu/ms/0.0.0/0e619dbeb34206cd48705a1a0ea7fb21cae09993 (last modified on Thu Oct  8 14:53:10 2026).
Using the latest cached version of the dataset since CohereForAI/Global-MMLU couldn't be found on the Hugging Face Hub (offline mode is enabled).
Found the latest cached dataset configuration 'ms' at /home/mai.chau/.cache/huggingface/datasets/CohereForAI___global-mmlu/ms/0.0.0/0e619dbeb34206cd48705a1a0ea7fb21cae09993 (last modified on Thu Oct  8 14:53:10 2026).
Using the latest cached version of the dataset since CohereForAI/Global-MMLU couldn't be found on the Hugging Face Hub (offline mode is enabled).
Found the latest cached dataset configuration 'ms' at /home/mai.chau/.cache/huggingface/datasets/CohereForAI___global-mmlu/ms/0.0.0/0e619dbeb34206cd48705a1a0ea7fb21cae09993 (last modified on Thu Oct  8 14:53:10 2026).
Using the latest cached version of the dataset since CohereForAI/Global-MMLU couldn't be found on the Hugging Face Hub (offline mode is enabled).
Found the latest cached dataset configuration 'ms' at /home/mai.chau/.cache/huggingface/datasets/CohereForAI___global-mmlu/ms/0.0.0/0e619dbeb34206cd48705a1a0ea7fb21cae09993 (last modified on Thu Oct  8 14:53:10 2026).
Using the latest cached version of the dataset since CohereForAI/Global-MMLU couldn't be found on the Hugging Face Hub (offline mode is enabled).
Found the latest cached dataset configuration 'ms' at /home/mai.chau/.cache/huggingface/datasets/CohereForAI___global-mmlu/ms/0.0.0/0e619dbeb34206cd48705a1a0ea7fb21cae09993 (last modified on Thu Oct  8 14:53:10 2026).
Using the latest cached version of the dataset since CohereForAI/Global-MMLU couldn't be found on the Hugging Face Hub (offline mode is enabled).
Found the latest cached dataset configuration 'ms' at /home/mai.chau/.cache/huggingface/datasets/CohereForAI___global-mmlu/ms/0.0.0/0e619dbeb34206cd48705a1a0ea7fb21cae09993 (last modified on Thu Oct  8 14:53:10 2026).
Using the latest cached version of the dataset since CohereForAI/Global-MMLU couldn't be found on the Hugging Face Hub (offline mode is enabled).
Found the latest cached dataset configuration 'ms' at /home/mai.chau/.cache/huggingface/datasets/CohereForAI___global-mmlu/ms/0.0.0/0e619dbeb34206cd48705a1a0ea7fb21cae09993 (last modified on Thu Oct  8 14:53:10 2026).
Using the latest cached version of the dataset since CohereForAI/Global-MMLU couldn't be found on the Hugging Face Hub (offline mode is enabled).
Found the latest cached dataset configuration 'ms' at /home/mai.chau/.cache/huggingface/datasets/CohereForAI___global-mmlu/ms/0.0.0/0e619dbeb34206cd48705a1a0ea7fb21cae09993 (last modified on Thu Oct  8 14:53:10 2026).
Using the latest cached version of the dataset since CohereForAI/Global-MMLU couldn't be found on the Hugging Face Hub (offline mode is enabled).
Found the latest cached dataset configuration 'ms' at /home/mai.chau/.cache/huggingface/datasets/CohereForAI___global-mmlu/ms/0.0.0/0e619dbeb34206cd48705a1a0ea7fb21cae09993 (last modified on Thu Oct  8 14:53:10 2026).
Using the latest cached version of the dataset since CohereForAI/Global-MMLU couldn't be found on the Hugging Face Hub (offline mode is enabled).
Found the latest cached dataset configuration 'ms' at /home/mai.chau/.cache/huggingface/datasets/CohereForAI___global-mmlu/ms/0.0.0/0e619dbeb34206cd48705a1a0ea7fb21cae09993 (last modified on Thu Oct  8 14:53:10 2026).
Using the latest cached version of the dataset since CohereForAI/Global-MMLU couldn't be found on the Hugging Face Hub (offline mode is enabled).
Found the latest cached dataset configuration 'ms' at /home/mai.chau/.cache/huggingface/datasets/CohereForAI___global-mmlu/ms/0.0.0/0e619dbeb34206cd48705a1a0ea7fb21cae09993 (last modified on Thu Oct  8 14:53:10 2026).
Using the latest cached version of the dataset since CohereForAI/Global-MMLU couldn't be found on the Hugging Face Hub (offline mode is enabled).
Found the latest cached dataset configuration 'ms' at /home/mai.chau/.cache/huggingface/datasets/CohereForAI___global-mmlu/ms/0.0.0/0e619dbeb34206cd48705a1a0ea7fb21cae09993 (last modified on Thu Oct  8 14:53:10 2026).
Using the latest cached version of the dataset since CohereForAI/Global-MMLU couldn't be found on the Hugging Face Hub (offline mode is enabled).
Found the latest cached dataset configuration 'ms' at /home/mai.chau/.cache/huggingface/datasets/CohereForAI___global-mmlu/ms/0.0.0/0e619dbeb34206cd48705a1a0ea7fb21cae09993 (last modified on Thu Oct  8 14:53:10 2026).
Using the latest cached version of the dataset since CohereForAI/Global-MMLU couldn't be found on the Hugging Face Hub (offline mode is enabled).
Found the latest cached dataset configuration 'ms' at /home/mai.chau/.cache/huggingface/datasets/CohereForAI___global-mmlu/ms/0.0.0/0e619dbeb34206cd48705a1a0ea7fb21cae09993 (last modified on Thu Oct  8 14:53:10 2026).
Using the latest cached version of the dataset since CohereForAI/Global-MMLU couldn't be found on the Hugging Face Hub (offline mode is enabled).
Found the latest cached dataset configuration 'ms' at /home/mai.chau/.cache/huggingface/datasets/CohereForAI___global-mmlu/ms/0.0.0/0e619dbeb34206cd48705a1a0ea7fb21cae09993 (last modified on Thu Oct  8 14:53:10 2026).
Using the latest cached version of the dataset since CohereForAI/Global-MMLU couldn't be found on the Hugging Face Hub (offline mode is enabled).
Found the latest cached dataset configuration 'ms' at /home/mai.chau/.cache/huggingface/datasets/CohereForAI___global-mmlu/ms/0.0.0/0e619dbeb34206cd48705a1a0ea7fb21cae09993 (last modified on Thu Oct  8 14:53:10 2026).
Using the latest cached version of the dataset since CohereForAI/Global-MMLU couldn't be found on the Hugging Face Hub (offline mode is enabled).
Found the latest cached dataset configuration 'ms' at /home/mai.chau/.cache/huggingface/datasets/CohereForAI___global-mmlu/ms/0.0.0/0e619dbeb34206cd48705a1a0ea7fb21cae09993 (last modified on Thu Oct  8 14:53:10 2026).
Using the latest cached version of the dataset since CohereForAI/Global-MMLU couldn't be found on the Hugging Face Hub (offline mode is enabled).
Found the latest cached dataset configuration 'ms' at /home/mai.chau/.cache/huggingface/datasets/CohereForAI___global-mmlu/ms/0.0.0/0e619dbeb34206cd48705a1a0ea7fb21cae09993 (last modified on Thu Oct  8 14:53:10 2026).
Using the latest cached version of the dataset since CohereForAI/Global-MMLU couldn't be found on the Hugging Face Hub (offline mode is enabled).
Found the latest cached dataset configuration 'ms' at /home/mai.chau/.cache/huggingface/datasets/CohereForAI___global-mmlu/ms/0.0.0/0e619dbeb34206cd48705a1a0ea7fb21cae09993 (last modified on Thu Oct  8 14:53:10 2026).
Using the latest cached version of the dataset since CohereForAI/Global-MMLU couldn't be found on the Hugging Face Hub (offline mode is enabled).
Found the latest cached dataset configuration 'ms' at /home/mai.chau/.cache/huggingface/datasets/CohereForAI___global-mmlu/ms/0.0.0/0e619dbeb34206cd48705a1a0ea7fb21cae09993 (last modified on Thu Oct  8 14:53:10 2026).
Using the latest cached version of the dataset since CohereForAI/Global-MMLU couldn't be found on the Hugging Face Hub (offline mode is enabled).
Found the latest cached dataset configuration 'ms' at /home/mai.chau/.cache/huggingface/datasets/CohereForAI___global-mmlu/ms/0.0.0/0e619dbeb34206cd48705a1a0ea7fb21cae09993 (last modified on Thu Oct  8 14:53:10 2026).
Using the latest cached version of the dataset since CohereForAI/Global-MMLU couldn't be found on the Hugging Face Hub (offline mode is enabled).
Found the latest cached dataset configuration 'ms' at /home/mai.chau/.cache/huggingface/datasets/CohereForAI___global-mmlu/ms/0.0.0/0e619dbeb34206cd48705a1a0ea7fb21cae09993 (last modified on Thu Oct  8 14:53:10 2026).
Using the latest cached version of the dataset since CohereForAI/Global-MMLU couldn't be found on the Hugging Face Hub (offline mode is enabled).
Found the latest cached dataset configuration 'ms' at /home/mai.chau/.cache/huggingface/datasets/CohereForAI___global-mmlu/ms/0.0.0/0e619dbeb34206cd48705a1a0ea7fb21cae09993 (last modified on Thu Oct  8 14:53:10 2026).
Using the latest cached version of the dataset since CohereForAI/Global-MMLU couldn't be found on the Hugging Face Hub (offline mode is enabled).
Found the latest cached dataset configuration 'ms' at /home/mai.chau/.cache/huggingface/datasets/CohereForAI___global-mmlu/ms/0.0.0/0e619dbeb34206cd48705a1a0ea7fb21cae09993 (last modified on Thu Oct  8 14:53:10 2026).
Using the latest cached version of the dataset since CohereForAI/Global-MMLU couldn't be found on the Hugging Face Hub (offline mode is enabled).
Found the latest cached dataset configuration 'ms' at /home/mai.chau/.cache/huggingface/datasets/CohereForAI___global-mmlu/ms/0.0.0/0e619dbeb34206cd48705a1a0ea7fb21cae09993 (last modified on Thu Oct  8 14:53:10 2026).
Using the latest cached version of the dataset since CohereForAI/Global-MMLU couldn't be found on the Hugging Face Hub (offline mode is enabled).
Found the latest cached dataset configuration 'ms' at /home/mai.chau/.cache/huggingface/datasets/CohereForAI___global-mmlu/ms/0.0.0/0e619dbeb34206cd48705a1a0ea7fb21cae09993 (last modified on Thu Oct  8 14:53:10 2026).
Using the latest cached version of the dataset since CohereForAI/Global-MMLU couldn't be found on the Hugging Face Hub (offline mode is enabled).
Found the latest cached dataset configuration 'vi' at /home/mai.chau/.cache/huggingface/datasets/CohereForAI___global-mmlu/vi/0.0.0/0e619dbeb34206cd48705a1a0ea7fb21cae09993 (last modified on Thu Oct  8 14:53:12 2026).
Using the latest cached version of the dataset since CohereForAI/Global-MMLU couldn't be found on the Hugging Face Hub (offline mode is enabled).
Found the latest cached dataset configuration 'vi' at /home/mai.chau/.cache/huggingface/datasets/CohereForAI___global-mmlu/vi/0.0.0/0e619dbeb34206cd48705a1a0ea7fb21cae09993 (last modified on Thu Oct  8 14:53:12 2026).
Using the latest cached version of the dataset since CohereForAI/Global-MMLU couldn't be found on the Hugging Face Hub (offline mode is enabled).
Found the latest cached dataset configuration 'vi' at /home/mai.chau/.cache/huggingface/datasets/CohereForAI___global-mmlu/vi/0.0.0/0e619dbeb34206cd48705a1a0ea7fb21cae09993 (last modified on Thu Oct  8 14:53:12 2026).
Using the latest cached version of the dataset since CohereForAI/Global-MMLU couldn't be found on the Hugging Face Hub (offline mode is enabled).
Found the latest cached dataset configuration 'vi' at /home/mai.chau/.cache/huggingface/datasets/CohereForAI___global-mmlu/vi/0.0.0/0e619dbeb34206cd48705a1a0ea7fb21cae09993 (last modified on Thu Oct  8 14:53:12 2026).
Using the latest cached version of the dataset since CohereForAI/Global-MMLU couldn't be found on the Hugging Face Hub (offline mode is enabled).
Found the latest cached dataset configuration 'vi' at /home/mai.chau/.cache/huggingface/datasets/CohereForAI___global-mmlu/vi/0.0.0/0e619dbeb34206cd48705a1a0ea7fb21cae09993 (last modified on Thu Oct  8 14:53:12 2026).
Using the latest cached version of the dataset since CohereForAI/Global-MMLU couldn't be found on the Hugging Face Hub (offline mode is enabled).
Found the latest cached dataset configuration 'vi' at /home/mai.chau/.cache/huggingface/datasets/CohereForAI___global-mmlu/vi/0.0.0/0e619dbeb34206cd48705a1a0ea7fb21cae09993 (last modified on Thu Oct  8 14:53:12 2026).
Using the latest cached version of the dataset since CohereForAI/Global-MMLU couldn't be found on the Hugging Face Hub (offline mode is enabled).
Found the latest cached dataset configuration 'vi' at /home/mai.chau/.cache/huggingface/datasets/CohereForAI___global-mmlu/vi/0.0.0/0e619dbeb34206cd48705a1a0ea7fb21cae09993 (last modified on Thu Oct  8 14:53:12 2026).
Using the latest cached version of the dataset since CohereForAI/Global-MMLU couldn't be found on the Hugging Face Hub (offline mode is enabled).
Found the latest cached dataset configuration 'vi' at /home/mai.chau/.cache/huggingface/datasets/CohereForAI___global-mmlu/vi/0.0.0/0e619dbeb34206cd48705a1a0ea7fb21cae09993 (last modified on Thu Oct  8 14:53:12 2026).
Using the latest cached version of the dataset since CohereForAI/Global-MMLU couldn't be found on the Hugging Face Hub (offline mode is enabled).
Found the latest cached dataset configuration 'vi' at /home/mai.chau/.cache/huggingface/datasets/CohereForAI___global-mmlu/vi/0.0.0/0e619dbeb34206cd48705a1a0ea7fb21cae09993 (last modified on Thu Oct  8 14:53:12 2026).
Using the latest cached version of the dataset since CohereForAI/Global-MMLU couldn't be found on the Hugging Face Hub (offline mode is enabled).
Found the latest cached dataset configuration 'vi' at /home/mai.chau/.cache/huggingface/datasets/CohereForAI___global-mmlu/vi/0.0.0/0e619dbeb34206cd48705a1a0ea7fb21cae09993 (last modified on Thu Oct  8 14:53:12 2026).
Using the latest cached version of the dataset since CohereForAI/Global-MMLU couldn't be found on the Hugging Face Hub (offline mode is enabled).
Found the latest cached dataset configuration 'vi' at /home/mai.chau/.cache/huggingface/datasets/CohereForAI___global-mmlu/vi/0.0.0/0e619dbeb34206cd48705a1a0ea7fb21cae09993 (last modified on Thu Oct  8 14:53:12 2026).
Using the latest cached version of the dataset since CohereForAI/Global-MMLU couldn't be found on the Hugging Face Hub (offline mode is enabled).
Found the latest cached dataset configuration 'vi' at /home/mai.chau/.cache/huggingface/datasets/CohereForAI___global-mmlu/vi/0.0.0/0e619dbeb34206cd48705a1a0ea7fb21cae09993 (last modified on Thu Oct  8 14:53:12 2026).
Using the latest cached version of the dataset since CohereForAI/Global-MMLU couldn't be found on the Hugging Face Hub (offline mode is enabled).
Found the latest cached dataset configuration 'vi' at /home/mai.chau/.cache/huggingface/datasets/CohereForAI___global-mmlu/vi/0.0.0/0e619dbeb34206cd48705a1a0ea7fb21cae09993 (last modified on Thu Oct  8 14:53:12 2026).
Using the latest cached version of the dataset since CohereForAI/Global-MMLU couldn't be found on the Hugging Face Hub (offline mode is enabled).
Found the latest cached dataset configuration 'vi' at /home/mai.chau/.cache/huggingface/datasets/CohereForAI___global-mmlu/vi/0.0.0/0e619dbeb34206cd48705a1a0ea7fb21cae09993 (last modified on Thu Oct  8 14:53:12 2026).
Using the latest cached version of the dataset since CohereForAI/Global-MMLU couldn't be found on the Hugging Face Hub (offline mode is enabled).
Found the latest cached dataset configuration 'vi' at /home/mai.chau/.cache/huggingface/datasets/CohereForAI___global-mmlu/vi/0.0.0/0e619dbeb34206cd48705a1a0ea7fb21cae09993 (last modified on Thu Oct  8 14:53:12 2026).
Using the latest cached version of the dataset since CohereForAI/Global-MMLU couldn't be found on the Hugging Face Hub (offline mode is enabled).
Found the latest cached dataset configuration 'vi' at /home/mai.chau/.cache/huggingface/datasets/CohereForAI___global-mmlu/vi/0.0.0/0e619dbeb34206cd48705a1a0ea7fb21cae09993 (last modified on Thu Oct  8 14:53:12 2026).
Using the latest cached version of the dataset since CohereForAI/Global-MMLU couldn't be found on the Hugging Face Hub (offline mode is enabled).
Found the latest cached dataset configuration 'vi' at /home/mai.chau/.cache/huggingface/datasets/CohereForAI___global-mmlu/vi/0.0.0/0e619dbeb34206cd48705a1a0ea7fb21cae09993 (last modified on Thu Oct  8 14:53:12 2026).
Using the latest cached version of the dataset since CohereForAI/Global-MMLU couldn't be found on the Hugging Face Hub (offline mode is enabled).
Found the latest cached dataset configuration 'vi' at /home/mai.chau/.cache/huggingface/datasets/CohereForAI___global-mmlu/vi/0.0.0/0e619dbeb34206cd48705a1a0ea7fb21cae09993 (last modified on Thu Oct  8 14:53:12 2026).
Using the latest cached version of the dataset since CohereForAI/Global-MMLU couldn't be found on the Hugging Face Hub (offline mode is enabled).
Found the latest cached dataset configuration 'vi' at /home/mai.chau/.cache/huggingface/datasets/CohereForAI___global-mmlu/vi/0.0.0/0e619dbeb34206cd48705a1a0ea7fb21cae09993 (last modified on Thu Oct  8 14:53:12 2026).
Using the latest cached version of the dataset since CohereForAI/Global-MMLU couldn't be found on the Hugging Face Hub (offline mode is enabled).
Found the latest cached dataset configuration 'vi' at /home/mai.chau/.cache/huggingface/datasets/CohereForAI___global-mmlu/vi/0.0.0/0e619dbeb34206cd48705a1a0ea7fb21cae09993 (last modified on Thu Oct  8 14:53:12 2026).
Using the latest cached version of the dataset since CohereForAI/Global-MMLU couldn't be found on the Hugging Face Hub (offline mode is enabled).
Found the latest cached dataset configuration 'vi' at /home/mai.chau/.cache/huggingface/datasets/CohereForAI___global-mmlu/vi/0.0.0/0e619dbeb34206cd48705a1a0ea7fb21cae09993 (last modified on Thu Oct  8 14:53:12 2026).
Using the latest cached version of the dataset since CohereForAI/Global-MMLU couldn't be found on the Hugging Face Hub (offline mode is enabled).
Found the latest cached dataset configuration 'vi' at /home/mai.chau/.cache/huggingface/datasets/CohereForAI___global-mmlu/vi/0.0.0/0e619dbeb34206cd48705a1a0ea7fb21cae09993 (last modified on Thu Oct  8 14:53:12 2026).
Using the latest cached version of the dataset since CohereForAI/Global-MMLU couldn't be found on the Hugging Face Hub (offline mode is enabled).
Found the latest cached dataset configuration 'vi' at /home/mai.chau/.cache/huggingface/datasets/CohereForAI___global-mmlu/vi/0.0.0/0e619dbeb34206cd48705a1a0ea7fb21cae09993 (last modified on Thu Oct  8 14:53:12 2026).
Using the latest cached version of the dataset since CohereForAI/Global-MMLU couldn't be found on the Hugging Face Hub (offline mode is enabled).
Found the latest cached dataset configuration 'vi' at /home/mai.chau/.cache/huggingface/datasets/CohereForAI___global-mmlu/vi/0.0.0/0e619dbeb34206cd48705a1a0ea7fb21cae09993 (last modified on Thu Oct  8 14:53:12 2026).
Using the latest cached version of the dataset since CohereForAI/Global-MMLU couldn't be found on the Hugging Face Hub (offline mode is enabled).
Found the latest cached dataset configuration 'vi' at /home/mai.chau/.cache/huggingface/datasets/CohereForAI___global-mmlu/vi/0.0.0/0e619dbeb34206cd48705a1a0ea7fb21cae09993 (last modified on Thu Oct  8 14:53:12 2026).
Using the latest cached version of the dataset since CohereForAI/Global-MMLU couldn't be found on the Hugging Face Hub (offline mode is enabled).
Found the latest cached dataset configuration 'vi' at /home/mai.chau/.cache/huggingface/datasets/CohereForAI___global-mmlu/vi/0.0.0/0e619dbeb34206cd48705a1a0ea7fb21cae09993 (last modified on Thu Oct  8 14:53:12 2026).
Using the latest cached version of the dataset since CohereForAI/Global-MMLU couldn't be found on the Hugging Face Hub (offline mode is enabled).
Found the latest cached dataset configuration 'vi' at /home/mai.chau/.cache/huggingface/datasets/CohereForAI___global-mmlu/vi/0.0.0/0e619dbeb34206cd48705a1a0ea7fb21cae09993 (last modified on Thu Oct  8 14:53:12 2026).
Using the latest cached version of the dataset since CohereForAI/Global-MMLU couldn't be found on the Hugging Face Hub (offline mode is enabled).
Found the latest cached dataset configuration 'vi' at /home/mai.chau/.cache/huggingface/datasets/CohereForAI___global-mmlu/vi/0.0.0/0e619dbeb34206cd48705a1a0ea7fb21cae09993 (last modified on Thu Oct  8 14:53:12 2026).
Using the latest cached version of the dataset since CohereForAI/Global-MMLU couldn't be found on the Hugging Face Hub (offline mode is enabled).
Found the latest cached dataset configuration 'vi' at /home/mai.chau/.cache/huggingface/datasets/CohereForAI___global-mmlu/vi/0.0.0/0e619dbeb34206cd48705a1a0ea7fb21cae09993 (last modified on Thu Oct  8 14:53:12 2026).
Using the latest cached version of the dataset since CohereForAI/Global-MMLU couldn't be found on the Hugging Face Hub (offline mode is enabled).
Found the latest cached dataset configuration 'vi' at /home/mai.chau/.cache/huggingface/datasets/CohereForAI___global-mmlu/vi/0.0.0/0e619dbeb34206cd48705a1a0ea7fb21cae09993 (last modified on Thu Oct  8 14:53:12 2026).
Using the latest cached version of the dataset since CohereForAI/Global-MMLU couldn't be found on the Hugging Face Hub (offline mode is enabled).
Found the latest cached dataset configuration 'vi' at /home/mai.chau/.cache/huggingface/datasets/CohereForAI___global-mmlu/vi/0.0.0/0e619dbeb34206cd48705a1a0ea7fb21cae09993 (last modified on Thu Oct  8 14:53:12 2026).
Using the latest cached version of the dataset since CohereForAI/Global-MMLU couldn't be found on the Hugging Face Hub (offline mode is enabled).
Found the latest cached dataset configuration 'vi' at /home/mai.chau/.cache/huggingface/datasets/CohereForAI___global-mmlu/vi/0.0.0/0e619dbeb34206cd48705a1a0ea7fb21cae09993 (last modified on Thu Oct  8 14:53:12 2026).
Using the latest cached version of the dataset since CohereForAI/Global-MMLU couldn't be found on the Hugging Face Hub (offline mode is enabled).
Found the latest cached dataset configuration 'vi' at /home/mai.chau/.cache/huggingface/datasets/CohereForAI___global-mmlu/vi/0.0.0/0e619dbeb34206cd48705a1a0ea7fb21cae09993 (last modified on Thu Oct  8 14:53:12 2026).
Using the latest cached version of the dataset since CohereForAI/Global-MMLU couldn't be found on the Hugging Face Hub (offline mode is enabled).
Found the latest cached dataset configuration 'vi' at /home/mai.chau/.cache/huggingface/datasets/CohereForAI___global-mmlu/vi/0.0.0/0e619dbeb34206cd48705a1a0ea7fb21cae09993 (last modified on Thu Oct  8 14:53:12 2026).
Using the latest cached version of the dataset since CohereForAI/Global-MMLU couldn't be found on the Hugging Face Hub (offline mode is enabled).
Found the latest cached dataset configuration 'vi' at /home/mai.chau/.cache/huggingface/datasets/CohereForAI___global-mmlu/vi/0.0.0/0e619dbeb34206cd48705a1a0ea7fb21cae09993 (last modified on Thu Oct  8 14:53:12 2026).
Using the latest cached version of the dataset since CohereForAI/Global-MMLU couldn't be found on the Hugging Face Hub (offline mode is enabled).
Found the latest cached dataset configuration 'vi' at /home/mai.chau/.cache/huggingface/datasets/CohereForAI___global-mmlu/vi/0.0.0/0e619dbeb34206cd48705a1a0ea7fb21cae09993 (last modified on Thu Oct  8 14:53:12 2026).
Using the latest cached version of the dataset since CohereForAI/Global-MMLU couldn't be found on the Hugging Face Hub (offline mode is enabled).
Found the latest cached dataset configuration 'vi' at /home/mai.chau/.cache/huggingface/datasets/CohereForAI___global-mmlu/vi/0.0.0/0e619dbeb34206cd48705a1a0ea7fb21cae09993 (last modified on Thu Oct  8 14:53:12 2026).
Using the latest cached version of the dataset since CohereForAI/Global-MMLU couldn't be found on the Hugging Face Hub (offline mode is enabled).
Found the latest cached dataset configuration 'vi' at /home/mai.chau/.cache/huggingface/datasets/CohereForAI___global-mmlu/vi/0.0.0/0e619dbeb34206cd48705a1a0ea7fb21cae09993 (last modified on Thu Oct  8 14:53:12 2026).
Using the latest cached version of the dataset since CohereForAI/Global-MMLU couldn't be found on the Hugging Face Hub (offline mode is enabled).
Found the latest cached dataset configuration 'vi' at /home/mai.chau/.cache/huggingface/datasets/CohereForAI___global-mmlu/vi/0.0.0/0e619dbeb34206cd48705a1a0ea7fb21cae09993 (last modified on Thu Oct  8 14:53:12 2026).
Using the latest cached version of the dataset since CohereForAI/Global-MMLU couldn't be found on the Hugging Face Hub (offline mode is enabled).
Found the latest cached dataset configuration 'vi' at /home/mai.chau/.cache/huggingface/datasets/CohereForAI___global-mmlu/vi/0.0.0/0e619dbeb34206cd48705a1a0ea7fb21cae09993 (last modified on Thu Oct  8 14:53:12 2026).
Using the latest cached version of the dataset since CohereForAI/Global-MMLU couldn't be found on the Hugging Face Hub (offline mode is enabled).
Found the latest cached dataset configuration 'vi' at /home/mai.chau/.cache/huggingface/datasets/CohereForAI___global-mmlu/vi/0.0.0/0e619dbeb34206cd48705a1a0ea7fb21cae09993 (last modified on Thu Oct  8 14:53:12 2026).
Using the latest cached version of the dataset since CohereForAI/Global-MMLU couldn't be found on the Hugging Face Hub (offline mode is enabled).
Found the latest cached dataset configuration 'vi' at /home/mai.chau/.cache/huggingface/datasets/CohereForAI___global-mmlu/vi/0.0.0/0e619dbeb34206cd48705a1a0ea7fb21cae09993 (last modified on Thu Oct  8 14:53:12 2026).
Using the latest cached version of the dataset since CohereForAI/Global-MMLU couldn't be found on the Hugging Face Hub (offline mode is enabled).
Found the latest cached dataset configuration 'vi' at /home/mai.chau/.cache/huggingface/datasets/CohereForAI___global-mmlu/vi/0.0.0/0e619dbeb34206cd48705a1a0ea7fb21cae09993 (last modified on Thu Oct  8 14:53:12 2026).
Using the latest cached version of the dataset since CohereForAI/Global-MMLU couldn't be found on the Hugging Face Hub (offline mode is enabled).
Found the latest cached dataset configuration 'vi' at /home/mai.chau/.cache/huggingface/datasets/CohereForAI___global-mmlu/vi/0.0.0/0e619dbeb34206cd48705a1a0ea7fb21cae09993 (last modified on Thu Oct  8 14:53:12 2026).
Using the latest cached version of the dataset since CohereForAI/Global-MMLU couldn't be found on the Hugging Face Hub (offline mode is enabled).
Found the latest cached dataset configuration 'vi' at /home/mai.chau/.cache/huggingface/datasets/CohereForAI___global-mmlu/vi/0.0.0/0e619dbeb34206cd48705a1a0ea7fb21cae09993 (last modified on Thu Oct  8 14:53:12 2026).
Using the latest cached version of the dataset since CohereForAI/Global-MMLU couldn't be found on the Hugging Face Hub (offline mode is enabled).
Found the latest cached dataset configuration 'vi' at /home/mai.chau/.cache/huggingface/datasets/CohereForAI___global-mmlu/vi/0.0.0/0e619dbeb34206cd48705a1a0ea7fb21cae09993 (last modified on Thu Oct  8 14:53:12 2026).
Using the latest cached version of the dataset since CohereForAI/Global-MMLU couldn't be found on the Hugging Face Hub (offline mode is enabled).
Found the latest cached dataset configuration 'vi' at /home/mai.chau/.cache/huggingface/datasets/CohereForAI___global-mmlu/vi/0.0.0/0e619dbeb34206cd48705a1a0ea7fb21cae09993 (last modified on Thu Oct  8 14:53:12 2026).
Using the latest cached version of the dataset since CohereForAI/Global-MMLU couldn't be found on the Hugging Face Hub (offline mode is enabled).
Found the latest cached dataset configuration 'vi' at /home/mai.chau/.cache/huggingface/datasets/CohereForAI___global-mmlu/vi/0.0.0/0e619dbeb34206cd48705a1a0ea7fb21cae09993 (last modified on Thu Oct  8 14:53:12 2026).
Using the latest cached version of the dataset since CohereForAI/Global-MMLU couldn't be found on the Hugging Face Hub (offline mode is enabled).
Found the latest cached dataset configuration 'vi' at /home/mai.chau/.cache/huggingface/datasets/CohereForAI___global-mmlu/vi/0.0.0/0e619dbeb34206cd48705a1a0ea7fb21cae09993 (last modified on Thu Oct  8 14:53:12 2026).
Using the latest cached version of the dataset since CohereForAI/Global-MMLU couldn't be found on the Hugging Face Hub (offline mode is enabled).
Found the latest cached dataset configuration 'vi' at /home/mai.chau/.cache/huggingface/datasets/CohereForAI___global-mmlu/vi/0.0.0/0e619dbeb34206cd48705a1a0ea7fb21cae09993 (last modified on Thu Oct  8 14:53:12 2026).
Using the latest cached version of the dataset since CohereForAI/Global-MMLU couldn't be found on the Hugging Face Hub (offline mode is enabled).
Found the latest cached dataset configuration 'vi' at /home/mai.chau/.cache/huggingface/datasets/CohereForAI___global-mmlu/vi/0.0.0/0e619dbeb34206cd48705a1a0ea7fb21cae09993 (last modified on Thu Oct  8 14:53:12 2026).
Using the latest cached version of the dataset since CohereForAI/Global-MMLU couldn't be found on the Hugging Face Hub (offline mode is enabled).
Found the latest cached dataset configuration 'vi' at /home/mai.chau/.cache/huggingface/datasets/CohereForAI___global-mmlu/vi/0.0.0/0e619dbeb34206cd48705a1a0ea7fb21cae09993 (last modified on Thu Oct  8 14:53:12 2026).
Using the latest cached version of the dataset since CohereForAI/Global-MMLU couldn't be found on the Hugging Face Hub (offline mode is enabled).
Found the latest cached dataset configuration 'vi' at /home/mai.chau/.cache/huggingface/datasets/CohereForAI___global-mmlu/vi/0.0.0/0e619dbeb34206cd48705a1a0ea7fb21cae09993 (last modified on Thu Oct  8 14:53:12 2026).
Using the latest cached version of the dataset since CohereForAI/Global-MMLU couldn't be found on the Hugging Face Hub (offline mode is enabled).
Found the latest cached dataset configuration 'vi' at /home/mai.chau/.cache/huggingface/datasets/CohereForAI___global-mmlu/vi/0.0.0/0e619dbeb34206cd48705a1a0ea7fb21cae09993 (last modified on Thu Oct  8 14:53:12 2026).
Using the latest cached version of the dataset since CohereForAI/Global-MMLU couldn't be found on the Hugging Face Hub (offline mode is enabled).
Found the latest cached dataset configuration 'vi' at /home/mai.chau/.cache/huggingface/datasets/CohereForAI___global-mmlu/vi/0.0.0/0e619dbeb34206cd48705a1a0ea7fb21cae09993 (last modified on Thu Oct  8 14:53:12 2026).
Using the latest cached version of the dataset since CohereForAI/Global-MMLU couldn't be found on the Hugging Face Hub (offline mode is enabled).
Found the latest cached dataset configuration 'vi' at /home/mai.chau/.cache/huggingface/datasets/CohereForAI___global-mmlu/vi/0.0.0/0e619dbeb34206cd48705a1a0ea7fb21cae09993 (last modified on Thu Oct  8 14:53:12 2026).
Using the latest cached version of the dataset since CohereForAI/Global-MMLU couldn't be found on the Hugging Face Hub (offline mode is enabled).
Found the latest cached dataset configuration 'vi' at /home/mai.chau/.cache/huggingface/datasets/CohereForAI___global-mmlu/vi/0.0.0/0e619dbeb34206cd48705a1a0ea7fb21cae09993 (last modified on Thu Oct  8 14:53:12 2026).
Using the latest cached version of the dataset since CohereForAI/include-base-44 couldn't be found on the Hugging Face Hub (offline mode is enabled).
Found the latest cached dataset configuration 'Tagalog' at /home/mai.chau/.cache/huggingface/datasets/CohereForAI___include-base-44/Tagalog/0.0.0/d2e1f6015f67a43c02a9a68db98e2298e2d6a660 (last modified on Thu Oct  8 01:39:56 2026).
Using the latest cached version of the dataset since CohereForAI/include-base-44 couldn't be found on the Hugging Face Hub (offline mode is enabled).
Found the latest cached dataset configuration 'Tagalog' at /home/mai.chau/.cache/huggingface/datasets/CohereForAI___include-base-44/Tagalog/0.0.0/d2e1f6015f67a43c02a9a68db98e2298e2d6a660 (last modified on Thu Oct  8 01:39:56 2026).
Using the latest cached version of the dataset since CohereForAI/include-base-44 couldn't be found on the Hugging Face Hub (offline mode is enabled).
Found the latest cached dataset configuration 'Indonesian' at /home/mai.chau/.cache/huggingface/datasets/CohereForAI___include-base-44/Indonesian/0.0.0/d2e1f6015f67a43c02a9a68db98e2298e2d6a660 (last modified on Thu Oct  8 01:39:56 2026).
Using the latest cached version of the dataset since CohereForAI/include-base-44 couldn't be found on the Hugging Face Hub (offline mode is enabled).
Found the latest cached dataset configuration 'Indonesian' at /home/mai.chau/.cache/huggingface/datasets/CohereForAI___include-base-44/Indonesian/0.0.0/d2e1f6015f67a43c02a9a68db98e2298e2d6a660 (last modified on Thu Oct  8 01:39:56 2026).
Using the latest cached version of the dataset since CohereForAI/include-base-44 couldn't be found on the Hugging Face Hub (offline mode is enabled).
Found the latest cached dataset configuration 'Indonesian' at /home/mai.chau/.cache/huggingface/datasets/CohereForAI___include-base-44/Indonesian/0.0.0/d2e1f6015f67a43c02a9a68db98e2298e2d6a660 (last modified on Thu Oct  8 01:39:56 2026).
Using the latest cached version of the dataset since CohereForAI/include-base-44 couldn't be found on the Hugging Face Hub (offline mode is enabled).
Found the latest cached dataset configuration 'Indonesian' at /home/mai.chau/.cache/huggingface/datasets/CohereForAI___include-base-44/Indonesian/0.0.0/d2e1f6015f67a43c02a9a68db98e2298e2d6a660 (last modified on Thu Oct  8 01:39:56 2026).
Using the latest cached version of the dataset since CohereForAI/include-base-44 couldn't be found on the Hugging Face Hub (offline mode is enabled).
Found the latest cached dataset configuration 'Indonesian' at /home/mai.chau/.cache/huggingface/datasets/CohereForAI___include-base-44/Indonesian/0.0.0/d2e1f6015f67a43c02a9a68db98e2298e2d6a660 (last modified on Thu Oct  8 01:39:56 2026).
Using the latest cached version of the dataset since CohereForAI/include-base-44 couldn't be found on the Hugging Face Hub (offline mode is enabled).
Found the latest cached dataset configuration 'Malay' at /home/mai.chau/.cache/huggingface/datasets/CohereForAI___include-base-44/Malay/0.0.0/d2e1f6015f67a43c02a9a68db98e2298e2d6a660 (last modified on Thu Oct  8 01:39:56 2026).
Using the latest cached version of the dataset since CohereForAI/include-base-44 couldn't be found on the Hugging Face Hub (offline mode is enabled).
Found the latest cached dataset configuration 'Malay' at /home/mai.chau/.cache/huggingface/datasets/CohereForAI___include-base-44/Malay/0.0.0/d2e1f6015f67a43c02a9a68db98e2298e2d6a660 (last modified on Thu Oct  8 01:39:56 2026).
Using the latest cached version of the dataset since CohereForAI/include-base-44 couldn't be found on the Hugging Face Hub (offline mode is enabled).
Found the latest cached dataset configuration 'Malay' at /home/mai.chau/.cache/huggingface/datasets/CohereForAI___include-base-44/Malay/0.0.0/d2e1f6015f67a43c02a9a68db98e2298e2d6a660 (last modified on Thu Oct  8 01:39:56 2026).
Using the latest cached version of the dataset since CohereForAI/include-base-44 couldn't be found on the Hugging Face Hub (offline mode is enabled).
Found the latest cached dataset configuration 'Vietnamese' at /home/mai.chau/.cache/huggingface/datasets/CohereForAI___include-base-44/Vietnamese/0.0.0/d2e1f6015f67a43c02a9a68db98e2298e2d6a660 (last modified on Thu Oct  8 00:36:39 2026).
Using the latest cached version of the dataset since CohereForAI/include-base-44 couldn't be found on the Hugging Face Hub (offline mode is enabled).
Found the latest cached dataset configuration 'Vietnamese' at /home/mai.chau/.cache/huggingface/datasets/CohereForAI___include-base-44/Vietnamese/0.0.0/d2e1f6015f67a43c02a9a68db98e2298e2d6a660 (last modified on Thu Oct  8 00:36:39 2026).
Using the latest cached version of the dataset since CohereForAI/include-base-44 couldn't be found on the Hugging Face Hub (offline mode is enabled).
Found the latest cached dataset configuration 'Vietnamese' at /home/mai.chau/.cache/huggingface/datasets/CohereForAI___include-base-44/Vietnamese/0.0.0/d2e1f6015f67a43c02a9a68db98e2298e2d6a660 (last modified on Thu Oct  8 00:36:39 2026).
Using the latest cached version of the dataset since Davlan/sib200 couldn't be found on the Hugging Face Hub (offline mode is enabled).
Found the latest cached dataset configuration 'mya_Mymr' at /home/mai.chau/.cache/huggingface/datasets/Davlan___sib200/mya_Mymr/0.0.0/38977a667f6fc264d5c26ec57a01e16db040b358 (last modified on Thu Oct  8 11:16:14 2026).
Using the latest cached version of the dataset since Davlan/sib200 couldn't be found on the Hugging Face Hub (offline mode is enabled).
Found the latest cached dataset configuration 'tgl_Latn' at /home/mai.chau/.cache/huggingface/datasets/Davlan___sib200/tgl_Latn/0.0.0/38977a667f6fc264d5c26ec57a01e16db040b358 (last modified on Thu Oct  8 11:16:43 2026).
Using the latest cached version of the dataset since Davlan/sib200 couldn't be found on the Hugging Face Hub (offline mode is enabled).
Found the latest cached dataset configuration 'ind_Latn' at /home/mai.chau/.cache/huggingface/datasets/Davlan___sib200/ind_Latn/0.0.0/38977a667f6fc264d5c26ec57a01e16db040b358 (last modified on Thu Oct  8 11:15:12 2026).
Using the latest cached version of the dataset since Davlan/sib200 couldn't be found on the Hugging Face Hub (offline mode is enabled).
Found the latest cached dataset configuration 'khm_Khmr' at /home/mai.chau/.cache/huggingface/datasets/Davlan___sib200/khm_Khmr/0.0.0/38977a667f6fc264d5c26ec57a01e16db040b358 (last modified on Thu Oct  8 11:16:47 2026).
Using the latest cached version of the dataset since Davlan/sib200 couldn't be found on the Hugging Face Hub (offline mode is enabled).
Found the latest cached dataset configuration 'zsm_Latn' at /home/mai.chau/.cache/huggingface/datasets/Davlan___sib200/zsm_Latn/0.0.0/38977a667f6fc264d5c26ec57a01e16db040b358 (last modified on Thu Oct  8 11:24:24 2026).
Using the latest cached version of the dataset since Davlan/sib200 couldn't be found on the Hugging Face Hub (offline mode is enabled).
Found the latest cached dataset configuration 'tha_Thai' at /home/mai.chau/.cache/huggingface/datasets/Davlan___sib200/tha_Thai/0.0.0/38977a667f6fc264d5c26ec57a01e16db040b358 (last modified on Thu Oct  8 11:24:52 2026).
Using the latest cached version of the dataset since Davlan/sib200 couldn't be found on the Hugging Face Hub (offline mode is enabled).
Found the latest cached dataset configuration 'vie_Latn' at /home/mai.chau/.cache/huggingface/datasets/Davlan___sib200/vie_Latn/0.0.0/38977a667f6fc264d5c26ec57a01e16db040b358 (last modified on Thu Oct  8 11:16:51 2026).
Using the latest cached version of the dataset since aisingapore/SEA-NLI couldn't be found on the Hugging Face Hub (offline mode is enabled).
Found the latest cached dataset configuration 'normal' at /home/mai.chau/.cache/huggingface/datasets/aisingapore___sea-nli/normal/0.0.0/f3a73ccb4213ff995ef2bf8bcb903eaf53195713 (last modified on Thu Oct  8 11:27:41 2026).
Using the latest cached version of the dataset since aisingapore/SEA-NLI couldn't be found on the Hugging Face Hub (offline mode is enabled).
Found the latest cached dataset configuration 'normal' at /home/mai.chau/.cache/huggingface/datasets/aisingapore___sea-nli/normal/0.0.0/f3a73ccb4213ff995ef2bf8bcb903eaf53195713 (last modified on Thu Oct  8 11:27:41 2026).
Using the latest cached version of the dataset since aisingapore/SEA-NLI couldn't be found on the Hugging Face Hub (offline mode is enabled).
Found the latest cached dataset configuration 'normal' at /home/mai.chau/.cache/huggingface/datasets/aisingapore___sea-nli/normal/0.0.0/f3a73ccb4213ff995ef2bf8bcb903eaf53195713 (last modified on Thu Oct  8 11:27:41 2026).
Using the latest cached version of the dataset since aisingapore/SEA-NLI couldn't be found on the Hugging Face Hub (offline mode is enabled).
Found the latest cached dataset configuration 'normal' at /home/mai.chau/.cache/huggingface/datasets/aisingapore___sea-nli/normal/0.0.0/f3a73ccb4213ff995ef2bf8bcb903eaf53195713 (last modified on Thu Oct  8 11:27:41 2026).
Using the latest cached version of the dataset since aisingapore/SEA-NLI couldn't be found on the Hugging Face Hub (offline mode is enabled).
Found the latest cached dataset configuration 'normal' at /home/mai.chau/.cache/huggingface/datasets/aisingapore___sea-nli/normal/0.0.0/f3a73ccb4213ff995ef2bf8bcb903eaf53195713 (last modified on Thu Oct  8 11:27:41 2026).
Using the latest cached version of the dataset since aisingapore/SEA-NLI couldn't be found on the Hugging Face Hub (offline mode is enabled).
Found the latest cached dataset configuration 'normal' at /home/mai.chau/.cache/huggingface/datasets/aisingapore___sea-nli/normal/0.0.0/f3a73ccb4213ff995ef2bf8bcb903eaf53195713 (last modified on Thu Oct  8 11:27:41 2026).
Using the latest cached version of the dataset since aisingapore/SEA-NLI couldn't be found on the Hugging Face Hub (offline mode is enabled).
Found the latest cached dataset configuration 'normal' at /home/mai.chau/.cache/huggingface/datasets/aisingapore___sea-nli/normal/0.0.0/f3a73ccb4213ff995ef2bf8bcb903eaf53195713 (last modified on Thu Oct  8 11:27:41 2026).
Using the latest cached version of the dataset since aisingapore/SEA-NLI couldn't be found on the Hugging Face Hub (offline mode is enabled).
Found the latest cached dataset configuration 'hard' at /home/mai.chau/.cache/huggingface/datasets/aisingapore___sea-nli/hard/0.0.0/f3a73ccb4213ff995ef2bf8bcb903eaf53195713 (last modified on Thu Oct  8 11:27:51 2026).
Using the latest cached version of the dataset since aisingapore/SEA-NLI couldn't be found on the Hugging Face Hub (offline mode is enabled).
Found the latest cached dataset configuration 'hard' at /home/mai.chau/.cache/huggingface/datasets/aisingapore___sea-nli/hard/0.0.0/f3a73ccb4213ff995ef2bf8bcb903eaf53195713 (last modified on Thu Oct  8 11:27:51 2026).
Using the latest cached version of the dataset since aisingapore/SEA-NLI couldn't be found on the Hugging Face Hub (offline mode is enabled).
Found the latest cached dataset configuration 'hard' at /home/mai.chau/.cache/huggingface/datasets/aisingapore___sea-nli/hard/0.0.0/f3a73ccb4213ff995ef2bf8bcb903eaf53195713 (last modified on Thu Oct  8 11:27:51 2026).
Using the latest cached version of the dataset since aisingapore/SEA-NLI couldn't be found on the Hugging Face Hub (offline mode is enabled).
Found the latest cached dataset configuration 'hard' at /home/mai.chau/.cache/huggingface/datasets/aisingapore___sea-nli/hard/0.0.0/f3a73ccb4213ff995ef2bf8bcb903eaf53195713 (last modified on Thu Oct  8 11:27:51 2026).
Using the latest cached version of the dataset since aisingapore/SEA-NLI couldn't be found on the Hugging Face Hub (offline mode is enabled).
Found the latest cached dataset configuration 'hard' at /home/mai.chau/.cache/huggingface/datasets/aisingapore___sea-nli/hard/0.0.0/f3a73ccb4213ff995ef2bf8bcb903eaf53195713 (last modified on Thu Oct  8 11:27:51 2026).
Using the latest cached version of the dataset since aisingapore/SEA-NLI couldn't be found on the Hugging Face Hub (offline mode is enabled).
Found the latest cached dataset configuration 'hard' at /home/mai.chau/.cache/huggingface/datasets/aisingapore___sea-nli/hard/0.0.0/f3a73ccb4213ff995ef2bf8bcb903eaf53195713 (last modified on Thu Oct  8 11:27:51 2026).
Using the latest cached version of the dataset since aisingapore/SEA-NLI couldn't be found on the Hugging Face Hub (offline mode is enabled).
Found the latest cached dataset configuration 'hard' at /home/mai.chau/.cache/huggingface/datasets/aisingapore___sea-nli/hard/0.0.0/f3a73ccb4213ff995ef2bf8bcb903eaf53195713 (last modified on Thu Oct  8 11:27:51 2026).
  0%|          | 0/500 [00:00<?, ?it/s]  3%|▎         | 14/500 [00:00<00:03, 137.91it/s]  6%|▌         | 28/500 [00:00<00:03, 139.00it/s]  9%|▊         | 43/500 [00:00<00:03, 139.91it/s] 12%|█▏        | 58/500 [00:00<00:03, 140.87it/s] 15%|█▍        | 73/500 [00:00<00:03, 141.42it/s] 18%|█▊        | 88/500 [00:00<00:02, 141.48it/s] 21%|██        | 103/500 [00:00<00:02, 142.02it/s] 24%|██▎       | 118/500 [00:00<00:02, 142.29it/s] 27%|██▋       | 133/500 [00:00<00:02, 142.58it/s] 30%|██▉       | 148/500 [00:01<00:02, 142.77it/s] 33%|███▎      | 163/500 [00:01<00:02, 142.77it/s] 36%|███▌      | 178/500 [00:01<00:02, 142.62it/s] 39%|███▊      | 193/500 [00:01<00:02, 142.72it/s] 42%|████▏     | 208/500 [00:01<00:02, 142.76it/s] 45%|████▍     | 223/500 [00:01<00:01, 142.89it/s] 48%|████▊     | 238/500 [00:01<00:01, 142.88it/s] 51%|█████     | 253/500 [00:01<00:01, 142.88it/s] 54%|█████▎    | 268/500 [00:01<00:01, 142.90it/s] 57%|█████▋    | 283/500 [00:01<00:01, 142.95it/s] 60%|█████▉    | 298/500 [00:02<00:01, 142.53it/s] 63%|██████▎   | 313/500 [00:02<00:01, 142.52it/s] 66%|██████▌   | 328/500 [00:02<00:01, 142.55it/s] 69%|██████▊   | 343/500 [00:02<00:01, 142.71it/s] 72%|███████▏  | 358/500 [00:02<00:00, 142.77it/s] 75%|███████▍  | 373/500 [00:02<00:00, 142.79it/s] 78%|███████▊  | 388/500 [00:02<00:00, 142.74it/s] 81%|████████  | 403/500 [00:02<00:00, 142.80it/s] 84%|████████▎ | 418/500 [00:02<00:00, 142.76it/s] 87%|████████▋ | 433/500 [00:03<00:00, 142.70it/s] 90%|████████▉ | 448/500 [00:03<00:00, 142.67it/s] 93%|█████████▎| 463/500 [00:03<00:00, 142.80it/s] 96%|█████████▌| 478/500 [00:03<00:00, 142.72it/s] 99%|█████████▊| 493/500 [00:03<00:00, 142.79it/s]100%|██████████| 500/500 [00:03<00:00, 142.44it/s]
  0%|          | 0/500 [00:00<?, ?it/s]  3%|▎         | 15/500 [00:00<00:03, 142.47it/s]  6%|▌         | 30/500 [00:00<00:03, 142.30it/s]  9%|▉         | 45/500 [00:00<00:03, 142.65it/s] 12%|█▏        | 60/500 [00:00<00:03, 142.67it/s] 15%|█▌        | 75/500 [00:00<00:02, 142.67it/s] 18%|█▊        | 90/500 [00:00<00:02, 142.70it/s] 21%|██        | 105/500 [00:00<00:02, 142.75it/s] 24%|██▍       | 120/500 [00:00<00:02, 142.58it/s] 27%|██▋       | 135/500 [00:00<00:02, 142.69it/s] 30%|███       | 150/500 [00:01<00:02, 142.82it/s] 33%|███▎      | 165/500 [00:01<00:02, 142.71it/s] 36%|███▌      | 180/500 [00:01<00:02, 142.64it/s] 39%|███▉      | 195/500 [00:01<00:02, 142.54it/s] 42%|████▏     | 210/500 [00:01<00:02, 142.45it/s] 45%|████▌     | 225/500 [00:01<00:01, 142.51it/s] 48%|████▊     | 240/500 [00:01<00:01, 142.61it/s] 51%|█████     | 255/500 [00:01<00:01, 142.51it/s] 54%|█████▍    | 270/500 [00:01<00:01, 142.65it/s] 57%|█████▋    | 285/500 [00:01<00:01, 142.72it/s] 60%|██████    | 300/500 [00:02<00:01, 142.70it/s] 63%|██████▎   | 315/500 [00:02<00:01, 142.89it/s] 66%|██████▌   | 330/500 [00:02<00:01, 140.45it/s] 69%|██████▉   | 345/500 [00:02<00:01, 141.11it/s] 72%|███████▏  | 360/500 [00:02<00:00, 141.67it/s] 75%|███████▌  | 375/500 [00:02<00:00, 142.12it/s] 78%|███████▊  | 390/500 [00:02<00:00, 142.26it/s] 81%|████████  | 405/500 [00:02<00:00, 142.55it/s] 84%|████████▍ | 420/500 [00:02<00:00, 142.26it/s] 87%|████████▋ | 435/500 [00:03<00:00, 142.45it/s] 90%|█████████ | 450/500 [00:03<00:00, 142.52it/s] 93%|█████████▎| 465/500 [00:03<00:00, 142.57it/s] 96%|█████████▌| 480/500 [00:03<00:00, 142.56it/s] 99%|█████████▉| 495/500 [00:03<00:00, 142.67it/s]100%|██████████| 500/500 [00:03<00:00, 142.44it/s]
  0%|          | 0/500 [00:00<?, ?it/s]  3%|▎         | 15/500 [00:00<00:03, 141.37it/s]  6%|▌         | 30/500 [00:00<00:03, 142.09it/s]  9%|▉         | 45/500 [00:00<00:03, 142.45it/s] 12%|█▏        | 60/500 [00:00<00:03, 142.50it/s] 15%|█▌        | 75/500 [00:00<00:02, 142.48it/s] 18%|█▊        | 90/500 [00:00<00:02, 142.59it/s] 21%|██        | 105/500 [00:00<00:02, 141.38it/s] 24%|██▍       | 120/500 [00:00<00:02, 141.79it/s] 27%|██▋       | 135/500 [00:00<00:02, 142.25it/s] 30%|███       | 150/500 [00:01<00:02, 142.55it/s] 33%|███▎      | 165/500 [00:01<00:02, 142.61it/s] 36%|███▌      | 180/500 [00:01<00:02, 142.63it/s] 39%|███▉      | 195/500 [00:01<00:02, 142.69it/s] 42%|████▏     | 210/500 [00:01<00:02, 142.83it/s] 45%|████▌     | 225/500 [00:01<00:01, 142.91it/s] 48%|████▊     | 240/500 [00:01<00:01, 142.85it/s] 51%|█████     | 255/500 [00:01<00:01, 142.70it/s] 54%|█████▍    | 270/500 [00:01<00:01, 142.67it/s] 57%|█████▋    | 285/500 [00:02<00:01, 142.64it/s] 60%|██████    | 300/500 [00:02<00:01, 142.65it/s] 63%|██████▎   | 315/500 [00:02<00:01, 142.81it/s] 66%|██████▌   | 330/500 [00:02<00:01, 142.80it/s] 69%|██████▉   | 345/500 [00:02<00:01, 142.81it/s] 72%|███████▏  | 360/500 [00:02<00:00, 142.00it/s] 75%|███████▌  | 375/500 [00:02<00:00, 142.41it/s] 78%|███████▊  | 390/500 [00:02<00:00, 142.67it/s] 81%|████████  | 405/500 [00:02<00:00, 142.82it/s] 84%|████████▍ | 420/500 [00:02<00:00, 142.93it/s] 87%|████████▋ | 435/500 [00:03<00:00, 143.06it/s] 90%|█████████ | 450/500 [00:03<00:00, 143.15it/s] 93%|█████████▎| 465/500 [00:03<00:00, 143.10it/s] 96%|█████████▌| 480/500 [00:03<00:00, 143.08it/s] 99%|█████████▉| 495/500 [00:03<00:00, 143.16it/s]100%|██████████| 500/500 [00:03<00:00, 142.67it/s]
  0%|          | 0/500 [00:00<?, ?it/s]  3%|▎         | 15/500 [00:00<00:03, 142.65it/s]  6%|▌         | 30/500 [00:00<00:03, 142.73it/s]  9%|▉         | 45/500 [00:00<00:03, 143.06it/s] 12%|█▏        | 60/500 [00:00<00:03, 143.05it/s] 15%|█▌        | 75/500 [00:00<00:02, 142.92it/s] 18%|█▊        | 90/500 [00:00<00:02, 142.88it/s] 21%|██        | 105/500 [00:00<00:02, 142.80it/s] 24%|██▍       | 120/500 [00:00<00:02, 142.79it/s] 27%|██▋       | 135/500 [00:00<00:02, 142.80it/s] 30%|███       | 150/500 [00:01<00:02, 143.03it/s] 33%|███▎      | 165/500 [00:01<00:02, 143.12it/s] 36%|███▌      | 180/500 [00:01<00:02, 143.22it/s] 39%|███▉      | 195/500 [00:01<00:02, 143.30it/s] 42%|████▏     | 210/500 [00:01<00:02, 143.21it/s] 45%|████▌     | 225/500 [00:01<00:01, 142.96it/s] 48%|████▊     | 240/500 [00:01<00:01, 142.88it/s] 51%|█████     | 255/500 [00:01<00:01, 142.98it/s] 54%|█████▍    | 270/500 [00:01<00:01, 143.02it/s] 57%|█████▋    | 285/500 [00:01<00:01, 143.22it/s] 60%|██████    | 300/500 [00:02<00:01, 143.21it/s] 63%|██████▎   | 315/500 [00:02<00:01, 143.26it/s] 66%|██████▌   | 330/500 [00:02<00:01, 143.21it/s] 69%|██████▉   | 345/500 [00:02<00:01, 143.18it/s] 72%|███████▏  | 360/500 [00:02<00:00, 143.23it/s] 75%|███████▌  | 375/500 [00:02<00:00, 143.21it/s] 78%|███████▊  | 390/500 [00:02<00:00, 142.66it/s] 81%|████████  | 405/500 [00:02<00:00, 142.81it/s] 84%|████████▍ | 420/500 [00:02<00:00, 142.91it/s] 87%|████████▋ | 435/500 [00:03<00:00, 142.92it/s] 90%|█████████ | 450/500 [00:03<00:00, 143.08it/s] 93%|█████████▎| 465/500 [00:03<00:00, 143.10it/s] 96%|█████████▌| 480/500 [00:03<00:00, 143.10it/s] 99%|█████████▉| 495/500 [00:03<00:00, 143.11it/s]100%|██████████| 500/500 [00:03<00:00, 143.04it/s]
  0%|          | 0/500 [00:00<?, ?it/s]  3%|▎         | 15/500 [00:00<00:03, 143.35it/s]  6%|▌         | 30/500 [00:00<00:03, 142.95it/s]  9%|▉         | 45/500 [00:00<00:03, 143.30it/s] 12%|█▏        | 60/500 [00:00<00:03, 143.46it/s] 15%|█▌        | 75/500 [00:00<00:02, 143.39it/s] 18%|█▊        | 90/500 [00:00<00:02, 143.40it/s] 21%|██        | 105/500 [00:00<00:02, 143.50it/s] 24%|██▍       | 120/500 [00:00<00:02, 143.34it/s] 27%|██▋       | 135/500 [00:00<00:02, 143.40it/s] 30%|███       | 150/500 [00:01<00:02, 143.40it/s] 33%|███▎      | 165/500 [00:01<00:02, 143.33it/s] 36%|███▌      | 180/500 [00:01<00:02, 143.29it/s] 39%|███▉      | 195/500 [00:01<00:02, 143.19it/s] 42%|████▏     | 210/500 [00:01<00:02, 143.23it/s] 45%|████▌     | 225/500 [00:01<00:01, 143.33it/s] 48%|████▊     | 240/500 [00:01<00:01, 143.37it/s] 51%|█████     | 255/500 [00:01<00:01, 143.43it/s] 54%|█████▍    | 270/500 [00:01<00:01, 143.51it/s] 57%|█████▋    | 285/500 [00:01<00:01, 143.45it/s] 60%|██████    | 300/500 [00:02<00:01, 143.33it/s] 63%|██████▎   | 315/500 [00:02<00:01, 143.16it/s] 66%|██████▌   | 330/500 [00:02<00:01, 143.20it/s] 69%|██████▉   | 345/500 [00:02<00:01, 143.22it/s] 72%|███████▏  | 360/500 [00:02<00:00, 143.30it/s] 75%|███████▌  | 375/500 [00:02<00:00, 143.36it/s] 78%|███████▊  | 390/500 [00:02<00:00, 143.41it/s] 81%|████████  | 405/500 [00:02<00:00, 143.60it/s] 84%|████████▍ | 420/500 [00:02<00:00, 142.33it/s] 87%|████████▋ | 435/500 [00:03<00:00, 142.58it/s] 90%|█████████ | 450/500 [00:03<00:00, 142.92it/s] 93%|█████████▎| 465/500 [00:03<00:00, 143.03it/s] 96%|█████████▌| 480/500 [00:03<00:00, 143.05it/s] 99%|█████████▉| 495/500 [00:03<00:00, 143.26it/s]100%|██████████| 500/500 [00:03<00:00, 143.25it/s]
  0%|          | 0/500 [00:00<?, ?it/s]  3%|▎         | 15/500 [00:00<00:03, 143.21it/s]  6%|▌         | 30/500 [00:00<00:03, 143.16it/s]  9%|▉         | 45/500 [00:00<00:03, 143.39it/s] 12%|█▏        | 60/500 [00:00<00:03, 141.84it/s] 15%|█▌        | 75/500 [00:00<00:02, 142.39it/s] 18%|█▊        | 90/500 [00:00<00:02, 142.69it/s] 21%|██        | 105/500 [00:00<00:02, 142.97it/s] 24%|██▍       | 120/500 [00:00<00:02, 143.05it/s] 27%|██▋       | 135/500 [00:00<00:02, 143.25it/s] 30%|███       | 150/500 [00:01<00:02, 143.37it/s] 33%|███▎      | 165/500 [00:01<00:02, 143.40it/s] 36%|███▌      | 180/500 [00:01<00:02, 143.38it/s] 39%|███▉      | 195/500 [00:01<00:02, 143.49it/s] 42%|████▏     | 210/500 [00:01<00:02, 143.43it/s] 45%|████▌     | 225/500 [00:01<00:01, 143.46it/s] 48%|████▊     | 240/500 [00:01<00:01, 142.84it/s] 51%|█████     | 255/500 [00:01<00:01, 142.93it/s] 54%|█████▍    | 270/500 [00:01<00:01, 143.07it/s] 57%|█████▋    | 285/500 [00:01<00:01, 143.36it/s] 60%|██████    | 300/500 [00:02<00:01, 143.37it/s] 63%|██████▎   | 315/500 [00:02<00:01, 143.54it/s] 66%|██████▌   | 330/500 [00:02<00:01, 143.60it/s] 69%|██████▉   | 345/500 [00:02<00:01, 143.45it/s] 72%|███████▏  | 360/500 [00:02<00:00, 143.54it/s] 75%|███████▌  | 375/500 [00:02<00:00, 143.40it/s] 78%|███████▊  | 390/500 [00:02<00:00, 143.34it/s] 81%|████████  | 405/500 [00:02<00:00, 143.41it/s] 84%|████████▍ | 420/500 [00:02<00:00, 143.44it/s] 87%|████████▋ | 435/500 [00:03<00:00, 143.30it/s] 90%|█████████ | 450/500 [00:03<00:00, 143.46it/s] 93%|█████████▎| 465/500 [00:03<00:00, 143.47it/s] 96%|█████████▌| 480/500 [00:03<00:00, 143.35it/s] 99%|█████████▉| 495/500 [00:03<00:00, 143.33it/s]100%|██████████| 500/500 [00:03<00:00, 143.26it/s]
  0%|          | 0/500 [00:00<?, ?it/s]  3%|▎         | 15/500 [00:00<00:03, 142.31it/s]  6%|▌         | 30/500 [00:00<00:03, 142.67it/s]  9%|▉         | 45/500 [00:00<00:03, 142.99it/s] 12%|█▏        | 60/500 [00:00<00:03, 143.11it/s] 15%|█▌        | 75/500 [00:00<00:02, 143.11it/s] 18%|█▊        | 90/500 [00:00<00:02, 142.98it/s] 21%|██        | 105/500 [00:00<00:02, 143.09it/s] 24%|██▍       | 120/500 [00:00<00:02, 141.93it/s] 27%|██▋       | 135/500 [00:00<00:02, 142.35it/s] 30%|███       | 150/500 [00:01<00:02, 142.57it/s] 33%|███▎      | 165/500 [00:01<00:02, 142.48it/s] 36%|███▌      | 180/500 [00:01<00:02, 142.55it/s] 39%|███▉      | 195/500 [00:01<00:02, 142.82it/s] 42%|████▏     | 210/500 [00:01<00:02, 142.84it/s] 45%|████▌     | 225/500 [00:01<00:01, 142.92it/s] 48%|████▊     | 240/500 [00:01<00:01, 143.09it/s] 51%|█████     | 255/500 [00:01<00:01, 143.17it/s] 54%|█████▍    | 270/500 [00:01<00:01, 143.18it/s] 57%|█████▋    | 285/500 [00:01<00:01, 143.26it/s] 60%|██████    | 300/500 [00:02<00:01, 142.95it/s] 63%|██████▎   | 315/500 [00:02<00:01, 142.99it/s] 66%|██████▌   | 330/500 [00:02<00:01, 142.98it/s] 69%|██████▉   | 345/500 [00:02<00:01, 143.02it/s] 72%|███████▏  | 360/500 [00:02<00:00, 143.05it/s] 75%|███████▌  | 375/500 [00:02<00:00, 143.00it/s] 78%|███████▊  | 390/500 [00:02<00:00, 142.88it/s] 81%|████████  | 405/500 [00:02<00:00, 143.05it/s] 84%|████████▍ | 420/500 [00:02<00:00, 143.06it/s] 87%|████████▋ | 435/500 [00:03<00:00, 143.12it/s] 90%|█████████ | 450/500 [00:03<00:00, 142.86it/s] 93%|█████████▎| 465/500 [00:03<00:00, 142.95it/s] 96%|█████████▌| 480/500 [00:03<00:00, 142.94it/s] 99%|█████████▉| 495/500 [00:03<00:00, 143.06it/s]100%|██████████| 500/500 [00:03<00:00, 142.91it/s]
  0%|          | 0/95 [00:00<?, ?it/s] 49%|████▉     | 47/95 [00:00<00:00, 460.49it/s] 99%|█████████▉| 94/95 [00:00<00:00, 461.14it/s]100%|██████████| 95/95 [00:00<00:00, 460.99it/s]
  0%|          | 0/95 [00:00<?, ?it/s] 49%|████▉     | 47/95 [00:00<00:00, 463.87it/s] 99%|█████████▉| 94/95 [00:00<00:00, 465.46it/s]100%|██████████| 95/95 [00:00<00:00, 465.15it/s]
  0%|          | 0/95 [00:00<?, ?it/s] 49%|████▉     | 47/95 [00:00<00:00, 461.61it/s] 99%|█████████▉| 94/95 [00:00<00:00, 463.53it/s]100%|██████████| 95/95 [00:00<00:00, 463.17it/s]
  0%|          | 0/95 [00:00<?, ?it/s] 47%|████▋     | 45/95 [00:00<00:00, 449.73it/s] 96%|█████████▌| 91/95 [00:00<00:00, 453.62it/s]100%|██████████| 95/95 [00:00<00:00, 452.74it/s]
  0%|          | 0/95 [00:00<?, ?it/s] 47%|████▋     | 45/95 [00:00<00:00, 441.16it/s] 95%|█████████▍| 90/95 [00:00<00:00, 441.08it/s]100%|██████████| 95/95 [00:00<00:00, 441.28it/s]
  0%|          | 0/4 [00:00<?, ?it/s]100%|██████████| 4/4 [00:00<00:00, 274.32it/s]
  0%|          | 0/6 [00:00<?, ?it/s]100%|██████████| 6/6 [00:00<00:00, 279.66it/s]
  0%|          | 0/6 [00:00<?, ?it/s]100%|██████████| 6/6 [00:00<00:00, 279.21it/s]
  0%|          | 0/4 [00:00<?, ?it/s]100%|██████████| 4/4 [00:00<00:00, 282.06it/s]
  0%|          | 0/6 [00:00<?, ?it/s]100%|██████████| 6/6 [00:00<00:00, 278.72it/s]
  0%|          | 0/2 [00:00<?, ?it/s]100%|██████████| 2/2 [00:00<00:00, 276.36it/s]
  0%|          | 0/3 [00:00<?, ?it/s]100%|██████████| 3/3 [00:00<00:00, 276.13it/s]
  0%|          | 0/5 [00:00<?, ?it/s]100%|██████████| 5/5 [00:00<00:00, 282.20it/s]
  0%|          | 0/2 [00:00<?, ?it/s]100%|██████████| 2/2 [00:00<00:00, 276.36it/s]
  0%|          | 0/8 [00:00<?, ?it/s]100%|██████████| 8/8 [00:00<00:00, 281.95it/s]
  0%|          | 0/4 [00:00<?, ?it/s]100%|██████████| 4/4 [00:00<00:00, 279.90it/s]
  0%|          | 0/11 [00:00<?, ?it/s]100%|██████████| 11/11 [00:00<00:00, 282.53it/s]
  0%|          | 0/12 [00:00<?, ?it/s]100%|██████████| 12/12 [00:00<00:00, 281.49it/s]
  0%|          | 0/5 [00:00<?, ?it/s]100%|██████████| 5/5 [00:00<00:00, 281.25it/s]
  0%|          | 0/7 [00:00<?, ?it/s]100%|██████████| 7/7 [00:00<00:00, 281.41it/s]
  0%|          | 0/7 [00:00<?, ?it/s]100%|██████████| 7/7 [00:00<00:00, 281.03it/s]
  0%|          | 0/3 [00:00<?, ?it/s]100%|██████████| 3/3 [00:00<00:00, 281.43it/s]
  0%|          | 0/4 [00:00<?, ?it/s]100%|██████████| 4/4 [00:00<00:00, 279.52it/s]
  0%|          | 0/1 [00:00<?, ?it/s]100%|██████████| 1/1 [00:00<00:00, 268.92it/s]
  0%|          | 0/15 [00:00<?, ?it/s]100%|██████████| 15/15 [00:00<00:00, 281.79it/s]
  0%|          | 0/21 [00:00<?, ?it/s]100%|██████████| 21/21 [00:00<00:00, 283.52it/s]
  0%|          | 0/14 [00:00<?, ?it/s]100%|██████████| 14/14 [00:00<00:00, 284.01it/s]
  0%|          | 0/16 [00:00<?, ?it/s]100%|██████████| 16/16 [00:00<00:00, 284.86it/s]
  0%|          | 0/10 [00:00<?, ?it/s]100%|██████████| 10/10 [00:00<00:00, 283.13it/s]
  0%|          | 0/12 [00:00<?, ?it/s]100%|██████████| 12/12 [00:00<00:00, 285.31it/s]
  0%|          | 0/28 [00:00<?, ?it/s]100%|██████████| 28/28 [00:00<00:00, 284.81it/s]
  0%|          | 0/6 [00:00<?, ?it/s]100%|██████████| 6/6 [00:00<00:00, 281.02it/s]
  0%|          | 0/84 [00:00<?, ?it/s] 35%|███▍      | 29/84 [00:00<00:00, 284.03it/s] 69%|██████▉   | 58/84 [00:00<00:00, 283.85it/s]100%|██████████| 84/84 [00:00<00:00, 284.37it/s]
  0%|          | 0/23 [00:00<?, ?it/s]100%|██████████| 23/23 [00:00<00:00, 284.49it/s]
  0%|          | 0/45 [00:00<?, ?it/s] 64%|██████▍   | 29/45 [00:00<00:00, 283.99it/s]100%|██████████| 45/45 [00:00<00:00, 283.10it/s]
  0%|          | 0/17 [00:00<?, ?it/s]100%|██████████| 17/17 [00:00<00:00, 282.77it/s]
  0%|          | 0/9 [00:00<?, ?it/s]100%|██████████| 9/9 [00:00<00:00, 285.79it/s]
  0%|          | 0/4 [00:00<?, ?it/s]100%|██████████| 4/4 [00:00<00:00, 280.62it/s]
  0%|          | 0/4 [00:00<?, ?it/s]100%|██████████| 4/4 [00:00<00:00, 284.42it/s]
  0%|          | 0/11 [00:00<?, ?it/s]100%|██████████| 11/11 [00:00<00:00, 284.42it/s]
  0%|          | 0/15 [00:00<?, ?it/s]100%|██████████| 15/15 [00:00<00:00, 284.93it/s]
  0%|          | 0/7 [00:00<?, ?it/s]100%|██████████| 7/7 [00:00<00:00, 282.70it/s]
  0%|          | 0/16 [00:00<?, ?it/s]100%|██████████| 16/16 [00:00<00:00, 284.07it/s]
  0%|          | 0/3 [00:00<?, ?it/s]100%|██████████| 3/3 [00:00<00:00, 277.12it/s]
  0%|          | 0/18 [00:00<?, ?it/s]100%|██████████| 18/18 [00:00<00:00, 283.07it/s]
  0%|          | 0/5 [00:00<?, ?it/s]100%|██████████| 5/5 [00:00<00:00, 279.07it/s]
  0%|          | 0/8 [00:00<?, ?it/s]100%|██████████| 8/8 [00:00<00:00, 279.54it/s]
  0%|          | 0/5 [00:00<?, ?it/s]100%|██████████| 5/5 [00:00<00:00, 282.88it/s]
  0%|          | 0/4 [00:00<?, ?it/s]100%|██████████| 4/4 [00:00<00:00, 284.86it/s]
  0%|          | 0/3 [00:00<?, ?it/s]100%|██████████| 3/3 [00:00<00:00, 281.02it/s]
  0%|          | 0/5 [00:00<?, ?it/s]100%|██████████| 5/5 [00:00<00:00, 280.65it/s]
  0%|          | 0/6 [00:00<?, ?it/s]100%|██████████| 6/6 [00:00<00:00, 277.83it/s]
  0%|          | 0/5 [00:00<?, ?it/s]100%|██████████| 5/5 [00:00<00:00, 282.31it/s]
  0%|          | 0/4 [00:00<?, ?it/s]100%|██████████| 4/4 [00:00<00:00, 280.51it/s]
  0%|          | 0/2 [00:00<?, ?it/s]100%|██████████| 2/2 [00:00<00:00, 280.78it/s]
  0%|          | 0/2 [00:00<?, ?it/s]100%|██████████| 2/2 [00:00<00:00, 281.18it/s]
  0%|          | 0/7 [00:00<?, ?it/s]100%|██████████| 7/7 [00:00<00:00, 283.72it/s]
  0%|          | 0/13 [00:00<?, ?it/s]100%|██████████| 13/13 [00:00<00:00, 284.08it/s]
  0%|          | 0/7 [00:00<?, ?it/s]100%|██████████| 7/7 [00:00<00:00, 284.88it/s]
  0%|          | 0/10 [00:00<?, ?it/s]100%|██████████| 10/10 [00:00<00:00, 283.42it/s]
  0%|          | 0/34 [00:00<?, ?it/s] 85%|████████▌ | 29/34 [00:00<00:00, 282.63it/s]100%|██████████| 34/34 [00:00<00:00, 282.54it/s]
  0%|          | 0/2 [00:00<?, ?it/s]100%|██████████| 2/2 [00:00<00:00, 281.86it/s]
  0%|          | 0/4 [00:00<?, ?it/s]100%|██████████| 4/4 [00:00<00:00, 283.05it/s]
  0%|          | 0/6 [00:00<?, ?it/s]100%|██████████| 6/6 [00:00<00:00, 281.12it/s]
  0%|          | 0/6 [00:00<?, ?it/s]100%|██████████| 6/6 [00:00<00:00, 281.51it/s]
  0%|          | 0/4 [00:00<?, ?it/s]100%|██████████| 4/4 [00:00<00:00, 282.32it/s]
  0%|          | 0/6 [00:00<?, ?it/s]100%|██████████| 6/6 [00:00<00:00, 244.04it/s]
  0%|          | 0/2 [00:00<?, ?it/s]100%|██████████| 2/2 [00:00<00:00, 277.91it/s]
  0%|          | 0/3 [00:00<?, ?it/s]100%|██████████| 3/3 [00:00<00:00, 277.58it/s]
  0%|          | 0/5 [00:00<?, ?it/s]100%|██████████| 5/5 [00:00<00:00, 284.45it/s]
  0%|          | 0/2 [00:00<?, ?it/s]100%|██████████| 2/2 [00:00<00:00, 279.13it/s]
  0%|          | 0/8 [00:00<?, ?it/s]100%|██████████| 8/8 [00:00<00:00, 285.66it/s]
  0%|          | 0/4 [00:00<?, ?it/s]100%|██████████| 4/4 [00:00<00:00, 278.23it/s]
  0%|          | 0/11 [00:00<?, ?it/s]100%|██████████| 11/11 [00:00<00:00, 283.66it/s]
  0%|          | 0/12 [00:00<?, ?it/s]100%|██████████| 12/12 [00:00<00:00, 283.92it/s]
  0%|          | 0/5 [00:00<?, ?it/s]100%|██████████| 5/5 [00:00<00:00, 281.18it/s]
  0%|          | 0/7 [00:00<?, ?it/s]100%|██████████| 7/7 [00:00<00:00, 281.03it/s]
  0%|          | 0/7 [00:00<?, ?it/s]100%|██████████| 7/7 [00:00<00:00, 284.75it/s]
  0%|          | 0/3 [00:00<?, ?it/s]100%|██████████| 3/3 [00:00<00:00, 278.36it/s]
  0%|          | 0/4 [00:00<?, ?it/s]100%|██████████| 4/4 [00:00<00:00, 283.21it/s]
  0%|          | 0/1 [00:00<?, ?it/s]100%|██████████| 1/1 [00:00<00:00, 274.69it/s]
  0%|          | 0/15 [00:00<?, ?it/s]100%|██████████| 15/15 [00:00<00:00, 286.18it/s]
  0%|          | 0/21 [00:00<?, ?it/s]100%|██████████| 21/21 [00:00<00:00, 285.67it/s]
  0%|          | 0/14 [00:00<?, ?it/s]100%|██████████| 14/14 [00:00<00:00, 285.78it/s]
  0%|          | 0/16 [00:00<?, ?it/s]100%|██████████| 16/16 [00:00<00:00, 283.51it/s]
  0%|          | 0/10 [00:00<?, ?it/s]100%|██████████| 10/10 [00:00<00:00, 284.26it/s]
  0%|          | 0/12 [00:00<?, ?it/s]100%|██████████| 12/12 [00:00<00:00, 283.92it/s]
  0%|          | 0/28 [00:00<?, ?it/s]100%|██████████| 28/28 [00:00<00:00, 284.73it/s]
  0%|          | 0/6 [00:00<?, ?it/s]100%|██████████| 6/6 [00:00<00:00, 283.62it/s]
  0%|          | 0/84 [00:00<?, ?it/s] 35%|███▍      | 29/84 [00:00<00:00, 284.24it/s] 69%|██████▉   | 58/84 [00:00<00:00, 284.68it/s]100%|██████████| 84/84 [00:00<00:00, 284.38it/s]
  0%|          | 0/23 [00:00<?, ?it/s]100%|██████████| 23/23 [00:00<00:00, 285.06it/s]
  0%|          | 0/45 [00:00<?, ?it/s] 64%|██████▍   | 29/45 [00:00<00:00, 285.23it/s]100%|██████████| 45/45 [00:00<00:00, 285.12it/s]
  0%|          | 0/17 [00:00<?, ?it/s]100%|██████████| 17/17 [00:00<00:00, 284.99it/s]
  0%|          | 0/9 [00:00<?, ?it/s]100%|██████████| 9/9 [00:00<00:00, 284.86it/s]
  0%|          | 0/4 [00:00<?, ?it/s]100%|██████████| 4/4 [00:00<00:00, 282.65it/s]
  0%|          | 0/4 [00:00<?, ?it/s]100%|██████████| 4/4 [00:00<00:00, 282.66it/s]
  0%|          | 0/11 [00:00<?, ?it/s]100%|██████████| 11/11 [00:00<00:00, 284.03it/s]
  0%|          | 0/15 [00:00<?, ?it/s]100%|██████████| 15/15 [00:00<00:00, 283.75it/s]
  0%|          | 0/7 [00:00<?, ?it/s]100%|██████████| 7/7 [00:00<00:00, 285.12it/s]
  0%|          | 0/16 [00:00<?, ?it/s]100%|██████████| 16/16 [00:00<00:00, 284.51it/s]
  0%|          | 0/3 [00:00<?, ?it/s]100%|██████████| 3/3 [00:00<00:00, 283.72it/s]
  0%|          | 0/18 [00:00<?, ?it/s]100%|██████████| 18/18 [00:00<00:00, 284.68it/s]
  0%|          | 0/5 [00:00<?, ?it/s]100%|██████████| 5/5 [00:00<00:00, 281.49it/s]
  0%|          | 0/8 [00:00<?, ?it/s]100%|██████████| 8/8 [00:00<00:00, 285.15it/s]
  0%|          | 0/5 [00:00<?, ?it/s]100%|██████████| 5/5 [00:00<00:00, 283.75it/s]
  0%|          | 0/4 [00:00<?, ?it/s]100%|██████████| 4/4 [00:00<00:00, 284.02it/s]
  0%|          | 0/3 [00:00<?, ?it/s]100%|██████████| 3/3 [00:00<00:00, 282.29it/s]
  0%|          | 0/5 [00:00<?, ?it/s]100%|██████████| 5/5 [00:00<00:00, 281.56it/s]
  0%|          | 0/6 [00:00<?, ?it/s]100%|██████████| 6/6 [00:00<00:00, 282.07it/s]
  0%|          | 0/5 [00:00<?, ?it/s]100%|██████████| 5/5 [00:00<00:00, 279.78it/s]
  0%|          | 0/4 [00:00<?, ?it/s]100%|██████████| 4/4 [00:00<00:00, 281.12it/s]
  0%|          | 0/2 [00:00<?, ?it/s]100%|██████████| 2/2 [00:00<00:00, 278.99it/s]
  0%|          | 0/2 [00:00<?, ?it/s]100%|██████████| 2/2 [00:00<00:00, 278.83it/s]
  0%|          | 0/7 [00:00<?, ?it/s]100%|██████████| 7/7 [00:00<00:00, 280.77it/s]
  0%|          | 0/13 [00:00<?, ?it/s]100%|██████████| 13/13 [00:00<00:00, 282.67it/s]
  0%|          | 0/7 [00:00<?, ?it/s]100%|██████████| 7/7 [00:00<00:00, 285.61it/s]
  0%|          | 0/10 [00:00<?, ?it/s]100%|██████████| 10/10 [00:00<00:00, 286.14it/s]
  0%|          | 0/34 [00:00<?, ?it/s] 85%|████████▌ | 29/34 [00:00<00:00, 284.51it/s]100%|██████████| 34/34 [00:00<00:00, 284.13it/s]
  0%|          | 0/2 [00:00<?, ?it/s]100%|██████████| 2/2 [00:00<00:00, 282.97it/s]
  0%|          | 0/4 [00:00<?, ?it/s]100%|██████████| 4/4 [00:00<00:00, 285.74it/s]
  0%|          | 0/6 [00:00<?, ?it/s]100%|██████████| 6/6 [00:00<00:00, 280.30it/s]
  0%|          | 0/6 [00:00<?, ?it/s]100%|██████████| 6/6 [00:00<00:00, 282.59it/s]
  0%|          | 0/4 [00:00<?, ?it/s]100%|██████████| 4/4 [00:00<00:00, 282.12it/s]
  0%|          | 0/6 [00:00<?, ?it/s]100%|██████████| 6/6 [00:00<00:00, 281.65it/s]
  0%|          | 0/2 [00:00<?, ?it/s]100%|██████████| 2/2 [00:00<00:00, 283.26it/s]
  0%|          | 0/3 [00:00<?, ?it/s]100%|██████████| 3/3 [00:00<00:00, 276.58it/s]
  0%|          | 0/5 [00:00<?, ?it/s]100%|██████████| 5/5 [00:00<00:00, 282.29it/s]
  0%|          | 0/2 [00:00<?, ?it/s]100%|██████████| 2/2 [00:00<00:00, 279.34it/s]
  0%|          | 0/8 [00:00<?, ?it/s]100%|██████████| 8/8 [00:00<00:00, 284.82it/s]
  0%|          | 0/4 [00:00<?, ?it/s]100%|██████████| 4/4 [00:00<00:00, 280.07it/s]
  0%|          | 0/11 [00:00<?, ?it/s]100%|██████████| 11/11 [00:00<00:00, 282.26it/s]
  0%|          | 0/12 [00:00<?, ?it/s]100%|██████████| 12/12 [00:00<00:00, 283.69it/s]
  0%|          | 0/5 [00:00<?, ?it/s]100%|██████████| 5/5 [00:00<00:00, 281.58it/s]
  0%|          | 0/7 [00:00<?, ?it/s]100%|██████████| 7/7 [00:00<00:00, 280.73it/s]
  0%|          | 0/7 [00:00<?, ?it/s]100%|██████████| 7/7 [00:00<00:00, 283.33it/s]
  0%|          | 0/3 [00:00<?, ?it/s]100%|██████████| 3/3 [00:00<00:00, 275.11it/s]
  0%|          | 0/4 [00:00<?, ?it/s]100%|██████████| 4/4 [00:00<00:00, 283.61it/s]
  0%|          | 0/1 [00:00<?, ?it/s]100%|██████████| 1/1 [00:00<00:00, 277.79it/s]
  0%|          | 0/15 [00:00<?, ?it/s]100%|██████████| 15/15 [00:00<00:00, 283.80it/s]
  0%|          | 0/21 [00:00<?, ?it/s]100%|██████████| 21/21 [00:00<00:00, 284.60it/s]
  0%|          | 0/14 [00:00<?, ?it/s]100%|██████████| 14/14 [00:00<00:00, 283.46it/s]
  0%|          | 0/16 [00:00<?, ?it/s]100%|██████████| 16/16 [00:00<00:00, 283.91it/s]
  0%|          | 0/10 [00:00<?, ?it/s]100%|██████████| 10/10 [00:00<00:00, 283.46it/s]
  0%|          | 0/12 [00:00<?, ?it/s]100%|██████████| 12/12 [00:00<00:00, 282.63it/s]
  0%|          | 0/28 [00:00<?, ?it/s]100%|██████████| 28/28 [00:00<00:00, 283.79it/s]
  0%|          | 0/6 [00:00<?, ?it/s]100%|██████████| 6/6 [00:00<00:00, 284.52it/s]
  0%|          | 0/84 [00:00<?, ?it/s] 35%|███▍      | 29/84 [00:00<00:00, 285.93it/s] 69%|██████▉   | 58/84 [00:00<00:00, 286.02it/s]100%|██████████| 84/84 [00:00<00:00, 285.90it/s]
  0%|          | 0/23 [00:00<?, ?it/s]100%|██████████| 23/23 [00:00<00:00, 286.79it/s]
  0%|          | 0/45 [00:00<?, ?it/s] 64%|██████▍   | 29/45 [00:00<00:00, 283.18it/s]100%|██████████| 45/45 [00:00<00:00, 284.11it/s]
  0%|          | 0/17 [00:00<?, ?it/s]100%|██████████| 17/17 [00:00<00:00, 285.74it/s]
  0%|          | 0/9 [00:00<?, ?it/s]100%|██████████| 9/9 [00:00<00:00, 283.90it/s]
  0%|          | 0/4 [00:00<?, ?it/s]100%|██████████| 4/4 [00:00<00:00, 284.12it/s]
  0%|          | 0/4 [00:00<?, ?it/s]100%|██████████| 4/4 [00:00<00:00, 286.42it/s]
  0%|          | 0/11 [00:00<?, ?it/s]100%|██████████| 11/11 [00:00<00:00, 284.80it/s]
  0%|          | 0/15 [00:00<?, ?it/s]100%|██████████| 15/15 [00:00<00:00, 284.89it/s]
  0%|          | 0/7 [00:00<?, ?it/s]100%|██████████| 7/7 [00:00<00:00, 287.22it/s]
  0%|          | 0/16 [00:00<?, ?it/s]100%|██████████| 16/16 [00:00<00:00, 282.86it/s]
  0%|          | 0/3 [00:00<?, ?it/s]100%|██████████| 3/3 [00:00<00:00, 282.97it/s]
  0%|          | 0/18 [00:00<?, ?it/s]100%|██████████| 18/18 [00:00<00:00, 284.24it/s]
  0%|          | 0/5 [00:00<?, ?it/s]100%|██████████| 5/5 [00:00<00:00, 281.44it/s]
  0%|          | 0/8 [00:00<?, ?it/s]100%|██████████| 8/8 [00:00<00:00, 284.66it/s]
  0%|          | 0/5 [00:00<?, ?it/s]100%|██████████| 5/5 [00:00<00:00, 284.14it/s]
  0%|          | 0/4 [00:00<?, ?it/s]100%|██████████| 4/4 [00:00<00:00, 284.45it/s]
  0%|          | 0/3 [00:00<?, ?it/s]100%|██████████| 3/3 [00:00<00:00, 282.02it/s]
  0%|          | 0/5 [00:00<?, ?it/s]100%|██████████| 5/5 [00:00<00:00, 281.75it/s]
  0%|          | 0/6 [00:00<?, ?it/s]100%|██████████| 6/6 [00:00<00:00, 282.18it/s]
  0%|          | 0/5 [00:00<?, ?it/s]100%|██████████| 5/5 [00:00<00:00, 279.07it/s]
  0%|          | 0/4 [00:00<?, ?it/s]100%|██████████| 4/4 [00:00<00:00, 282.54it/s]
  0%|          | 0/2 [00:00<?, ?it/s]100%|██████████| 2/2 [00:00<00:00, 279.14it/s]
  0%|          | 0/2 [00:00<?, ?it/s]100%|██████████| 2/2 [00:00<00:00, 280.49it/s]
  0%|          | 0/7 [00:00<?, ?it/s]100%|██████████| 7/7 [00:00<00:00, 284.70it/s]
  0%|          | 0/13 [00:00<?, ?it/s]100%|██████████| 13/13 [00:00<00:00, 284.35it/s]
  0%|          | 0/7 [00:00<?, ?it/s]100%|██████████| 7/7 [00:00<00:00, 284.88it/s]
  0%|          | 0/10 [00:00<?, ?it/s]100%|██████████| 10/10 [00:00<00:00, 286.02it/s]
  0%|          | 0/34 [00:00<?, ?it/s] 85%|████████▌ | 29/34 [00:00<00:00, 284.27it/s]100%|██████████| 34/34 [00:00<00:00, 284.43it/s]
  0%|          | 0/2 [00:00<?, ?it/s]100%|██████████| 2/2 [00:00<00:00, 280.77it/s]
  0%|          | 0/4 [00:00<?, ?it/s]100%|██████████| 4/4 [00:00<00:00, 285.31it/s]
  0%|          | 0/6 [00:00<?, ?it/s]100%|██████████| 6/6 [00:00<00:00, 280.37it/s]
  0%|          | 0/6 [00:00<?, ?it/s]100%|██████████| 6/6 [00:00<00:00, 280.52it/s]
  0%|          | 0/4 [00:00<?, ?it/s]100%|██████████| 4/4 [00:00<00:00, 283.88it/s]
  0%|          | 0/6 [00:00<?, ?it/s]100%|██████████| 6/6 [00:00<00:00, 280.67it/s]
  0%|          | 0/2 [00:00<?, ?it/s]100%|██████████| 2/2 [00:00<00:00, 280.28it/s]
  0%|          | 0/3 [00:00<?, ?it/s]100%|██████████| 3/3 [00:00<00:00, 275.48it/s]
  0%|          | 0/5 [00:00<?, ?it/s]100%|██████████| 5/5 [00:00<00:00, 282.91it/s]
  0%|          | 0/2 [00:00<?, ?it/s]100%|██████████| 2/2 [00:00<00:00, 276.33it/s]
  0%|          | 0/8 [00:00<?, ?it/s]100%|██████████| 8/8 [00:00<00:00, 285.10it/s]
  0%|          | 0/4 [00:00<?, ?it/s]100%|██████████| 4/4 [00:00<00:00, 277.72it/s]
  0%|          | 0/11 [00:00<?, ?it/s]100%|██████████| 11/11 [00:00<00:00, 282.67it/s]
  0%|          | 0/12 [00:00<?, ?it/s]100%|██████████| 12/12 [00:00<00:00, 283.17it/s]
  0%|          | 0/5 [00:00<?, ?it/s]100%|██████████| 5/5 [00:00<00:00, 280.53it/s]
  0%|          | 0/7 [00:00<?, ?it/s]100%|██████████| 7/7 [00:00<00:00, 280.24it/s]
  0%|          | 0/7 [00:00<?, ?it/s]100%|██████████| 7/7 [00:00<00:00, 283.23it/s]
  0%|          | 0/3 [00:00<?, ?it/s]100%|██████████| 3/3 [00:00<00:00, 277.72it/s]
  0%|          | 0/4 [00:00<?, ?it/s]100%|██████████| 4/4 [00:00<00:00, 282.23it/s]
  0%|          | 0/1 [00:00<?, ?it/s]100%|██████████| 1/1 [00:00<00:00, 267.65it/s]
  0%|          | 0/15 [00:00<?, ?it/s]100%|██████████| 15/15 [00:00<00:00, 283.67it/s]
  0%|          | 0/21 [00:00<?, ?it/s]100%|██████████| 21/21 [00:00<00:00, 284.55it/s]
  0%|          | 0/14 [00:00<?, ?it/s]100%|██████████| 14/14 [00:00<00:00, 283.71it/s]
  0%|          | 0/16 [00:00<?, ?it/s]100%|██████████| 16/16 [00:00<00:00, 282.01it/s]
  0%|          | 0/10 [00:00<?, ?it/s]100%|██████████| 10/10 [00:00<00:00, 282.02it/s]
  0%|          | 0/12 [00:00<?, ?it/s]100%|██████████| 12/12 [00:00<00:00, 282.76it/s]
  0%|          | 0/28 [00:00<?, ?it/s]100%|██████████| 28/28 [00:00<00:00, 283.93it/s]
  0%|          | 0/6 [00:00<?, ?it/s]100%|██████████| 6/6 [00:00<00:00, 284.61it/s]
  0%|          | 0/84 [00:00<?, ?it/s] 35%|███▍      | 29/84 [00:00<00:00, 286.03it/s] 69%|██████▉   | 58/84 [00:00<00:00, 285.40it/s]100%|██████████| 84/84 [00:00<00:00, 285.44it/s]
  0%|          | 0/23 [00:00<?, ?it/s]100%|██████████| 23/23 [00:00<00:00, 285.47it/s]
  0%|          | 0/45 [00:00<?, ?it/s] 64%|██████▍   | 29/45 [00:00<00:00, 282.57it/s]100%|██████████| 45/45 [00:00<00:00, 283.41it/s]
  0%|          | 0/17 [00:00<?, ?it/s]100%|██████████| 17/17 [00:00<00:00, 283.17it/s]
  0%|          | 0/9 [00:00<?, ?it/s]100%|██████████| 9/9 [00:00<00:00, 281.92it/s]
  0%|          | 0/4 [00:00<?, ?it/s]100%|██████████| 4/4 [00:00<00:00, 281.97it/s]
  0%|          | 0/4 [00:00<?, ?it/s]100%|██████████| 4/4 [00:00<00:00, 284.61it/s]
  0%|          | 0/11 [00:00<?, ?it/s]100%|██████████| 11/11 [00:00<00:00, 283.73it/s]
  0%|          | 0/15 [00:00<?, ?it/s]100%|██████████| 15/15 [00:00<00:00, 284.45it/s]
  0%|          | 0/7 [00:00<?, ?it/s]100%|██████████| 7/7 [00:00<00:00, 286.29it/s]
  0%|          | 0/16 [00:00<?, ?it/s]100%|██████████| 16/16 [00:00<00:00, 283.10it/s]
  0%|          | 0/3 [00:00<?, ?it/s]100%|██████████| 3/3 [00:00<00:00, 283.02it/s]
  0%|          | 0/18 [00:00<?, ?it/s]100%|██████████| 18/18 [00:00<00:00, 283.09it/s]
  0%|          | 0/5 [00:00<?, ?it/s]100%|██████████| 5/5 [00:00<00:00, 279.43it/s]
  0%|          | 0/8 [00:00<?, ?it/s]100%|██████████| 8/8 [00:00<00:00, 282.17it/s]
  0%|          | 0/5 [00:00<?, ?it/s]100%|██████████| 5/5 [00:00<00:00, 281.41it/s]
  0%|          | 0/4 [00:00<?, ?it/s]100%|██████████| 4/4 [00:00<00:00, 280.47it/s]
  0%|          | 0/3 [00:00<?, ?it/s]100%|██████████| 3/3 [00:00<00:00, 280.86it/s]
  0%|          | 0/5 [00:00<?, ?it/s]100%|██████████| 5/5 [00:00<00:00, 277.80it/s]
  0%|          | 0/6 [00:00<?, ?it/s]100%|██████████| 6/6 [00:00<00:00, 279.20it/s]
  0%|          | 0/5 [00:00<?, ?it/s]100%|██████████| 5/5 [00:00<00:00, 277.48it/s]
  0%|          | 0/4 [00:00<?, ?it/s]100%|██████████| 4/4 [00:00<00:00, 281.05it/s]
  0%|          | 0/2 [00:00<?, ?it/s]100%|██████████| 2/2 [00:00<00:00, 278.43it/s]
  0%|          | 0/2 [00:00<?, ?it/s]100%|██████████| 2/2 [00:00<00:00, 275.42it/s]
  0%|          | 0/7 [00:00<?, ?it/s]100%|██████████| 7/7 [00:00<00:00, 283.64it/s]
  0%|          | 0/13 [00:00<?, ?it/s]100%|██████████| 13/13 [00:00<00:00, 284.40it/s]
  0%|          | 0/7 [00:00<?, ?it/s]100%|██████████| 7/7 [00:00<00:00, 283.37it/s]
  0%|          | 0/10 [00:00<?, ?it/s]100%|██████████| 10/10 [00:00<00:00, 285.06it/s]
  0%|          | 0/34 [00:00<?, ?it/s] 85%|████████▌ | 29/34 [00:00<00:00, 283.37it/s]100%|██████████| 34/34 [00:00<00:00, 283.26it/s]
  0%|          | 0/2 [00:00<?, ?it/s]100%|██████████| 2/2 [00:00<00:00, 283.99it/s]
  0%|          | 0/422 [00:00<?, ?it/s]  6%|▋         | 27/422 [00:00<00:01, 269.55it/s] 13%|█▎        | 55/422 [00:00<00:01, 270.32it/s] 20%|█▉        | 83/422 [00:00<00:01, 270.39it/s] 26%|██▋       | 111/422 [00:00<00:01, 270.41it/s] 33%|███▎      | 139/422 [00:00<00:01, 270.75it/s] 40%|███▉      | 167/422 [00:00<00:00, 270.77it/s] 46%|████▌     | 195/422 [00:00<00:00, 270.95it/s] 53%|█████▎    | 223/422 [00:00<00:00, 271.32it/s] 59%|█████▉    | 251/422 [00:00<00:00, 271.21it/s] 66%|██████▌   | 279/422 [00:01<00:00, 271.18it/s] 73%|███████▎  | 307/422 [00:01<00:00, 271.48it/s] 79%|███████▉  | 335/422 [00:01<00:00, 271.48it/s] 86%|████████▌ | 363/422 [00:01<00:00, 271.53it/s] 93%|█████████▎| 391/422 [00:01<00:00, 271.79it/s] 99%|█████████▉| 419/422 [00:01<00:00, 271.65it/s]100%|██████████| 422/422 [00:01<00:00, 271.19it/s]
  0%|          | 0/73 [00:00<?, ?it/s] 38%|███▊      | 28/73 [00:00<00:00, 271.02it/s] 77%|███████▋  | 56/73 [00:00<00:00, 271.55it/s]100%|██████████| 73/73 [00:00<00:00, 271.55it/s]
  0%|          | 0/122 [00:00<?, ?it/s] 23%|██▎       | 28/122 [00:00<00:00, 271.03it/s] 46%|████▌     | 56/122 [00:00<00:00, 271.15it/s] 69%|██████▉   | 84/122 [00:00<00:00, 271.41it/s] 92%|█████████▏| 112/122 [00:00<00:00, 271.81it/s]100%|██████████| 122/122 [00:00<00:00, 271.62it/s]
  0%|          | 0/125 [00:00<?, ?it/s] 22%|██▏       | 28/125 [00:00<00:00, 270.24it/s] 45%|████▍     | 56/125 [00:00<00:00, 271.67it/s] 67%|██████▋   | 84/125 [00:00<00:00, 271.55it/s] 90%|████████▉ | 112/125 [00:00<00:00, 271.86it/s]100%|██████████| 125/125 [00:00<00:00, 271.63it/s]
  0%|          | 0/50 [00:00<?, ?it/s] 56%|█████▌    | 28/50 [00:00<00:00, 271.35it/s]100%|██████████| 50/50 [00:00<00:00, 271.58it/s]
  0%|          | 0/125 [00:00<?, ?it/s] 22%|██▏       | 28/125 [00:00<00:00, 270.28it/s] 45%|████▍     | 56/125 [00:00<00:00, 270.91it/s] 67%|██████▋   | 84/125 [00:00<00:00, 267.48it/s] 90%|████████▉ | 112/125 [00:00<00:00, 269.01it/s]100%|██████████| 125/125 [00:00<00:00, 269.23it/s]
  0%|          | 0/123 [00:00<?, ?it/s] 23%|██▎       | 28/123 [00:00<00:00, 271.63it/s] 46%|████▌     | 56/123 [00:00<00:00, 271.59it/s] 68%|██████▊   | 84/123 [00:00<00:00, 271.51it/s] 91%|█████████ | 112/123 [00:00<00:00, 271.70it/s]100%|██████████| 123/123 [00:00<00:00, 271.62it/s]
  0%|          | 0/145 [00:00<?, ?it/s] 19%|█▉        | 28/145 [00:00<00:00, 270.29it/s] 39%|███▊      | 56/145 [00:00<00:00, 270.85it/s] 58%|█████▊    | 84/145 [00:00<00:00, 270.75it/s] 77%|███████▋  | 112/145 [00:00<00:00, 271.06it/s] 97%|█████████▋| 140/145 [00:00<00:00, 271.08it/s]100%|██████████| 145/145 [00:00<00:00, 270.95it/s]
  0%|          | 0/177 [00:00<?, ?it/s] 16%|█▌        | 28/177 [00:00<00:00, 271.56it/s] 32%|███▏      | 56/177 [00:00<00:00, 271.63it/s] 47%|████▋     | 84/177 [00:00<00:00, 272.16it/s] 63%|██████▎   | 112/177 [00:00<00:00, 272.44it/s] 79%|███████▉  | 140/177 [00:00<00:00, 272.30it/s] 95%|█████████▍| 168/177 [00:00<00:00, 272.35it/s]100%|██████████| 177/177 [00:00<00:00, 272.22it/s]
  0%|          | 0/174 [00:00<?, ?it/s] 16%|█▌        | 28/174 [00:00<00:00, 271.65it/s] 32%|███▏      | 56/174 [00:00<00:00, 271.73it/s] 48%|████▊     | 84/174 [00:00<00:00, 271.76it/s] 64%|██████▍   | 112/174 [00:00<00:00, 271.73it/s] 80%|████████  | 140/174 [00:00<00:00, 271.38it/s] 97%|█████████▋| 168/174 [00:00<00:00, 271.70it/s]100%|██████████| 174/174 [00:00<00:00, 271.58it/s]
  0%|          | 0/50 [00:00<?, ?it/s] 56%|█████▌    | 28/50 [00:00<00:00, 270.49it/s]100%|██████████| 50/50 [00:00<00:00, 270.62it/s]
  0%|          | 0/247 [00:00<?, ?it/s] 11%|█         | 27/247 [00:00<00:00, 269.04it/s] 22%|██▏       | 55/247 [00:00<00:00, 270.27it/s] 34%|███▎      | 83/247 [00:00<00:00, 270.68it/s] 45%|████▍     | 111/247 [00:00<00:00, 270.72it/s] 56%|█████▋    | 139/247 [00:00<00:00, 270.56it/s] 68%|██████▊   | 167/247 [00:00<00:00, 270.64it/s] 79%|███████▉  | 195/247 [00:00<00:00, 270.63it/s] 90%|█████████ | 223/247 [00:00<00:00, 270.58it/s]100%|██████████| 247/247 [00:00<00:00, 270.57it/s]
  0%|          | 0/248 [00:00<?, ?it/s] 11%|█         | 27/248 [00:00<00:00, 269.75it/s] 22%|██▏       | 55/248 [00:00<00:00, 270.03it/s] 33%|███▎      | 83/248 [00:00<00:00, 270.21it/s] 45%|████▍     | 111/248 [00:00<00:00, 270.15it/s] 56%|█████▌    | 139/248 [00:00<00:00, 270.51it/s] 67%|██████▋   | 167/248 [00:00<00:00, 270.79it/s] 79%|███████▊  | 195/248 [00:00<00:00, 270.65it/s] 90%|████████▉ | 223/248 [00:00<00:00, 270.59it/s]100%|██████████| 248/248 [00:00<00:00, 270.56it/s]
  0%|          | 0/204 [00:00<?, ?it/s] 31%|███       | 63/204 [00:00<00:00, 626.55it/s] 62%|██████▏   | 126/204 [00:00<00:00, 627.10it/s] 93%|█████████▎| 189/204 [00:00<00:00, 623.72it/s]100%|██████████| 204/204 [00:00<00:00, 625.00it/s]
  0%|          | 0/204 [00:00<?, ?it/s] 31%|███▏      | 64/204 [00:00<00:00, 630.02it/s] 63%|██████▎   | 128/204 [00:00<00:00, 632.62it/s] 94%|█████████▍| 192/204 [00:00<00:00, 632.05it/s]100%|██████████| 204/204 [00:00<00:00, 631.72it/s]
  0%|          | 0/204 [00:00<?, ?it/s] 31%|███▏      | 64/204 [00:00<00:00, 630.23it/s] 63%|██████▎   | 128/204 [00:00<00:00, 631.59it/s] 94%|█████████▍| 192/204 [00:00<00:00, 631.80it/s]100%|██████████| 204/204 [00:00<00:00, 631.66it/s]
  0%|          | 0/204 [00:00<?, ?it/s] 31%|███       | 63/204 [00:00<00:00, 626.50it/s] 62%|██████▏   | 126/204 [00:00<00:00, 626.66it/s] 93%|█████████▎| 189/204 [00:00<00:00, 628.03it/s]100%|██████████| 204/204 [00:00<00:00, 627.72it/s]
  0%|          | 0/204 [00:00<?, ?it/s] 31%|███       | 63/204 [00:00<00:00, 629.64it/s] 62%|██████▏   | 126/204 [00:00<00:00, 195.41it/s] 92%|█████████▏| 188/204 [00:00<00:00, 282.92it/s]100%|██████████| 204/204 [00:00<00:00, 289.55it/s]
  0%|          | 0/204 [00:00<?, ?it/s] 30%|███       | 62/204 [00:00<00:00, 619.87it/s] 61%|██████▏   | 125/204 [00:00<00:00, 620.26it/s] 92%|█████████▏| 188/204 [00:00<00:00, 621.82it/s]100%|██████████| 204/204 [00:00<00:00, 621.30it/s]
  0%|          | 0/204 [00:00<?, ?it/s] 31%|███       | 63/204 [00:00<00:00, 621.66it/s] 62%|██████▏   | 126/204 [00:00<00:00, 619.73it/s] 92%|█████████▏| 188/204 [00:00<00:00, 619.54it/s]100%|██████████| 204/204 [00:00<00:00, 619.84it/s]
  0%|          | 0/136 [00:00<?, ?it/s] 36%|███▌      | 49/136 [00:00<00:00, 484.43it/s] 72%|███████▏  | 98/136 [00:00<00:00, 485.35it/s]100%|██████████| 136/136 [00:00<00:00, 484.65it/s]
  0%|          | 0/208 [00:00<?, ?it/s] 24%|██▎       | 49/208 [00:00<00:00, 484.15it/s] 47%|████▋     | 98/208 [00:00<00:00, 483.50it/s] 71%|███████   | 147/208 [00:00<00:00, 484.50it/s] 94%|█████████▍| 196/208 [00:00<00:00, 484.55it/s]100%|██████████| 208/208 [00:00<00:00, 484.37it/s]
  0%|          | 0/241 [00:00<?, ?it/s] 20%|██        | 49/241 [00:00<00:00, 486.22it/s] 41%|████      | 98/241 [00:00<00:00, 487.20it/s] 61%|██████    | 147/241 [00:00<00:00, 486.91it/s] 81%|████████▏ | 196/241 [00:00<00:00, 486.76it/s]100%|██████████| 241/241 [00:00<00:00, 486.96it/s]
  0%|          | 0/37 [00:00<?, ?it/s]100%|██████████| 37/37 [00:00<00:00, 485.79it/s]
  0%|          | 0/109 [00:00<?, ?it/s] 45%|████▍     | 49/109 [00:00<00:00, 484.47it/s] 90%|████████▉ | 98/109 [00:00<00:00, 485.04it/s]100%|██████████| 109/109 [00:00<00:00, 484.90it/s]
  0%|          | 0/232 [00:00<?, ?it/s] 21%|██        | 49/232 [00:00<00:00, 483.35it/s] 42%|████▏     | 98/232 [00:00<00:00, 484.29it/s] 63%|██████▎   | 147/232 [00:00<00:00, 484.83it/s] 84%|████████▍ | 196/232 [00:00<00:00, 484.50it/s]100%|██████████| 232/232 [00:00<00:00, 484.63it/s]
  0%|          | 0/142 [00:00<?, ?it/s] 35%|███▍      | 49/142 [00:00<00:00, 484.79it/s] 69%|██████▉   | 98/142 [00:00<00:00, 485.94it/s]100%|██████████| 142/142 [00:00<00:00, 485.92it/s]
  0%|          | 0/39 [00:00<?, ?it/s]100%|██████████| 39/39 [00:00<00:00, 480.77it/s]
  0%|          | 0/113 [00:00<?, ?it/s] 43%|████▎     | 49/113 [00:00<00:00, 483.06it/s] 87%|████████▋ | 98/113 [00:00<00:00, 484.17it/s]100%|██████████| 113/113 [00:00<00:00, 483.11it/s]
  0%|          | 0/139 [00:00<?, ?it/s] 35%|███▌      | 49/139 [00:00<00:00, 482.60it/s] 71%|███████   | 98/139 [00:00<00:00, 474.88it/s]100%|██████████| 139/139 [00:00<00:00, 478.01it/s]
  0%|          | 0/18 [00:00<?, ?it/s]100%|██████████| 18/18 [00:00<00:00, 481.32it/s]
  0%|          | 0/76 [00:00<?, ?it/s] 64%|██████▍   | 49/76 [00:00<00:00, 486.49it/s]100%|██████████| 76/76 [00:00<00:00, 485.70it/s]
  0%|          | 0/107 [00:00<?, ?it/s] 46%|████▌     | 49/107 [00:00<00:00, 483.48it/s] 92%|█████████▏| 98/107 [00:00<00:00, 483.99it/s]100%|██████████| 107/107 [00:00<00:00, 483.98it/s]
  0%|          | 0/69 [00:00<?, ?it/s] 71%|███████   | 49/69 [00:00<00:00, 482.05it/s]100%|██████████| 69/69 [00:00<00:00, 482.28it/s]
Tokenizing inputs:   0%|          | 0/47868 [00:00<?, ?it/s]Tokenizing inputs:   0%|          | 20/47868 [00:00<04:08, 192.50it/s]Tokenizing inputs:   0%|          | 41/47868 [00:00<03:58, 200.19it/s]Tokenizing inputs:   0%|          | 62/47868 [00:00<04:02, 196.75it/s]Tokenizing inputs:   0%|          | 83/47868 [00:00<03:58, 200.52it/s]Tokenizing inputs:   0%|          | 104/47868 [00:00<03:57, 200.97it/s]Tokenizing inputs:   0%|          | 125/47868 [00:00<03:58, 200.14it/s]Tokenizing inputs:   0%|          | 146/47868 [00:00<03:56, 201.59it/s]Tokenizing inputs:   0%|          | 167/47868 [00:00<03:56, 201.34it/s]Tokenizing inputs:   0%|          | 188/47868 [00:00<03:56, 201.33it/s]Tokenizing inputs:   0%|          | 209/47868 [00:01<03:56, 201.72it/s]Tokenizing inputs:   0%|          | 230/47868 [00:01<03:58, 199.59it/s]Tokenizing inputs:   1%|          | 250/47868 [00:01<03:59, 198.64it/s]Tokenizing inputs:   1%|          | 270/47868 [00:01<04:00, 197.61it/s]Tokenizing inputs:   1%|          | 290/47868 [00:01<04:07, 192.60it/s]Tokenizing inputs:   1%|          | 310/47868 [00:01<04:11, 189.20it/s]Tokenizing inputs:   1%|          | 330/47868 [00:01<04:09, 190.38it/s]Tokenizing inputs:   1%|          | 350/47868 [00:01<04:06, 192.92it/s]Tokenizing inputs:   1%|          | 370/47868 [00:01<04:07, 192.12it/s]Tokenizing inputs:   1%|          | 390/47868 [00:01<04:05, 193.03it/s]Tokenizing inputs:   1%|          | 410/47868 [00:02<04:03, 194.82it/s]Tokenizing inputs:   1%|          | 431/47868 [00:02<04:00, 196.90it/s]Tokenizing inputs:   1%|          | 452/47868 [00:02<03:59, 198.06it/s]Tokenizing inputs:   1%|          | 473/47868 [00:02<03:57, 199.19it/s]Tokenizing inputs:   1%|          | 493/47868 [00:02<04:00, 197.37it/s]Tokenizing inputs:   1%|          | 513/47868 [00:02<04:02, 195.56it/s]Tokenizing inputs:   1%|          | 534/47868 [00:02<03:59, 197.33it/s]Tokenizing inputs:   1%|          | 554/47868 [00:02<03:59, 197.66it/s]Tokenizing inputs:   1%|          | 574/47868 [00:02<03:58, 198.22it/s]Tokenizing inputs:   1%|          | 595/47868 [00:03<03:56, 199.88it/s]Tokenizing inputs:   1%|▏         | 616/47868 [00:03<03:53, 202.45it/s]Tokenizing inputs:   1%|▏         | 637/47868 [00:03<03:52, 203.15it/s]Tokenizing inputs:   1%|▏         | 658/47868 [00:03<03:54, 201.46it/s]Tokenizing inputs:   1%|▏         | 679/47868 [00:03<03:56, 199.70it/s]Tokenizing inputs:   1%|▏         | 700/47868 [00:03<03:55, 199.92it/s]Tokenizing inputs:   2%|▏         | 721/47868 [00:03<03:53, 201.68it/s]Tokenizing inputs:   2%|▏         | 742/47868 [00:03<03:57, 198.36it/s]Tokenizing inputs:   2%|▏         | 762/47868 [00:03<03:57, 198.64it/s]Tokenizing inputs:   2%|▏         | 783/47868 [00:03<03:55, 200.20it/s]Tokenizing inputs:   2%|▏         | 805/47868 [00:04<03:50, 203.83it/s]Tokenizing inputs:   2%|▏         | 826/47868 [00:04<03:53, 201.84it/s]Tokenizing inputs:   2%|▏         | 847/47868 [00:04<03:51, 203.13it/s]Tokenizing inputs:   2%|▏         | 868/47868 [00:04<03:51, 202.59it/s]Tokenizing inputs:   2%|▏         | 889/47868 [00:04<03:53, 201.03it/s]Tokenizing inputs:   2%|▏         | 910/47868 [00:04<03:52, 202.36it/s]Tokenizing inputs:   2%|▏         | 931/47868 [00:04<03:51, 202.63it/s]Tokenizing inputs:   2%|▏         | 953/47868 [00:04<03:48, 205.61it/s]Tokenizing inputs:   2%|▏         | 974/47868 [00:04<03:51, 202.20it/s]Tokenizing inputs:   2%|▏         | 995/47868 [00:04<03:52, 201.95it/s]Tokenizing inputs:   2%|▏         | 1016/47868 [00:05<03:53, 200.60it/s]Tokenizing inputs:   2%|▏         | 1037/47868 [00:05<03:55, 198.56it/s]Tokenizing inputs:   2%|▏         | 1059/47868 [00:05<03:51, 202.54it/s]Tokenizing inputs:   2%|▏         | 1080/47868 [00:05<03:52, 201.21it/s]Tokenizing inputs:   2%|▏         | 1101/47868 [00:05<03:50, 202.64it/s]Tokenizing inputs:   2%|▏         | 1122/47868 [00:05<03:52, 201.36it/s]Tokenizing inputs:   2%|▏         | 1143/47868 [00:05<03:53, 200.39it/s]Tokenizing inputs:   2%|▏         | 1164/47868 [00:05<03:52, 200.97it/s]Tokenizing inputs:   2%|▏         | 1185/47868 [00:05<03:50, 202.82it/s]Tokenizing inputs:   3%|▎         | 1206/47868 [00:06<03:51, 201.77it/s]Tokenizing inputs:   3%|▎         | 1227/47868 [00:06<03:50, 202.70it/s]Tokenizing inputs:   3%|▎         | 1248/47868 [00:06<03:48, 204.36it/s]Tokenizing inputs:   3%|▎         | 1269/47868 [00:06<03:48, 204.26it/s]Tokenizing inputs:   3%|▎         | 1291/47868 [00:06<03:45, 206.39it/s]Tokenizing inputs:   3%|▎         | 1314/47868 [00:06<03:39, 212.47it/s]Tokenizing inputs:   3%|▎         | 1336/47868 [00:06<03:41, 210.47it/s]Tokenizing inputs:   3%|▎         | 1358/47868 [00:06<03:44, 207.49it/s]Tokenizing inputs:   3%|▎         | 1380/47868 [00:06<03:41, 209.98it/s]Tokenizing inputs:   3%|▎         | 1402/47868 [00:06<03:41, 209.32it/s]Tokenizing inputs:   3%|▎         | 1423/47868 [00:07<03:44, 206.97it/s]Tokenizing inputs:   3%|▎         | 1444/47868 [00:07<03:43, 207.34it/s]Tokenizing inputs:   3%|▎         | 1465/47868 [00:07<03:44, 206.85it/s]Tokenizing inputs:   3%|▎         | 1486/47868 [00:07<03:43, 207.17it/s]Tokenizing inputs:   3%|▎         | 1507/47868 [00:07<03:44, 206.17it/s]Tokenizing inputs:   3%|▎         | 1528/47868 [00:07<03:44, 206.06it/s]Tokenizing inputs:   3%|▎         | 1549/47868 [00:07<03:46, 204.72it/s]Tokenizing inputs:   3%|▎         | 1570/47868 [00:07<03:46, 204.66it/s]Tokenizing inputs:   3%|▎         | 1591/47868 [00:07<03:48, 202.31it/s]Tokenizing inputs:   3%|▎         | 1612/47868 [00:08<03:48, 202.02it/s]Tokenizing inputs:   3%|▎         | 1633/47868 [00:08<03:47, 203.02it/s]Tokenizing inputs:   3%|▎         | 1654/47868 [00:08<03:50, 200.15it/s]Tokenizing inputs:   3%|▎         | 1675/47868 [00:08<03:50, 200.67it/s]Tokenizing inputs:   4%|▎         | 1696/47868 [00:08<03:49, 200.94it/s]Tokenizing inputs:   4%|▎         | 1717/47868 [00:08<03:48, 202.33it/s]Tokenizing inputs:   4%|▎         | 1738/47868 [00:08<03:47, 202.87it/s]Tokenizing inputs:   4%|▎         | 1759/47868 [00:08<03:46, 203.64it/s]Tokenizing inputs:   4%|▎         | 1780/47868 [00:08<03:45, 204.38it/s]Tokenizing inputs:   4%|▍         | 1801/47868 [00:08<03:45, 204.26it/s]Tokenizing inputs:   4%|▍         | 1822/47868 [00:09<03:44, 205.32it/s]Tokenizing inputs:   4%|▍         | 1843/47868 [00:09<03:44, 205.13it/s]Tokenizing inputs:   4%|▍         | 1864/47868 [00:09<03:45, 204.28it/s]Tokenizing inputs:   4%|▍         | 1885/47868 [00:09<04:03, 188.72it/s]Tokenizing inputs:   4%|▍         | 1906/47868 [00:09<03:58, 192.87it/s]Tokenizing inputs:   4%|▍         | 1926/47868 [00:09<03:57, 193.38it/s]Tokenizing inputs:   4%|▍         | 1947/47868 [00:09<03:52, 197.32it/s]Tokenizing inputs:   4%|▍         | 1968/47868 [00:09<03:50, 199.20it/s]Tokenizing inputs:   4%|▍         | 1989/47868 [00:09<03:48, 200.36it/s]Tokenizing inputs:   4%|▍         | 2011/47868 [00:09<03:42, 205.98it/s]Tokenizing inputs:   4%|▍         | 2036/47868 [00:10<03:31, 217.20it/s]Tokenizing inputs:   4%|▍         | 2061/47868 [00:10<03:21, 226.82it/s]Tokenizing inputs:   4%|▍         | 2087/47868 [00:10<03:14, 234.78it/s]Tokenizing inputs:   4%|▍         | 2112/47868 [00:10<03:11, 238.84it/s]Tokenizing inputs:   4%|▍         | 2138/47868 [00:10<03:08, 242.47it/s]Tokenizing inputs:   5%|▍         | 2164/47868 [00:10<03:05, 247.04it/s]Tokenizing inputs:   5%|▍         | 2190/47868 [00:10<03:02, 250.66it/s]Tokenizing inputs:   5%|▍         | 2216/47868 [00:10<03:01, 251.20it/s]Tokenizing inputs:   5%|▍         | 2242/47868 [00:10<03:02, 250.01it/s]Tokenizing inputs:   5%|▍         | 2268/47868 [00:11<03:02, 249.92it/s]Tokenizing inputs:   5%|▍         | 2293/47868 [00:11<03:04, 246.66it/s]Tokenizing inputs:   5%|▍         | 2318/47868 [00:11<03:04, 246.80it/s]Tokenizing inputs:   5%|▍         | 2344/47868 [00:11<03:03, 248.17it/s]Tokenizing inputs:   5%|▍         | 2369/47868 [00:11<03:04, 246.14it/s]Tokenizing inputs:   5%|▌         | 2394/47868 [00:11<03:04, 245.90it/s]Tokenizing inputs:   5%|▌         | 2420/47868 [00:11<03:02, 248.67it/s]Tokenizing inputs:   5%|▌         | 2446/47868 [00:11<03:01, 250.15it/s]Tokenizing inputs:   5%|▌         | 2472/47868 [00:11<02:59, 252.22it/s]Tokenizing inputs:   5%|▌         | 2498/47868 [00:11<03:01, 249.92it/s]Tokenizing inputs:   5%|▌         | 2524/47868 [00:12<03:00, 251.52it/s]Tokenizing inputs:   5%|▌         | 2550/47868 [00:12<03:01, 249.67it/s]Tokenizing inputs:   5%|▌         | 2576/47868 [00:12<03:00, 251.42it/s]Tokenizing inputs:   5%|▌         | 2602/47868 [00:12<02:58, 253.04it/s]Tokenizing inputs:   5%|▌         | 2628/47868 [00:12<02:58, 253.22it/s]Tokenizing inputs:   6%|▌         | 2654/47868 [00:12<02:58, 253.60it/s]Tokenizing inputs:   6%|▌         | 2680/47868 [00:12<02:59, 252.26it/s]Tokenizing inputs:   6%|▌         | 2706/47868 [00:12<02:57, 253.95it/s]Tokenizing inputs:   6%|▌         | 2732/47868 [00:12<02:59, 250.99it/s]Tokenizing inputs:   6%|▌         | 2758/47868 [00:12<02:58, 252.76it/s]Tokenizing inputs:   6%|▌         | 2784/47868 [00:13<02:57, 253.53it/s]Tokenizing inputs:   6%|▌         | 2810/47868 [00:13<02:56, 255.29it/s]Tokenizing inputs:   6%|▌         | 2836/47868 [00:13<02:56, 255.59it/s]Tokenizing inputs:   6%|▌         | 2862/47868 [00:13<02:57, 253.51it/s]Tokenizing inputs:   6%|▌         | 2888/47868 [00:13<02:58, 251.59it/s]Tokenizing inputs:   6%|▌         | 2914/47868 [00:13<02:57, 252.81it/s]Tokenizing inputs:   6%|▌         | 2940/47868 [00:13<02:56, 254.40it/s]Tokenizing inputs:   6%|▌         | 2967/47868 [00:13<02:54, 257.19it/s]Tokenizing inputs:   6%|▋         | 2993/47868 [00:13<02:54, 257.06it/s]Tokenizing inputs:   6%|▋         | 3019/47868 [00:13<02:55, 255.01it/s]Tokenizing inputs:   6%|▋         | 3045/47868 [00:14<02:57, 252.26it/s]Tokenizing inputs:   6%|▋         | 3071/47868 [00:14<02:57, 252.39it/s]Tokenizing inputs:   6%|▋         | 3097/47868 [00:14<02:59, 250.04it/s]Tokenizing inputs:   7%|▋         | 3123/47868 [00:14<02:58, 251.16it/s]Tokenizing inputs:   7%|▋         | 3149/47868 [00:14<02:56, 252.71it/s]Tokenizing inputs:   7%|▋         | 3175/47868 [00:14<02:56, 253.10it/s]Tokenizing inputs:   7%|▋         | 3201/47868 [00:14<02:57, 252.29it/s]Tokenizing inputs:   7%|▋         | 3227/47868 [00:14<02:57, 250.91it/s]Tokenizing inputs:   7%|▋         | 3253/47868 [00:14<02:58, 250.41it/s]Tokenizing inputs:   7%|▋         | 3279/47868 [00:15<02:56, 252.40it/s]Tokenizing inputs:   7%|▋         | 3306/47868 [00:15<02:54, 255.79it/s]Tokenizing inputs:   7%|▋         | 3332/47868 [00:15<02:55, 254.48it/s]Tokenizing inputs:   7%|▋         | 3358/47868 [00:15<02:56, 252.41it/s]Tokenizing inputs:   7%|▋         | 3385/47868 [00:15<02:54, 254.71it/s]Tokenizing inputs:   7%|▋         | 3411/47868 [00:15<02:55, 253.87it/s]Tokenizing inputs:   7%|▋         | 3437/47868 [00:15<02:54, 254.59it/s]Tokenizing inputs:   7%|▋         | 3463/47868 [00:15<02:54, 254.40it/s]Tokenizing inputs:   7%|▋         | 3489/47868 [00:15<02:54, 254.28it/s]Tokenizing inputs:   7%|▋         | 3515/47868 [00:15<02:53, 255.32it/s]Tokenizing inputs:   7%|▋         | 3541/47868 [00:16<02:55, 253.00it/s]Tokenizing inputs:   7%|▋         | 3567/47868 [00:16<02:56, 251.26it/s]Tokenizing inputs:   8%|▊         | 3593/47868 [00:16<02:56, 250.37it/s]Tokenizing inputs:   8%|▊         | 3619/47868 [00:16<02:56, 250.97it/s]Tokenizing inputs:   8%|▊         | 3645/47868 [00:16<02:55, 252.36it/s]Tokenizing inputs:   8%|▊         | 3671/47868 [00:16<02:58, 248.08it/s]Tokenizing inputs:   8%|▊         | 3697/47868 [00:16<02:57, 248.50it/s]Tokenizing inputs:   8%|▊         | 3723/47868 [00:16<02:56, 250.25it/s]Tokenizing inputs:   8%|▊         | 3749/47868 [00:16<02:56, 249.54it/s]Tokenizing inputs:   8%|▊         | 3775/47868 [00:16<02:56, 250.02it/s]Tokenizing inputs:   8%|▊         | 3801/47868 [00:17<02:56, 250.37it/s]Tokenizing inputs:   8%|▊         | 3827/47868 [00:17<02:54, 252.35it/s]Tokenizing inputs:   8%|▊         | 3853/47868 [00:17<02:57, 247.79it/s]Tokenizing inputs:   8%|▊         | 3878/47868 [00:17<02:57, 247.79it/s]Tokenizing inputs:   8%|▊         | 3903/47868 [00:17<02:57, 247.99it/s]Tokenizing inputs:   8%|▊         | 3928/47868 [00:17<03:10, 230.11it/s]Tokenizing inputs:   8%|▊         | 3954/47868 [00:17<03:05, 236.81it/s]Tokenizing inputs:   8%|▊         | 3980/47868 [00:17<03:02, 240.64it/s]Tokenizing inputs:   8%|▊         | 4007/47868 [00:17<02:56, 248.32it/s]Tokenizing inputs:   8%|▊         | 4045/47868 [00:18<02:34, 284.29it/s]Tokenizing inputs:   9%|▊         | 4081/47868 [00:18<02:23, 304.66it/s]Tokenizing inputs:   9%|▊         | 4118/47868 [00:18<02:15, 323.02it/s]Tokenizing inputs:   9%|▊         | 4155/47868 [00:18<02:10, 335.98it/s]Tokenizing inputs:   9%|▉         | 4193/47868 [00:18<02:06, 346.46it/s]Tokenizing inputs:   9%|▉         | 4231/47868 [00:18<02:03, 354.13it/s]Tokenizing inputs:   9%|▉         | 4267/47868 [00:18<02:02, 355.59it/s]Tokenizing inputs:   9%|▉         | 4305/47868 [00:18<02:01, 359.99it/s]Tokenizing inputs:   9%|▉         | 4342/47868 [00:18<02:00, 360.94it/s]Tokenizing inputs:   9%|▉         | 4380/47868 [00:18<01:59, 363.92it/s]Tokenizing inputs:   9%|▉         | 4417/47868 [00:19<01:58, 365.41it/s]Tokenizing inputs:   9%|▉         | 4454/47868 [00:19<01:58, 366.63it/s]Tokenizing inputs:   9%|▉         | 4491/47868 [00:19<01:59, 363.46it/s]Tokenizing inputs:   9%|▉         | 4529/47868 [00:19<01:58, 366.83it/s]Tokenizing inputs:  10%|▉         | 4567/47868 [00:19<01:57, 369.71it/s]Tokenizing inputs:  10%|▉         | 4604/47868 [00:19<01:57, 368.33it/s]Tokenizing inputs:  10%|▉         | 4641/47868 [00:19<01:58, 363.32it/s]Tokenizing inputs:  10%|▉         | 4678/47868 [00:19<01:58, 363.30it/s]Tokenizing inputs:  10%|▉         | 4715/47868 [00:19<01:59, 362.38it/s]Tokenizing inputs:  10%|▉         | 4752/47868 [00:19<01:58, 364.00it/s]Tokenizing inputs:  10%|█         | 4789/47868 [00:20<01:58, 362.94it/s]Tokenizing inputs:  10%|█         | 4826/47868 [00:20<01:58, 364.04it/s]Tokenizing inputs:  10%|█         | 4863/47868 [00:20<01:58, 363.84it/s]Tokenizing inputs:  10%|█         | 4902/47868 [00:20<01:56, 368.78it/s]Tokenizing inputs:  10%|█         | 4939/47868 [00:20<01:57, 365.21it/s]Tokenizing inputs:  10%|█         | 4976/47868 [00:20<01:57, 365.58it/s]Tokenizing inputs:  10%|█         | 5014/47868 [00:20<01:56, 366.93it/s]Tokenizing inputs:  11%|█         | 5051/47868 [00:20<01:56, 367.64it/s]Tokenizing inputs:  11%|█         | 5088/47868 [00:20<01:56, 366.21it/s]Tokenizing inputs:  11%|█         | 5125/47868 [00:21<01:57, 363.85it/s]Tokenizing inputs:  11%|█         | 5162/47868 [00:21<01:58, 361.91it/s]Tokenizing inputs:  11%|█         | 5199/47868 [00:21<01:58, 361.15it/s]Tokenizing inputs:  11%|█         | 5236/47868 [00:21<01:57, 361.73it/s]Tokenizing inputs:  11%|█         | 5273/47868 [00:21<01:58, 358.73it/s]Tokenizing inputs:  11%|█         | 5309/47868 [00:21<01:58, 358.09it/s]Tokenizing inputs:  11%|█         | 5346/47868 [00:21<01:58, 360.24it/s]Tokenizing inputs:  11%|█         | 5383/47868 [00:21<01:58, 359.41it/s]Tokenizing inputs:  11%|█▏        | 5419/47868 [00:21<01:58, 359.44it/s]Tokenizing inputs:  11%|█▏        | 5456/47868 [00:21<01:57, 361.84it/s]Tokenizing inputs:  11%|█▏        | 5493/47868 [00:22<01:56, 363.48it/s]Tokenizing inputs:  12%|█▏        | 5530/47868 [00:22<01:56, 363.81it/s]Tokenizing inputs:  12%|█▏        | 5567/47868 [00:22<01:56, 363.37it/s]Tokenizing inputs:  12%|█▏        | 5604/47868 [00:22<01:57, 358.64it/s]Tokenizing inputs:  12%|█▏        | 5640/47868 [00:22<01:58, 357.74it/s]Tokenizing inputs:  12%|█▏        | 5676/47868 [00:22<01:59, 354.28it/s]Tokenizing inputs:  12%|█▏        | 5713/47868 [00:22<01:57, 357.43it/s]Tokenizing inputs:  12%|█▏        | 5750/47868 [00:22<01:56, 360.69it/s]Tokenizing inputs:  12%|█▏        | 5787/47868 [00:22<01:57, 359.30it/s]Tokenizing inputs:  12%|█▏        | 5824/47868 [00:22<01:56, 360.27it/s]Tokenizing inputs:  12%|█▏        | 5861/47868 [00:23<01:56, 360.20it/s]Tokenizing inputs:  12%|█▏        | 5898/47868 [00:23<01:57, 358.18it/s]Tokenizing inputs:  12%|█▏        | 5934/47868 [00:23<01:57, 357.62it/s]Tokenizing inputs:  12%|█▏        | 5970/47868 [00:23<02:01, 344.51it/s]Tokenizing inputs:  13%|█▎        | 6005/47868 [00:23<02:03, 338.97it/s]Tokenizing inputs:  13%|█▎        | 6039/47868 [00:23<02:25, 287.15it/s]Tokenizing inputs:  13%|█▎        | 6070/47868 [00:23<02:39, 262.70it/s]Tokenizing inputs:  13%|█▎        | 6098/47868 [00:23<02:50, 245.65it/s]Tokenizing inputs:  13%|█▎        | 6124/47868 [00:24<02:59, 232.74it/s]Tokenizing inputs:  13%|█▎        | 6148/47868 [00:24<03:04, 225.88it/s]Tokenizing inputs:  13%|█▎        | 6171/47868 [00:24<03:08, 221.29it/s]Tokenizing inputs:  13%|█▎        | 6194/47868 [00:24<03:12, 216.36it/s]Tokenizing inputs:  13%|█▎        | 6216/47868 [00:24<03:14, 213.76it/s]Tokenizing inputs:  13%|█▎        | 6238/47868 [00:24<03:17, 211.19it/s]Tokenizing inputs:  13%|█▎        | 6260/47868 [00:24<03:16, 211.83it/s]Tokenizing inputs:  13%|█▎        | 6282/47868 [00:24<03:19, 208.68it/s]Tokenizing inputs:  13%|█▎        | 6303/47868 [00:24<03:21, 206.18it/s]Tokenizing inputs:  13%|█▎        | 6324/47868 [00:25<03:21, 205.80it/s]Tokenizing inputs:  13%|█▎        | 6345/47868 [00:25<03:21, 205.72it/s]Tokenizing inputs:  13%|█▎        | 6367/47868 [00:25<03:18, 208.86it/s]Tokenizing inputs:  13%|█▎        | 6389/47868 [00:25<03:15, 211.99it/s]Tokenizing inputs:  13%|█▎        | 6411/47868 [00:25<03:17, 209.65it/s]Tokenizing inputs:  13%|█▎        | 6432/47868 [00:25<03:18, 208.73it/s]Tokenizing inputs:  13%|█▎        | 6455/47868 [00:25<03:16, 210.40it/s]Tokenizing inputs:  14%|█▎        | 6478/47868 [00:25<03:13, 213.95it/s]Tokenizing inputs:  14%|█▎        | 6500/47868 [00:25<03:15, 211.24it/s]Tokenizing inputs:  14%|█▎        | 6522/47868 [00:25<03:17, 208.84it/s]Tokenizing inputs:  14%|█▎        | 6543/47868 [00:26<03:18, 208.48it/s]Tokenizing inputs:  14%|█▎        | 6565/47868 [00:26<03:16, 210.33it/s]Tokenizing inputs:  14%|█▍        | 6587/47868 [00:26<03:15, 211.08it/s]Tokenizing inputs:  14%|█▍        | 6609/47868 [00:26<03:14, 211.95it/s]Tokenizing inputs:  14%|█▍        | 6631/47868 [00:26<03:17, 209.02it/s]Tokenizing inputs:  14%|█▍        | 6653/47868 [00:26<03:15, 210.40it/s]Tokenizing inputs:  14%|█▍        | 6675/47868 [00:26<03:16, 209.28it/s]Tokenizing inputs:  14%|█▍        | 6696/47868 [00:26<03:16, 209.01it/s]Tokenizing inputs:  14%|█▍        | 6717/47868 [00:26<03:18, 206.90it/s]Tokenizing inputs:  14%|█▍        | 6738/47868 [00:26<03:19, 206.62it/s]Tokenizing inputs:  14%|█▍        | 6759/47868 [00:27<03:18, 206.63it/s]Tokenizing inputs:  14%|█▍        | 6780/47868 [00:27<03:18, 206.85it/s]Tokenizing inputs:  14%|█▍        | 6801/47868 [00:27<03:21, 203.75it/s]Tokenizing inputs:  14%|█▍        | 6822/47868 [00:27<03:19, 205.25it/s]Tokenizing inputs:  14%|█▍        | 6843/47868 [00:27<03:22, 202.96it/s]Tokenizing inputs:  14%|█▍        | 6864/47868 [00:27<03:21, 203.99it/s]Tokenizing inputs:  14%|█▍        | 6885/47868 [00:27<03:19, 205.46it/s]Tokenizing inputs:  14%|█▍        | 6907/47868 [00:27<03:15, 209.20it/s]Tokenizing inputs:  14%|█▍        | 6928/47868 [00:27<03:15, 209.16it/s]Tokenizing inputs:  15%|█▍        | 6949/47868 [00:28<03:17, 207.48it/s]Tokenizing inputs:  15%|█▍        | 6970/47868 [00:28<03:19, 205.51it/s]Tokenizing inputs:  15%|█▍        | 6992/47868 [00:28<03:16, 207.63it/s]Tokenizing inputs:  15%|█▍        | 7014/47868 [00:28<03:14, 210.00it/s]Tokenizing inputs:  15%|█▍        | 7036/47868 [00:28<03:12, 211.77it/s]Tokenizing inputs:  15%|█▍        | 7059/47868 [00:28<03:09, 215.01it/s]Tokenizing inputs:  15%|█▍        | 7081/47868 [00:28<03:10, 213.88it/s]Tokenizing inputs:  15%|█▍        | 7103/47868 [00:28<03:11, 213.21it/s]Tokenizing inputs:  15%|█▍        | 7125/47868 [00:28<03:14, 209.30it/s]Tokenizing inputs:  15%|█▍        | 7146/47868 [00:28<03:17, 206.37it/s]Tokenizing inputs:  15%|█▍        | 7167/47868 [00:29<03:17, 206.01it/s]Tokenizing inputs:  15%|█▌        | 7189/47868 [00:29<03:15, 207.57it/s]Tokenizing inputs:  15%|█▌        | 7210/47868 [00:29<03:17, 206.30it/s]Tokenizing inputs:  15%|█▌        | 7231/47868 [00:29<03:20, 203.06it/s]Tokenizing inputs:  15%|█▌        | 7252/47868 [00:29<03:18, 204.40it/s]Tokenizing inputs:  15%|█▌        | 7274/47868 [00:29<03:14, 208.58it/s]Tokenizing inputs:  15%|█▌        | 7295/47868 [00:29<03:14, 208.88it/s]Tokenizing inputs:  15%|█▌        | 7316/47868 [00:29<03:15, 207.65it/s]Tokenizing inputs:  15%|█▌        | 7337/47868 [00:29<03:14, 207.95it/s]Tokenizing inputs:  15%|█▌        | 7358/47868 [00:29<03:15, 207.44it/s]Tokenizing inputs:  15%|█▌        | 7379/47868 [00:30<03:14, 208.05it/s]Tokenizing inputs:  15%|█▌        | 7400/47868 [00:30<03:14, 208.25it/s]Tokenizing inputs:  16%|█▌        | 7421/47868 [00:30<03:14, 208.23it/s]Tokenizing inputs:  16%|█▌        | 7443/47868 [00:30<03:11, 211.15it/s]Tokenizing inputs:  16%|█▌        | 7465/47868 [00:30<03:11, 211.48it/s]Tokenizing inputs:  16%|█▌        | 7487/47868 [00:30<03:11, 210.35it/s]Tokenizing inputs:  16%|█▌        | 7509/47868 [00:30<03:13, 208.20it/s]Tokenizing inputs:  16%|█▌        | 7530/47868 [00:30<03:15, 206.23it/s]Tokenizing inputs:  16%|█▌        | 7552/47868 [00:30<03:12, 209.64it/s]Tokenizing inputs:  16%|█▌        | 7573/47868 [00:31<03:12, 209.54it/s]Tokenizing inputs:  16%|█▌        | 7595/47868 [00:31<03:11, 209.78it/s]Tokenizing inputs:  16%|█▌        | 7616/47868 [00:31<03:13, 208.47it/s]Tokenizing inputs:  16%|█▌        | 7638/47868 [00:31<03:10, 211.23it/s]Tokenizing inputs:  16%|█▌        | 7660/47868 [00:31<03:11, 209.68it/s]Tokenizing inputs:  16%|█▌        | 7682/47868 [00:31<03:10, 210.93it/s]Tokenizing inputs:  16%|█▌        | 7704/47868 [00:31<03:10, 210.57it/s]Tokenizing inputs:  16%|█▌        | 7726/47868 [00:31<03:11, 209.25it/s]Tokenizing inputs:  16%|█▌        | 7747/47868 [00:31<03:12, 208.49it/s]Tokenizing inputs:  16%|█▌        | 7769/47868 [00:31<03:09, 211.66it/s]Tokenizing inputs:  16%|█▋        | 7791/47868 [00:32<03:09, 211.68it/s]Tokenizing inputs:  16%|█▋        | 7813/47868 [00:32<03:07, 213.67it/s]Tokenizing inputs:  16%|█▋        | 7835/47868 [00:32<03:11, 209.44it/s]Tokenizing inputs:  16%|█▋        | 7857/47868 [00:32<03:08, 212.01it/s]Tokenizing inputs:  16%|█▋        | 7879/47868 [00:32<03:10, 209.95it/s]Tokenizing inputs:  17%|█▋        | 7901/47868 [00:32<03:11, 209.18it/s]Tokenizing inputs:  17%|█▋        | 7922/47868 [00:32<03:11, 208.35it/s]Tokenizing inputs:  17%|█▋        | 7943/47868 [00:32<03:12, 206.93it/s]Tokenizing inputs:  17%|█▋        | 7964/47868 [00:32<03:12, 207.28it/s]Tokenizing inputs:  17%|█▋        | 7985/47868 [00:33<03:28, 190.85it/s]Tokenizing inputs:  17%|█▋        | 8011/47868 [00:33<03:11, 208.63it/s]Tokenizing inputs:  17%|█▋        | 8046/47868 [00:33<02:40, 248.21it/s]Tokenizing inputs:  17%|█▋        | 8081/47868 [00:33<02:24, 275.85it/s]Tokenizing inputs:  17%|█▋        | 8115/47868 [00:33<02:15, 294.40it/s]Tokenizing inputs:  17%|█▋        | 8150/47868 [00:33<02:07, 310.67it/s]Tokenizing inputs:  17%|█▋        | 8185/47868 [00:33<02:03, 320.47it/s]Tokenizing inputs:  17%|█▋        | 8220/47868 [00:33<02:00, 327.96it/s]Tokenizing inputs:  17%|█▋        | 8255/47868 [00:33<01:59, 332.04it/s]Tokenizing inputs:  17%|█▋        | 8289/47868 [00:33<01:59, 330.71it/s]Tokenizing inputs:  17%|█▋        | 8324/47868 [00:34<01:58, 333.65it/s]Tokenizing inputs:  17%|█▋        | 8358/47868 [00:34<01:57, 334.91it/s]Tokenizing inputs:  18%|█▊        | 8392/47868 [00:34<01:57, 335.70it/s]Tokenizing inputs:  18%|█▊        | 8427/47868 [00:34<01:56, 339.64it/s]Tokenizing inputs:  18%|█▊        | 8463/47868 [00:34<01:54, 344.07it/s]Tokenizing inputs:  18%|█▊        | 8498/47868 [00:34<01:55, 341.68it/s]Tokenizing inputs:  18%|█▊        | 8533/47868 [00:34<01:54, 343.27it/s]Tokenizing inputs:  18%|█▊        | 8569/47868 [00:34<01:53, 345.73it/s]Tokenizing inputs:  18%|█▊        | 8605/47868 [00:34<01:52, 348.17it/s]Tokenizing inputs:  18%|█▊        | 8641/47868 [00:34<01:52, 349.05it/s]Tokenizing inputs:  18%|█▊        | 8676/47868 [00:35<01:53, 346.02it/s]Tokenizing inputs:  18%|█▊        | 8712/47868 [00:35<01:52, 348.63it/s]Tokenizing inputs:  18%|█▊        | 8747/47868 [00:35<01:52, 347.00it/s]Tokenizing inputs:  18%|█▊        | 8782/47868 [00:35<01:52, 346.21it/s]Tokenizing inputs:  18%|█▊        | 8817/47868 [00:35<01:52, 346.67it/s]Tokenizing inputs:  18%|█▊        | 8852/47868 [00:35<01:52, 346.57it/s]Tokenizing inputs:  19%|█▊        | 8887/47868 [00:35<01:53, 342.21it/s]Tokenizing inputs:  19%|█▊        | 8922/47868 [00:35<01:53, 344.03it/s]Tokenizing inputs:  19%|█▊        | 8958/47868 [00:35<01:52, 346.16it/s]Tokenizing inputs:  19%|█▉        | 8993/47868 [00:35<01:52, 346.96it/s]Tokenizing inputs:  19%|█▉        | 9028/47868 [00:36<01:53, 343.03it/s]Tokenizing inputs:  19%|█▉        | 9063/47868 [00:36<01:53, 341.17it/s]Tokenizing inputs:  19%|█▉        | 9098/47868 [00:36<01:53, 341.76it/s]Tokenizing inputs:  19%|█▉        | 9133/47868 [00:36<01:52, 342.84it/s]Tokenizing inputs:  19%|█▉        | 9168/47868 [00:36<01:53, 341.06it/s]Tokenizing inputs:  19%|█▉        | 9203/47868 [00:36<01:53, 340.61it/s]Tokenizing inputs:  19%|█▉        | 9238/47868 [00:36<01:53, 339.58it/s]Tokenizing inputs:  19%|█▉        | 9272/47868 [00:36<01:53, 339.31it/s]Tokenizing inputs:  19%|█▉        | 9308/47868 [00:36<01:52, 342.54it/s]Tokenizing inputs:  20%|█▉        | 9343/47868 [00:36<01:53, 339.21it/s]Tokenizing inputs:  20%|█▉        | 9377/47868 [00:37<01:53, 338.70it/s]Tokenizing inputs:  20%|█▉        | 9412/47868 [00:37<01:52, 341.16it/s]Tokenizing inputs:  20%|█▉        | 9447/47868 [00:37<01:52, 342.11it/s]Tokenizing inputs:  20%|█▉        | 9482/47868 [00:37<01:52, 341.21it/s]Tokenizing inputs:  20%|█▉        | 9517/47868 [00:37<01:52, 339.85it/s]Tokenizing inputs:  20%|█▉        | 9551/47868 [00:37<01:53, 336.53it/s]Tokenizing inputs:  20%|██        | 9585/47868 [00:37<01:54, 335.57it/s]Tokenizing inputs:  20%|██        | 9619/47868 [00:37<01:54, 334.32it/s]Tokenizing inputs:  20%|██        | 9653/47868 [00:37<01:54, 334.15it/s]Tokenizing inputs:  20%|██        | 9687/47868 [00:38<01:55, 331.35it/s]Tokenizing inputs:  20%|██        | 9721/47868 [00:38<01:54, 331.96it/s]Tokenizing inputs:  20%|██        | 9755/47868 [00:38<01:54, 333.37it/s]Tokenizing inputs:  20%|██        | 9789/47868 [00:38<01:53, 334.20it/s]Tokenizing inputs:  21%|██        | 9823/47868 [00:38<01:53, 335.39it/s]Tokenizing inputs:  21%|██        | 9857/47868 [00:38<01:54, 332.75it/s]Tokenizing inputs:  21%|██        | 9891/47868 [00:38<01:54, 331.34it/s]Tokenizing inputs:  21%|██        | 9925/47868 [00:38<01:54, 330.13it/s]Tokenizing inputs:  21%|██        | 9959/47868 [00:38<01:54, 331.96it/s]Tokenizing inputs:  21%|██        | 9993/47868 [00:38<01:54, 331.23it/s]Tokenizing inputs:  21%|██        | 10027/47868 [00:39<02:03, 307.53it/s]Tokenizing inputs:  21%|██        | 10059/47868 [00:39<02:03, 305.13it/s]Tokenizing inputs:  21%|██        | 10090/47868 [00:39<02:04, 302.51it/s]Tokenizing inputs:  21%|██        | 10121/47868 [00:39<02:05, 300.37it/s]Tokenizing inputs:  21%|██        | 10152/47868 [00:39<02:05, 300.95it/s]Tokenizing inputs:  21%|██▏       | 10183/47868 [00:39<02:05, 300.29it/s]Tokenizing inputs:  21%|██▏       | 10214/47868 [00:39<02:06, 298.31it/s]Tokenizing inputs:  21%|██▏       | 10244/47868 [00:39<02:07, 296.22it/s]Tokenizing inputs:  21%|██▏       | 10274/47868 [00:39<02:08, 292.54it/s]Tokenizing inputs:  22%|██▏       | 10304/47868 [00:39<02:08, 292.35it/s]Tokenizing inputs:  22%|██▏       | 10334/47868 [00:40<02:08, 292.40it/s]Tokenizing inputs:  22%|██▏       | 10364/47868 [00:40<02:09, 290.65it/s]Tokenizing inputs:  22%|██▏       | 10394/47868 [00:40<02:09, 288.77it/s]Tokenizing inputs:  22%|██▏       | 10425/47868 [00:40<02:08, 292.52it/s]Tokenizing inputs:  22%|██▏       | 10455/47868 [00:40<02:07, 294.46it/s]Tokenizing inputs:  22%|██▏       | 10485/47868 [00:40<02:07, 294.24it/s]Tokenizing inputs:  22%|██▏       | 10515/47868 [00:40<02:06, 294.83it/s]Tokenizing inputs:  22%|██▏       | 10545/47868 [00:40<02:06, 294.77it/s]Tokenizing inputs:  22%|██▏       | 10575/47868 [00:40<02:06, 295.94it/s]Tokenizing inputs:  22%|██▏       | 10606/47868 [00:41<02:05, 297.50it/s]Tokenizing inputs:  22%|██▏       | 10636/47868 [00:41<02:04, 298.20it/s]Tokenizing inputs:  22%|██▏       | 10666/47868 [00:41<02:05, 295.58it/s]Tokenizing inputs:  22%|██▏       | 10696/47868 [00:41<02:05, 295.29it/s]Tokenizing inputs:  22%|██▏       | 10726/47868 [00:41<02:06, 293.86it/s]Tokenizing inputs:  22%|██▏       | 10756/47868 [00:41<02:05, 294.60it/s]Tokenizing inputs:  23%|██▎       | 10786/47868 [00:41<02:05, 295.68it/s]Tokenizing inputs:  23%|██▎       | 10816/47868 [00:41<02:04, 296.86it/s]Tokenizing inputs:  23%|██▎       | 10847/47868 [00:41<02:04, 298.03it/s]Tokenizing inputs:  23%|██▎       | 10877/47868 [00:41<02:05, 294.81it/s]Tokenizing inputs:  23%|██▎       | 10907/47868 [00:42<02:05, 295.23it/s]Tokenizing inputs:  23%|██▎       | 10937/47868 [00:42<02:04, 296.59it/s]Tokenizing inputs:  23%|██▎       | 10967/47868 [00:42<02:04, 296.50it/s]Tokenizing inputs:  23%|██▎       | 10997/47868 [00:42<02:05, 293.13it/s]Tokenizing inputs:  23%|██▎       | 11027/47868 [00:42<02:07, 288.97it/s]Tokenizing inputs:  23%|██▎       | 11056/47868 [00:42<02:08, 285.75it/s]Tokenizing inputs:  23%|██▎       | 11085/47868 [00:42<02:09, 283.22it/s]Tokenizing inputs:  23%|██▎       | 11114/47868 [00:42<02:09, 283.17it/s]Tokenizing inputs:  23%|██▎       | 11144/47868 [00:42<02:08, 285.83it/s]Tokenizing inputs:  23%|██▎       | 11174/47868 [00:42<02:07, 288.57it/s]Tokenizing inputs:  23%|██▎       | 11204/47868 [00:43<02:06, 290.70it/s]Tokenizing inputs:  23%|██▎       | 11234/47868 [00:43<02:05, 290.82it/s]Tokenizing inputs:  24%|██▎       | 11264/47868 [00:43<02:05, 291.52it/s]Tokenizing inputs:  24%|██▎       | 11295/47868 [00:43<02:04, 294.48it/s]Tokenizing inputs:  24%|██▎       | 11325/47868 [00:43<02:03, 295.33it/s]Tokenizing inputs:  24%|██▎       | 11355/47868 [00:43<02:04, 292.66it/s]Tokenizing inputs:  24%|██▍       | 11385/47868 [00:43<02:04, 292.95it/s]Tokenizing inputs:  24%|██▍       | 11415/47868 [00:43<02:03, 294.04it/s]Tokenizing inputs:  24%|██▍       | 11445/47868 [00:43<02:03, 294.60it/s]Tokenizing inputs:  24%|██▍       | 11475/47868 [00:43<02:03, 295.21it/s]Tokenizing inputs:  24%|██▍       | 11505/47868 [00:44<02:03, 294.34it/s]Tokenizing inputs:  24%|██▍       | 11535/47868 [00:44<02:03, 293.18it/s]Tokenizing inputs:  24%|██▍       | 11565/47868 [00:44<02:04, 291.10it/s]Tokenizing inputs:  24%|██▍       | 11595/47868 [00:44<02:05, 288.15it/s]Tokenizing inputs:  24%|██▍       | 11625/47868 [00:44<02:05, 289.39it/s]Tokenizing inputs:  24%|██▍       | 11655/47868 [00:44<02:05, 289.23it/s]Tokenizing inputs:  24%|██▍       | 11684/47868 [00:44<02:05, 288.28it/s]Tokenizing inputs:  24%|██▍       | 11714/47868 [00:44<02:05, 289.13it/s]Tokenizing inputs:  25%|██▍       | 11744/47868 [00:44<02:04, 289.67it/s]Tokenizing inputs:  25%|██▍       | 11773/47868 [00:45<02:04, 289.74it/s]Tokenizing inputs:  25%|██▍       | 11802/47868 [00:45<02:04, 289.58it/s]Tokenizing inputs:  25%|██▍       | 11832/47868 [00:45<02:03, 291.91it/s]Tokenizing inputs:  25%|██▍       | 11862/47868 [00:45<02:03, 290.80it/s]Tokenizing inputs:  25%|██▍       | 11892/47868 [00:45<02:04, 289.20it/s]Tokenizing inputs:  25%|██▍       | 11921/47868 [00:45<02:06, 285.10it/s]Tokenizing inputs:  25%|██▍       | 11950/47868 [00:45<02:05, 286.13it/s]Tokenizing inputs:  25%|██▌       | 11979/47868 [00:45<02:05, 286.85it/s]Tokenizing inputs:  25%|██▌       | 12008/47868 [00:45<02:06, 283.73it/s]Tokenizing inputs:  25%|██▌       | 12037/47868 [00:45<02:08, 277.83it/s]Tokenizing inputs:  25%|██▌       | 12065/47868 [00:46<02:17, 260.70it/s]Tokenizing inputs:  25%|██▌       | 12092/47868 [00:46<02:16, 261.96it/s]Tokenizing inputs:  25%|██▌       | 12119/47868 [00:46<02:15, 262.88it/s]Tokenizing inputs:  25%|██▌       | 12146/47868 [00:46<02:15, 264.54it/s]Tokenizing inputs:  25%|██▌       | 12174/47868 [00:46<02:13, 266.52it/s]Tokenizing inputs:  25%|██▌       | 12202/47868 [00:46<02:12, 269.11it/s]Tokenizing inputs:  26%|██▌       | 12230/47868 [00:46<02:11, 270.13it/s]Tokenizing inputs:  26%|██▌       | 12258/47868 [00:46<02:12, 269.71it/s]Tokenizing inputs:  26%|██▌       | 12285/47868 [00:46<02:12, 269.19it/s]Tokenizing inputs:  26%|██▌       | 12312/47868 [00:46<02:13, 266.67it/s]Tokenizing inputs:  26%|██▌       | 12339/47868 [00:47<02:13, 265.73it/s]Tokenizing inputs:  26%|██▌       | 12366/47868 [00:47<02:14, 264.58it/s]Tokenizing inputs:  26%|██▌       | 12393/47868 [00:47<02:14, 262.88it/s]Tokenizing inputs:  26%|██▌       | 12420/47868 [00:47<02:15, 260.92it/s]Tokenizing inputs:  26%|██▌       | 12447/47868 [00:47<02:15, 260.58it/s]Tokenizing inputs:  26%|██▌       | 12474/47868 [00:47<02:15, 261.24it/s]Tokenizing inputs:  26%|██▌       | 12501/47868 [00:47<02:16, 258.39it/s]Tokenizing inputs:  26%|██▌       | 12528/47868 [00:47<02:16, 259.75it/s]Tokenizing inputs:  26%|██▌       | 12554/47868 [00:47<02:15, 259.76it/s]Tokenizing inputs:  26%|██▋       | 12580/47868 [00:48<02:15, 259.48it/s]Tokenizing inputs:  26%|██▋       | 12607/47868 [00:48<02:15, 260.54it/s]Tokenizing inputs:  26%|██▋       | 12634/47868 [00:48<02:14, 261.07it/s]Tokenizing inputs:  26%|██▋       | 12661/47868 [00:48<02:14, 261.24it/s]Tokenizing inputs:  27%|██▋       | 12688/47868 [00:48<02:14, 262.33it/s]Tokenizing inputs:  27%|██▋       | 12715/47868 [00:48<02:15, 260.18it/s]Tokenizing inputs:  27%|██▋       | 12742/47868 [00:48<02:15, 259.77it/s]Tokenizing inputs:  27%|██▋       | 12768/47868 [00:48<02:16, 256.65it/s]Tokenizing inputs:  27%|██▋       | 12795/47868 [00:48<02:15, 258.60it/s]Tokenizing inputs:  27%|██▋       | 12821/47868 [00:48<02:15, 258.89it/s]Tokenizing inputs:  27%|██▋       | 12847/47868 [00:49<02:16, 256.42it/s]Tokenizing inputs:  27%|██▋       | 12873/47868 [00:49<02:16, 257.13it/s]Tokenizing inputs:  27%|██▋       | 12899/47868 [00:49<02:16, 255.38it/s]Tokenizing inputs:  27%|██▋       | 12925/47868 [00:49<02:19, 251.12it/s]Tokenizing inputs:  27%|██▋       | 12951/47868 [00:49<02:18, 252.18it/s]Tokenizing inputs:  27%|██▋       | 12977/47868 [00:49<02:17, 253.48it/s]Tokenizing inputs:  27%|██▋       | 13003/47868 [00:49<02:17, 252.94it/s]Tokenizing inputs:  27%|██▋       | 13029/47868 [00:49<02:16, 254.57it/s]Tokenizing inputs:  27%|██▋       | 13056/47868 [00:49<02:14, 258.27it/s]Tokenizing inputs:  27%|██▋       | 13083/47868 [00:49<02:13, 260.21it/s]Tokenizing inputs:  27%|██▋       | 13110/47868 [00:50<02:14, 258.38it/s]Tokenizing inputs:  27%|██▋       | 13137/47868 [00:50<02:13, 259.59it/s]Tokenizing inputs:  28%|██▊       | 13164/47868 [00:50<02:13, 260.85it/s]Tokenizing inputs:  28%|██▊       | 13191/47868 [00:50<02:12, 262.15it/s]Tokenizing inputs:  28%|██▊       | 13218/47868 [00:50<02:12, 262.45it/s]Tokenizing inputs:  28%|██▊       | 13245/47868 [00:50<02:10, 264.31it/s]Tokenizing inputs:  28%|██▊       | 13272/47868 [00:50<02:11, 263.38it/s]Tokenizing inputs:  28%|██▊       | 13299/47868 [00:50<02:11, 262.69it/s]Tokenizing inputs:  28%|██▊       | 13326/47868 [00:50<02:11, 262.62it/s]Tokenizing inputs:  28%|██▊       | 13353/47868 [00:51<02:11, 262.94it/s]Tokenizing inputs:  28%|██▊       | 13380/47868 [00:51<02:10, 263.68it/s]Tokenizing inputs:  28%|██▊       | 13407/47868 [00:51<02:10, 263.55it/s]Tokenizing inputs:  28%|██▊       | 13434/47868 [00:51<02:10, 264.26it/s]Tokenizing inputs:  28%|██▊       | 13461/47868 [00:51<02:10, 264.52it/s]Tokenizing inputs:  28%|██▊       | 13488/47868 [00:51<02:10, 264.03it/s]Tokenizing inputs:  28%|██▊       | 13515/47868 [00:51<02:11, 262.05it/s]Tokenizing inputs:  28%|██▊       | 13542/47868 [00:51<02:10, 263.50it/s]Tokenizing inputs:  28%|██▊       | 13569/47868 [00:51<02:09, 264.38it/s]Tokenizing inputs:  28%|██▊       | 13596/47868 [00:51<02:11, 260.82it/s]Tokenizing inputs:  28%|██▊       | 13623/47868 [00:52<02:10, 261.83it/s]Tokenizing inputs:  29%|██▊       | 13650/47868 [00:52<02:10, 261.69it/s]Tokenizing inputs:  29%|██▊       | 13677/47868 [00:52<02:12, 258.64it/s]Tokenizing inputs:  29%|██▊       | 13704/47868 [00:52<02:10, 261.50it/s]Tokenizing inputs:  29%|██▊       | 13731/47868 [00:52<02:10, 262.28it/s]Tokenizing inputs:  29%|██▊       | 13758/47868 [00:52<02:09, 262.44it/s]Tokenizing inputs:  29%|██▉       | 13785/47868 [00:52<02:10, 260.57it/s]Tokenizing inputs:  29%|██▉       | 13812/47868 [00:52<02:10, 261.02it/s]Tokenizing inputs:  29%|██▉       | 13839/47868 [00:52<02:09, 262.16it/s]Tokenizing inputs:  29%|██▉       | 13866/47868 [00:52<02:10, 261.35it/s]Tokenizing inputs:  29%|██▉       | 13893/47868 [00:53<02:10, 259.77it/s]Tokenizing inputs:  29%|██▉       | 13920/47868 [00:53<02:09, 262.50it/s]Tokenizing inputs:  29%|██▉       | 13947/47868 [00:53<02:09, 262.05it/s]Tokenizing inputs:  29%|██▉       | 13974/47868 [00:53<02:10, 260.49it/s]Tokenizing inputs:  29%|██▉       | 14002/47868 [00:53<02:07, 265.70it/s]Tokenizing inputs:  29%|██▉       | 14088/47868 [00:53<01:16, 439.45it/s]Tokenizing inputs:  30%|██▉       | 14161/47868 [00:53<01:04, 523.57it/s]Tokenizing inputs:  30%|██▉       | 14262/47868 [00:53<00:50, 667.12it/s]Tokenizing inputs:  30%|███       | 14372/47868 [00:53<00:42, 795.40it/s]Tokenizing inputs:  30%|███       | 14461/47868 [00:53<00:40, 821.72it/s]Tokenizing inputs:  30%|███       | 14546/47868 [00:54<00:40, 828.89it/s]Tokenizing inputs:  31%|███       | 14630/47868 [00:54<00:41, 806.45it/s]Tokenizing inputs:  31%|███       | 14711/47868 [00:54<00:42, 785.81it/s]Tokenizing inputs:  31%|███       | 14790/47868 [00:54<00:47, 697.59it/s]Tokenizing inputs:  31%|███       | 14862/47868 [00:54<00:58, 568.00it/s]Tokenizing inputs:  31%|███       | 14924/47868 [00:54<01:05, 506.01it/s]Tokenizing inputs:  31%|███▏      | 14984/47868 [00:54<01:02, 527.27it/s]Tokenizing inputs:  31%|███▏      | 15042/47868 [00:55<01:00, 539.57it/s]Tokenizing inputs:  32%|███▏      | 15100/47868 [00:55<00:59, 548.51it/s]Tokenizing inputs:  32%|███▏      | 15178/47868 [00:55<00:53, 609.57it/s]Tokenizing inputs:  32%|███▏      | 15242/47868 [00:55<00:54, 603.73it/s]Tokenizing inputs:  32%|███▏      | 15304/47868 [00:55<00:59, 549.77it/s]Tokenizing inputs:  32%|███▏      | 15361/47868 [00:55<01:00, 535.21it/s]Tokenizing inputs:  32%|███▏      | 15416/47868 [00:55<01:02, 523.13it/s]Tokenizing inputs:  32%|███▏      | 15495/47868 [00:55<00:54, 595.24it/s]Tokenizing inputs:  32%|███▏      | 15556/47868 [00:55<01:02, 515.78it/s]Tokenizing inputs:  33%|███▎      | 15632/47868 [00:56<00:55, 577.78it/s]Tokenizing inputs:  33%|███▎      | 15716/47868 [00:56<00:49, 646.00it/s]Tokenizing inputs:  33%|███▎      | 15784/47868 [00:56<00:51, 625.14it/s]Tokenizing inputs:  33%|███▎      | 15861/47868 [00:56<00:48, 664.15it/s]Tokenizing inputs:  33%|███▎      | 15985/47868 [00:56<00:38, 824.50it/s]Tokenizing inputs:  34%|███▎      | 16105/47868 [00:56<00:34, 931.33it/s]Tokenizing inputs:  34%|███▍      | 16201/47868 [00:56<00:35, 882.71it/s]Tokenizing inputs:  34%|███▍      | 16292/47868 [00:56<00:45, 696.52it/s]Tokenizing inputs:  34%|███▍      | 16369/47868 [00:57<00:52, 599.84it/s]Tokenizing inputs:  34%|███▍      | 16436/47868 [00:57<00:57, 546.96it/s]Tokenizing inputs:  34%|███▍      | 16496/47868 [00:57<01:11, 438.64it/s]Tokenizing inputs:  35%|███▍      | 16546/47868 [00:57<01:10, 442.28it/s]Tokenizing inputs:  35%|███▍      | 16602/47868 [00:57<01:07, 466.50it/s]Tokenizing inputs:  35%|███▍      | 16658/47868 [00:57<01:03, 488.14it/s]Tokenizing inputs:  35%|███▍      | 16721/47868 [00:57<00:59, 523.19it/s]Tokenizing inputs:  35%|███▌      | 16777/47868 [00:57<00:59, 520.06it/s]Tokenizing inputs:  35%|███▌      | 16832/47868 [00:58<01:00, 511.56it/s]Tokenizing inputs:  35%|███▌      | 16885/47868 [00:58<01:02, 497.84it/s]Tokenizing inputs:  35%|███▌      | 16936/47868 [00:58<01:17, 400.31it/s]Tokenizing inputs:  35%|███▌      | 16980/47868 [00:58<01:40, 306.86it/s]Tokenizing inputs:  36%|███▌      | 17016/47868 [00:58<02:11, 234.56it/s]Tokenizing inputs:  36%|███▌      | 17046/47868 [00:58<02:05, 246.03it/s]Tokenizing inputs:  36%|███▌      | 17101/47868 [00:59<01:40, 306.41it/s]Tokenizing inputs:  36%|███▌      | 17159/47868 [00:59<01:23, 366.99it/s]Tokenizing inputs:  36%|███▌      | 17208/47868 [00:59<01:18, 390.67it/s]Tokenizing inputs:  36%|███▌      | 17253/47868 [00:59<01:52, 273.34it/s]Tokenizing inputs:  36%|███▌      | 17289/47868 [00:59<02:12, 230.02it/s]Tokenizing inputs:  36%|███▌      | 17319/47868 [01:00<02:27, 207.19it/s]Tokenizing inputs:  36%|███▌      | 17345/47868 [01:00<02:35, 196.61it/s]Tokenizing inputs:  36%|███▋      | 17421/47868 [01:00<01:40, 303.64it/s]Tokenizing inputs:  37%|███▋      | 17484/47868 [01:00<01:21, 373.05it/s]Tokenizing inputs:  37%|███▋      | 17569/47868 [01:00<01:02, 483.24it/s]Tokenizing inputs:  37%|███▋      | 17640/47868 [01:00<00:56, 538.60it/s]Tokenizing inputs:  37%|███▋      | 17702/47868 [01:00<00:56, 531.55it/s]Tokenizing inputs:  37%|███▋      | 17761/47868 [01:00<00:55, 539.96it/s]Tokenizing inputs:  37%|███▋      | 17819/47868 [01:00<00:55, 542.42it/s]Tokenizing inputs:  37%|███▋      | 17903/47868 [01:01<00:48, 623.16it/s]Tokenizing inputs:  38%|███▊      | 17968/47868 [01:01<00:51, 576.54it/s]Tokenizing inputs:  38%|███▊      | 18056/47868 [01:01<00:45, 657.94it/s]Tokenizing inputs:  38%|███▊      | 18140/47868 [01:01<00:42, 707.69it/s]Tokenizing inputs:  38%|███▊      | 18213/47868 [01:01<00:44, 670.60it/s]Tokenizing inputs:  38%|███▊      | 18325/47868 [01:01<00:37, 792.75it/s]Tokenizing inputs:  39%|███▊      | 18452/47868 [01:01<00:31, 927.00it/s]Tokenizing inputs:  39%|███▉      | 18571/47868 [01:01<00:29, 1000.71it/s]Tokenizing inputs:  39%|███▉      | 18674/47868 [01:01<00:36, 800.06it/s] Tokenizing inputs:  39%|███▉      | 18762/47868 [01:02<00:43, 666.74it/s]Tokenizing inputs:  39%|███▉      | 18838/47868 [01:02<00:48, 600.83it/s]Tokenizing inputs:  39%|███▉      | 18905/47868 [01:02<01:00, 482.23it/s]Tokenizing inputs:  40%|███▉      | 18968/47868 [01:02<00:56, 510.00it/s]Tokenizing inputs:  40%|███▉      | 19030/47868 [01:02<00:54, 532.69it/s]Tokenizing inputs:  40%|███▉      | 19104/47868 [01:02<00:49, 581.41it/s]Tokenizing inputs:  40%|████      | 19168/47868 [01:02<00:48, 592.68it/s]Tokenizing inputs:  40%|████      | 19231/47868 [01:03<00:49, 580.12it/s]Tokenizing inputs:  40%|████      | 19292/47868 [01:03<00:52, 542.52it/s]Tokenizing inputs:  40%|████      | 19349/47868 [01:03<00:59, 480.03it/s]Tokenizing inputs:  41%|████      | 19400/47868 [01:03<01:36, 295.63it/s]Tokenizing inputs:  41%|████      | 19440/47868 [01:03<01:42, 278.19it/s]Tokenizing inputs:  41%|████      | 19500/47868 [01:03<01:24, 335.76it/s]Tokenizing inputs:  41%|████      | 19559/47868 [01:04<01:13, 387.15it/s]Tokenizing inputs:  41%|████      | 19609/47868 [01:04<01:08, 410.33it/s]Tokenizing inputs:  41%|████      | 19657/47868 [01:04<01:37, 289.01it/s]Tokenizing inputs:  41%|████      | 19696/47868 [01:04<01:56, 242.71it/s]Tokenizing inputs:  41%|████      | 19728/47868 [01:04<02:09, 217.44it/s]Tokenizing inputs:  41%|████▏     | 19755/47868 [01:05<02:04, 226.62it/s]Tokenizing inputs:  41%|████▏     | 19827/47868 [01:05<01:26, 325.17it/s]Tokenizing inputs:  42%|████▏     | 19892/47868 [01:05<01:10, 396.82it/s]Tokenizing inputs:  42%|████▏     | 19977/47868 [01:05<00:55, 504.98it/s]Tokenizing inputs:  42%|████▏     | 20049/47868 [01:05<00:49, 558.75it/s]Tokenizing inputs:  42%|████▏     | 20112/47868 [01:05<00:51, 541.04it/s]Tokenizing inputs:  42%|████▏     | 20171/47868 [01:05<00:51, 540.62it/s]Tokenizing inputs:  42%|████▏     | 20229/47868 [01:05<00:51, 540.77it/s]Tokenizing inputs:  42%|████▏     | 20308/47868 [01:05<00:45, 601.02it/s]Tokenizing inputs:  43%|████▎     | 20371/47868 [01:06<00:48, 567.19it/s]Tokenizing inputs:  43%|████▎     | 20458/47868 [01:06<00:42, 647.79it/s]Tokenizing inputs:  43%|████▎     | 20542/47868 [01:06<00:39, 700.58it/s]Tokenizing inputs:  43%|████▎     | 20614/47868 [01:06<00:39, 691.83it/s]Tokenizing inputs:  43%|████▎     | 20728/47868 [01:06<00:33, 818.80it/s]Tokenizing inputs:  44%|████▎     | 20857/47868 [01:06<00:28, 954.00it/s]Tokenizing inputs:  44%|████▍     | 20975/47868 [01:06<00:26, 1019.09it/s]Tokenizing inputs:  44%|████▍     | 21079/47868 [01:06<00:33, 795.65it/s] Tokenizing inputs:  44%|████▍     | 21167/47868 [01:07<00:39, 675.21it/s]Tokenizing inputs:  44%|████▍     | 21243/47868 [01:07<00:43, 611.67it/s]Tokenizing inputs:  45%|████▍     | 21311/47868 [01:07<00:55, 480.25it/s]Tokenizing inputs:  45%|████▍     | 21383/47868 [01:07<00:50, 526.27it/s]Tokenizing inputs:  45%|████▍     | 21445/47868 [01:07<00:48, 545.15it/s]Tokenizing inputs:  45%|████▍     | 21520/47868 [01:07<00:44, 592.30it/s]Tokenizing inputs:  45%|████▌     | 21585/47868 [01:07<00:44, 597.30it/s]Tokenizing inputs:  45%|████▌     | 21649/47868 [01:07<00:45, 572.52it/s]Tokenizing inputs:  45%|████▌     | 21710/47868 [01:08<00:54, 482.92it/s]Tokenizing inputs:  45%|████▌     | 21763/47868 [01:08<00:53, 487.10it/s]Tokenizing inputs:  46%|████▌     | 21815/47868 [01:08<01:33, 278.35it/s]Tokenizing inputs:  46%|████▌     | 21855/47868 [01:08<01:27, 296.85it/s]Tokenizing inputs:  46%|████▌     | 21913/47868 [01:08<01:14, 350.06it/s]Tokenizing inputs:  46%|████▌     | 21977/47868 [01:08<01:02, 411.74it/s]Tokenizing inputs:  46%|████▌     | 22028/47868 [01:09<01:11, 363.35it/s]Tokenizing inputs:  46%|████▌     | 22072/47868 [01:09<01:31, 281.32it/s]Tokenizing inputs:  46%|████▌     | 22108/47868 [01:09<01:46, 242.95it/s]Tokenizing inputs:  46%|████▌     | 22138/47868 [01:09<01:56, 221.55it/s]Tokenizing inputs:  46%|████▋     | 22206/47868 [01:09<01:23, 305.61it/s]Tokenizing inputs:  47%|████▋     | 22265/47868 [01:09<01:11, 356.59it/s]Tokenizing inputs:  47%|████▋     | 22350/47868 [01:10<00:54, 467.62it/s]Tokenizing inputs:  47%|████▋     | 22422/47868 [01:10<00:48, 527.26it/s]Tokenizing inputs:  47%|████▋     | 22483/47868 [01:10<00:48, 525.55it/s]Tokenizing inputs:  47%|████▋     | 22541/47868 [01:10<00:47, 537.29it/s]Tokenizing inputs:  47%|████▋     | 22599/47868 [01:10<00:48, 517.75it/s]Tokenizing inputs:  47%|████▋     | 22672/47868 [01:10<00:43, 574.10it/s]Tokenizing inputs:  47%|████▋     | 22733/47868 [01:10<00:45, 555.98it/s]Tokenizing inputs:  48%|████▊     | 22796/47868 [01:10<00:43, 575.13it/s]Tokenizing inputs:  48%|████▊     | 22888/47868 [01:10<00:37, 671.19it/s]Tokenizing inputs:  48%|████▊     | 22960/47868 [01:11<00:36, 682.99it/s]Tokenizing inputs:  48%|████▊     | 23030/47868 [01:11<00:36, 685.26it/s]Tokenizing inputs:  48%|████▊     | 23144/47868 [01:11<00:30, 816.84it/s]Tokenizing inputs:  49%|████▊     | 23264/47868 [01:11<00:26, 928.40it/s]Tokenizing inputs:  49%|████▉     | 23375/47868 [01:11<00:24, 980.94it/s]Tokenizing inputs:  49%|████▉     | 23474/47868 [01:11<00:31, 765.20it/s]Tokenizing inputs:  49%|████▉     | 23559/47868 [01:11<00:37, 651.14it/s]Tokenizing inputs:  49%|████▉     | 23632/47868 [01:11<00:40, 592.58it/s]Tokenizing inputs:  50%|████▉     | 23697/47868 [01:12<00:49, 489.78it/s]Tokenizing inputs:  50%|████▉     | 23752/47868 [01:12<00:48, 497.74it/s]Tokenizing inputs:  50%|████▉     | 23813/47868 [01:12<00:46, 521.47it/s]Tokenizing inputs:  50%|████▉     | 23879/47868 [01:12<00:43, 554.35it/s]Tokenizing inputs:  50%|█████     | 23943/47868 [01:12<00:41, 575.90it/s]Tokenizing inputs:  50%|█████     | 24004/47868 [01:12<00:41, 574.76it/s]Tokenizing inputs:  50%|█████     | 24064/47868 [01:12<00:43, 547.62it/s]Tokenizing inputs:  50%|█████     | 24121/47868 [01:13<00:54, 435.61it/s]Tokenizing inputs:  50%|█████     | 24169/47868 [01:13<00:59, 400.17it/s]Tokenizing inputs:  51%|█████     | 24213/47868 [01:13<01:35, 247.26it/s]Tokenizing inputs:  51%|█████     | 24247/47868 [01:13<01:31, 257.43it/s]Tokenizing inputs:  51%|█████     | 24305/47868 [01:13<01:15, 311.56it/s]Tokenizing inputs:  51%|█████     | 24366/47868 [01:13<01:02, 373.67it/s]Tokenizing inputs:  51%|█████     | 24412/47868 [01:14<01:01, 380.99it/s]Tokenizing inputs:  51%|█████     | 24456/47868 [01:14<01:22, 282.21it/s]Tokenizing inputs:  51%|█████     | 24492/47868 [01:14<01:37, 240.49it/s]Tokenizing inputs:  51%|█████     | 24522/47868 [01:14<01:47, 218.11it/s]Tokenizing inputs:  51%|█████▏    | 24548/47868 [01:14<01:48, 214.58it/s]Tokenizing inputs:  51%|█████▏    | 24628/47868 [01:14<01:09, 332.77it/s]Tokenizing inputs:  52%|█████▏    | 24708/47868 [01:15<00:53, 436.86it/s]Tokenizing inputs:  52%|█████▏    | 24788/47868 [01:15<00:43, 524.62it/s]Tokenizing inputs:  52%|█████▏    | 24868/47868 [01:15<00:38, 594.37it/s]Tokenizing inputs:  52%|█████▏    | 24949/47868 [01:15<00:35, 652.06it/s]Tokenizing inputs:  52%|█████▏    | 25031/47868 [01:15<00:32, 696.43it/s]Tokenizing inputs:  52%|█████▏    | 25111/47868 [01:15<00:31, 724.11it/s]Tokenizing inputs:  53%|█████▎    | 25193/47868 [01:15<00:30, 749.69it/s]Tokenizing inputs:  53%|█████▎    | 25274/47868 [01:15<00:29, 764.55it/s]Tokenizing inputs:  53%|█████▎    | 25353/47868 [01:15<00:29, 764.73it/s]Tokenizing inputs:  53%|█████▎    | 25434/47868 [01:15<00:28, 776.74it/s]Tokenizing inputs:  53%|█████▎    | 25515/47868 [01:16<00:28, 785.96it/s]Tokenizing inputs:  53%|█████▎    | 25596/47868 [01:16<00:28, 791.12it/s]Tokenizing inputs:  54%|█████▎    | 25678/47868 [01:16<00:27, 799.43it/s]Tokenizing inputs:  54%|█████▍    | 25759/47868 [01:16<00:27, 796.73it/s]Tokenizing inputs:  54%|█████▍    | 25840/47868 [01:16<00:27, 800.03it/s]Tokenizing inputs:  54%|█████▍    | 25921/47868 [01:16<00:27, 799.40it/s]Tokenizing inputs:  54%|█████▍    | 26002/47868 [01:16<00:27, 797.51it/s]Tokenizing inputs:  54%|█████▍    | 26082/47868 [01:16<00:27, 795.47it/s]Tokenizing inputs:  55%|█████▍    | 26165/47868 [01:16<00:27, 802.98it/s]Tokenizing inputs:  55%|█████▍    | 26246/47868 [01:16<00:26, 802.51it/s]Tokenizing inputs:  55%|█████▌    | 26329/47868 [01:17<00:26, 810.67it/s]Tokenizing inputs:  55%|█████▌    | 26411/47868 [01:17<00:27, 794.11it/s]Tokenizing inputs:  55%|█████▌    | 26495/47868 [01:17<00:26, 805.96it/s]Tokenizing inputs:  56%|█████▌    | 26576/47868 [01:17<00:29, 715.40it/s]Tokenizing inputs:  56%|█████▌    | 26650/47868 [01:17<00:34, 613.52it/s]Tokenizing inputs:  56%|█████▌    | 26715/47868 [01:17<00:37, 563.22it/s]Tokenizing inputs:  56%|█████▌    | 26775/47868 [01:17<00:39, 528.32it/s]Tokenizing inputs:  56%|█████▌    | 26830/47868 [01:17<00:41, 503.49it/s]Tokenizing inputs:  56%|█████▌    | 26882/47868 [01:18<00:43, 483.73it/s]Tokenizing inputs:  56%|█████▋    | 26932/47868 [01:18<00:44, 470.08it/s]Tokenizing inputs:  56%|█████▋    | 26980/47868 [01:18<00:45, 461.91it/s]Tokenizing inputs:  56%|█████▋    | 27027/47868 [01:18<00:45, 461.02it/s]Tokenizing inputs:  57%|█████▋    | 27074/47868 [01:18<00:44, 462.26it/s]Tokenizing inputs:  57%|█████▋    | 27121/47868 [01:18<00:44, 462.88it/s]Tokenizing inputs:  57%|█████▋    | 27168/47868 [01:18<00:44, 460.51it/s]Tokenizing inputs:  57%|█████▋    | 27215/47868 [01:18<00:44, 461.52it/s]Tokenizing inputs:  57%|█████▋    | 27263/47868 [01:18<00:44, 466.62it/s]Tokenizing inputs:  57%|█████▋    | 27311/47868 [01:19<00:43, 467.82it/s]Tokenizing inputs:  57%|█████▋    | 27359/47868 [01:19<00:43, 470.39it/s]Tokenizing inputs:  57%|█████▋    | 27407/47868 [01:19<00:43, 470.15it/s]Tokenizing inputs:  57%|█████▋    | 27455/47868 [01:19<00:43, 470.20it/s]Tokenizing inputs:  57%|█████▋    | 27503/47868 [01:19<00:43, 472.32it/s]Tokenizing inputs:  58%|█████▊    | 27551/47868 [01:19<00:43, 470.99it/s]Tokenizing inputs:  58%|█████▊    | 27599/47868 [01:19<00:42, 472.89it/s]Tokenizing inputs:  58%|█████▊    | 27647/47868 [01:19<00:42, 474.72it/s]Tokenizing inputs:  58%|█████▊    | 27695/47868 [01:19<00:42, 475.38it/s]Tokenizing inputs:  58%|█████▊    | 27744/47868 [01:19<00:42, 477.78it/s]Tokenizing inputs:  58%|█████▊    | 27793/47868 [01:20<00:41, 478.73it/s]Tokenizing inputs:  58%|█████▊    | 27842/47868 [01:20<00:41, 481.27it/s]Tokenizing inputs:  58%|█████▊    | 27891/47868 [01:20<00:41, 480.44it/s]Tokenizing inputs:  58%|█████▊    | 27940/47868 [01:20<00:41, 481.41it/s]Tokenizing inputs:  58%|█████▊    | 27989/47868 [01:20<00:41, 482.43it/s]Tokenizing inputs:  59%|█████▊    | 28038/47868 [01:20<00:41, 481.65it/s]Tokenizing inputs:  59%|█████▊    | 28087/47868 [01:20<00:40, 482.55it/s]Tokenizing inputs:  59%|█████▉    | 28136/47868 [01:20<00:40, 482.50it/s]Tokenizing inputs:  59%|█████▉    | 28185/47868 [01:20<00:40, 482.61it/s]Tokenizing inputs:  59%|█████▉    | 28234/47868 [01:20<00:41, 478.37it/s]Tokenizing inputs:  59%|█████▉    | 28282/47868 [01:21<00:41, 473.17it/s]Tokenizing inputs:  59%|█████▉    | 28330/47868 [01:21<00:41, 468.84it/s]Tokenizing inputs:  59%|█████▉    | 28377/47868 [01:21<00:41, 468.11it/s]Tokenizing inputs:  59%|█████▉    | 28424/47868 [01:21<00:43, 448.25it/s]Tokenizing inputs:  59%|█████▉    | 28470/47868 [01:21<00:43, 448.78it/s]Tokenizing inputs:  60%|█████▉    | 28517/47868 [01:21<00:42, 452.48it/s]Tokenizing inputs:  60%|█████▉    | 28563/47868 [01:21<00:42, 453.99it/s]Tokenizing inputs:  60%|█████▉    | 28610/47868 [01:21<00:42, 458.26it/s]Tokenizing inputs:  60%|█████▉    | 28656/47868 [01:21<00:42, 455.51it/s]Tokenizing inputs:  60%|█████▉    | 28702/47868 [01:21<00:42, 454.50it/s]Tokenizing inputs:  60%|██████    | 28774/47868 [01:22<00:35, 531.96it/s]Tokenizing inputs:  60%|██████    | 28853/47868 [01:22<00:31, 607.70it/s]Tokenizing inputs:  60%|██████    | 28931/47868 [01:22<00:28, 657.67it/s]Tokenizing inputs:  61%|██████    | 29010/47868 [01:22<00:27, 694.25it/s]Tokenizing inputs:  61%|██████    | 29088/47868 [01:22<00:26, 719.38it/s]Tokenizing inputs:  61%|██████    | 29166/47868 [01:22<00:25, 735.72it/s]Tokenizing inputs:  61%|██████    | 29245/47868 [01:22<00:24, 749.77it/s]Tokenizing inputs:  61%|██████▏   | 29322/47868 [01:22<00:24, 753.24it/s]Tokenizing inputs:  61%|██████▏   | 29398/47868 [01:22<00:24, 752.14it/s]Tokenizing inputs:  62%|██████▏   | 29474/47868 [01:22<00:24, 747.22it/s]Tokenizing inputs:  62%|██████▏   | 29552/47868 [01:23<00:24, 754.55it/s]Tokenizing inputs:  62%|██████▏   | 29628/47868 [01:23<00:24, 756.08it/s]Tokenizing inputs:  62%|██████▏   | 29705/47868 [01:23<00:23, 760.22it/s]Tokenizing inputs:  62%|██████▏   | 29782/47868 [01:23<00:23, 753.61it/s]Tokenizing inputs:  62%|██████▏   | 29858/47868 [01:23<00:23, 754.68it/s]Tokenizing inputs:  63%|██████▎   | 29935/47868 [01:23<00:23, 757.14it/s]Tokenizing inputs:  63%|██████▎   | 30012/47868 [01:23<00:23, 758.90it/s]Tokenizing inputs:  63%|██████▎   | 30088/47868 [01:23<00:23, 756.27it/s]Tokenizing inputs:  63%|██████▎   | 30165/47868 [01:23<00:23, 758.77it/s]Tokenizing inputs:  63%|██████▎   | 30242/47868 [01:23<00:23, 759.37it/s]Tokenizing inputs:  63%|██████▎   | 30318/47868 [01:24<00:23, 759.07it/s]Tokenizing inputs:  63%|██████▎   | 30395/47868 [01:24<00:22, 759.93it/s]Tokenizing inputs:  64%|██████▎   | 30471/47868 [01:24<00:23, 744.41it/s]Tokenizing inputs:  64%|██████▍   | 30547/47868 [01:24<00:23, 748.91it/s]Tokenizing inputs:  64%|██████▍   | 30624/47868 [01:24<00:22, 752.25it/s]Tokenizing inputs:  64%|██████▍   | 30700/47868 [01:24<00:22, 748.85it/s]Tokenizing inputs:  64%|██████▍   | 30775/47868 [01:24<00:24, 695.20it/s]Tokenizing inputs:  64%|██████▍   | 30846/47868 [01:24<00:25, 659.01it/s]Tokenizing inputs:  65%|██████▍   | 30913/47868 [01:24<00:26, 639.86it/s]Tokenizing inputs:  65%|██████▍   | 30978/47868 [01:25<00:27, 619.50it/s]Tokenizing inputs:  65%|██████▍   | 31041/47868 [01:25<00:27, 609.16it/s]Tokenizing inputs:  65%|██████▍   | 31103/47868 [01:25<00:27, 600.41it/s]Tokenizing inputs:  65%|██████▌   | 31164/47868 [01:25<00:28, 594.80it/s]Tokenizing inputs:  65%|██████▌   | 31224/47868 [01:25<00:28, 589.47it/s]Tokenizing inputs:  65%|██████▌   | 31283/47868 [01:25<00:28, 584.62it/s]Tokenizing inputs:  65%|██████▌   | 31342/47868 [01:25<00:28, 579.64it/s]Tokenizing inputs:  66%|██████▌   | 31400/47868 [01:25<00:28, 579.43it/s]Tokenizing inputs:  66%|██████▌   | 31458/47868 [01:25<00:28, 579.43it/s]Tokenizing inputs:  66%|██████▌   | 31517/47868 [01:26<00:28, 580.35it/s]Tokenizing inputs:  66%|██████▌   | 31576/47868 [01:26<00:27, 581.97it/s]Tokenizing inputs:  66%|██████▌   | 31635/47868 [01:26<00:28, 579.15it/s]Tokenizing inputs:  66%|██████▌   | 31693/47868 [01:26<00:28, 577.01it/s]Tokenizing inputs:  66%|██████▋   | 31752/47868 [01:26<00:27, 580.25it/s]Tokenizing inputs:  66%|██████▋   | 31811/47868 [01:26<00:27, 580.90it/s]Tokenizing inputs:  67%|██████▋   | 31870/47868 [01:26<00:27, 579.05it/s]Tokenizing inputs:  67%|██████▋   | 31929/47868 [01:26<00:27, 579.49it/s]Tokenizing inputs:  67%|██████▋   | 31987/47868 [01:26<00:27, 577.59it/s]Tokenizing inputs:  67%|██████▋   | 32047/47868 [01:26<00:27, 582.07it/s]Tokenizing inputs:  67%|██████▋   | 32108/47868 [01:27<00:26, 589.02it/s]Tokenizing inputs:  67%|██████▋   | 32167/47868 [01:27<00:26, 586.11it/s]Tokenizing inputs:  67%|██████▋   | 32227/47868 [01:27<00:26, 589.56it/s]Tokenizing inputs:  67%|██████▋   | 32287/47868 [01:27<00:26, 592.06it/s]Tokenizing inputs:  68%|██████▊   | 32347/47868 [01:27<00:26, 588.16it/s]Tokenizing inputs:  68%|██████▊   | 32406/47868 [01:27<00:26, 584.45it/s]Tokenizing inputs:  68%|██████▊   | 32465/47868 [01:27<00:26, 571.75it/s]Tokenizing inputs:  68%|██████▊   | 32524/47868 [01:27<00:26, 576.08it/s]Tokenizing inputs:  68%|██████▊   | 32584/47868 [01:27<00:26, 582.74it/s]Tokenizing inputs:  68%|██████▊   | 32643/47868 [01:27<00:26, 582.15it/s]Tokenizing inputs:  68%|██████▊   | 32703/47868 [01:28<00:25, 585.43it/s]Tokenizing inputs:  68%|██████▊   | 32762/47868 [01:28<00:25, 582.79it/s]Tokenizing inputs:  69%|██████▊   | 32822/47868 [01:28<00:25, 586.22it/s]Tokenizing inputs:  69%|██████▊   | 32884/47868 [01:28<00:25, 594.29it/s]Tokenizing inputs:  69%|██████▉   | 32966/47868 [01:28<00:22, 658.95it/s]Tokenizing inputs:  69%|██████▉   | 33045/47868 [01:28<00:21, 696.34it/s]Tokenizing inputs:  69%|██████▉   | 33126/47868 [01:28<00:20, 727.80it/s]Tokenizing inputs:  69%|██████▉   | 33202/47868 [01:28<00:19, 735.81it/s]Tokenizing inputs:  70%|██████▉   | 33281/47868 [01:28<00:19, 750.63it/s]Tokenizing inputs:  70%|██████▉   | 33363/47868 [01:28<00:18, 770.23it/s]Tokenizing inputs:  70%|██████▉   | 33444/47868 [01:29<00:18, 779.38it/s]Tokenizing inputs:  70%|███████   | 33524/47868 [01:29<00:18, 784.33it/s]Tokenizing inputs:  70%|███████   | 33604/47868 [01:29<00:18, 788.27it/s]Tokenizing inputs:  70%|███████   | 33685/47868 [01:29<00:17, 794.74it/s]Tokenizing inputs:  71%|███████   | 33767/47868 [01:29<00:17, 799.79it/s]Tokenizing inputs:  71%|███████   | 33847/47868 [01:29<00:17, 794.80it/s]Tokenizing inputs:  71%|███████   | 33928/47868 [01:29<00:17, 799.15it/s]Tokenizing inputs:  71%|███████   | 34012/47868 [01:29<00:17, 808.95it/s]Tokenizing inputs:  71%|███████   | 34096/47868 [01:29<00:16, 815.41it/s]Tokenizing inputs:  71%|███████▏  | 34178/47868 [01:29<00:16, 811.60it/s]Tokenizing inputs:  72%|███████▏  | 34260/47868 [01:30<00:16, 808.28it/s]Tokenizing inputs:  72%|███████▏  | 34349/47868 [01:30<00:16, 832.42it/s]Tokenizing inputs:  72%|███████▏  | 34440/47868 [01:30<00:15, 852.80it/s]Tokenizing inputs:  72%|███████▏  | 34526/47868 [01:30<00:15, 839.41it/s]Tokenizing inputs:  72%|███████▏  | 34611/47868 [01:30<00:15, 841.94it/s]Tokenizing inputs:  72%|███████▏  | 34700/47868 [01:30<00:15, 856.12it/s]Tokenizing inputs:  73%|███████▎  | 34790/47868 [01:30<00:15, 868.61it/s]Tokenizing inputs:  73%|███████▎  | 34878/47868 [01:30<00:14, 871.03it/s]Tokenizing inputs:  73%|███████▎  | 34967/47868 [01:30<00:14, 875.72it/s]Tokenizing inputs:  73%|███████▎  | 35056/47868 [01:30<00:14, 878.76it/s]Tokenizing inputs:  73%|███████▎  | 35147/47868 [01:31<00:14, 886.91it/s]Tokenizing inputs:  74%|███████▎  | 35236/47868 [01:31<00:14, 885.22it/s]Tokenizing inputs:  74%|███████▍  | 35325/47868 [01:31<00:14, 886.34it/s]Tokenizing inputs:  74%|███████▍  | 35417/47868 [01:31<00:13, 893.52it/s]Tokenizing inputs:  74%|███████▍  | 35511/47868 [01:31<00:13, 905.01it/s]Tokenizing inputs:  74%|███████▍  | 35602/47868 [01:31<00:13, 906.25it/s]Tokenizing inputs:  75%|███████▍  | 35693/47868 [01:31<00:13, 896.58it/s]Tokenizing inputs:  75%|███████▍  | 35792/47868 [01:31<00:13, 923.09it/s]Tokenizing inputs:  75%|███████▍  | 35889/47868 [01:31<00:12, 936.79it/s]Tokenizing inputs:  75%|███████▌  | 35987/47868 [01:31<00:12, 947.30it/s]Tokenizing inputs:  75%|███████▌  | 36085/47868 [01:32<00:12, 956.86it/s]Tokenizing inputs:  76%|███████▌  | 36184/47868 [01:32<00:12, 966.43it/s]Tokenizing inputs:  76%|███████▌  | 36283/47868 [01:32<00:11, 972.31it/s]Tokenizing inputs:  76%|███████▌  | 36382/47868 [01:32<00:11, 976.98it/s]Tokenizing inputs:  76%|███████▌  | 36480/47868 [01:32<00:11, 976.86it/s]Tokenizing inputs:  76%|███████▋  | 36578/47868 [01:32<00:11, 962.80it/s]Tokenizing inputs:  77%|███████▋  | 36677/47868 [01:32<00:11, 968.31it/s]Tokenizing inputs:  77%|███████▋  | 36778/47868 [01:32<00:11, 977.94it/s]Tokenizing inputs:  77%|███████▋  | 36879/47868 [01:32<00:11, 986.38it/s]Tokenizing inputs:  77%|███████▋  | 36983/47868 [01:32<00:10, 1001.83it/s]Tokenizing inputs:  77%|███████▋  | 37084/47868 [01:33<00:10, 1003.50it/s]Tokenizing inputs:  78%|███████▊  | 37185/47868 [01:33<00:10, 982.81it/s] Tokenizing inputs:  78%|███████▊  | 37284/47868 [01:33<00:11, 922.96it/s]Tokenizing inputs:  78%|███████▊  | 37378/47868 [01:33<00:11, 885.21it/s]Tokenizing inputs:  78%|███████▊  | 37468/47868 [01:33<00:12, 854.05it/s]Tokenizing inputs:  78%|███████▊  | 37554/47868 [01:33<00:12, 844.40it/s]Tokenizing inputs:  79%|███████▊  | 37639/47868 [01:33<00:12, 830.86it/s]Tokenizing inputs:  79%|███████▉  | 37723/47868 [01:33<00:12, 819.69it/s]Tokenizing inputs:  79%|███████▉  | 37806/47868 [01:33<00:12, 812.10it/s]Tokenizing inputs:  79%|███████▉  | 37888/47868 [01:34<00:12, 807.33it/s]Tokenizing inputs:  79%|███████▉  | 37969/47868 [01:34<00:12, 802.39it/s]Tokenizing inputs:  79%|███████▉  | 38050/47868 [01:34<00:12, 797.53it/s]Tokenizing inputs:  80%|███████▉  | 38131/47868 [01:34<00:12, 799.08it/s]Tokenizing inputs:  80%|███████▉  | 38212/47868 [01:34<00:12, 800.62it/s]Tokenizing inputs:  80%|███████▉  | 38293/47868 [01:34<00:11, 798.46it/s]Tokenizing inputs:  80%|████████  | 38375/47868 [01:34<00:11, 802.72it/s]Tokenizing inputs:  80%|████████  | 38457/47868 [01:34<00:11, 805.95it/s]Tokenizing inputs:  81%|████████  | 38538/47868 [01:34<00:11, 797.17it/s]Tokenizing inputs:  81%|████████  | 38619/47868 [01:34<00:11, 800.86it/s]Tokenizing inputs:  81%|████████  | 38717/47868 [01:35<00:10, 852.53it/s]Tokenizing inputs:  81%|████████  | 38813/47868 [01:35<00:10, 884.27it/s]Tokenizing inputs:  81%|████████▏ | 38909/47868 [01:35<00:09, 904.93it/s]Tokenizing inputs:  81%|████████▏ | 39006/47868 [01:35<00:09, 923.60it/s]Tokenizing inputs:  82%|████████▏ | 39105/47868 [01:35<00:09, 942.83it/s]Tokenizing inputs:  82%|████████▏ | 39201/47868 [01:35<00:09, 945.07it/s]Tokenizing inputs:  82%|████████▏ | 39300/47868 [01:35<00:08, 957.10it/s]Tokenizing inputs:  82%|████████▏ | 39398/47868 [01:35<00:08, 962.31it/s]Tokenizing inputs:  83%|████████▎ | 39495/47868 [01:35<00:08, 963.18it/s]Tokenizing inputs:  83%|████████▎ | 39594/47868 [01:35<00:08, 969.25it/s]Tokenizing inputs:  83%|████████▎ | 39694/47868 [01:36<00:08, 977.00it/s]Tokenizing inputs:  83%|████████▎ | 39796/47868 [01:36<00:08, 988.45it/s]Tokenizing inputs:  83%|████████▎ | 39895/47868 [01:36<00:08, 988.69it/s]Tokenizing inputs:  84%|████████▎ | 39994/47868 [01:36<00:08, 976.67it/s]Tokenizing inputs:  84%|████████▍ | 40092/47868 [01:36<00:07, 975.41it/s]Tokenizing inputs:  84%|████████▍ | 40190/47868 [01:36<00:08, 956.12it/s]Tokenizing inputs:  84%|████████▍ | 40286/47868 [01:36<00:08, 944.73it/s]Tokenizing inputs:  84%|████████▍ | 40381/47868 [01:36<00:07, 941.22it/s]Tokenizing inputs:  85%|████████▍ | 40476/47868 [01:36<00:07, 941.35it/s]Tokenizing inputs:  85%|████████▍ | 40571/47868 [01:37<00:07, 937.91it/s]Tokenizing inputs:  85%|████████▍ | 40665/47868 [01:37<00:07, 917.03it/s]Tokenizing inputs:  85%|████████▌ | 40757/47868 [01:37<00:07, 917.42it/s]Tokenizing inputs:  85%|████████▌ | 40849/47868 [01:37<00:07, 912.80it/s]Tokenizing inputs:  86%|████████▌ | 40943/47868 [01:37<00:07, 920.48it/s]Tokenizing inputs:  86%|████████▌ | 41036/47868 [01:37<00:07, 915.17it/s]Tokenizing inputs:  86%|████████▌ | 41131/47868 [01:37<00:07, 923.02it/s]Tokenizing inputs:  86%|████████▌ | 41225/47868 [01:37<00:07, 925.69it/s]Tokenizing inputs:  86%|████████▋ | 41319/47868 [01:37<00:07, 927.96it/s]Tokenizing inputs:  87%|████████▋ | 41412/47868 [01:37<00:07, 921.55it/s]Tokenizing inputs:  87%|████████▋ | 41509/47868 [01:38<00:06, 935.04it/s]Tokenizing inputs:  87%|████████▋ | 41603/47868 [01:38<00:06, 935.50it/s]Tokenizing inputs:  87%|████████▋ | 41698/47868 [01:38<00:06, 937.63it/s]Tokenizing inputs:  87%|████████▋ | 41792/47868 [01:38<00:06, 933.51it/s]Tokenizing inputs:  88%|████████▊ | 41887/47868 [01:38<00:06, 938.32it/s]Tokenizing inputs:  88%|████████▊ | 41983/47868 [01:38<00:06, 944.52it/s]Tokenizing inputs:  88%|████████▊ | 42079/47868 [01:38<00:06, 947.15it/s]Tokenizing inputs:  88%|████████▊ | 42174/47868 [01:38<00:06, 942.83it/s]Tokenizing inputs:  88%|████████▊ | 42271/47868 [01:38<00:05, 948.54it/s]Tokenizing inputs:  89%|████████▊ | 42367/47868 [01:38<00:05, 950.19it/s]Tokenizing inputs:  89%|████████▊ | 42463/47868 [01:39<00:05, 949.35it/s]Tokenizing inputs:  89%|████████▉ | 42559/47868 [01:39<00:05, 949.64it/s]Tokenizing inputs:  89%|████████▉ | 42659/47868 [01:39<00:05, 963.99it/s]Tokenizing inputs:  89%|████████▉ | 42756/47868 [01:39<00:05, 943.99it/s]Tokenizing inputs:  90%|████████▉ | 42851/47868 [01:39<00:05, 936.28it/s]Tokenizing inputs:  90%|████████▉ | 42945/47868 [01:39<00:06, 817.29it/s]Tokenizing inputs:  90%|████████▉ | 43030/47868 [01:39<00:06, 733.17it/s]Tokenizing inputs:  90%|█████████ | 43107/47868 [01:39<00:06, 685.52it/s]Tokenizing inputs:  90%|█████████ | 43178/47868 [01:40<00:07, 657.11it/s]Tokenizing inputs:  90%|█████████ | 43246/47868 [01:40<00:07, 634.86it/s]Tokenizing inputs:  90%|█████████ | 43311/47868 [01:40<00:07, 627.75it/s]Tokenizing inputs:  91%|█████████ | 43375/47868 [01:40<00:07, 625.98it/s]Tokenizing inputs:  91%|█████████ | 43438/47868 [01:40<00:07, 626.73it/s]Tokenizing inputs:  91%|█████████ | 43502/47868 [01:40<00:06, 628.25it/s]Tokenizing inputs:  91%|█████████ | 43566/47868 [01:40<00:06, 627.65it/s]Tokenizing inputs:  91%|█████████ | 43630/47868 [01:40<00:06, 629.51it/s]Tokenizing inputs:  91%|█████████▏| 43694/47868 [01:40<00:06, 629.43it/s]Tokenizing inputs:  91%|█████████▏| 43758/47868 [01:40<00:06, 629.88it/s]Tokenizing inputs:  92%|█████████▏| 43822/47868 [01:41<00:06, 629.36it/s]Tokenizing inputs:  92%|█████████▏| 43885/47868 [01:41<00:06, 628.28it/s]Tokenizing inputs:  92%|█████████▏| 43950/47868 [01:41<00:06, 633.92it/s]Tokenizing inputs:  92%|█████████▏| 44016/47868 [01:41<00:06, 641.56it/s]Tokenizing inputs:  92%|█████████▏| 44082/47868 [01:41<00:05, 645.40it/s]Tokenizing inputs:  92%|█████████▏| 44149/47868 [01:41<00:05, 651.79it/s]Tokenizing inputs:  92%|█████████▏| 44215/47868 [01:41<00:05, 653.71it/s]Tokenizing inputs:  93%|█████████▎| 44282/47868 [01:41<00:05, 657.67it/s]Tokenizing inputs:  93%|█████████▎| 44349/47868 [01:41<00:05, 660.57it/s]Tokenizing inputs:  93%|█████████▎| 44417/47868 [01:41<00:05, 663.49it/s]Tokenizing inputs:  93%|█████████▎| 44484/47868 [01:42<00:05, 662.56it/s]Tokenizing inputs:  93%|█████████▎| 44551/47868 [01:42<00:05, 662.39it/s]Tokenizing inputs:  93%|█████████▎| 44618/47868 [01:42<00:04, 662.72it/s]Tokenizing inputs:  93%|█████████▎| 44692/47868 [01:42<00:04, 684.70it/s]Tokenizing inputs:  94%|█████████▎| 44761/47868 [01:42<00:04, 671.86it/s]Tokenizing inputs:  94%|█████████▎| 44829/47868 [01:42<00:04, 661.37it/s]Tokenizing inputs:  94%|█████████▍| 44896/47868 [01:42<00:04, 654.72it/s]Tokenizing inputs:  94%|█████████▍| 44962/47868 [01:42<00:04, 652.43it/s]Tokenizing inputs:  94%|█████████▍| 45028/47868 [01:42<00:04, 651.33it/s]Tokenizing inputs:  94%|█████████▍| 45097/47868 [01:42<00:04, 661.28it/s]Tokenizing inputs:  94%|█████████▍| 45171/47868 [01:43<00:03, 683.07it/s]Tokenizing inputs:  95%|█████████▍| 45242/47868 [01:43<00:03, 688.51it/s]Tokenizing inputs:  95%|█████████▍| 45314/47868 [01:43<00:03, 697.54it/s]Tokenizing inputs:  95%|█████████▍| 45388/47868 [01:43<00:03, 708.18it/s]Tokenizing inputs:  95%|█████████▍| 45462/47868 [01:43<00:03, 717.47it/s]Tokenizing inputs:  95%|█████████▌| 45536/47868 [01:43<00:03, 722.63it/s]Tokenizing inputs:  95%|█████████▌| 45609/47868 [01:43<00:03, 722.34it/s]Tokenizing inputs:  95%|█████████▌| 45683/47868 [01:43<00:03, 725.66it/s]Tokenizing inputs:  96%|█████████▌| 45757/47868 [01:43<00:02, 727.10it/s]Tokenizing inputs:  96%|█████████▌| 45830/47868 [01:43<00:02, 712.66it/s]Tokenizing inputs:  96%|█████████▌| 45902/47868 [01:44<00:02, 704.98it/s]Tokenizing inputs:  96%|█████████▌| 45973/47868 [01:44<00:02, 704.15it/s]Tokenizing inputs:  96%|█████████▌| 46044/47868 [01:44<00:02, 703.53it/s]Tokenizing inputs:  96%|█████████▋| 46115/47868 [01:44<00:02, 700.77it/s]Tokenizing inputs:  96%|█████████▋| 46186/47868 [01:44<00:02, 693.39it/s]Tokenizing inputs:  97%|█████████▋| 46256/47868 [01:44<00:03, 533.69it/s]Tokenizing inputs:  97%|█████████▋| 46315/47868 [01:44<00:03, 473.78it/s]Tokenizing inputs:  97%|█████████▋| 46368/47868 [01:44<00:03, 470.27it/s]Tokenizing inputs:  97%|█████████▋| 46419/47868 [01:45<00:03, 468.50it/s]Tokenizing inputs:  97%|█████████▋| 46469/47868 [01:45<00:03, 464.24it/s]Tokenizing inputs:  97%|█████████▋| 46517/47868 [01:45<00:02, 461.96it/s]Tokenizing inputs:  97%|█████████▋| 46565/47868 [01:45<00:02, 460.94it/s]Tokenizing inputs:  97%|█████████▋| 46612/47868 [01:45<00:02, 456.28it/s]Tokenizing inputs:  97%|█████████▋| 46659/47868 [01:45<00:02, 452.61it/s]Tokenizing inputs:  98%|█████████▊| 46705/47868 [01:45<00:02, 449.50it/s]Tokenizing inputs:  98%|█████████▊| 46751/47868 [01:45<00:02, 436.48it/s]Tokenizing inputs:  98%|█████████▊| 46795/47868 [01:45<00:02, 436.27it/s]Tokenizing inputs:  98%|█████████▊| 46839/47868 [01:46<00:02, 433.84it/s]Tokenizing inputs:  98%|█████████▊| 46883/47868 [01:46<00:02, 433.22it/s]Tokenizing inputs:  98%|█████████▊| 46927/47868 [01:46<00:02, 431.30it/s]Tokenizing inputs:  98%|█████████▊| 46971/47868 [01:46<00:02, 429.86it/s]Tokenizing inputs:  98%|█████████▊| 47015/47868 [01:46<00:01, 427.19it/s]Tokenizing inputs:  98%|█████████▊| 47058/47868 [01:46<00:01, 426.90it/s]Tokenizing inputs:  98%|█████████▊| 47105/47868 [01:46<00:01, 439.18it/s]Tokenizing inputs:  99%|█████████▊| 47153/47868 [01:46<00:01, 449.79it/s]Tokenizing inputs:  99%|█████████▊| 47202/47868 [01:46<00:01, 460.31it/s]Tokenizing inputs:  99%|█████████▊| 47250/47868 [01:46<00:01, 464.37it/s]Tokenizing inputs:  99%|█████████▉| 47297/47868 [01:47<00:01, 465.73it/s]Tokenizing inputs:  99%|█████████▉| 47344/47868 [01:47<00:01, 464.54it/s]Tokenizing inputs:  99%|█████████▉| 47394/47868 [01:47<00:00, 474.06it/s]Tokenizing inputs:  99%|█████████▉| 47444/47868 [01:47<00:00, 479.54it/s]Tokenizing inputs:  99%|█████████▉| 47495/47868 [01:47<00:00, 486.17it/s]Tokenizing inputs:  99%|█████████▉| 47544/47868 [01:47<00:00, 486.14it/s]Tokenizing inputs:  99%|█████████▉| 47594/47868 [01:47<00:00, 487.97it/s]Tokenizing inputs: 100%|█████████▉| 47643/47868 [01:47<00:00, 482.81it/s]Tokenizing inputs: 100%|█████████▉| 47692/47868 [01:47<00:00, 481.50it/s]Tokenizing inputs: 100%|█████████▉| 47741/47868 [01:47<00:00, 479.91it/s]Tokenizing inputs: 100%|█████████▉| 47789/47868 [01:48<00:00, 476.72it/s]Tokenizing inputs: 100%|█████████▉| 47837/47868 [01:48<00:00, 470.42it/s]Tokenizing inputs: 100%|██████████| 47868/47868 [01:48<00:00, 442.15it/s]
Running loglikelihood requests:   0%|          | 0/47868 [00:00<?, ?it/s]Running loglikelihood requests:   0%|          | 1/47868 [01:07<896:44:08, 67.44s/it]Running loglikelihood requests:   0%|          | 17/47868 [01:07<37:53:46,  2.85s/it]Running loglikelihood requests:   0%|          | 33/47868 [01:08<16:09:26,  1.22s/it]Running loglikelihood requests:   0%|          | 49/47868 [01:08<8:57:57,  1.48it/s] Running loglikelihood requests:   0%|          | 65/47868 [01:08<5:32:30,  2.40it/s]Running loglikelihood requests:   0%|          | 81/47868 [01:09<3:38:10,  3.65it/s]Running loglikelihood requests:   0%|          | 97/47868 [01:09<2:28:53,  5.35it/s]Running loglikelihood requests:   0%|          | 113/47868 [01:09<1:44:48,  7.59it/s]Running loglikelihood requests:   0%|          | 129/47868 [01:09<1:15:40, 10.51it/s]Running loglikelihood requests:   0%|          | 145/47868 [01:10<56:02, 14.19it/s]  Running loglikelihood requests:   0%|          | 161/47868 [01:10<42:39, 18.64it/s]Running loglikelihood requests:   0%|          | 177/47868 [01:10<33:28, 23.75it/s]Running loglikelihood requests:   0%|          | 193/47868 [01:10<27:07, 29.30it/s]Running loglikelihood requests:   0%|          | 209/47868 [01:11<22:42, 34.98it/s]Running loglikelihood requests:   0%|          | 225/47868 [01:11<19:37, 40.46it/s]Running loglikelihood requests:   1%|          | 241/47868 [01:11<17:27, 45.48it/s]Running loglikelihood requests:   1%|          | 257/47868 [01:11<15:55, 49.81it/s]Running loglikelihood requests:   1%|          | 273/47868 [01:12<14:51, 53.36it/s]Running loglikelihood requests:   1%|          | 289/47868 [01:12<14:03, 56.41it/s]Running loglikelihood requests:   1%|          | 305/47868 [01:12<13:32, 58.50it/s]Running loglikelihood requests:   1%|          | 321/47868 [01:12<13:11, 60.08it/s]Running loglikelihood requests:   1%|          | 337/47868 [01:13<12:55, 61.25it/s]Running loglikelihood requests:   1%|          | 353/47868 [01:13<12:44, 62.12it/s]Running loglikelihood requests:   1%|          | 369/47868 [01:13<12:36, 62.80it/s]Running loglikelihood requests:   1%|          | 385/47868 [01:13<12:27, 63.56it/s]Running loglikelihood requests:   1%|          | 401/47868 [01:14<12:23, 63.81it/s]Running loglikelihood requests:   1%|          | 417/47868 [01:14<12:19, 64.21it/s]Running loglikelihood requests:   1%|          | 433/47868 [01:14<12:15, 64.53it/s]Running loglikelihood requests:   1%|          | 449/47868 [01:14<12:12, 64.78it/s]Running loglikelihood requests:   1%|          | 465/47868 [01:15<12:09, 64.97it/s]Running loglikelihood requests:   1%|          | 481/47868 [01:15<12:07, 65.11it/s]Running loglikelihood requests:   1%|          | 497/47868 [01:15<12:06, 65.20it/s]Running loglikelihood requests:   1%|          | 513/47868 [01:15<12:05, 65.24it/s]Running loglikelihood requests:   1%|          | 529/47868 [01:16<12:04, 65.31it/s]Running loglikelihood requests:   1%|          | 545/47868 [01:16<12:03, 65.41it/s]Running loglikelihood requests:   1%|          | 561/47868 [01:16<12:01, 65.54it/s]Running loglikelihood requests:   1%|          | 577/47868 [01:16<12:00, 65.63it/s]Running loglikelihood requests:   1%|          | 593/47868 [01:17<11:59, 65.69it/s]Running loglikelihood requests:   1%|▏         | 609/47868 [01:17<11:58, 65.76it/s]Running loglikelihood requests:   1%|▏         | 625/47868 [01:17<11:57, 65.80it/s]Running loglikelihood requests:   1%|▏         | 641/47868 [01:17<11:57, 65.82it/s]Running loglikelihood requests:   1%|▏         | 657/47868 [01:18<11:56, 65.86it/s]Running loglikelihood requests:   1%|▏         | 673/47868 [01:18<11:56, 65.88it/s]Running loglikelihood requests:   1%|▏         | 689/47868 [01:18<11:55, 65.92it/s]Running loglikelihood requests:   1%|▏         | 705/47868 [01:18<11:55, 65.94it/s]Running loglikelihood requests:   2%|▏         | 721/47868 [01:19<11:54, 65.95it/s]Running loglikelihood requests:   2%|▏         | 737/47868 [01:19<11:54, 65.95it/s]Running loglikelihood requests:   2%|▏         | 753/47868 [01:19<11:54, 65.98it/s]Running loglikelihood requests:   2%|▏         | 769/47868 [01:19<11:53, 66.00it/s]Running loglikelihood requests:   2%|▏         | 785/47868 [01:20<11:48, 66.42it/s]Running loglikelihood requests:   2%|▏         | 801/47868 [01:20<11:47, 66.49it/s]Running loglikelihood requests:   2%|▏         | 817/47868 [01:20<11:47, 66.54it/s]Running loglikelihood requests:   2%|▏         | 833/47868 [01:20<11:46, 66.62it/s]Running loglikelihood requests:   2%|▏         | 849/47868 [01:20<11:45, 66.64it/s]Running loglikelihood requests:   2%|▏         | 865/47868 [01:21<11:45, 66.65it/s]Running loglikelihood requests:   2%|▏         | 881/47868 [01:21<11:45, 66.64it/s]Running loglikelihood requests:   2%|▏         | 897/47868 [01:21<11:44, 66.70it/s]Running loglikelihood requests:   2%|▏         | 913/47868 [01:21<11:43, 66.75it/s]Running loglikelihood requests:   2%|▏         | 929/47868 [01:22<11:42, 66.77it/s]Running loglikelihood requests:   2%|▏         | 945/47868 [01:22<11:42, 66.82it/s]Running loglikelihood requests:   2%|▏         | 961/47868 [01:22<11:42, 66.79it/s]Running loglikelihood requests:   2%|▏         | 977/47868 [01:22<11:39, 67.08it/s]Running loglikelihood requests:   2%|▏         | 993/47868 [01:23<11:39, 67.02it/s]Running loglikelihood requests:   2%|▏         | 1009/47868 [01:23<11:39, 67.00it/s]Running loglikelihood requests:   2%|▏         | 1025/47868 [01:23<11:39, 66.96it/s]Running loglikelihood requests:   2%|▏         | 1041/47868 [01:23<11:38, 67.01it/s]Running loglikelihood requests:   2%|▏         | 1057/47868 [01:24<11:37, 67.08it/s]Running loglikelihood requests:   2%|▏         | 1073/47868 [01:24<11:33, 67.48it/s]Running loglikelihood requests:   2%|▏         | 1089/47868 [01:24<11:34, 67.38it/s]Running loglikelihood requests:   2%|▏         | 1105/47868 [01:24<11:34, 67.32it/s]Running loglikelihood requests:   2%|▏         | 1121/47868 [01:25<11:34, 67.29it/s]Running loglikelihood requests:   2%|▏         | 1137/47868 [01:25<11:34, 67.31it/s]Running loglikelihood requests:   2%|▏         | 1153/47868 [01:25<11:34, 67.28it/s]Running loglikelihood requests:   2%|▏         | 1169/47868 [01:25<11:34, 67.28it/s]Running loglikelihood requests:   2%|▏         | 1185/47868 [01:25<11:30, 67.62it/s]Running loglikelihood requests:   3%|▎         | 1201/47868 [01:26<11:30, 67.55it/s]Running loglikelihood requests:   3%|▎         | 1217/47868 [01:26<11:31, 67.45it/s]Running loglikelihood requests:   3%|▎         | 1233/47868 [01:26<11:24, 68.08it/s]Running loglikelihood requests:   3%|▎         | 1249/47868 [01:26<11:23, 68.16it/s]Running loglikelihood requests:   3%|▎         | 1265/47868 [01:27<11:22, 68.29it/s]Running loglikelihood requests:   3%|▎         | 1281/47868 [01:27<11:21, 68.32it/s]Running loglikelihood requests:   3%|▎         | 1297/47868 [01:27<11:17, 68.71it/s]Running loglikelihood requests:   3%|▎         | 1313/47868 [01:27<11:18, 68.60it/s]Running loglikelihood requests:   3%|▎         | 1329/47868 [01:28<11:18, 68.60it/s]Running loglikelihood requests:   3%|▎         | 1345/47868 [01:28<11:18, 68.54it/s]Running loglikelihood requests:   3%|▎         | 1361/47868 [01:28<11:18, 68.57it/s]Running loglikelihood requests:   3%|▎         | 1377/47868 [01:28<11:18, 68.51it/s]Running loglikelihood requests:   3%|▎         | 1393/47868 [01:29<11:17, 68.61it/s]Running loglikelihood requests:   3%|▎         | 1409/47868 [01:29<11:16, 68.63it/s]Running loglikelihood requests:   3%|▎         | 1425/47868 [01:29<11:13, 68.96it/s]Running loglikelihood requests:   3%|▎         | 1441/47868 [01:29<11:14, 68.83it/s]Running loglikelihood requests:   3%|▎         | 1457/47868 [01:29<11:14, 68.84it/s]Running loglikelihood requests:   3%|▎         | 1473/47868 [01:30<11:14, 68.80it/s]Running loglikelihood requests:   3%|▎         | 1489/47868 [01:30<11:13, 68.82it/s]Running loglikelihood requests:   3%|▎         | 1505/47868 [01:30<11:07, 69.45it/s]Running loglikelihood requests:   3%|▎         | 1521/47868 [01:30<11:05, 69.67it/s]Running loglikelihood requests:   3%|▎         | 1537/47868 [01:31<11:03, 69.82it/s]Running loglikelihood requests:   3%|▎         | 1553/47868 [01:31<10:59, 70.25it/s]Running loglikelihood requests:   3%|▎         | 1569/47868 [01:31<10:59, 70.25it/s]Running loglikelihood requests:   3%|▎         | 1585/47868 [01:31<10:58, 70.25it/s]Running loglikelihood requests:   3%|▎         | 1601/47868 [01:31<10:58, 70.28it/s]Running loglikelihood requests:   3%|▎         | 1617/47868 [01:32<10:54, 70.61it/s]Running loglikelihood requests:   3%|▎         | 1633/47868 [01:32<10:55, 70.55it/s]Running loglikelihood requests:   3%|▎         | 1649/47868 [01:32<10:55, 70.56it/s]Running loglikelihood requests:   3%|▎         | 1665/47868 [01:32<10:55, 70.53it/s]Running loglikelihood requests:   4%|▎         | 1681/47868 [01:33<10:51, 70.87it/s]Running loglikelihood requests:   4%|▎         | 1697/47868 [01:33<10:52, 70.71it/s]Running loglikelihood requests:   4%|▎         | 1713/47868 [01:33<10:53, 70.61it/s]Running loglikelihood requests:   4%|▎         | 1729/47868 [01:33<10:53, 70.56it/s]Running loglikelihood requests:   4%|▎         | 1745/47868 [01:34<10:53, 70.53it/s]Running loglikelihood requests:   4%|▎         | 1761/47868 [01:34<10:50, 70.93it/s]Running loglikelihood requests:   4%|▎         | 1777/47868 [01:34<10:50, 70.91it/s]Running loglikelihood requests:   4%|▎         | 1793/47868 [01:34<10:49, 70.92it/s]Running loglikelihood requests:   4%|▍         | 1809/47868 [01:34<10:49, 70.91it/s]Running loglikelihood requests:   4%|▍         | 1825/47868 [01:35<10:49, 70.91it/s]Running loglikelihood requests:   4%|▍         | 1841/47868 [01:35<10:49, 70.92it/s]Running loglikelihood requests:   4%|▍         | 1857/47868 [01:35<10:48, 70.93it/s]Running loglikelihood requests:   4%|▍         | 1873/47868 [01:35<10:48, 70.95it/s]Running loglikelihood requests:   4%|▍         | 1889/47868 [01:36<10:47, 70.99it/s]Running loglikelihood requests:   4%|▍         | 1905/47868 [01:36<10:47, 71.02it/s]Running loglikelihood requests:   4%|▍         | 1921/47868 [01:36<10:43, 71.39it/s]Running loglikelihood requests:   4%|▍         | 1937/47868 [01:36<10:43, 71.34it/s]Running loglikelihood requests:   4%|▍         | 1953/47868 [01:36<10:43, 71.31it/s]Running loglikelihood requests:   4%|▍         | 1969/47868 [01:37<10:45, 71.16it/s]Running loglikelihood requests:   4%|▍         | 1985/47868 [01:37<10:44, 71.16it/s]Running loglikelihood requests:   4%|▍         | 2001/47868 [01:37<10:41, 71.52it/s]Running loglikelihood requests:   4%|▍         | 2017/47868 [01:37<10:41, 71.45it/s]Running loglikelihood requests:   4%|▍         | 2033/47868 [01:38<10:41, 71.45it/s]Running loglikelihood requests:   4%|▍         | 2049/47868 [01:38<10:41, 71.46it/s]Running loglikelihood requests:   4%|▍         | 2065/47868 [01:38<10:37, 71.81it/s]Running loglikelihood requests:   4%|▍         | 2081/47868 [01:38<10:38, 71.73it/s]Running loglikelihood requests:   4%|▍         | 2097/47868 [01:38<10:38, 71.71it/s]Running loglikelihood requests:   4%|▍         | 2113/47868 [01:39<10:38, 71.67it/s]Running loglikelihood requests:   4%|▍         | 2129/47868 [01:39<10:38, 71.68it/s]Running loglikelihood requests:   4%|▍         | 2145/47868 [01:39<10:37, 71.70it/s]Running loglikelihood requests:   5%|▍         | 2161/47868 [01:39<10:34, 72.04it/s]Running loglikelihood requests:   5%|▍         | 2177/47868 [01:40<10:35, 71.93it/s]Running loglikelihood requests:   5%|▍         | 2193/47868 [01:40<10:35, 71.90it/s]Running loglikelihood requests:   5%|▍         | 2209/47868 [01:40<10:35, 71.90it/s]Running loglikelihood requests:   5%|▍         | 2225/47868 [01:40<10:32, 72.19it/s]Running loglikelihood requests:   5%|▍         | 2241/47868 [01:40<10:30, 72.42it/s]Running loglikelihood requests:   5%|▍         | 2257/47868 [01:41<10:28, 72.60it/s]Running loglikelihood requests:   5%|▍         | 2273/47868 [01:41<10:26, 72.74it/s]Running loglikelihood requests:   5%|▍         | 2289/47868 [01:41<10:22, 73.24it/s]Running loglikelihood requests:   5%|▍         | 2305/47868 [01:41<10:21, 73.32it/s]Running loglikelihood requests:   5%|▍         | 2321/47868 [01:42<10:20, 73.39it/s]Running loglikelihood requests:   5%|▍         | 2337/47868 [01:42<10:20, 73.42it/s]Running loglikelihood requests:   5%|▍         | 2353/47868 [01:42<10:18, 73.53it/s]Running loglikelihood requests:   5%|▍         | 2369/47868 [01:42<10:16, 73.79it/s]Running loglikelihood requests:   5%|▍         | 2385/47868 [01:42<10:15, 73.92it/s]Running loglikelihood requests:   5%|▌         | 2401/47868 [01:43<10:13, 74.12it/s]Running loglikelihood requests:   5%|▌         | 2417/47868 [01:43<10:11, 74.35it/s]Running loglikelihood requests:   5%|▌         | 2433/47868 [01:43<10:09, 74.55it/s]Running loglikelihood requests:   5%|▌         | 2449/47868 [01:43<10:07, 74.73it/s]Running loglikelihood requests:   5%|▌         | 2465/47868 [01:43<10:06, 74.90it/s]Running loglikelihood requests:   5%|▌         | 2481/47868 [01:44<10:05, 74.98it/s]Running loglikelihood requests:   5%|▌         | 2497/47868 [01:44<10:04, 75.12it/s]Running loglikelihood requests:   5%|▌         | 2513/47868 [01:44<10:06, 74.77it/s]Running loglikelihood requests:   5%|▌         | 2529/47868 [01:44<10:03, 75.19it/s]Running loglikelihood requests:   5%|▌         | 2545/47868 [01:45<09:59, 75.55it/s]Running loglikelihood requests:   5%|▌         | 2561/47868 [01:45<09:57, 75.81it/s]Running loglikelihood requests:   5%|▌         | 2577/47868 [01:45<09:56, 75.94it/s]Running loglikelihood requests:   5%|▌         | 2593/47868 [01:45<09:54, 76.10it/s]Running loglikelihood requests:   5%|▌         | 2609/47868 [01:45<09:53, 76.23it/s]Running loglikelihood requests:   5%|▌         | 2625/47868 [01:46<09:52, 76.33it/s]Running loglikelihood requests:   6%|▌         | 2641/47868 [01:46<09:51, 76.44it/s]Running loglikelihood requests:   6%|▌         | 2657/47868 [01:46<09:50, 76.53it/s]Running loglikelihood requests:   6%|▌         | 2673/47868 [01:46<09:50, 76.58it/s]Running loglikelihood requests:   6%|▌         | 2689/47868 [01:46<09:49, 76.63it/s]Running loglikelihood requests:   6%|▌         | 2705/47868 [01:47<09:49, 76.67it/s]Running loglikelihood requests:   6%|▌         | 2721/47868 [01:47<09:48, 76.76it/s]Running loglikelihood requests:   6%|▌         | 2737/47868 [01:47<09:47, 76.83it/s]Running loglikelihood requests:   6%|▌         | 2753/47868 [01:47<09:46, 76.90it/s]Running loglikelihood requests:   6%|▌         | 2769/47868 [01:47<09:46, 76.95it/s]Running loglikelihood requests:   6%|▌         | 2785/47868 [01:48<09:45, 77.06it/s]Running loglikelihood requests:   6%|▌         | 2801/47868 [01:48<09:44, 77.11it/s]Running loglikelihood requests:   6%|▌         | 2817/47868 [01:48<09:43, 77.18it/s]Running loglikelihood requests:   6%|▌         | 2833/47868 [01:48<09:43, 77.23it/s]Running loglikelihood requests:   6%|▌         | 2849/47868 [01:49<09:42, 77.30it/s]Running loglikelihood requests:   6%|▌         | 2865/47868 [01:49<09:39, 77.65it/s]Running loglikelihood requests:   6%|▌         | 2881/47868 [01:49<09:39, 77.61it/s]Running loglikelihood requests:   6%|▌         | 2897/47868 [01:49<09:39, 77.54it/s]Running loglikelihood requests:   6%|▌         | 2913/47868 [01:49<09:39, 77.54it/s]Running loglikelihood requests:   6%|▌         | 2929/47868 [01:50<09:39, 77.56it/s]Running loglikelihood requests:   6%|▌         | 2945/47868 [01:50<09:39, 77.57it/s]Running loglikelihood requests:   6%|▌         | 2961/47868 [01:50<09:33, 78.27it/s]Running loglikelihood requests:   6%|▌         | 2977/47868 [01:50<09:29, 78.82it/s]Running loglikelihood requests:   6%|▋         | 2993/47868 [01:50<09:26, 79.20it/s]Running loglikelihood requests:   6%|▋         | 3009/47868 [01:51<09:24, 79.50it/s]Running loglikelihood requests:   6%|▋         | 3025/47868 [01:51<09:22, 79.68it/s]Running loglikelihood requests:   6%|▋         | 3041/47868 [01:51<09:22, 79.75it/s]Running loglikelihood requests:   6%|▋         | 3057/47868 [01:51<09:21, 79.84it/s]Running loglikelihood requests:   6%|▋         | 3073/47868 [01:51<09:20, 79.90it/s]Running loglikelihood requests:   6%|▋         | 3089/47868 [01:52<09:19, 79.97it/s]Running loglikelihood requests:   6%|▋         | 3105/47868 [01:52<09:19, 80.01it/s]Running loglikelihood requests:   7%|▋         | 3121/47868 [01:52<09:18, 80.12it/s]Running loglikelihood requests:   7%|▋         | 3137/47868 [01:52<09:17, 80.18it/s]Running loglikelihood requests:   7%|▋         | 3153/47868 [01:52<09:17, 80.16it/s]Running loglikelihood requests:   7%|▋         | 3169/47868 [01:53<09:17, 80.12it/s]Running loglikelihood requests:   7%|▋         | 3185/47868 [01:53<09:17, 80.21it/s]Running loglikelihood requests:   7%|▋         | 3201/47868 [01:53<09:16, 80.28it/s]Running loglikelihood requests:   7%|▋         | 3217/47868 [01:53<09:13, 80.74it/s]Running loglikelihood requests:   7%|▋         | 3233/47868 [01:53<09:13, 80.69it/s]Running loglikelihood requests:   7%|▋         | 3249/47868 [01:54<09:12, 80.73it/s]Running loglikelihood requests:   7%|▋         | 3265/47868 [01:54<09:11, 80.81it/s]Running loglikelihood requests:   7%|▋         | 3281/47868 [01:54<09:09, 81.21it/s]Running loglikelihood requests:   7%|▋         | 3297/47868 [01:54<09:07, 81.41it/s]Running loglikelihood requests:   7%|▋         | 3313/47868 [01:54<09:08, 81.29it/s]Running loglikelihood requests:   7%|▋         | 3329/47868 [01:55<09:10, 80.85it/s]Running loglikelihood requests:   7%|▋         | 3345/47868 [01:55<09:10, 80.85it/s]Running loglikelihood requests:   7%|▋         | 3361/47868 [01:55<09:08, 81.18it/s]Running loglikelihood requests:   7%|▋         | 3377/47868 [01:55<09:08, 81.13it/s]Running loglikelihood requests:   7%|▋         | 3393/47868 [01:55<09:08, 81.09it/s]Running loglikelihood requests:   7%|▋         | 3409/47868 [01:55<09:08, 81.05it/s]Running loglikelihood requests:   7%|▋         | 3425/47868 [01:56<09:08, 80.99it/s]Running loglikelihood requests:   7%|▋         | 3441/47868 [01:56<09:08, 81.03it/s]Running loglikelihood requests:   7%|▋         | 3457/47868 [01:56<09:07, 81.06it/s]Running loglikelihood requests:   7%|▋         | 3473/47868 [01:56<09:04, 81.56it/s]Running loglikelihood requests:   7%|▋         | 3489/47868 [01:56<09:03, 81.65it/s]Running loglikelihood requests:   7%|▋         | 3505/47868 [01:57<09:02, 81.72it/s]Running loglikelihood requests:   7%|▋         | 3521/47868 [01:57<09:02, 81.68it/s]Running loglikelihood requests:   7%|▋         | 3537/47868 [01:57<08:59, 82.11it/s]Running loglikelihood requests:   7%|▋         | 3553/47868 [01:57<09:00, 82.05it/s]Running loglikelihood requests:   7%|▋         | 3569/47868 [01:57<09:00, 82.03it/s]Running loglikelihood requests:   7%|▋         | 3585/47868 [01:58<08:59, 82.07it/s]Running loglikelihood requests:   8%|▊         | 3601/47868 [01:58<08:57, 82.35it/s]Running loglikelihood requests:   8%|▊         | 3617/47868 [01:58<08:57, 82.30it/s]Running loglikelihood requests:   8%|▊         | 3633/47868 [01:58<08:57, 82.23it/s]Running loglikelihood requests:   8%|▊         | 3649/47868 [01:58<08:57, 82.25it/s]Running loglikelihood requests:   8%|▊         | 3665/47868 [01:59<08:57, 82.23it/s]Running loglikelihood requests:   8%|▊         | 3681/47868 [01:59<08:56, 82.44it/s]Running loglikelihood requests:   8%|▊         | 3697/47868 [01:59<08:56, 82.37it/s]Running loglikelihood requests:   8%|▊         | 3713/47868 [01:59<08:56, 82.26it/s]Running loglikelihood requests:   8%|▊         | 3729/47868 [01:59<08:56, 82.24it/s]Running loglikelihood requests:   8%|▊         | 3745/47868 [02:00<08:56, 82.22it/s]Running loglikelihood requests:   8%|▊         | 3761/47868 [02:00<08:52, 82.79it/s]Running loglikelihood requests:   8%|▊         | 3777/47868 [02:00<08:51, 82.92it/s]Running loglikelihood requests:   8%|▊         | 3793/47868 [02:00<08:50, 83.07it/s]Running loglikelihood requests:   8%|▊         | 3809/47868 [02:00<08:49, 83.15it/s]Running loglikelihood requests:   8%|▊         | 3825/47868 [02:01<08:48, 83.26it/s]Running loglikelihood requests:   8%|▊         | 3841/47868 [02:01<08:48, 83.28it/s]Running loglikelihood requests:   8%|▊         | 3857/47868 [02:01<08:48, 83.35it/s]Running loglikelihood requests:   8%|▊         | 3873/47868 [02:01<08:48, 83.26it/s]Running loglikelihood requests:   8%|▊         | 3889/47868 [02:01<08:47, 83.33it/s]Running loglikelihood requests:   8%|▊         | 3905/47868 [02:02<08:47, 83.35it/s]Running loglikelihood requests:   8%|▊         | 3921/47868 [02:02<08:47, 83.39it/s]Running loglikelihood requests:   8%|▊         | 3937/47868 [02:02<08:46, 83.50it/s]Running loglikelihood requests:   8%|▊         | 3953/47868 [02:02<08:45, 83.52it/s]Running loglikelihood requests:   8%|▊         | 3969/47868 [02:02<08:45, 83.57it/s]Running loglikelihood requests:   8%|▊         | 3985/47868 [02:02<08:45, 83.52it/s]Running loglikelihood requests:   8%|▊         | 4001/47868 [02:03<08:45, 83.53it/s]Running loglikelihood requests:   8%|▊         | 4017/47868 [02:03<08:44, 83.53it/s]Running loglikelihood requests:   8%|▊         | 4033/47868 [02:03<08:44, 83.54it/s]Running loglikelihood requests:   8%|▊         | 4049/47868 [02:03<08:40, 84.15it/s]Running loglikelihood requests:   8%|▊         | 4065/47868 [02:03<08:40, 84.16it/s]Running loglikelihood requests:   9%|▊         | 4081/47868 [02:04<08:39, 84.26it/s]Running loglikelihood requests:   9%|▊         | 4097/47868 [02:04<08:38, 84.40it/s]Running loglikelihood requests:   9%|▊         | 4113/47868 [02:04<08:38, 84.40it/s]Running loglikelihood requests:   9%|▊         | 4129/47868 [02:04<08:36, 84.73it/s]Running loglikelihood requests:   9%|▊         | 4145/47868 [02:04<08:36, 84.67it/s]Running loglikelihood requests:   9%|▊         | 4161/47868 [02:05<08:36, 84.68it/s]Running loglikelihood requests:   9%|▊         | 4177/47868 [02:05<08:38, 84.29it/s]Running loglikelihood requests:   9%|▉         | 4193/47868 [02:05<08:37, 84.42it/s]Running loglikelihood requests:   9%|▉         | 4209/47868 [02:05<08:36, 84.56it/s]Running loglikelihood requests:   9%|▉         | 4225/47868 [02:05<08:36, 84.56it/s]Running loglikelihood requests:   9%|▉         | 4241/47868 [02:05<08:35, 84.66it/s]Running loglikelihood requests:   9%|▉         | 4257/47868 [02:06<08:34, 84.79it/s]Running loglikelihood requests:   9%|▉         | 4273/47868 [02:06<08:34, 84.81it/s]Running loglikelihood requests:   9%|▉         | 4289/47868 [02:06<08:33, 84.82it/s]Running loglikelihood requests:   9%|▉         | 4305/47868 [02:06<08:31, 85.23it/s]Running loglikelihood requests:   9%|▉         | 4321/47868 [02:06<08:31, 85.21it/s]Running loglikelihood requests:   9%|▉         | 4337/47868 [02:07<08:30, 85.25it/s]Running loglikelihood requests:   9%|▉         | 4353/47868 [02:07<08:30, 85.18it/s]Running loglikelihood requests:   9%|▉         | 4369/47868 [02:07<08:30, 85.18it/s]Running loglikelihood requests:   9%|▉         | 4385/47868 [02:07<08:29, 85.30it/s]Running loglikelihood requests:   9%|▉         | 4401/47868 [02:07<08:29, 85.38it/s]Running loglikelihood requests:   9%|▉         | 4417/47868 [02:08<08:28, 85.40it/s]Running loglikelihood requests:   9%|▉         | 4433/47868 [02:08<08:25, 85.92it/s]Running loglikelihood requests:   9%|▉         | 4449/47868 [02:08<08:24, 86.00it/s]Running loglikelihood requests:   9%|▉         | 4465/47868 [02:08<08:24, 86.12it/s]Running loglikelihood requests:   9%|▉         | 4481/47868 [02:08<08:22, 86.27it/s]Running loglikelihood requests:   9%|▉         | 4497/47868 [02:08<08:21, 86.42it/s]Running loglikelihood requests:   9%|▉         | 4513/47868 [02:09<08:21, 86.54it/s]Running loglikelihood requests:   9%|▉         | 4529/47868 [02:09<08:20, 86.64it/s]Running loglikelihood requests:   9%|▉         | 4545/47868 [02:09<08:18, 86.91it/s]Running loglikelihood requests:  10%|▉         | 4561/47868 [02:09<08:16, 87.20it/s]Running loglikelihood requests:  10%|▉         | 4577/47868 [02:09<08:13, 87.73it/s]Running loglikelihood requests:  10%|▉         | 4593/47868 [02:10<08:09, 88.38it/s]Running loglikelihood requests:  10%|▉         | 4609/47868 [02:10<08:06, 88.98it/s]Running loglikelihood requests:  10%|▉         | 4625/47868 [02:10<08:04, 89.31it/s]Running loglikelihood requests:  10%|▉         | 4641/47868 [02:10<08:02, 89.57it/s]Running loglikelihood requests:  10%|▉         | 4657/47868 [02:10<08:00, 89.84it/s]Running loglikelihood requests:  10%|▉         | 4673/47868 [02:10<07:56, 90.66it/s]Running loglikelihood requests:  10%|▉         | 4689/47868 [02:11<07:55, 90.84it/s]Running loglikelihood requests:  10%|▉         | 4705/47868 [02:11<07:53, 91.11it/s]Running loglikelihood requests:  10%|▉         | 4721/47868 [02:11<07:52, 91.23it/s]Running loglikelihood requests:  10%|▉         | 4737/47868 [02:11<07:52, 91.22it/s]Running loglikelihood requests:  10%|▉         | 4753/47868 [02:11<07:51, 91.48it/s]Running loglikelihood requests:  10%|▉         | 4769/47868 [02:12<07:50, 91.53it/s]Running loglikelihood requests:  10%|▉         | 4785/47868 [02:12<07:50, 91.58it/s]Running loglikelihood requests:  10%|█         | 4801/47868 [02:12<07:49, 91.71it/s]Running loglikelihood requests:  10%|█         | 4817/47868 [02:12<07:49, 91.67it/s]Running loglikelihood requests:  10%|█         | 4833/47868 [02:12<07:47, 92.11it/s]Running loglikelihood requests:  10%|█         | 4849/47868 [02:12<07:47, 92.01it/s]Running loglikelihood requests:  10%|█         | 4865/47868 [02:13<07:47, 91.94it/s]Running loglikelihood requests:  10%|█         | 4881/47868 [02:13<07:47, 92.03it/s]Running loglikelihood requests:  10%|█         | 4897/47868 [02:13<07:46, 92.02it/s]Running loglikelihood requests:  10%|█         | 4913/47868 [02:13<07:45, 92.22it/s]Running loglikelihood requests:  10%|█         | 4929/47868 [02:13<07:45, 92.18it/s]Running loglikelihood requests:  10%|█         | 4945/47868 [02:13<07:43, 92.65it/s]Running loglikelihood requests:  10%|█         | 4961/47868 [02:14<07:43, 92.49it/s]Running loglikelihood requests:  10%|█         | 4977/47868 [02:14<07:43, 92.56it/s]Running loglikelihood requests:  10%|█         | 4993/47868 [02:14<07:42, 92.79it/s]Running loglikelihood requests:  10%|█         | 5009/47868 [02:14<07:41, 92.88it/s]Running loglikelihood requests:  10%|█         | 5025/47868 [02:14<07:41, 92.77it/s]Running loglikelihood requests:  11%|█         | 5041/47868 [02:14<07:39, 93.14it/s]Running loglikelihood requests:  11%|█         | 5057/47868 [02:15<07:39, 93.26it/s]Running loglikelihood requests:  11%|█         | 5073/47868 [02:15<07:37, 93.52it/s]Running loglikelihood requests:  11%|█         | 5089/47868 [02:15<07:37, 93.59it/s]Running loglikelihood requests:  11%|█         | 5105/47868 [02:15<07:36, 93.65it/s]Running loglikelihood requests:  11%|█         | 5121/47868 [02:15<07:31, 94.70it/s]Running loglikelihood requests:  11%|█         | 5137/47868 [02:15<07:29, 94.96it/s]Running loglikelihood requests:  11%|█         | 5153/47868 [02:16<07:28, 95.14it/s]Running loglikelihood requests:  11%|█         | 5169/47868 [02:16<07:27, 95.44it/s]Running loglikelihood requests:  11%|█         | 5185/47868 [02:16<07:26, 95.65it/s]Running loglikelihood requests:  11%|█         | 5201/47868 [02:16<07:25, 95.76it/s]Running loglikelihood requests:  11%|█         | 5217/47868 [02:16<07:25, 95.73it/s]Running loglikelihood requests:  11%|█         | 5233/47868 [02:16<07:23, 96.16it/s]Running loglikelihood requests:  11%|█         | 5249/47868 [02:17<07:22, 96.22it/s]Running loglikelihood requests:  11%|█         | 5265/47868 [02:17<07:22, 96.29it/s]Running loglikelihood requests:  11%|█         | 5281/47868 [02:17<07:22, 96.27it/s]Running loglikelihood requests:  11%|█         | 5297/47868 [02:17<07:22, 96.17it/s]Running loglikelihood requests:  11%|█         | 5313/47868 [02:17<07:22, 96.07it/s]Running loglikelihood requests:  11%|█         | 5329/47868 [02:17<07:22, 96.15it/s]Running loglikelihood requests:  11%|█         | 5345/47868 [02:18<07:20, 96.64it/s]Running loglikelihood requests:  11%|█         | 5361/47868 [02:18<07:20, 96.57it/s]Running loglikelihood requests:  11%|█         | 5377/47868 [02:18<07:20, 96.38it/s]Running loglikelihood requests:  11%|█▏        | 5393/47868 [02:18<07:20, 96.33it/s]Running loglikelihood requests:  11%|█▏        | 5409/47868 [02:18<07:20, 96.44it/s]Running loglikelihood requests:  11%|█▏        | 5425/47868 [02:18<07:18, 96.90it/s]Running loglikelihood requests:  11%|█▏        | 5441/47868 [02:19<07:17, 96.88it/s]Running loglikelihood requests:  11%|█▏        | 5457/47868 [02:19<07:18, 96.71it/s]Running loglikelihood requests:  11%|█▏        | 5473/47868 [02:19<07:18, 96.57it/s]Running loglikelihood requests:  11%|█▏        | 5489/47868 [02:19<07:18, 96.59it/s]Running loglikelihood requests:  12%|█▏        | 5505/47868 [02:19<07:18, 96.68it/s]Running loglikelihood requests:  12%|█▏        | 5521/47868 [02:19<07:15, 97.17it/s]Running loglikelihood requests:  12%|█▏        | 5537/47868 [02:20<07:15, 97.11it/s]Running loglikelihood requests:  12%|█▏        | 5553/47868 [02:20<07:16, 97.02it/s]Running loglikelihood requests:  12%|█▏        | 5569/47868 [02:20<07:16, 96.89it/s]Running loglikelihood requests:  12%|█▏        | 5585/47868 [02:20<07:16, 96.79it/s]Running loglikelihood requests:  12%|█▏        | 5601/47868 [02:20<07:16, 96.84it/s]Running loglikelihood requests:  12%|█▏        | 5617/47868 [02:20<07:15, 96.97it/s]Running loglikelihood requests:  12%|█▏        | 5633/47868 [02:21<07:15, 96.94it/s]Running loglikelihood requests:  12%|█▏        | 5649/47868 [02:21<07:15, 96.96it/s]Running loglikelihood requests:  12%|█▏        | 5665/47868 [02:21<07:15, 96.89it/s]Running loglikelihood requests:  12%|█▏        | 5681/47868 [02:21<07:15, 96.87it/s]Running loglikelihood requests:  12%|█▏        | 5697/47868 [02:21<07:15, 96.81it/s]Running loglikelihood requests:  12%|█▏        | 5713/47868 [02:21<07:14, 96.97it/s]Running loglikelihood requests:  12%|█▏        | 5729/47868 [02:22<07:13, 97.14it/s]Running loglikelihood requests:  12%|█▏        | 5745/47868 [02:22<07:13, 97.26it/s]Running loglikelihood requests:  12%|█▏        | 5761/47868 [02:22<07:12, 97.33it/s]Running loglikelihood requests:  12%|█▏        | 5777/47868 [02:22<07:12, 97.32it/s]Running loglikelihood requests:  12%|█▏        | 5793/47868 [02:22<07:12, 97.29it/s]Running loglikelihood requests:  12%|█▏        | 5809/47868 [02:22<07:12, 97.21it/s]Running loglikelihood requests:  12%|█▏        | 5825/47868 [02:23<07:12, 97.24it/s]Running loglikelihood requests:  12%|█▏        | 5841/47868 [02:23<07:11, 97.35it/s]Running loglikelihood requests:  12%|█▏        | 5857/47868 [02:23<07:11, 97.40it/s]Running loglikelihood requests:  12%|█▏        | 5873/47868 [02:23<07:10, 97.50it/s]Running loglikelihood requests:  12%|█▏        | 5889/47868 [02:23<07:07, 98.12it/s]Running loglikelihood requests:  12%|█▏        | 5905/47868 [02:23<07:07, 98.24it/s]Running loglikelihood requests:  12%|█▏        | 5921/47868 [02:24<07:06, 98.35it/s]Running loglikelihood requests:  12%|█▏        | 5937/47868 [02:24<07:06, 98.38it/s]Running loglikelihood requests:  12%|█▏        | 5953/47868 [02:24<07:05, 98.46it/s]Running loglikelihood requests:  12%|█▏        | 5969/47868 [02:24<07:05, 98.50it/s]Running loglikelihood requests:  13%|█▎        | 5985/47868 [02:24<07:03, 98.84it/s]Running loglikelihood requests:  13%|█▎        | 6001/47868 [02:24<07:03, 98.80it/s]Running loglikelihood requests:  13%|█▎        | 6017/47868 [02:25<07:03, 98.79it/s]Running loglikelihood requests:  13%|█▎        | 6033/47868 [02:25<07:03, 98.79it/s]Running loglikelihood requests:  13%|█▎        | 6049/47868 [02:25<07:03, 98.80it/s]Running loglikelihood requests:  13%|█▎        | 6065/47868 [02:25<07:03, 98.79it/s]Running loglikelihood requests:  13%|█▎        | 6081/47868 [02:25<07:01, 99.12it/s]Running loglikelihood requests:  13%|█▎        | 6097/47868 [02:25<07:01, 99.09it/s]Running loglikelihood requests:  13%|█▎        | 6113/47868 [02:25<07:01, 99.08it/s]Running loglikelihood requests:  13%|█▎        | 6129/47868 [02:26<07:01, 99.05it/s]Running loglikelihood requests:  13%|█▎        | 6145/47868 [02:26<07:01, 99.03it/s]Running loglikelihood requests:  13%|█▎        | 6161/47868 [02:26<07:01, 99.03it/s]Running loglikelihood requests:  13%|█▎        | 6177/47868 [02:26<07:01, 99.00it/s]Running loglikelihood requests:  13%|█▎        | 6193/47868 [02:26<07:01, 98.95it/s]Running loglikelihood requests:  13%|█▎        | 6209/47868 [02:26<06:59, 99.30it/s]Running loglikelihood requests:  13%|█▎        | 6225/47868 [02:27<06:59, 99.16it/s]Running loglikelihood requests:  13%|█▎        | 6241/47868 [02:27<06:59, 99.12it/s]Running loglikelihood requests:  13%|█▎        | 6257/47868 [02:27<06:59, 99.10it/s]Running loglikelihood requests:  13%|█▎        | 6273/47868 [02:27<06:59, 99.09it/s]Running loglikelihood requests:  13%|█▎        | 6289/47868 [02:27<06:57, 99.49it/s]Running loglikelihood requests:  13%|█▎        | 6305/47868 [02:27<06:58, 99.29it/s]Running loglikelihood requests:  13%|█▎        | 6321/47868 [02:28<06:58, 99.16it/s]Running loglikelihood requests:  13%|█▎        | 6337/47868 [02:28<06:59, 99.05it/s]Running loglikelihood requests:  13%|█▎        | 6353/47868 [02:28<06:59, 99.00it/s]Running loglikelihood requests:  13%|█▎        | 6369/47868 [02:28<06:59, 98.96it/s]Running loglikelihood requests:  13%|█▎        | 6385/47868 [02:28<06:59, 98.95it/s]Running loglikelihood requests:  13%|█▎        | 6401/47868 [02:28<06:59, 98.96it/s]Running loglikelihood requests:  13%|█▎        | 6417/47868 [02:29<06:59, 98.93it/s]Running loglikelihood requests:  13%|█▎        | 6433/47868 [02:29<06:58, 99.00it/s]Running loglikelihood requests:  13%|█▎        | 6449/47868 [02:29<06:58, 98.98it/s]Running loglikelihood requests:  14%|█▎        | 6465/47868 [02:29<06:57, 99.08it/s]Running loglikelihood requests:  14%|█▎        | 6481/47868 [02:29<06:57, 99.17it/s]Running loglikelihood requests:  14%|█▎        | 6497/47868 [02:29<06:56, 99.27it/s]Running loglikelihood requests:  14%|█▎        | 6513/47868 [02:30<06:55, 99.44it/s]Running loglikelihood requests:  14%|█▎        | 6529/47868 [02:30<06:55, 99.58it/s]Running loglikelihood requests:  14%|█▎        | 6545/47868 [02:30<06:52, 100.08it/s]Running loglikelihood requests:  14%|█▎        | 6561/47868 [02:30<06:52, 100.02it/s]Running loglikelihood requests:  14%|█▎        | 6577/47868 [02:30<06:53, 99.97it/s] Running loglikelihood requests:  14%|█▍        | 6593/47868 [02:30<06:52, 99.95it/s]Running loglikelihood requests:  14%|█▍        | 6609/47868 [02:30<06:53, 99.88it/s]Running loglikelihood requests:  14%|█▍        | 6625/47868 [02:31<06:50, 100.56it/s]Running loglikelihood requests:  14%|█▍        | 6641/47868 [02:31<06:47, 101.22it/s]Running loglikelihood requests:  14%|█▍        | 6657/47868 [02:31<06:44, 101.78it/s]Running loglikelihood requests:  14%|█▍        | 6673/47868 [02:31<06:43, 101.97it/s]Running loglikelihood requests:  14%|█▍        | 6689/47868 [02:31<06:41, 102.55it/s]Running loglikelihood requests:  14%|█▍        | 6705/47868 [02:31<06:41, 102.62it/s]Running loglikelihood requests:  14%|█▍        | 6721/47868 [02:32<06:40, 102.70it/s]Running loglikelihood requests:  14%|█▍        | 6737/47868 [02:32<06:39, 102.87it/s]Running loglikelihood requests:  14%|█▍        | 6753/47868 [02:32<06:38, 103.06it/s]Running loglikelihood requests:  14%|█▍        | 6769/47868 [02:32<06:38, 103.07it/s]Running loglikelihood requests:  14%|█▍        | 6785/47868 [02:32<06:37, 103.41it/s]Running loglikelihood requests:  14%|█▍        | 6801/47868 [02:32<06:36, 103.62it/s]Running loglikelihood requests:  14%|█▍        | 6817/47868 [02:32<06:32, 104.48it/s]Running loglikelihood requests:  14%|█▍        | 6833/47868 [02:33<06:29, 105.34it/s]Running loglikelihood requests:  14%|█▍        | 6849/47868 [02:33<06:25, 106.43it/s]Running loglikelihood requests:  14%|█▍        | 6865/47868 [02:33<06:19, 108.16it/s]Running loglikelihood requests:  14%|█▍        | 6881/47868 [02:33<06:12, 109.92it/s]Running loglikelihood requests:  14%|█▍        | 6897/47868 [02:33<06:08, 111.26it/s]Running loglikelihood requests:  14%|█▍        | 6913/47868 [02:33<06:04, 112.40it/s]Running loglikelihood requests:  14%|█▍        | 6929/47868 [02:33<06:00, 113.58it/s]Running loglikelihood requests:  15%|█▍        | 6945/47868 [02:34<05:51, 116.29it/s]Running loglikelihood requests:  15%|█▍        | 6961/47868 [02:34<05:46, 118.21it/s]Running loglikelihood requests:  15%|█▍        | 6977/47868 [02:34<05:41, 119.70it/s]Running loglikelihood requests:  15%|█▍        | 6993/47868 [02:34<05:38, 120.88it/s]Running loglikelihood requests:  15%|█▍        | 7009/47868 [02:34<05:35, 121.87it/s]Running loglikelihood requests:  15%|█▍        | 7025/47868 [02:34<05:32, 122.76it/s]Running loglikelihood requests:  15%|█▍        | 7041/47868 [02:34<05:30, 123.67it/s]Running loglikelihood requests:  15%|█▍        | 7057/47868 [02:35<05:29, 123.91it/s]Running loglikelihood requests:  15%|█▍        | 7073/47868 [02:35<05:27, 124.45it/s]Running loglikelihood requests:  15%|█▍        | 7089/47868 [02:35<05:25, 125.17it/s]Running loglikelihood requests:  15%|█▍        | 7105/47868 [02:35<05:25, 125.41it/s]Running loglikelihood requests:  15%|█▍        | 7121/47868 [02:35<05:23, 125.79it/s]Running loglikelihood requests:  15%|█▍        | 7137/47868 [02:35<05:22, 126.36it/s]Running loglikelihood requests:  15%|█▍        | 7153/47868 [02:35<05:20, 126.91it/s]Running loglikelihood requests:  15%|█▍        | 7169/47868 [02:35<05:20, 126.98it/s]Running loglikelihood requests:  15%|█▌        | 7185/47868 [02:36<05:20, 126.99it/s]Running loglikelihood requests:  15%|█▌        | 7201/47868 [02:36<05:19, 127.23it/s]Running loglikelihood requests:  15%|█▌        | 7217/47868 [02:36<05:18, 127.67it/s]Running loglikelihood requests:  15%|█▌        | 7233/47868 [02:36<05:17, 128.18it/s]Running loglikelihood requests:  15%|█▌        | 7249/47868 [02:36<05:16, 128.31it/s]Running loglikelihood requests:  15%|█▌        | 7265/47868 [02:36<05:16, 128.26it/s]Running loglikelihood requests:  15%|█▌        | 7281/47868 [02:36<05:16, 128.28it/s]Running loglikelihood requests:  15%|█▌        | 7297/47868 [02:36<05:16, 128.33it/s]Running loglikelihood requests:  15%|█▌        | 7313/47868 [02:37<05:15, 128.52it/s]Running loglikelihood requests:  15%|█▌        | 7329/47868 [02:37<05:14, 128.92it/s]Running loglikelihood requests:  15%|█▌        | 7345/47868 [02:37<05:13, 129.19it/s]Running loglikelihood requests:  15%|█▌        | 7361/47868 [02:37<05:13, 129.26it/s]Running loglikelihood requests:  15%|█▌        | 7377/47868 [02:37<05:12, 129.56it/s]Running loglikelihood requests:  15%|█▌        | 7393/47868 [02:37<05:12, 129.43it/s]Running loglikelihood requests:  15%|█▌        | 7409/47868 [02:37<05:13, 129.07it/s]Running loglikelihood requests:  16%|█▌        | 7425/47868 [02:37<05:13, 129.02it/s]Running loglikelihood requests:  16%|█▌        | 7441/47868 [02:38<05:12, 129.20it/s]Running loglikelihood requests:  16%|█▌        | 7457/47868 [02:38<05:12, 129.27it/s]Running loglikelihood requests:  16%|█▌        | 7473/47868 [02:38<05:12, 129.44it/s]Running loglikelihood requests:  16%|█▌        | 7489/47868 [02:38<05:11, 129.76it/s]Running loglikelihood requests:  16%|█▌        | 7505/47868 [02:38<05:10, 129.97it/s]Running loglikelihood requests:  16%|█▌        | 7521/47868 [02:38<05:10, 129.93it/s]Running loglikelihood requests:  16%|█▌        | 7537/47868 [02:38<05:10, 129.68it/s]Running loglikelihood requests:  16%|█▌        | 7553/47868 [02:38<05:11, 129.55it/s]Running loglikelihood requests:  16%|█▌        | 7569/47868 [02:38<05:08, 130.82it/s]Running loglikelihood requests:  16%|█▌        | 7585/47868 [02:39<05:06, 131.37it/s]Running loglikelihood requests:  16%|█▌        | 7601/47868 [02:39<05:05, 131.82it/s]Running loglikelihood requests:  16%|█▌        | 7617/47868 [02:39<05:04, 132.22it/s]Running loglikelihood requests:  16%|█▌        | 7633/47868 [02:39<05:03, 132.59it/s]Running loglikelihood requests:  16%|█▌        | 7649/47868 [02:39<05:02, 133.14it/s]Running loglikelihood requests:  16%|█▌        | 7665/47868 [02:39<05:01, 133.48it/s]Running loglikelihood requests:  16%|█▌        | 7681/47868 [02:39<05:00, 133.72it/s]Running loglikelihood requests:  16%|█▌        | 7697/47868 [02:39<05:00, 133.69it/s]Running loglikelihood requests:  16%|█▌        | 7713/47868 [02:40<05:00, 133.53it/s]Running loglikelihood requests:  16%|█▌        | 7729/47868 [02:40<05:00, 133.76it/s]Running loglikelihood requests:  16%|█▌        | 7745/47868 [02:40<05:00, 133.51it/s]Running loglikelihood requests:  16%|█▌        | 7761/47868 [02:40<05:00, 133.37it/s]Running loglikelihood requests:  16%|█▌        | 7777/47868 [02:40<05:00, 133.21it/s]Running loglikelihood requests:  16%|█▋        | 7793/47868 [02:40<05:00, 133.31it/s]Running loglikelihood requests:  16%|█▋        | 7809/47868 [02:40<05:00, 133.47it/s]Running loglikelihood requests:  16%|█▋        | 7825/47868 [02:40<04:59, 133.67it/s]Running loglikelihood requests:  16%|█▋        | 7841/47868 [02:41<04:58, 134.02it/s]Running loglikelihood requests:  16%|█▋        | 7857/47868 [02:41<04:58, 134.25it/s]Running loglikelihood requests:  16%|█▋        | 7873/47868 [02:41<04:58, 134.18it/s]Running loglikelihood requests:  16%|█▋        | 7889/47868 [02:41<04:57, 134.42it/s]Running loglikelihood requests:  17%|█▋        | 7905/47868 [02:41<04:57, 134.18it/s]Running loglikelihood requests:  17%|█▋        | 7921/47868 [02:41<04:58, 133.93it/s]Running loglikelihood requests:  17%|█▋        | 7937/47868 [02:41<04:58, 133.93it/s]Running loglikelihood requests:  17%|█▋        | 7953/47868 [02:41<04:57, 134.00it/s]Running loglikelihood requests:  17%|█▋        | 7969/47868 [02:41<04:57, 134.23it/s]Running loglikelihood requests:  17%|█▋        | 7985/47868 [02:42<04:56, 134.53it/s]Running loglikelihood requests:  17%|█▋        | 8001/47868 [02:42<04:56, 134.57it/s]Running loglikelihood requests:  17%|█▋        | 8017/47868 [02:42<04:56, 134.51it/s]Running loglikelihood requests:  17%|█▋        | 8033/47868 [02:42<04:56, 134.31it/s]Running loglikelihood requests:  17%|█▋        | 8049/47868 [02:42<04:56, 134.24it/s]Running loglikelihood requests:  17%|█▋        | 8065/47868 [02:42<04:55, 134.54it/s]Running loglikelihood requests:  17%|█▋        | 8081/47868 [02:42<04:54, 134.95it/s]Running loglikelihood requests:  17%|█▋        | 8097/47868 [02:42<04:54, 135.07it/s]Running loglikelihood requests:  17%|█▋        | 8113/47868 [02:43<04:54, 135.17it/s]Running loglikelihood requests:  17%|█▋        | 8129/47868 [02:43<04:54, 134.97it/s]Running loglikelihood requests:  17%|█▋        | 8145/47868 [02:43<04:54, 134.78it/s]Running loglikelihood requests:  17%|█▋        | 8161/47868 [02:43<04:55, 134.59it/s]Running loglikelihood requests:  17%|█▋        | 8177/47868 [02:43<04:55, 134.47it/s]Running loglikelihood requests:  17%|█▋        | 8193/47868 [02:43<04:55, 134.36it/s]Running loglikelihood requests:  17%|█▋        | 8209/47868 [02:43<04:54, 134.59it/s]Running loglikelihood requests:  17%|█▋        | 8225/47868 [02:43<04:53, 134.92it/s]Running loglikelihood requests:  17%|█▋        | 8241/47868 [02:44<04:53, 134.98it/s]Running loglikelihood requests:  17%|█▋        | 8257/47868 [02:44<04:53, 134.88it/s]Running loglikelihood requests:  17%|█▋        | 8273/47868 [02:44<04:53, 134.70it/s]Running loglikelihood requests:  17%|█▋        | 8289/47868 [02:44<04:53, 135.02it/s]Running loglikelihood requests:  17%|█▋        | 8305/47868 [02:44<04:52, 135.03it/s]Running loglikelihood requests:  17%|█▋        | 8321/47868 [02:44<04:52, 135.37it/s]Running loglikelihood requests:  17%|█▋        | 8337/47868 [02:44<04:51, 135.55it/s]Running loglikelihood requests:  17%|█▋        | 8353/47868 [02:44<04:51, 135.40it/s]Running loglikelihood requests:  17%|█▋        | 8369/47868 [02:44<04:52, 135.24it/s]Running loglikelihood requests:  18%|█▊        | 8385/47868 [02:45<04:52, 135.05it/s]Running loglikelihood requests:  18%|█▊        | 8401/47868 [02:45<04:52, 135.14it/s]Running loglikelihood requests:  18%|█▊        | 8417/47868 [02:45<04:51, 135.42it/s]Running loglikelihood requests:  18%|█▊        | 8433/47868 [02:45<04:50, 135.59it/s]Running loglikelihood requests:  18%|█▊        | 8449/47868 [02:45<04:50, 135.62it/s]Running loglikelihood requests:  18%|█▊        | 8465/47868 [02:45<04:50, 135.42it/s]Running loglikelihood requests:  18%|█▊        | 8481/47868 [02:45<04:51, 135.25it/s]Running loglikelihood requests:  18%|█▊        | 8497/47868 [02:45<04:51, 135.16it/s]Running loglikelihood requests:  18%|█▊        | 8513/47868 [02:46<04:50, 135.52it/s]Running loglikelihood requests:  18%|█▊        | 8529/47868 [02:46<04:51, 134.94it/s]Running loglikelihood requests:  18%|█▊        | 8545/47868 [02:46<04:50, 135.52it/s]Running loglikelihood requests:  18%|█▊        | 8561/47868 [02:46<04:49, 135.72it/s]Running loglikelihood requests:  18%|█▊        | 8577/47868 [02:46<04:50, 135.47it/s]Running loglikelihood requests:  18%|█▊        | 8593/47868 [02:46<04:49, 135.45it/s]Running loglikelihood requests:  18%|█▊        | 8609/47868 [02:46<04:49, 135.82it/s]Running loglikelihood requests:  18%|█▊        | 8625/47868 [02:46<04:48, 136.05it/s]Running loglikelihood requests:  18%|█▊        | 8641/47868 [02:46<04:48, 136.01it/s]Running loglikelihood requests:  18%|█▊        | 8657/47868 [02:47<04:48, 135.72it/s]Running loglikelihood requests:  18%|█▊        | 8673/47868 [02:47<04:49, 135.61it/s]Running loglikelihood requests:  18%|█▊        | 8689/47868 [02:47<04:48, 135.76it/s]Running loglikelihood requests:  18%|█▊        | 8705/47868 [02:47<04:47, 136.06it/s]Running loglikelihood requests:  18%|█▊        | 8721/47868 [02:47<04:47, 136.08it/s]Running loglikelihood requests:  18%|█▊        | 8737/47868 [02:47<04:47, 136.23it/s]Running loglikelihood requests:  18%|█▊        | 8753/47868 [02:47<04:46, 136.35it/s]Running loglikelihood requests:  18%|█▊        | 8769/47868 [02:47<04:46, 136.31it/s]Running loglikelihood requests:  18%|█▊        | 8785/47868 [02:48<04:46, 136.46it/s]Running loglikelihood requests:  18%|█▊        | 8801/47868 [02:48<04:46, 136.29it/s]Running loglikelihood requests:  18%|█▊        | 8817/47868 [02:48<04:46, 136.08it/s]Running loglikelihood requests:  18%|█▊        | 8833/47868 [02:48<04:47, 135.91it/s]Running loglikelihood requests:  18%|█▊        | 8849/47868 [02:48<04:46, 136.07it/s]Running loglikelihood requests:  19%|█▊        | 8865/47868 [02:48<04:45, 136.38it/s]Running loglikelihood requests:  19%|█▊        | 8881/47868 [02:48<04:45, 136.33it/s]Running loglikelihood requests:  19%|█▊        | 8897/47868 [02:48<04:46, 136.08it/s]Running loglikelihood requests:  19%|█▊        | 8913/47868 [02:48<04:46, 135.98it/s]Running loglikelihood requests:  19%|█▊        | 8929/47868 [02:49<04:46, 136.12it/s]Running loglikelihood requests:  19%|█▊        | 8945/47868 [02:49<04:44, 136.77it/s]Running loglikelihood requests:  19%|█▊        | 8961/47868 [02:49<04:43, 137.00it/s]Running loglikelihood requests:  19%|█▉        | 8977/47868 [02:49<04:44, 136.82it/s]Running loglikelihood requests:  19%|█▉        | 8993/47868 [02:49<04:44, 136.69it/s]Running loglikelihood requests:  19%|█▉        | 9009/47868 [02:49<04:43, 136.90it/s]Running loglikelihood requests:  19%|█▉        | 9025/47868 [02:49<04:43, 136.79it/s]Running loglikelihood requests:  19%|█▉        | 9041/47868 [02:49<04:44, 136.39it/s]Running loglikelihood requests:  19%|█▉        | 9057/47868 [02:50<04:44, 136.27it/s]Running loglikelihood requests:  19%|█▉        | 9073/47868 [02:50<04:44, 136.39it/s]Running loglikelihood requests:  19%|█▉        | 9089/47868 [02:50<04:43, 136.75it/s]Running loglikelihood requests:  19%|█▉        | 9105/47868 [02:50<04:43, 136.74it/s]Running loglikelihood requests:  19%|█▉        | 9121/47868 [02:50<04:43, 136.50it/s]Running loglikelihood requests:  19%|█▉        | 9137/47868 [02:50<04:43, 136.50it/s]Running loglikelihood requests:  19%|█▉        | 9153/47868 [02:50<04:42, 136.82it/s]Running loglikelihood requests:  19%|█▉        | 9169/47868 [02:50<04:42, 136.86it/s]Running loglikelihood requests:  19%|█▉        | 9185/47868 [02:50<04:42, 136.79it/s]Running loglikelihood requests:  19%|█▉        | 9201/47868 [02:51<04:41, 137.37it/s]Running loglikelihood requests:  19%|█▉        | 9217/47868 [02:51<04:39, 138.15it/s]Running loglikelihood requests:  19%|█▉        | 9233/47868 [02:51<04:39, 138.31it/s]Running loglikelihood requests:  19%|█▉        | 9249/47868 [02:51<04:39, 138.04it/s]Running loglikelihood requests:  19%|█▉        | 9265/47868 [02:51<04:39, 138.23it/s]Running loglikelihood requests:  19%|█▉        | 9281/47868 [02:51<04:38, 138.54it/s]Running loglikelihood requests:  19%|█▉        | 9297/47868 [02:51<04:38, 138.39it/s]Running loglikelihood requests:  19%|█▉        | 9313/47868 [02:51<04:38, 138.27it/s]Running loglikelihood requests:  19%|█▉        | 9329/47868 [02:51<04:37, 138.70it/s]Running loglikelihood requests:  20%|█▉        | 9345/47868 [02:52<04:37, 138.68it/s]Running loglikelihood requests:  20%|█▉        | 9361/47868 [02:52<04:38, 138.42it/s]Running loglikelihood requests:  20%|█▉        | 9377/47868 [02:52<04:37, 138.79it/s]Running loglikelihood requests:  20%|█▉        | 9393/47868 [02:52<04:37, 138.89it/s]Running loglikelihood requests:  20%|█▉        | 9409/47868 [02:52<04:37, 138.73it/s]Running loglikelihood requests:  20%|█▉        | 9425/47868 [02:52<04:36, 138.81it/s]Running loglikelihood requests:  20%|█▉        | 9441/47868 [02:52<04:35, 139.38it/s]Running loglikelihood requests:  20%|█▉        | 9457/47868 [02:52<04:36, 138.99it/s]Running loglikelihood requests:  20%|█▉        | 9473/47868 [02:53<04:36, 139.03it/s]Running loglikelihood requests:  20%|█▉        | 9489/47868 [02:53<04:35, 139.27it/s]Running loglikelihood requests:  20%|█▉        | 9505/47868 [02:53<04:35, 139.06it/s]Running loglikelihood requests:  20%|█▉        | 9521/47868 [02:53<04:35, 138.98it/s]Running loglikelihood requests:  20%|█▉        | 9537/47868 [02:53<04:35, 139.28it/s]Running loglikelihood requests:  20%|█▉        | 9553/47868 [02:53<04:35, 139.16it/s]Running loglikelihood requests:  20%|█▉        | 9569/47868 [02:53<04:35, 138.97it/s]Running loglikelihood requests:  20%|██        | 9585/47868 [02:53<04:34, 139.31it/s]Running loglikelihood requests:  20%|██        | 9601/47868 [02:53<04:35, 139.13it/s]Running loglikelihood requests:  20%|██        | 9617/47868 [02:54<04:35, 138.99it/s]Running loglikelihood requests:  20%|██        | 9633/47868 [02:54<04:34, 139.30it/s]Running loglikelihood requests:  20%|██        | 9649/47868 [02:54<04:33, 139.67it/s]Running loglikelihood requests:  20%|██        | 9665/47868 [02:54<04:33, 139.83it/s]Running loglikelihood requests:  20%|██        | 9681/47868 [02:54<04:32, 139.90it/s]Running loglikelihood requests:  20%|██        | 9697/47868 [02:54<04:33, 139.58it/s]Running loglikelihood requests:  20%|██        | 9713/47868 [02:54<04:33, 139.44it/s]Running loglikelihood requests:  20%|██        | 9729/47868 [02:54<04:33, 139.70it/s]Running loglikelihood requests:  20%|██        | 9745/47868 [02:54<04:33, 139.48it/s]Running loglikelihood requests:  20%|██        | 9761/47868 [02:55<04:33, 139.40it/s]Running loglikelihood requests:  20%|██        | 9777/47868 [02:55<04:32, 139.71it/s]Running loglikelihood requests:  20%|██        | 9793/47868 [02:55<04:32, 139.54it/s]Running loglikelihood requests:  20%|██        | 9809/47868 [02:55<04:32, 139.48it/s]Running loglikelihood requests:  21%|██        | 9825/47868 [02:55<04:32, 139.85it/s]Running loglikelihood requests:  21%|██        | 9841/47868 [02:55<04:32, 139.58it/s]Running loglikelihood requests:  21%|██        | 9857/47868 [02:55<04:32, 139.72it/s]Running loglikelihood requests:  21%|██        | 9873/47868 [02:55<04:31, 139.75it/s]Running loglikelihood requests:  21%|██        | 9889/47868 [02:55<04:32, 139.54it/s]Running loglikelihood requests:  21%|██        | 9905/47868 [02:56<04:31, 140.02it/s]Running loglikelihood requests:  21%|██        | 9921/47868 [02:56<04:30, 140.34it/s]Running loglikelihood requests:  21%|██        | 9937/47868 [02:56<04:31, 139.67it/s]Running loglikelihood requests:  21%|██        | 9953/47868 [02:56<04:30, 139.96it/s]Running loglikelihood requests:  21%|██        | 9969/47868 [02:56<04:30, 139.91it/s]Running loglikelihood requests:  21%|██        | 9985/47868 [02:56<04:31, 139.65it/s]Running loglikelihood requests:  21%|██        | 10001/47868 [02:56<04:30, 139.97it/s]Running loglikelihood requests:  21%|██        | 10017/47868 [02:56<04:30, 139.97it/s]Running loglikelihood requests:  21%|██        | 10033/47868 [02:57<04:30, 139.93it/s]Running loglikelihood requests:  21%|██        | 10049/47868 [02:57<04:29, 140.21it/s]Running loglikelihood requests:  21%|██        | 10065/47868 [02:57<04:30, 139.98it/s]Running loglikelihood requests:  21%|██        | 10081/47868 [02:57<04:29, 140.03it/s]Running loglikelihood requests:  21%|██        | 10097/47868 [02:57<04:29, 140.31it/s]Running loglikelihood requests:  21%|██        | 10113/47868 [02:57<04:28, 140.63it/s]Running loglikelihood requests:  21%|██        | 10129/47868 [02:57<04:27, 141.28it/s]Running loglikelihood requests:  21%|██        | 10145/47868 [02:57<04:27, 140.98it/s]Running loglikelihood requests:  21%|██        | 10161/47868 [02:57<04:27, 140.93it/s]Running loglikelihood requests:  21%|██▏       | 10177/47868 [02:58<04:27, 141.11it/s]Running loglikelihood requests:  21%|██▏       | 10193/47868 [02:58<04:27, 140.89it/s]Running loglikelihood requests:  21%|██▏       | 10209/47868 [02:58<04:26, 141.22it/s]Running loglikelihood requests:  21%|██▏       | 10225/47868 [02:58<04:26, 141.04it/s]Running loglikelihood requests:  21%|██▏       | 10241/47868 [02:58<04:26, 141.07it/s]Running loglikelihood requests:  21%|██▏       | 10257/47868 [02:58<04:26, 141.22it/s]Running loglikelihood requests:  21%|██▏       | 10273/47868 [02:58<04:26, 141.03it/s]Running loglikelihood requests:  21%|██▏       | 10289/47868 [02:58<04:25, 141.39it/s]Running loglikelihood requests:  22%|██▏       | 10305/47868 [02:58<04:25, 141.50it/s]Running loglikelihood requests:  22%|██▏       | 10321/47868 [02:59<04:24, 141.76it/s]Running loglikelihood requests:  22%|██▏       | 10337/47868 [02:59<04:24, 141.66it/s]Running loglikelihood requests:  22%|██▏       | 10353/47868 [02:59<04:25, 141.35it/s]Running loglikelihood requests:  22%|██▏       | 10369/47868 [02:59<04:24, 141.63it/s]Running loglikelihood requests:  22%|██▏       | 10385/47868 [02:59<04:25, 141.32it/s]Running loglikelihood requests:  22%|██▏       | 10401/47868 [02:59<04:24, 141.55it/s]Running loglikelihood requests:  22%|██▏       | 10417/47868 [02:59<04:24, 141.58it/s]Running loglikelihood requests:  22%|██▏       | 10433/47868 [02:59<04:24, 141.70it/s]Running loglikelihood requests:  22%|██▏       | 10449/47868 [02:59<04:23, 141.85it/s]Running loglikelihood requests:  22%|██▏       | 10465/47868 [03:00<04:23, 141.97it/s]Running loglikelihood requests:  22%|██▏       | 10481/47868 [03:00<04:23, 142.07it/s]Running loglikelihood requests:  22%|██▏       | 10497/47868 [03:00<04:23, 141.85it/s]Running loglikelihood requests:  22%|██▏       | 10513/47868 [03:00<04:22, 142.09it/s]Running loglikelihood requests:  22%|██▏       | 10529/47868 [03:00<04:23, 141.91it/s]Running loglikelihood requests:  22%|██▏       | 10545/47868 [03:00<04:22, 141.98it/s]Running loglikelihood requests:  22%|██▏       | 10561/47868 [03:00<04:22, 142.16it/s]Running loglikelihood requests:  22%|██▏       | 10577/47868 [03:00<04:22, 142.12it/s]Running loglikelihood requests:  22%|██▏       | 10593/47868 [03:00<04:21, 142.36it/s]Running loglikelihood requests:  22%|██▏       | 10609/47868 [03:01<04:22, 142.12it/s]Running loglikelihood requests:  22%|██▏       | 10625/47868 [03:01<04:21, 142.48it/s]Running loglikelihood requests:  22%|██▏       | 10640/47868 [03:01<04:32, 136.72it/s]Running loglikelihood requests:  22%|██▏       | 10654/47868 [03:01<04:39, 133.24it/s]Running loglikelihood requests:  22%|██▏       | 10668/47868 [03:01<04:44, 130.98it/s]Running loglikelihood requests:  22%|██▏       | 10684/47868 [03:01<04:37, 134.21it/s]Running loglikelihood requests:  22%|██▏       | 10700/47868 [03:01<04:31, 137.01it/s]Running loglikelihood requests:  22%|██▏       | 10716/47868 [03:01<04:28, 138.42it/s]Running loglikelihood requests:  22%|██▏       | 10730/47868 [03:02<04:35, 134.61it/s]Running loglikelihood requests:  22%|██▏       | 10745/47868 [03:02<04:36, 134.28it/s]Running loglikelihood requests:  22%|██▏       | 10759/47868 [03:02<04:42, 131.46it/s]Running loglikelihood requests:  23%|██▎       | 10775/47868 [03:02<04:33, 135.46it/s]Running loglikelihood requests:  23%|██▎       | 10791/47868 [03:02<04:25, 139.52it/s]Running loglikelihood requests:  23%|██▎       | 10807/47868 [03:02<04:21, 141.92it/s]Running loglikelihood requests:  23%|██▎       | 10823/47868 [03:02<04:17, 143.90it/s]Running loglikelihood requests:  23%|██▎       | 10838/47868 [03:02<04:19, 142.87it/s]Running loglikelihood requests:  23%|██▎       | 10853/47868 [03:02<04:21, 141.68it/s]Running loglikelihood requests:  23%|██▎       | 10868/47868 [03:02<04:22, 141.11it/s]Running loglikelihood requests:  23%|██▎       | 10883/47868 [03:03<04:22, 140.87it/s]Running loglikelihood requests:  23%|██▎       | 10898/47868 [03:03<04:22, 140.72it/s]Running loglikelihood requests:  23%|██▎       | 10913/47868 [03:03<04:22, 140.75it/s]Running loglikelihood requests:  23%|██▎       | 10928/47868 [03:03<04:22, 140.77it/s]Running loglikelihood requests:  23%|██▎       | 10943/47868 [03:03<04:22, 140.52it/s]Running loglikelihood requests:  23%|██▎       | 10958/47868 [03:03<04:23, 140.08it/s]Running loglikelihood requests:  23%|██▎       | 10973/47868 [03:03<04:22, 140.55it/s]Running loglikelihood requests:  23%|██▎       | 10988/47868 [03:03<04:21, 140.77it/s]Running loglikelihood requests:  23%|██▎       | 11003/47868 [03:03<04:22, 140.65it/s]Running loglikelihood requests:  23%|██▎       | 11018/47868 [03:04<04:22, 140.50it/s]Running loglikelihood requests:  23%|██▎       | 11033/47868 [03:04<04:21, 140.66it/s]Running loglikelihood requests:  23%|██▎       | 11048/47868 [03:04<04:20, 141.25it/s]Running loglikelihood requests:  23%|██▎       | 11063/47868 [03:04<04:20, 141.06it/s]Running loglikelihood requests:  23%|██▎       | 11078/47868 [03:04<05:37, 108.98it/s]Running loglikelihood requests:  23%|██▎       | 11092/47868 [03:04<05:20, 114.83it/s]Running loglikelihood requests:  23%|██▎       | 11108/47868 [03:04<04:56, 124.14it/s]Running loglikelihood requests:  23%|██▎       | 11122/47868 [03:04<04:50, 126.40it/s]Running loglikelihood requests:  23%|██▎       | 11136/47868 [03:05<04:46, 127.99it/s]Running loglikelihood requests:  23%|██▎       | 11150/47868 [03:05<04:43, 129.43it/s]Running loglikelihood requests:  23%|██▎       | 11164/47868 [03:05<04:41, 130.61it/s]Running loglikelihood requests:  23%|██▎       | 11178/47868 [03:05<04:39, 131.10it/s]Running loglikelihood requests:  23%|██▎       | 11192/47868 [03:05<04:38, 131.46it/s]Running loglikelihood requests:  23%|██▎       | 11206/47868 [03:05<04:37, 132.07it/s]Running loglikelihood requests:  23%|██▎       | 11220/47868 [03:05<05:55, 102.98it/s]Running loglikelihood requests:  23%|██▎       | 11232/47868 [03:05<05:45, 105.94it/s]Running loglikelihood requests:  23%|██▎       | 11244/47868 [03:05<05:38, 108.17it/s]Running loglikelihood requests:  24%|██▎       | 11256/47868 [03:06<05:32, 110.00it/s]Running loglikelihood requests:  24%|██▎       | 11268/47868 [03:06<05:27, 111.83it/s]Running loglikelihood requests:  24%|██▎       | 11280/47868 [03:06<06:52, 88.73it/s] Running loglikelihood requests:  24%|██▎       | 11290/47868 [03:06<06:42, 90.92it/s]Running loglikelihood requests:  24%|██▎       | 11300/47868 [03:06<06:34, 92.75it/s]Running loglikelihood requests:  24%|██▎       | 11315/47868 [03:06<05:41, 107.07it/s]Running loglikelihood requests:  24%|██▎       | 11328/47868 [03:06<05:24, 112.61it/s]Running loglikelihood requests:  24%|██▎       | 11342/47868 [03:06<05:05, 119.76it/s]Running loglikelihood requests:  24%|██▎       | 11355/47868 [03:06<04:59, 121.79it/s]Running loglikelihood requests:  24%|██▎       | 11368/47868 [03:07<04:56, 123.28it/s]Running loglikelihood requests:  24%|██▍       | 11381/47868 [03:07<04:52, 124.54it/s]Running loglikelihood requests:  24%|██▍       | 11394/47868 [03:07<04:51, 125.16it/s]Running loglikelihood requests:  24%|██▍       | 11407/47868 [03:07<04:50, 125.60it/s]Running loglikelihood requests:  24%|██▍       | 11420/47868 [03:07<04:49, 125.93it/s]Running loglikelihood requests:  24%|██▍       | 11433/47868 [03:07<04:49, 126.06it/s]Running loglikelihood requests:  24%|██▍       | 11446/47868 [03:07<04:48, 126.43it/s]Running loglikelihood requests:  24%|██▍       | 11459/47868 [03:07<04:47, 126.65it/s]Running loglikelihood requests:  24%|██▍       | 11472/47868 [03:07<04:46, 126.93it/s]Running loglikelihood requests:  24%|██▍       | 11485/47868 [03:07<04:46, 127.12it/s]Running loglikelihood requests:  24%|██▍       | 11499/47868 [03:08<04:39, 130.33it/s]Running loglikelihood requests:  24%|██▍       | 11515/47868 [03:08<04:22, 138.26it/s]Running loglikelihood requests:  24%|██▍       | 11529/47868 [03:08<04:23, 138.01it/s]Running loglikelihood requests:  24%|██▍       | 11543/47868 [03:08<05:40, 106.57it/s]Running loglikelihood requests:  24%|██▍       | 11555/47868 [03:08<05:31, 109.49it/s]Running loglikelihood requests:  24%|██▍       | 11569/47868 [03:08<05:10, 116.87it/s]Running loglikelihood requests:  24%|██▍       | 11582/47868 [03:08<05:02, 119.93it/s]Running loglikelihood requests:  24%|██▍       | 11596/47868 [03:08<04:49, 125.09it/s]Running loglikelihood requests:  24%|██▍       | 11612/47868 [03:09<04:29, 134.38it/s]Running loglikelihood requests:  24%|██▍       | 11628/47868 [03:09<04:16, 141.32it/s]Running loglikelihood requests:  24%|██▍       | 11643/47868 [03:09<04:13, 143.16it/s]Running loglikelihood requests:  24%|██▍       | 11658/47868 [03:09<04:10, 144.51it/s]Running loglikelihood requests:  24%|██▍       | 11673/47868 [03:09<04:08, 145.53it/s]Running loglikelihood requests:  24%|██▍       | 11688/47868 [03:09<04:07, 146.26it/s]Running loglikelihood requests:  24%|██▍       | 11703/47868 [03:09<04:06, 146.77it/s]Running loglikelihood requests:  24%|██▍       | 11727/47868 [03:09<03:27, 174.34it/s]Running loglikelihood requests:  25%|██▍       | 11745/47868 [03:09<04:23, 137.13it/s]Running loglikelihood requests:  25%|██▍       | 11771/47868 [03:10<04:25, 135.80it/s]Running loglikelihood requests:  25%|██▍       | 11803/47868 [03:10<04:07, 145.74it/s]Running loglikelihood requests:  25%|██▍       | 11829/47868 [03:10<03:32, 169.49it/s]Running loglikelihood requests:  25%|██▍       | 11851/47868 [03:10<04:01, 149.10it/s]Running loglikelihood requests:  25%|██▍       | 11877/47868 [03:10<04:10, 143.60it/s]Running loglikelihood requests:  25%|██▍       | 11903/47868 [03:10<04:16, 140.15it/s]Running loglikelihood requests:  25%|██▍       | 11935/47868 [03:11<04:02, 147.94it/s]Running loglikelihood requests:  25%|██▌       | 11967/47868 [03:11<03:54, 153.03it/s]Running loglikelihood requests:  25%|██▌       | 11992/47868 [03:11<03:29, 171.14it/s]Running loglikelihood requests:  25%|██▌       | 12012/47868 [03:11<04:01, 148.32it/s]Running loglikelihood requests:  25%|██▌       | 12044/47868 [03:11<03:53, 153.74it/s]Running loglikelihood requests:  25%|██▌       | 12073/47868 [03:12<03:55, 152.06it/s]Running loglikelihood requests:  25%|██▌       | 12100/47868 [03:12<04:01, 148.22it/s]Running loglikelihood requests:  25%|██▌       | 12132/47868 [03:12<03:53, 153.09it/s]Running loglikelihood requests:  25%|██▌       | 12164/47868 [03:12<03:47, 157.02it/s]Running loglikelihood requests:  25%|██▌       | 12196/47868 [03:12<03:42, 160.28it/s]Running loglikelihood requests:  26%|██▌       | 12228/47868 [03:13<03:38, 162.77it/s]Running loglikelihood requests:  26%|██▌       | 12260/47868 [03:13<03:36, 164.35it/s]Running loglikelihood requests:  26%|██▌       | 12292/47868 [03:13<03:34, 165.63it/s]Running loglikelihood requests:  26%|██▌       | 12324/47868 [03:13<03:33, 166.80it/s]Running loglikelihood requests:  26%|██▌       | 12356/47868 [03:13<03:32, 167.35it/s]Running loglikelihood requests:  26%|██▌       | 12388/47868 [03:13<03:31, 167.76it/s]Running loglikelihood requests:  26%|██▌       | 12420/47868 [03:14<03:30, 168.28it/s]Running loglikelihood requests:  26%|██▌       | 12452/47868 [03:14<03:30, 168.64it/s]Running loglikelihood requests:  26%|██▌       | 12484/47868 [03:14<03:29, 168.84it/s]Running loglikelihood requests:  26%|██▌       | 12510/47868 [03:14<03:41, 159.69it/s]Running loglikelihood requests:  26%|██▌       | 12542/47868 [03:14<03:37, 162.63it/s]Running loglikelihood requests:  26%|██▋       | 12571/47868 [03:15<03:40, 159.89it/s]Running loglikelihood requests:  26%|██▋       | 12600/47868 [03:15<03:42, 158.30it/s]Running loglikelihood requests:  26%|██▋       | 12632/47868 [03:15<03:37, 161.85it/s]Running loglikelihood requests:  26%|██▋       | 12664/47868 [03:15<03:34, 164.17it/s]Running loglikelihood requests:  27%|██▋       | 12693/47868 [03:15<03:38, 161.24it/s]Running loglikelihood requests:  27%|██▋       | 12725/47868 [03:16<03:34, 163.95it/s]Running loglikelihood requests:  27%|██▋       | 12754/47868 [03:16<03:37, 161.19it/s]Running loglikelihood requests:  27%|██▋       | 12786/47868 [03:16<03:33, 164.04it/s]Running loglikelihood requests:  27%|██▋       | 12818/47868 [03:16<03:31, 165.96it/s]Running loglikelihood requests:  27%|██▋       | 12850/47868 [03:16<03:30, 166.70it/s]Running loglikelihood requests:  27%|██▋       | 12876/47868 [03:16<03:40, 158.53it/s]Running loglikelihood requests:  27%|██▋       | 12905/47868 [03:17<03:41, 157.51it/s]Running loglikelihood requests:  27%|██▋       | 12937/47868 [03:17<03:36, 161.58it/s]Running loglikelihood requests:  27%|██▋       | 12969/47868 [03:17<03:32, 164.44it/s]Running loglikelihood requests:  27%|██▋       | 12998/47868 [03:17<03:36, 161.39it/s]Running loglikelihood requests:  27%|██▋       | 13030/47868 [03:17<03:32, 163.65it/s]Running loglikelihood requests:  27%|██▋       | 13062/47868 [03:18<03:30, 165.64it/s]Running loglikelihood requests:  27%|██▋       | 13094/47868 [03:18<03:28, 167.14it/s]Running loglikelihood requests:  27%|██▋       | 13126/47868 [03:18<03:26, 168.46it/s]Running loglikelihood requests:  27%|██▋       | 13158/47868 [03:18<03:25, 169.04it/s]Running loglikelihood requests:  28%|██▊       | 13187/47868 [03:18<03:30, 164.88it/s]Running loglikelihood requests:  28%|██▊       | 13216/47868 [03:19<03:33, 161.98it/s]Running loglikelihood requests:  28%|██▊       | 13248/47868 [03:19<03:30, 164.61it/s]Running loglikelihood requests:  28%|██▊       | 13280/47868 [03:19<03:27, 166.72it/s]Running loglikelihood requests:  28%|██▊       | 13306/47868 [03:19<03:37, 158.70it/s]Running loglikelihood requests:  28%|██▊       | 13338/47868 [03:19<03:32, 162.71it/s]Running loglikelihood requests:  28%|██▊       | 13364/47868 [03:19<03:41, 155.92it/s]Running loglikelihood requests:  28%|██▊       | 13396/47868 [03:20<03:34, 160.67it/s]Running loglikelihood requests:  28%|██▊       | 13425/47868 [03:20<03:36, 159.40it/s]Running loglikelihood requests:  28%|██▊       | 13455/47868 [03:20<03:35, 159.99it/s]Running loglikelihood requests:  28%|██▊       | 13484/47868 [03:20<03:36, 158.92it/s]Running loglikelihood requests:  28%|██▊       | 13513/47868 [03:20<03:37, 158.07it/s]Running loglikelihood requests:  28%|██▊       | 13545/47868 [03:21<03:31, 162.15it/s]Running loglikelihood requests:  28%|██▊       | 13574/47868 [03:21<03:33, 160.82it/s]Running loglikelihood requests:  28%|██▊       | 13597/47868 [03:21<03:48, 149.88it/s]Running loglikelihood requests:  28%|██▊       | 13629/47868 [03:21<03:38, 156.67it/s]Running loglikelihood requests:  29%|██▊       | 13658/47868 [03:21<03:38, 156.85it/s]Running loglikelihood requests:  29%|██▊       | 13684/47868 [03:22<03:44, 152.28it/s]Running loglikelihood requests:  29%|██▊       | 13713/47868 [03:22<03:42, 153.71it/s]Running loglikelihood requests:  29%|██▊       | 13745/47868 [03:22<03:33, 159.62it/s]Running loglikelihood requests:  29%|██▉       | 13777/47868 [03:22<03:28, 163.87it/s]Running loglikelihood requests:  29%|██▉       | 13804/47868 [03:22<03:34, 159.09it/s]Running loglikelihood requests:  29%|██▉       | 13833/47868 [03:22<03:34, 158.90it/s]Running loglikelihood requests:  29%|██▉       | 13857/47868 [03:23<03:45, 150.83it/s]Running loglikelihood requests:  29%|██▉       | 13889/47868 [03:23<03:35, 158.00it/s]Running loglikelihood requests:  29%|██▉       | 13918/47868 [03:23<03:33, 158.86it/s]Running loglikelihood requests:  29%|██▉       | 13944/47868 [03:23<03:38, 155.53it/s]Running loglikelihood requests:  29%|██▉       | 13976/47868 [03:23<03:28, 162.92it/s]Running loglikelihood requests:  29%|██▉       | 14005/47868 [03:24<03:27, 163.13it/s]Running loglikelihood requests:  29%|██▉       | 14037/47868 [03:24<03:21, 168.16it/s]Running loglikelihood requests:  29%|██▉       | 14066/47868 [03:24<03:22, 167.08it/s]Running loglikelihood requests:  29%|██▉       | 14089/47868 [03:24<03:36, 156.37it/s]Running loglikelihood requests:  29%|██▉       | 14113/47868 [03:24<03:44, 150.48it/s]Running loglikelihood requests:  30%|██▉       | 14145/47868 [03:24<03:31, 159.68it/s]Running loglikelihood requests:  30%|██▉       | 14177/47868 [03:25<03:22, 166.31it/s]Running loglikelihood requests:  30%|██▉       | 14206/47868 [03:25<03:22, 165.89it/s]Running loglikelihood requests:  30%|██▉       | 14238/47868 [03:25<03:17, 170.55it/s]Running loglikelihood requests:  30%|██▉       | 14267/47868 [03:25<03:18, 169.08it/s]Running loglikelihood requests:  30%|██▉       | 14293/47868 [03:25<03:26, 162.84it/s]Running loglikelihood requests:  30%|██▉       | 14322/47868 [03:25<03:25, 163.41it/s]Running loglikelihood requests:  30%|██▉       | 14346/47868 [03:26<03:35, 155.88it/s]Running loglikelihood requests:  30%|███       | 14372/47868 [03:26<03:37, 153.75it/s]Running loglikelihood requests:  30%|███       | 14402/47868 [03:26<03:30, 158.93it/s]Running loglikelihood requests:  30%|███       | 14431/47868 [03:26<03:27, 161.05it/s]Running loglikelihood requests:  30%|███       | 14458/47868 [03:26<03:30, 159.09it/s]Running loglikelihood requests:  30%|███       | 14481/47868 [03:26<03:41, 151.00it/s]Running loglikelihood requests:  30%|███       | 14513/47868 [03:27<03:26, 161.17it/s]Running loglikelihood requests:  30%|███       | 14545/47868 [03:27<03:18, 167.61it/s]Running loglikelihood requests:  30%|███       | 14577/47868 [03:27<03:13, 172.35it/s]Running loglikelihood requests:  30%|███       | 14595/47868 [03:27<03:38, 152.21it/s]Running loglikelihood requests:  31%|███       | 14619/47868 [03:27<03:44, 148.00it/s]Running loglikelihood requests:  31%|███       | 14640/47868 [03:28<03:56, 140.22it/s]Running loglikelihood requests:  31%|███       | 14665/47868 [03:28<03:54, 141.42it/s]Running loglikelihood requests:  31%|███       | 14691/47868 [03:28<03:49, 144.32it/s]Running loglikelihood requests:  31%|███       | 14721/47868 [03:28<03:37, 152.70it/s]Running loglikelihood requests:  31%|███       | 14753/47868 [03:28<03:24, 162.33it/s]Running loglikelihood requests:  31%|███       | 14782/47868 [03:28<03:22, 163.71it/s]Running loglikelihood requests:  31%|███       | 14805/47868 [03:29<03:33, 154.55it/s]Running loglikelihood requests:  31%|███       | 14837/47868 [03:29<03:21, 163.64it/s]Running loglikelihood requests:  31%|███       | 14869/47868 [03:29<03:14, 169.88it/s]Running loglikelihood requests:  31%|███       | 14895/47868 [03:29<03:20, 164.18it/s]Running loglikelihood requests:  31%|███       | 14919/47868 [03:29<03:30, 156.51it/s]Running loglikelihood requests:  31%|███       | 14948/47868 [03:29<03:25, 160.07it/s]Running loglikelihood requests:  31%|███▏      | 14980/47868 [03:30<03:16, 167.32it/s]Running loglikelihood requests:  31%|███▏      | 15006/47868 [03:30<03:22, 162.35it/s]Running loglikelihood requests:  31%|███▏      | 15032/47868 [03:30<03:26, 158.93it/s]Running loglikelihood requests:  31%|███▏      | 15059/47868 [03:30<03:27, 158.20it/s]Running loglikelihood requests:  32%|███▏      | 15086/47868 [03:30<03:27, 157.94it/s]Running loglikelihood requests:  32%|███▏      | 15118/47868 [03:30<03:17, 166.05it/s]Running loglikelihood requests:  32%|███▏      | 15144/47868 [03:31<03:22, 161.70it/s]Running loglikelihood requests:  32%|███▏      | 15170/47868 [03:31<03:24, 159.66it/s]Running loglikelihood requests:  32%|███▏      | 15190/47868 [03:31<03:41, 147.74it/s]Running loglikelihood requests:  32%|███▏      | 15222/47868 [03:31<03:22, 160.85it/s]Running loglikelihood requests:  32%|███▏      | 15254/47868 [03:31<03:11, 170.19it/s]Running loglikelihood requests:  32%|███▏      | 15286/47868 [03:31<03:04, 176.39it/s]Running loglikelihood requests:  32%|███▏      | 15315/47868 [03:32<03:05, 175.78it/s]Running loglikelihood requests:  32%|███▏      | 15344/47868 [03:32<03:05, 175.65it/s]Running loglikelihood requests:  32%|███▏      | 15373/47868 [03:32<03:05, 175.59it/s]Running loglikelihood requests:  32%|███▏      | 15396/47868 [03:32<03:16, 165.12it/s]Running loglikelihood requests:  32%|███▏      | 15421/47868 [03:32<03:21, 160.69it/s]Running loglikelihood requests:  32%|███▏      | 15447/47868 [03:32<03:23, 159.50it/s]Running loglikelihood requests:  32%|███▏      | 15479/47868 [03:33<03:11, 169.57it/s]Running loglikelihood requests:  32%|███▏      | 15508/47868 [03:33<03:08, 171.30it/s]Running loglikelihood requests:  32%|███▏      | 15537/47868 [03:33<03:07, 172.79it/s]Running loglikelihood requests:  33%|███▎      | 15563/47868 [03:33<03:12, 168.18it/s]Running loglikelihood requests:  33%|███▎      | 15589/47868 [03:33<03:15, 164.75it/s]Running loglikelihood requests:  33%|███▎      | 15618/47868 [03:33<03:11, 168.13it/s]Running loglikelihood requests:  33%|███▎      | 15647/47868 [03:34<03:08, 170.51it/s]Running loglikelihood requests:  33%|███▎      | 15676/47868 [03:34<03:06, 172.21it/s]Running loglikelihood requests:  33%|███▎      | 15708/47868 [03:34<02:59, 178.90it/s]Running loglikelihood requests:  33%|███▎      | 15734/47868 [03:34<03:06, 172.39it/s]Running loglikelihood requests:  33%|███▎      | 15754/47868 [03:34<03:24, 157.23it/s]Running loglikelihood requests:  33%|███▎      | 15786/47868 [03:34<03:10, 168.14it/s]Running loglikelihood requests:  33%|███▎      | 15812/47868 [03:35<03:13, 165.24it/s]Running loglikelihood requests:  33%|███▎      | 15844/47868 [03:35<03:03, 174.46it/s]Running loglikelihood requests:  33%|███▎      | 15867/47868 [03:35<03:14, 164.93it/s]Running loglikelihood requests:  33%|███▎      | 15896/47868 [03:35<03:09, 168.96it/s]Running loglikelihood requests:  33%|███▎      | 15916/47868 [03:35<03:25, 155.65it/s]Running loglikelihood requests:  33%|███▎      | 15948/47868 [03:35<03:10, 167.97it/s]Running loglikelihood requests:  33%|███▎      | 15977/47868 [03:36<03:06, 170.84it/s]Running loglikelihood requests:  33%|███▎      | 16003/47868 [03:36<03:09, 167.88it/s]Running loglikelihood requests:  33%|███▎      | 16026/47868 [03:36<03:18, 160.46it/s]Running loglikelihood requests:  34%|███▎      | 16052/47868 [03:36<03:17, 160.70it/s]Running loglikelihood requests:  34%|███▎      | 16073/47868 [03:36<03:29, 151.75it/s]Running loglikelihood requests:  34%|███▎      | 16102/47868 [03:36<03:18, 159.99it/s]Running loglikelihood requests:  34%|███▎      | 16131/47868 [03:37<03:11, 165.77it/s]Running loglikelihood requests:  34%|███▎      | 16151/47868 [03:37<03:26, 153.63it/s]Running loglikelihood requests:  34%|███▍      | 16179/47868 [03:37<03:18, 159.81it/s]Running loglikelihood requests:  34%|███▍      | 16208/47868 [03:37<03:10, 165.84it/s]Running loglikelihood requests:  34%|███▍      | 16225/47868 [03:37<03:33, 148.20it/s]Running loglikelihood requests:  34%|███▍      | 16253/47868 [03:37<03:21, 157.05it/s]Running loglikelihood requests:  34%|███▍      | 16276/47868 [03:38<03:24, 154.66it/s]Running loglikelihood requests:  34%|███▍      | 16297/47868 [03:38<03:31, 148.95it/s]Running loglikelihood requests:  34%|███▍      | 16317/47868 [03:38<03:40, 143.40it/s]Running loglikelihood requests:  34%|███▍      | 16337/47868 [03:38<03:46, 139.43it/s]Running loglikelihood requests:  34%|███▍      | 16357/47868 [03:38<03:50, 136.75it/s]Running loglikelihood requests:  34%|███▍      | 16374/47868 [03:38<04:03, 129.22it/s]Running loglikelihood requests:  34%|███▍      | 16393/47868 [03:38<04:06, 127.52it/s]Running loglikelihood requests:  34%|███▍      | 16414/47868 [03:39<04:00, 130.66it/s]Running loglikelihood requests:  34%|███▍      | 16432/47868 [03:39<04:08, 126.75it/s]Running loglikelihood requests:  34%|███▍      | 16448/47868 [03:39<04:21, 120.31it/s]Running loglikelihood requests:  34%|███▍      | 16464/47868 [03:39<04:31, 115.71it/s]Running loglikelihood requests:  34%|███▍      | 16482/47868 [03:39<04:29, 116.52it/s]Running loglikelihood requests:  34%|███▍      | 16504/47868 [03:39<04:11, 124.93it/s]Running loglikelihood requests:  35%|███▍      | 16517/47868 [03:39<04:37, 113.12it/s]Running loglikelihood requests:  35%|███▍      | 16532/47868 [03:40<04:48, 108.78it/s]Running loglikelihood requests:  35%|███▍      | 16548/47868 [03:40<04:51, 107.62it/s]Running loglikelihood requests:  35%|███▍      | 16567/47868 [03:40<04:37, 112.80it/s]Running loglikelihood requests:  35%|███▍      | 16579/47868 [03:40<05:04, 102.75it/s]Running loglikelihood requests:  35%|███▍      | 16593/47868 [03:40<05:12, 100.14it/s]Running loglikelihood requests:  35%|███▍      | 16607/47868 [03:40<05:17, 98.52it/s] Running loglikelihood requests:  35%|███▍      | 16621/47868 [03:41<05:21, 97.25it/s]Running loglikelihood requests:  35%|███▍      | 16631/47868 [03:41<05:52, 88.50it/s]Running loglikelihood requests:  35%|███▍      | 16649/47868 [03:41<05:17, 98.20it/s]Running loglikelihood requests:  35%|███▍      | 16673/47868 [03:41<04:26, 116.94it/s]Running loglikelihood requests:  35%|███▍      | 16690/47868 [03:41<04:27, 116.35it/s]Running loglikelihood requests:  35%|███▍      | 16716/47868 [03:41<03:52, 133.76it/s]Running loglikelihood requests:  35%|███▍      | 16737/47868 [03:41<03:48, 135.99it/s]Running loglikelihood requests:  35%|███▌      | 16755/47868 [03:42<03:56, 131.76it/s]Running loglikelihood requests:  35%|███▌      | 16779/47868 [03:42<03:41, 140.53it/s]Running loglikelihood requests:  35%|███▌      | 16795/47868 [03:42<03:57, 130.90it/s]Running loglikelihood requests:  35%|███▌      | 16809/47868 [03:42<04:18, 120.24it/s]Running loglikelihood requests:  35%|███▌      | 16822/47868 [03:42<04:40, 110.69it/s]Running loglikelihood requests:  35%|███▌      | 16845/47868 [03:42<04:09, 124.14it/s]Running loglikelihood requests:  35%|███▌      | 16864/47868 [03:42<04:06, 125.58it/s]Running loglikelihood requests:  35%|███▌      | 16884/47868 [03:43<04:01, 128.40it/s]Running loglikelihood requests:  35%|███▌      | 16899/47868 [03:43<04:16, 120.69it/s]Running loglikelihood requests:  35%|███▌      | 16917/47868 [03:43<04:15, 121.12it/s]Running loglikelihood requests:  35%|███▌      | 16930/47868 [03:43<04:37, 111.54it/s]Running loglikelihood requests:  35%|███▌      | 16949/47868 [03:43<04:25, 116.65it/s]Running loglikelihood requests:  35%|███▌      | 16962/47868 [03:43<04:45, 108.23it/s]Running loglikelihood requests:  35%|███▌      | 16981/47868 [03:44<04:29, 114.66it/s]Running loglikelihood requests:  36%|███▌      | 16998/47868 [03:44<04:27, 115.34it/s]Running loglikelihood requests:  36%|███▌      | 17011/47868 [03:44<04:47, 107.22it/s]Running loglikelihood requests:  36%|███▌      | 17029/47868 [03:44<04:36, 111.73it/s]Running loglikelihood requests:  36%|███▌      | 17045/47868 [03:44<04:37, 111.13it/s]Running loglikelihood requests:  36%|███▌      | 17069/47868 [03:44<04:03, 126.74it/s]Running loglikelihood requests:  36%|███▌      | 17093/47868 [03:44<03:42, 138.15it/s]Running loglikelihood requests:  36%|███▌      | 17109/47868 [03:45<03:56, 130.17it/s]Running loglikelihood requests:  36%|███▌      | 17129/47868 [03:45<03:51, 132.50it/s]Running loglikelihood requests:  36%|███▌      | 17147/47868 [03:45<03:55, 130.23it/s]Running loglikelihood requests:  36%|███▌      | 17171/47868 [03:45<03:37, 140.93it/s]Running loglikelihood requests:  36%|███▌      | 17190/47868 [03:45<03:41, 138.21it/s]Running loglikelihood requests:  36%|███▌      | 17204/47868 [03:45<04:03, 126.13it/s]Running loglikelihood requests:  36%|███▌      | 17222/47868 [03:45<04:03, 125.95it/s]Running loglikelihood requests:  36%|███▌      | 17243/47868 [03:46<03:52, 131.99it/s]Running loglikelihood requests:  36%|███▌      | 17262/47868 [03:46<03:52, 131.88it/s]Running loglikelihood requests:  36%|███▌      | 17280/47868 [03:46<03:55, 130.03it/s]Running loglikelihood requests:  36%|███▌      | 17299/47868 [03:46<03:53, 130.85it/s]Running loglikelihood requests:  36%|███▌      | 17320/47868 [03:46<03:45, 135.55it/s]Running loglikelihood requests:  36%|███▌      | 17344/47868 [03:46<03:30, 145.06it/s]Running loglikelihood requests:  36%|███▋      | 17363/47868 [03:46<03:35, 141.51it/s]Running loglikelihood requests:  36%|███▋      | 17385/47868 [03:47<03:29, 145.27it/s]Running loglikelihood requests:  36%|███▋      | 17405/47868 [03:47<03:32, 143.58it/s]Running loglikelihood requests:  36%|███▋      | 17421/47868 [03:47<03:46, 134.42it/s]Running loglikelihood requests:  36%|███▋      | 17444/47868 [03:47<03:34, 141.84it/s]Running loglikelihood requests:  36%|███▋      | 17465/47868 [03:47<03:31, 143.56it/s]Running loglikelihood requests:  37%|███▋      | 17481/47868 [03:47<03:45, 134.65it/s]Running loglikelihood requests:  37%|███▋      | 17507/47868 [03:47<03:23, 149.03it/s]Running loglikelihood requests:  37%|███▋      | 17524/47868 [03:48<03:35, 140.56it/s]Running loglikelihood requests:  37%|███▋      | 17544/47868 [03:48<03:35, 140.96it/s]Running loglikelihood requests:  37%|███▋      | 17564/47868 [03:48<03:34, 141.43it/s]Running loglikelihood requests:  37%|███▋      | 17579/47868 [03:48<03:50, 131.18it/s]Running loglikelihood requests:  37%|███▋      | 17600/47868 [03:48<03:41, 136.60it/s]Running loglikelihood requests:  37%|███▋      | 17616/47868 [03:48<03:52, 129.89it/s]Running loglikelihood requests:  37%|███▋      | 17633/47868 [03:48<03:57, 127.28it/s]Running loglikelihood requests:  37%|███▋      | 17648/47868 [03:49<04:09, 121.35it/s]Running loglikelihood requests:  37%|███▋      | 17669/47868 [03:49<03:52, 129.80it/s]Running loglikelihood requests:  37%|███▋      | 17684/47868 [03:49<04:05, 123.12it/s]Running loglikelihood requests:  37%|███▋      | 17704/47868 [03:49<03:54, 128.84it/s]Running loglikelihood requests:  37%|███▋      | 17723/47868 [03:49<03:50, 130.84it/s]Running loglikelihood requests:  37%|███▋      | 17743/47868 [03:49<03:43, 134.49it/s]Running loglikelihood requests:  37%|███▋      | 17765/47868 [03:49<03:33, 141.32it/s]Running loglikelihood requests:  37%|███▋      | 17783/47868 [03:49<03:38, 137.86it/s]Running loglikelihood requests:  37%|███▋      | 17808/47868 [03:50<03:20, 149.99it/s]Running loglikelihood requests:  37%|███▋      | 17827/47868 [03:50<03:26, 145.78it/s]Running loglikelihood requests:  37%|███▋      | 17844/47868 [03:50<03:36, 138.78it/s]Running loglikelihood requests:  37%|███▋      | 17858/47868 [03:50<03:55, 127.48it/s]Running loglikelihood requests:  37%|███▋      | 17884/47868 [03:50<03:26, 145.07it/s]Running loglikelihood requests:  37%|███▋      | 17906/47868 [03:50<03:21, 148.88it/s]Running loglikelihood requests:  37%|███▋      | 17930/47868 [03:50<03:07, 159.98it/s]Running loglikelihood requests:  38%|███▊      | 17953/47868 [03:51<03:00, 165.73it/s]Running loglikelihood requests:  38%|███▊      | 17973/47868 [03:51<03:03, 163.14it/s]Running loglikelihood requests:  38%|███▊      | 17990/47868 [03:51<03:13, 154.52it/s]Running loglikelihood requests:  38%|███▊      | 18015/47868 [03:51<02:58, 166.79it/s]Running loglikelihood requests:  38%|███▊      | 18039/47868 [03:51<02:51, 173.43it/s]Running loglikelihood requests:  38%|███▊      | 18071/47868 [03:51<02:32, 195.93it/s]Running loglikelihood requests:  38%|███▊      | 18098/47868 [03:51<02:28, 200.58it/s]Running loglikelihood requests:  38%|███▊      | 18122/47868 [03:51<02:30, 197.17it/s]Running loglikelihood requests:  38%|███▊      | 18142/47868 [03:52<02:40, 185.57it/s]Running loglikelihood requests:  38%|███▊      | 18170/47868 [03:52<02:31, 195.83it/s]Running loglikelihood requests:  38%|███▊      | 18200/47868 [03:52<02:22, 207.70it/s]Running loglikelihood requests:  38%|███▊      | 18226/47868 [03:52<02:23, 206.60it/s]Running loglikelihood requests:  38%|███▊      | 18247/47868 [03:52<02:32, 194.63it/s]Running loglikelihood requests:  38%|███▊      | 18271/47868 [03:52<02:33, 193.01it/s]Running loglikelihood requests:  38%|███▊      | 18292/47868 [03:52<02:39, 185.02it/s]Running loglikelihood requests:  38%|███▊      | 18312/47868 [03:52<02:47, 176.71it/s]Running loglikelihood requests:  38%|███▊      | 18334/47868 [03:53<02:47, 175.85it/s]Running loglikelihood requests:  38%|███▊      | 18352/47868 [03:53<02:57, 166.39it/s]Running loglikelihood requests:  38%|███▊      | 18377/47868 [03:53<02:46, 176.76it/s]Running loglikelihood requests:  38%|███▊      | 18395/47868 [03:53<02:56, 167.28it/s]Running loglikelihood requests:  38%|███▊      | 18413/47868 [03:53<03:03, 160.45it/s]Running loglikelihood requests:  39%|███▊      | 18430/47868 [03:53<03:11, 153.48it/s]Running loglikelihood requests:  39%|███▊      | 18446/47868 [03:53<03:21, 146.35it/s]Running loglikelihood requests:  39%|███▊      | 18462/47868 [03:53<03:28, 141.33it/s]Running loglikelihood requests:  39%|███▊      | 18480/47868 [03:54<03:26, 142.48it/s]Running loglikelihood requests:  39%|███▊      | 18501/47868 [03:54<03:14, 150.61it/s]Running loglikelihood requests:  39%|███▊      | 18525/47868 [03:54<02:59, 163.25it/s]Running loglikelihood requests:  39%|███▊      | 18542/47868 [03:54<03:09, 155.12it/s]Running loglikelihood requests:  39%|███▉      | 18563/47868 [03:54<03:03, 159.82it/s]Running loglikelihood requests:  39%|███▉      | 18592/47868 [03:54<02:41, 181.57it/s]Running loglikelihood requests:  39%|███▉      | 18616/47868 [03:54<02:38, 185.12it/s]Running loglikelihood requests:  39%|███▉      | 18637/47868 [03:54<02:42, 180.39it/s]Running loglikelihood requests:  39%|███▉      | 18656/47868 [03:55<02:49, 172.53it/s]Running loglikelihood requests:  39%|███▉      | 18675/47868 [03:55<02:55, 166.77it/s]Running loglikelihood requests:  39%|███▉      | 18695/47868 [03:55<02:56, 165.15it/s]Running loglikelihood requests:  39%|███▉      | 18720/47868 [03:55<02:45, 176.05it/s]Running loglikelihood requests:  39%|███▉      | 18741/47868 [03:55<02:47, 174.10it/s]Running loglikelihood requests:  39%|███▉      | 18765/47868 [03:55<02:41, 180.52it/s]Running loglikelihood requests:  39%|███▉      | 18784/47868 [03:55<02:47, 173.13it/s]Running loglikelihood requests:  39%|███▉      | 18802/47868 [03:55<02:56, 165.02it/s]Running loglikelihood requests:  39%|███▉      | 18822/47868 [03:56<02:56, 164.12it/s]Running loglikelihood requests:  39%|███▉      | 18839/47868 [03:56<03:05, 156.40it/s]Running loglikelihood requests:  39%|███▉      | 18858/47868 [03:56<03:06, 155.57it/s]Running loglikelihood requests:  39%|███▉      | 18879/47868 [03:56<03:01, 159.63it/s]Running loglikelihood requests:  39%|███▉      | 18899/47868 [03:56<03:00, 160.49it/s]Running loglikelihood requests:  40%|███▉      | 18916/47868 [03:56<03:08, 153.83it/s]Running loglikelihood requests:  40%|███▉      | 18932/47868 [03:56<03:17, 146.59it/s]Running loglikelihood requests:  40%|███▉      | 18956/47868 [03:56<02:59, 160.91it/s]Running loglikelihood requests:  40%|███▉      | 18976/47868 [03:57<02:59, 161.30it/s]Running loglikelihood requests:  40%|███▉      | 18993/47868 [03:57<03:06, 154.45it/s]Running loglikelihood requests:  40%|███▉      | 19012/47868 [03:57<03:06, 154.61it/s]Running loglikelihood requests:  40%|███▉      | 19028/47868 [03:57<03:15, 147.51it/s]Running loglikelihood requests:  40%|███▉      | 19051/47868 [03:57<03:00, 159.47it/s]Running loglikelihood requests:  40%|███▉      | 19070/47868 [03:57<03:02, 157.97it/s]Running loglikelihood requests:  40%|███▉      | 19094/47868 [03:57<02:50, 168.86it/s]Running loglikelihood requests:  40%|███▉      | 19117/47868 [03:57<02:45, 174.07it/s]Running loglikelihood requests:  40%|███▉      | 19138/47868 [03:58<02:45, 173.14it/s]Running loglikelihood requests:  40%|████      | 19157/47868 [03:58<02:51, 167.76it/s]Running loglikelihood requests:  40%|████      | 19189/47868 [03:58<02:27, 194.77it/s]Running loglikelihood requests:  40%|████      | 19209/47868 [03:58<02:34, 185.22it/s]Running loglikelihood requests:  40%|████      | 19228/47868 [03:58<02:42, 176.24it/s]Running loglikelihood requests:  40%|████      | 19246/47868 [03:58<02:50, 167.63it/s]Running loglikelihood requests:  40%|████      | 19263/47868 [03:58<03:26, 138.78it/s]Running loglikelihood requests:  40%|████      | 19281/47868 [03:58<03:22, 140.95it/s]Running loglikelihood requests:  40%|████      | 19299/47868 [03:59<03:20, 142.54it/s]Running loglikelihood requests:  40%|████      | 19319/47868 [03:59<03:11, 148.73it/s]Running loglikelihood requests:  40%|████      | 19337/47868 [03:59<03:11, 149.26it/s]Running loglikelihood requests:  40%|████      | 19353/47868 [03:59<03:17, 144.67it/s]Running loglikelihood requests:  40%|████      | 19371/47868 [03:59<03:14, 146.15it/s]Running loglikelihood requests:  40%|████      | 19386/47868 [03:59<03:23, 139.96it/s]Running loglikelihood requests:  41%|████      | 19409/47868 [03:59<03:03, 155.02it/s]Running loglikelihood requests:  41%|████      | 19425/47868 [04:00<03:39, 129.76it/s]Running loglikelihood requests:  41%|████      | 19451/47868 [04:00<03:05, 152.85it/s]Running loglikelihood requests:  41%|████      | 19469/47868 [04:00<03:06, 152.08it/s]Running loglikelihood requests:  41%|████      | 19485/47868 [04:00<03:13, 146.79it/s]Running loglikelihood requests:  41%|████      | 19502/47868 [04:00<03:15, 145.33it/s]Running loglikelihood requests:  41%|████      | 19517/47868 [04:00<03:23, 139.50it/s]Running loglikelihood requests:  41%|████      | 19547/47868 [04:00<02:45, 171.35it/s]Running loglikelihood requests:  41%|████      | 19565/47868 [04:00<02:51, 165.13it/s]Running loglikelihood requests:  41%|████      | 19586/47868 [04:00<02:48, 167.93it/s]Running loglikelihood requests:  41%|████      | 19603/47868 [04:01<02:56, 160.10it/s]Running loglikelihood requests:  41%|████      | 19633/47868 [04:01<02:31, 186.34it/s]Running loglikelihood requests:  41%|████      | 19652/47868 [04:01<03:01, 155.61it/s]Running loglikelihood requests:  41%|████      | 19684/47868 [04:01<02:31, 185.57it/s]Running loglikelihood requests:  41%|████      | 19704/47868 [04:01<02:35, 180.83it/s]Running loglikelihood requests:  41%|████      | 19723/47868 [04:01<02:41, 174.51it/s]Running loglikelihood requests:  41%|████▏     | 19746/47868 [04:01<02:36, 179.47it/s]Running loglikelihood requests:  41%|████▏     | 19765/47868 [04:01<02:42, 173.45it/s]Running loglikelihood requests:  41%|████▏     | 19783/47868 [04:02<03:12, 145.76it/s]Running loglikelihood requests:  41%|████▏     | 19808/47868 [04:02<02:52, 162.46it/s]Running loglikelihood requests:  41%|████▏     | 19825/47868 [04:02<02:58, 156.92it/s]Running loglikelihood requests:  41%|████▏     | 19847/47868 [04:02<02:50, 164.52it/s]Running loglikelihood requests:  41%|████▏     | 19864/47868 [04:02<02:57, 158.13it/s]Running loglikelihood requests:  42%|████▏     | 19884/47868 [04:02<02:54, 160.79it/s]Running loglikelihood requests:  42%|████▏     | 19902/47868 [04:02<02:57, 157.84it/s]Running loglikelihood requests:  42%|████▏     | 19919/47868 [04:03<03:02, 153.37it/s]Running loglikelihood requests:  42%|████▏     | 19945/47868 [04:03<02:42, 171.90it/s]Running loglikelihood requests:  42%|████▏     | 19967/47868 [04:03<02:39, 175.43it/s]Running loglikelihood requests:  42%|████▏     | 19986/47868 [04:03<02:43, 170.51it/s]Running loglikelihood requests:  42%|████▏     | 20018/47868 [04:03<02:20, 198.21it/s]Running loglikelihood requests:  42%|████▏     | 20042/47868 [04:03<02:20, 198.38it/s]Running loglikelihood requests:  42%|████▏     | 20064/47868 [04:03<02:23, 194.18it/s]Running loglikelihood requests:  42%|████▏     | 20084/47868 [04:03<02:28, 186.64it/s]Running loglikelihood requests:  42%|████▏     | 20103/47868 [04:03<02:35, 178.28it/s]Running loglikelihood requests:  42%|████▏     | 20128/47868 [04:04<02:28, 187.02it/s]Running loglikelihood requests:  42%|████▏     | 20147/47868 [04:04<02:35, 178.46it/s]Running loglikelihood requests:  42%|████▏     | 20165/47868 [04:04<02:42, 170.29it/s]Running loglikelihood requests:  42%|████▏     | 20183/47868 [04:04<02:48, 164.43it/s]Running loglikelihood requests:  42%|████▏     | 20213/47868 [04:04<02:25, 189.69it/s]Running loglikelihood requests:  42%|████▏     | 20232/47868 [04:04<02:33, 180.51it/s]Running loglikelihood requests:  42%|████▏     | 20260/47868 [04:04<02:20, 195.92it/s]Running loglikelihood requests:  42%|████▏     | 20280/47868 [04:04<02:27, 187.40it/s]Running loglikelihood requests:  42%|████▏     | 20306/47868 [04:05<02:20, 195.96it/s]Running loglikelihood requests:  42%|████▏     | 20326/47868 [04:05<02:27, 187.23it/s]Running loglikelihood requests:  43%|████▎     | 20358/47868 [04:05<02:10, 210.53it/s]Running loglikelihood requests:  43%|████▎     | 20380/47868 [04:05<02:15, 202.47it/s]Running loglikelihood requests:  43%|████▎     | 20403/47868 [04:05<02:17, 199.39it/s]Running loglikelihood requests:  43%|████▎     | 20423/47868 [04:05<02:24, 189.76it/s]Running loglikelihood requests:  43%|████▎     | 20446/47868 [04:05<02:23, 190.60it/s]Running loglikelihood requests:  43%|████▎     | 20467/47868 [04:05<02:27, 186.08it/s]Running loglikelihood requests:  43%|████▎     | 20499/47868 [04:06<02:10, 209.80it/s]Running loglikelihood requests:  43%|████▎     | 20520/47868 [04:06<02:17, 199.56it/s]Running loglikelihood requests:  43%|████▎     | 20545/47868 [04:06<02:15, 202.29it/s]Running loglikelihood requests:  43%|████▎     | 20575/47868 [04:06<02:06, 216.32it/s]Running loglikelihood requests:  43%|████▎     | 20597/47868 [04:06<02:11, 206.72it/s]Running loglikelihood requests:  43%|████▎     | 20631/47868 [04:06<01:58, 229.12it/s]Running loglikelihood requests:  43%|████▎     | 20656/47868 [04:06<02:02, 222.96it/s]Running loglikelihood requests:  43%|████▎     | 20680/47868 [04:06<02:05, 216.27it/s]Running loglikelihood requests:  43%|████▎     | 20702/47868 [04:06<02:11, 206.68it/s]Running loglikelihood requests:  43%|████▎     | 20725/47868 [04:07<02:14, 202.39it/s]Running loglikelihood requests:  43%|████▎     | 20746/47868 [04:07<02:19, 194.45it/s]Running loglikelihood requests:  43%|████▎     | 20773/47868 [04:07<02:13, 203.59it/s]Running loglikelihood requests:  43%|████▎     | 20794/47868 [04:07<02:18, 195.40it/s]Running loglikelihood requests:  43%|████▎     | 20820/47868 [04:07<02:14, 201.38it/s]Running loglikelihood requests:  44%|████▎     | 20841/47868 [04:07<02:39, 169.08it/s]Running loglikelihood requests:  44%|████▎     | 20867/47868 [04:07<02:27, 182.67it/s]Running loglikelihood requests:  44%|████▎     | 20894/47868 [04:07<02:18, 194.36it/s]Running loglikelihood requests:  44%|████▎     | 20914/47868 [04:08<02:23, 187.40it/s]Running loglikelihood requests:  44%|████▎     | 20942/47868 [04:08<02:13, 201.17it/s]Running loglikelihood requests:  44%|████▍     | 20968/47868 [04:08<02:10, 206.13it/s]Running loglikelihood requests:  44%|████▍     | 20993/47868 [04:08<02:09, 207.32it/s]Running loglikelihood requests:  44%|████▍     | 21025/47868 [04:08<01:59, 225.24it/s]Running loglikelihood requests:  44%|████▍     | 21048/47868 [04:08<02:04, 215.99it/s]Running loglikelihood requests:  44%|████▍     | 21074/47868 [04:08<02:03, 216.84it/s]Running loglikelihood requests:  44%|████▍     | 21103/47868 [04:08<01:59, 224.62it/s]Running loglikelihood requests:  44%|████▍     | 21126/47868 [04:09<02:04, 215.29it/s]Running loglikelihood requests:  44%|████▍     | 21148/47868 [04:09<02:09, 206.47it/s]Running loglikelihood requests:  44%|████▍     | 21175/47868 [04:09<02:05, 212.69it/s]Running loglikelihood requests:  44%|████▍     | 21197/47868 [04:09<02:10, 204.72it/s]Running loglikelihood requests:  44%|████▍     | 21221/47868 [04:09<02:10, 204.02it/s]Running loglikelihood requests:  44%|████▍     | 21252/47868 [04:09<02:00, 220.75it/s]Running loglikelihood requests:  44%|████▍     | 21275/47868 [04:09<02:04, 212.80it/s]Running loglikelihood requests:  44%|████▍     | 21300/47868 [04:09<02:05, 212.17it/s]Running loglikelihood requests:  45%|████▍     | 21332/47868 [04:10<01:55, 228.81it/s]Running loglikelihood requests:  45%|████▍     | 21355/47868 [04:10<02:01, 218.37it/s]Running loglikelihood requests:  45%|████▍     | 21377/47868 [04:10<02:06, 208.77it/s]Running loglikelihood requests:  45%|████▍     | 21399/47868 [04:10<02:10, 202.16it/s]Running loglikelihood requests:  45%|████▍     | 21425/47868 [04:10<02:07, 207.36it/s]Running loglikelihood requests:  45%|████▍     | 21446/47868 [04:10<02:13, 198.50it/s]Running loglikelihood requests:  45%|████▍     | 21466/47868 [04:10<02:18, 190.57it/s]Running loglikelihood requests:  45%|████▍     | 21491/47868 [04:10<02:13, 197.44it/s]Running loglikelihood requests:  45%|████▍     | 21511/47868 [04:10<02:18, 189.65it/s]Running loglikelihood requests:  45%|████▍     | 21536/47868 [04:11<02:14, 196.08it/s]Running loglikelihood requests:  45%|████▌     | 21560/47868 [04:11<02:12, 197.97it/s]Running loglikelihood requests:  45%|████▌     | 21580/47868 [04:11<02:18, 189.53it/s]Running loglikelihood requests:  45%|████▌     | 21607/47868 [04:11<02:10, 201.03it/s]Running loglikelihood requests:  45%|████▌     | 21628/47868 [04:11<02:15, 194.15it/s]Running loglikelihood requests:  45%|████▌     | 21660/47868 [04:11<02:01, 216.54it/s]Running loglikelihood requests:  45%|████▌     | 21682/47868 [04:11<02:24, 181.14it/s]Running loglikelihood requests:  45%|████▌     | 21710/47868 [04:11<02:13, 196.13it/s]Running loglikelihood requests:  45%|████▌     | 21742/47868 [04:12<02:00, 216.56it/s]Running loglikelihood requests:  45%|████▌     | 21770/47868 [04:12<01:57, 222.21it/s]Running loglikelihood requests:  46%|████▌     | 21793/47868 [04:12<02:01, 214.27it/s]Running loglikelihood requests:  46%|████▌     | 21815/47868 [04:12<02:06, 206.36it/s]Running loglikelihood requests:  46%|████▌     | 21836/47868 [04:12<02:11, 198.22it/s]Running loglikelihood requests:  46%|████▌     | 21856/47868 [04:12<02:16, 189.95it/s]Running loglikelihood requests:  46%|████▌     | 21884/47868 [04:12<02:07, 203.69it/s]Running loglikelihood requests:  46%|████▌     | 21906/47868 [04:12<02:10, 198.67it/s]Running loglikelihood requests:  46%|████▌     | 21938/47868 [04:13<01:58, 219.69it/s]Running loglikelihood requests:  46%|████▌     | 21967/47868 [04:13<01:54, 227.15it/s]Running loglikelihood requests:  46%|████▌     | 21999/47868 [04:13<01:47, 240.35it/s]Running loglikelihood requests:  46%|████▌     | 22029/47868 [04:13<01:45, 244.33it/s]Running loglikelihood requests:  46%|████▌     | 22058/47868 [04:13<01:45, 244.47it/s]Running loglikelihood requests:  46%|████▌     | 22087/47868 [04:13<01:45, 244.61it/s]Running loglikelihood requests:  46%|████▌     | 22112/47868 [04:13<01:49, 234.84it/s]Running loglikelihood requests:  46%|████▌     | 22136/47868 [04:13<01:54, 225.58it/s]Running loglikelihood requests:  46%|████▋     | 22159/47868 [04:13<01:58, 216.69it/s]Running loglikelihood requests:  46%|████▋     | 22181/47868 [04:14<02:03, 207.99it/s]Running loglikelihood requests:  46%|████▋     | 22202/47868 [04:14<02:08, 199.30it/s]Running loglikelihood requests:  46%|████▋     | 22222/47868 [04:14<02:14, 190.84it/s]Running loglikelihood requests:  46%|████▋     | 22245/47868 [04:14<02:13, 192.39it/s]Running loglikelihood requests:  47%|████▋     | 22273/47868 [04:14<02:04, 205.84it/s]Running loglikelihood requests:  47%|████▋     | 22297/47868 [04:14<02:04, 205.25it/s]Running loglikelihood requests:  47%|████▋     | 22326/47868 [04:14<01:57, 217.38it/s]Running loglikelihood requests:  47%|████▋     | 22351/47868 [04:14<01:57, 216.38it/s]Running loglikelihood requests:  47%|████▋     | 22380/47868 [04:15<01:52, 225.68it/s]Running loglikelihood requests:  47%|████▋     | 22403/47868 [04:15<01:57, 216.66it/s]Running loglikelihood requests:  47%|████▋     | 22432/47868 [04:15<01:52, 225.41it/s]Running loglikelihood requests:  47%|████▋     | 22463/47868 [04:15<01:47, 236.66it/s]Running loglikelihood requests:  47%|████▋     | 22487/47868 [04:15<01:51, 227.09it/s]Running loglikelihood requests:  47%|████▋     | 22510/47868 [04:15<02:13, 190.27it/s]Running loglikelihood requests:  47%|████▋     | 22532/47868 [04:15<02:13, 189.72it/s]Running loglikelihood requests:  47%|████▋     | 22552/47868 [04:15<02:17, 184.69it/s]Running loglikelihood requests:  47%|████▋     | 22575/47868 [04:16<02:14, 188.29it/s]Running loglikelihood requests:  47%|████▋     | 22607/47868 [04:16<01:58, 212.77it/s]Running loglikelihood requests:  47%|████▋     | 22632/47868 [04:16<01:59, 212.02it/s]Running loglikelihood requests:  47%|████▋     | 22654/47868 [04:16<02:01, 207.48it/s]Running loglikelihood requests:  47%|████▋     | 22675/47868 [04:16<02:04, 201.57it/s]Running loglikelihood requests:  47%|████▋     | 22704/47868 [04:16<01:55, 217.73it/s]Running loglikelihood requests:  47%|████▋     | 22726/47868 [04:16<01:58, 211.29it/s]Running loglikelihood requests:  48%|████▊     | 22753/47868 [04:16<01:54, 219.47it/s]Running loglikelihood requests:  48%|████▊     | 22785/47868 [04:16<01:45, 238.10it/s]Running loglikelihood requests:  48%|████▊     | 22809/47868 [04:17<01:48, 230.81it/s]Running loglikelihood requests:  48%|████▊     | 22833/47868 [04:17<01:51, 225.34it/s]Running loglikelihood requests:  48%|████▊     | 22860/47868 [04:17<01:48, 229.61it/s]Running loglikelihood requests:  48%|████▊     | 22886/47868 [04:17<01:48, 229.99it/s]Running loglikelihood requests:  48%|████▊     | 22922/47868 [04:17<01:37, 255.81it/s]Running loglikelihood requests:  48%|████▊     | 22948/47868 [04:17<01:40, 248.84it/s]Running loglikelihood requests:  48%|████▊     | 22973/47868 [04:17<01:42, 241.76it/s]Running loglikelihood requests:  48%|████▊     | 23003/47868 [04:17<01:39, 248.97it/s]Running loglikelihood requests:  48%|████▊     | 23029/47868 [04:17<01:41, 243.72it/s]Running loglikelihood requests:  48%|████▊     | 23061/47868 [04:18<01:37, 255.34it/s]Running loglikelihood requests:  48%|████▊     | 23087/47868 [04:18<01:40, 247.81it/s]Running loglikelihood requests:  48%|████▊     | 23113/47868 [04:18<01:42, 241.39it/s]Running loglikelihood requests:  48%|████▊     | 23140/47868 [04:18<01:42, 240.96it/s]Running loglikelihood requests:  48%|████▊     | 23165/47868 [04:18<01:44, 235.45it/s]Running loglikelihood requests:  48%|████▊     | 23192/47868 [04:18<01:44, 236.81it/s]Running loglikelihood requests:  49%|████▊     | 23216/47868 [04:18<01:47, 230.00it/s]Running loglikelihood requests:  49%|████▊     | 23239/47868 [04:18<01:50, 222.78it/s]Running loglikelihood requests:  49%|████▊     | 23262/47868 [04:18<01:53, 217.59it/s]Running loglikelihood requests:  49%|████▊     | 23292/47868 [04:19<01:45, 231.97it/s]Running loglikelihood requests:  49%|████▊     | 23322/47868 [04:19<01:40, 243.09it/s]Running loglikelihood requests:  49%|████▉     | 23355/47868 [04:19<01:34, 258.67it/s]Running loglikelihood requests:  49%|████▉     | 23384/47868 [04:19<01:34, 258.73it/s]Running loglikelihood requests:  49%|████▉     | 23417/47868 [04:19<01:30, 268.75it/s]Running loglikelihood requests:  49%|████▉     | 23444/47868 [04:19<01:33, 260.36it/s]Running loglikelihood requests:  49%|████▉     | 23471/47868 [04:19<01:35, 254.50it/s]Running loglikelihood requests:  49%|████▉     | 23498/47868 [04:19<01:37, 250.32it/s]Running loglikelihood requests:  49%|████▉     | 23526/47868 [04:19<01:37, 250.12it/s]Running loglikelihood requests:  49%|████▉     | 23562/47868 [04:20<01:29, 270.52it/s]Running loglikelihood requests:  49%|████▉     | 23590/47868 [04:20<01:32, 263.74it/s]Running loglikelihood requests:  49%|████▉     | 23617/47868 [04:20<01:34, 256.84it/s]Running loglikelihood requests:  49%|████▉     | 23648/47868 [04:20<01:32, 262.34it/s]Running loglikelihood requests:  49%|████▉     | 23676/47868 [04:20<01:33, 258.59it/s]Running loglikelihood requests:  50%|████▉     | 23702/47868 [04:20<01:36, 250.79it/s]Running loglikelihood requests:  50%|████▉     | 23734/47868 [04:20<01:32, 261.73it/s]Running loglikelihood requests:  50%|████▉     | 23766/47868 [04:20<01:29, 268.95it/s]Running loglikelihood requests:  50%|████▉     | 23798/47868 [04:20<01:27, 273.75it/s]Running loglikelihood requests:  50%|████▉     | 23834/47868 [04:21<01:23, 287.14it/s]Running loglikelihood requests:  50%|████▉     | 23866/47868 [04:21<01:23, 286.68it/s]Running loglikelihood requests:  50%|████▉     | 23895/47868 [04:21<01:26, 278.45it/s]Running loglikelihood requests:  50%|████▉     | 23923/47868 [04:21<01:28, 270.15it/s]Running loglikelihood requests:  50%|█████     | 23951/47868 [04:21<01:43, 231.10it/s]Running loglikelihood requests:  50%|█████     | 23983/47868 [04:21<01:37, 245.35it/s]Running loglikelihood requests:  50%|█████     | 24021/47868 [04:21<01:27, 271.00it/s]Running loglikelihood requests:  50%|█████     | 24055/47868 [04:21<01:25, 279.92it/s]Running loglikelihood requests:  50%|█████     | 24093/47868 [04:22<01:20, 296.34it/s]Running loglikelihood requests:  50%|█████     | 24124/47868 [04:22<01:21, 290.48it/s]Running loglikelihood requests:  50%|█████     | 24154/47868 [04:22<01:23, 284.03it/s]Running loglikelihood requests:  51%|█████     | 24183/47868 [04:22<01:25, 276.94it/s]Running loglikelihood requests:  51%|█████     | 24211/47868 [04:22<01:27, 270.31it/s]Running loglikelihood requests:  51%|█████     | 24239/47868 [04:22<01:29, 265.03it/s]Running loglikelihood requests:  51%|█████     | 24266/47868 [04:22<01:31, 258.34it/s]Running loglikelihood requests:  51%|█████     | 24298/47868 [04:22<01:28, 266.68it/s]Running loglikelihood requests:  51%|█████     | 24330/47868 [04:22<01:26, 272.54it/s]Running loglikelihood requests:  51%|█████     | 24366/47868 [04:23<01:21, 287.02it/s]Running loglikelihood requests:  51%|█████     | 24395/47868 [04:23<01:24, 278.85it/s]Running loglikelihood requests:  51%|█████     | 24424/47868 [04:23<01:25, 273.37it/s]Running loglikelihood requests:  51%|█████     | 24453/47868 [04:23<01:26, 269.42it/s]Running loglikelihood requests:  51%|█████     | 24485/47868 [04:23<01:25, 274.65it/s]Running loglikelihood requests:  51%|█████     | 24521/47868 [04:23<01:20, 288.61it/s]Running loglikelihood requests:  51%|█████▏    | 24553/47868 [04:23<01:20, 287.99it/s]Running loglikelihood requests:  51%|█████▏    | 24584/47868 [04:23<01:21, 285.16it/s]Running loglikelihood requests:  51%|█████▏    | 24613/47868 [04:23<01:23, 278.37it/s]Running loglikelihood requests:  51%|█████▏    | 24641/47868 [04:24<01:25, 271.41it/s]Running loglikelihood requests:  52%|█████▏    | 24671/47868 [04:24<01:25, 270.88it/s]Running loglikelihood requests:  52%|█████▏    | 24700/47868 [04:24<01:26, 267.95it/s]Running loglikelihood requests:  52%|█████▏    | 24740/47868 [04:24<01:18, 294.38it/s]Running loglikelihood requests:  52%|█████▏    | 24772/47868 [04:24<01:19, 292.30it/s]Running loglikelihood requests:  52%|█████▏    | 24802/47868 [04:24<01:32, 249.64it/s]Running loglikelihood requests:  52%|█████▏    | 24834/47868 [04:24<01:28, 259.89it/s]Running loglikelihood requests:  52%|█████▏    | 24868/47868 [04:24<01:24, 272.17it/s]Running loglikelihood requests:  52%|█████▏    | 24900/47868 [04:24<01:23, 275.95it/s]Running loglikelihood requests:  52%|█████▏    | 24933/47868 [04:25<01:21, 280.96it/s]Running loglikelihood requests:  52%|█████▏    | 24970/47868 [04:25<01:17, 294.67it/s]Running loglikelihood requests:  52%|█████▏    | 25002/47868 [04:25<01:18, 290.68it/s]Running loglikelihood requests:  52%|█████▏    | 25034/47868 [04:25<01:19, 288.82it/s]Running loglikelihood requests:  52%|█████▏    | 25066/47868 [04:25<01:19, 287.73it/s]Running loglikelihood requests:  52%|█████▏    | 25098/47868 [04:25<01:19, 286.98it/s]Running loglikelihood requests:  53%|█████▎    | 25131/47868 [04:25<01:18, 288.96it/s]Running loglikelihood requests:  53%|█████▎    | 25163/47868 [04:25<01:18, 287.76it/s]Running loglikelihood requests:  53%|█████▎    | 25192/47868 [04:25<01:21, 279.15it/s]Running loglikelihood requests:  53%|█████▎    | 25220/47868 [04:26<01:23, 271.51it/s]Running loglikelihood requests:  53%|█████▎    | 25249/47868 [04:26<01:24, 268.34it/s]Running loglikelihood requests:  53%|█████▎    | 25281/47868 [04:26<01:22, 273.54it/s]Running loglikelihood requests:  53%|█████▎    | 25316/47868 [04:26<01:19, 284.82it/s]Running loglikelihood requests:  53%|█████▎    | 25345/47868 [04:26<01:21, 277.20it/s]Running loglikelihood requests:  53%|█████▎    | 25377/47868 [04:26<01:20, 279.79it/s]Running loglikelihood requests:  53%|█████▎    | 25408/47868 [04:26<01:20, 278.99it/s]Running loglikelihood requests:  53%|█████▎    | 25438/47868 [04:26<01:21, 275.82it/s]Running loglikelihood requests:  53%|█████▎    | 25472/47868 [04:27<01:18, 283.92it/s]Running loglikelihood requests:  53%|█████▎    | 25501/47868 [04:27<01:20, 276.63it/s]Running loglikelihood requests:  53%|█████▎    | 25532/47868 [04:27<01:20, 276.84it/s]Running loglikelihood requests:  53%|█████▎    | 25560/47868 [04:27<01:22, 269.20it/s]Running loglikelihood requests:  53%|█████▎    | 25587/47868 [04:27<01:25, 261.37it/s]Running loglikelihood requests:  54%|█████▎    | 25618/47868 [04:27<01:23, 266.27it/s]Running loglikelihood requests:  54%|█████▎    | 25649/47868 [04:27<01:22, 269.41it/s]Running loglikelihood requests:  54%|█████▎    | 25683/47868 [04:27<01:19, 279.62it/s]Running loglikelihood requests:  54%|█████▎    | 25711/47868 [04:27<01:21, 271.28it/s]Running loglikelihood requests:  54%|█████▍    | 25743/47868 [04:28<01:19, 276.62it/s]Running loglikelihood requests:  54%|█████▍    | 25777/47868 [04:28<01:17, 284.97it/s]Running loglikelihood requests:  54%|█████▍    | 25806/47868 [04:28<01:19, 277.52it/s]Running loglikelihood requests:  54%|█████▍    | 25834/47868 [04:28<01:21, 269.66it/s]Running loglikelihood requests:  54%|█████▍    | 25861/47868 [04:28<01:24, 259.67it/s]Running loglikelihood requests:  54%|█████▍    | 25887/47868 [04:28<01:27, 252.19it/s]Running loglikelihood requests:  54%|█████▍    | 25913/47868 [04:28<01:28, 246.94it/s]Running loglikelihood requests:  54%|█████▍    | 25938/47868 [04:28<01:31, 240.44it/s]Running loglikelihood requests:  54%|█████▍    | 25963/47868 [04:28<01:32, 235.96it/s]Running loglikelihood requests:  54%|█████▍    | 25992/47868 [04:29<01:29, 243.46it/s]Running loglikelihood requests:  54%|█████▍    | 26017/47868 [04:29<01:31, 238.22it/s]Running loglikelihood requests:  54%|█████▍    | 26041/47868 [04:29<01:34, 231.96it/s]Running loglikelihood requests:  54%|█████▍    | 26065/47868 [04:29<01:35, 229.08it/s]Running loglikelihood requests:  54%|█████▍    | 26088/47868 [04:29<01:37, 223.95it/s]Running loglikelihood requests:  55%|█████▍    | 26111/47868 [04:29<01:53, 192.29it/s]Running loglikelihood requests:  55%|█████▍    | 26134/47868 [04:29<01:50, 197.39it/s]Running loglikelihood requests:  55%|█████▍    | 26155/47868 [04:29<01:50, 196.26it/s]Running loglikelihood requests:  55%|█████▍    | 26182/47868 [04:29<01:42, 210.68it/s]Running loglikelihood requests:  55%|█████▍    | 26204/47868 [04:30<01:44, 208.20it/s]Running loglikelihood requests:  55%|█████▍    | 26228/47868 [04:30<01:42, 211.84it/s]Running loglikelihood requests:  55%|█████▍    | 26250/47868 [04:30<01:43, 209.10it/s]Running loglikelihood requests:  55%|█████▍    | 26276/47868 [04:30<01:39, 217.80it/s]Running loglikelihood requests:  55%|█████▍    | 26300/47868 [04:30<01:38, 218.52it/s]Running loglikelihood requests:  55%|█████▍    | 26322/47868 [04:30<01:40, 214.30it/s]Running loglikelihood requests:  55%|█████▌    | 26350/47868 [04:30<01:34, 227.56it/s]Running loglikelihood requests:  55%|█████▌    | 26373/47868 [04:30<01:50, 195.36it/s]Running loglikelihood requests:  55%|█████▌    | 26394/47868 [04:30<01:49, 195.37it/s]Running loglikelihood requests:  55%|█████▌    | 26415/47868 [04:31<01:49, 195.70it/s]Running loglikelihood requests:  55%|█████▌    | 26435/47868 [04:31<01:50, 193.82it/s]Running loglikelihood requests:  55%|█████▌    | 26455/47868 [04:31<02:06, 168.92it/s]Running loglikelihood requests:  55%|█████▌    | 26486/47868 [04:31<01:46, 200.49it/s]Running loglikelihood requests:  55%|█████▌    | 26514/47868 [04:31<01:38, 216.80it/s]Running loglikelihood requests:  55%|█████▌    | 26537/47868 [04:31<01:38, 215.86it/s]Running loglikelihood requests:  55%|█████▌    | 26560/47868 [04:31<01:38, 215.49it/s]Running loglikelihood requests:  56%|█████▌    | 26582/47868 [04:31<01:54, 186.28it/s]Running loglikelihood requests:  56%|█████▌    | 26602/47868 [04:32<01:54, 186.54it/s]Running loglikelihood requests:  56%|█████▌    | 26622/47868 [04:32<02:09, 164.53it/s]Running loglikelihood requests:  56%|█████▌    | 26640/47868 [04:32<02:24, 146.80it/s]Running loglikelihood requests:  56%|█████▌    | 26660/47868 [04:32<02:15, 156.56it/s]Running loglikelihood requests:  56%|█████▌    | 26679/47868 [04:32<02:10, 162.17it/s]Running loglikelihood requests:  56%|█████▌    | 26696/47868 [04:32<02:11, 161.44it/s]Running loglikelihood requests:  56%|█████▌    | 26713/47868 [04:32<02:11, 160.98it/s]Running loglikelihood requests:  56%|█████▌    | 26742/47868 [04:32<01:50, 191.94it/s]Running loglikelihood requests:  56%|█████▌    | 26762/47868 [04:32<01:50, 190.62it/s]Running loglikelihood requests:  56%|█████▌    | 26782/47868 [04:33<01:51, 189.53it/s]Running loglikelihood requests:  56%|█████▌    | 26802/47868 [04:33<02:23, 146.89it/s]Running loglikelihood requests:  56%|█████▌    | 26824/47868 [04:33<02:10, 161.38it/s]Running loglikelihood requests:  56%|█████▌    | 26843/47868 [04:33<02:06, 165.83it/s]Running loglikelihood requests:  56%|█████▌    | 26861/47868 [04:33<02:22, 147.32it/s]Running loglikelihood requests:  56%|█████▌    | 26877/47868 [04:33<02:21, 148.12it/s]Running loglikelihood requests:  56%|█████▌    | 26894/47868 [04:33<02:18, 151.79it/s]Running loglikelihood requests:  56%|█████▌    | 26910/47868 [04:33<02:17, 152.02it/s]Running loglikelihood requests:  56%|█████▋    | 26926/47868 [04:34<02:36, 133.83it/s]Running loglikelihood requests:  56%|█████▋    | 26949/47868 [04:34<02:14, 155.31it/s]Running loglikelihood requests:  56%|█████▋    | 26966/47868 [04:34<02:13, 156.49it/s]Running loglikelihood requests:  56%|█████▋    | 26983/47868 [04:34<02:30, 138.51it/s]Running loglikelihood requests:  56%|█████▋    | 27006/47868 [04:34<02:11, 158.47it/s]Running loglikelihood requests:  56%|█████▋    | 27023/47868 [04:34<02:11, 158.87it/s]Running loglikelihood requests:  56%|█████▋    | 27040/47868 [04:34<02:46, 125.19it/s]Running loglikelihood requests:  57%|█████▋    | 27072/47868 [04:35<02:04, 166.40it/s]Running loglikelihood requests:  57%|█████▋    | 27091/47868 [04:35<02:17, 150.80it/s]Running loglikelihood requests:  57%|█████▋    | 27108/47868 [04:35<02:15, 153.09it/s]Running loglikelihood requests:  57%|█████▋    | 27141/47868 [04:35<01:47, 192.76it/s]Running loglikelihood requests:  57%|█████▋    | 27162/47868 [04:35<02:00, 171.42it/s]Running loglikelihood requests:  57%|█████▋    | 27181/47868 [04:35<01:59, 173.08it/s]Running loglikelihood requests:  57%|█████▋    | 27200/47868 [04:35<01:58, 174.56it/s]Running loglikelihood requests:  57%|█████▋    | 27219/47868 [04:35<02:13, 154.59it/s]Running loglikelihood requests:  57%|█████▋    | 27236/47868 [04:36<02:12, 155.99it/s]Running loglikelihood requests:  57%|█████▋    | 27253/47868 [04:36<02:28, 138.98it/s]Running loglikelihood requests:  57%|█████▋    | 27270/47868 [04:36<02:22, 144.45it/s]Running loglikelihood requests:  57%|█████▋    | 27293/47868 [04:36<02:05, 163.40it/s]Running loglikelihood requests:  57%|█████▋    | 27310/47868 [04:36<02:23, 143.28it/s]Running loglikelihood requests:  57%|█████▋    | 27330/47868 [04:36<02:12, 155.33it/s]Running loglikelihood requests:  57%|█████▋    | 27354/47868 [04:36<01:57, 174.62it/s]Running loglikelihood requests:  57%|█████▋    | 27373/47868 [04:36<02:11, 155.58it/s]Running loglikelihood requests:  57%|█████▋    | 27393/47868 [04:37<02:04, 163.97it/s]Running loglikelihood requests:  57%|█████▋    | 27411/47868 [04:37<02:19, 146.35it/s]Running loglikelihood requests:  57%|█████▋    | 27432/47868 [04:37<02:08, 159.42it/s]Running loglikelihood requests:  57%|█████▋    | 27452/47868 [04:37<02:02, 167.06it/s]Running loglikelihood requests:  57%|█████▋    | 27470/47868 [04:37<02:01, 167.85it/s]Running loglikelihood requests:  57%|█████▋    | 27488/47868 [04:37<02:00, 168.48it/s]Running loglikelihood requests:  57%|█████▋    | 27506/47868 [04:37<02:17, 148.15it/s]Running loglikelihood requests:  57%|█████▋    | 27522/47868 [04:37<02:34, 131.85it/s]Running loglikelihood requests:  58%|█████▊    | 27541/47868 [04:38<02:21, 143.74it/s]Running loglikelihood requests:  58%|█████▊    | 27563/47868 [04:38<02:06, 160.33it/s]Running loglikelihood requests:  58%|█████▊    | 27580/47868 [04:38<02:06, 160.38it/s]Running loglikelihood requests:  58%|█████▊    | 27597/47868 [04:38<02:06, 160.51it/s]Running loglikelihood requests:  58%|█████▊    | 27614/47868 [04:38<02:06, 160.54it/s]Running loglikelihood requests:  58%|█████▊    | 27648/47868 [04:38<01:38, 206.11it/s]Running loglikelihood requests:  58%|█████▊    | 27669/47868 [04:38<01:53, 177.60it/s]Running loglikelihood requests:  58%|█████▊    | 27705/47868 [04:38<01:31, 219.30it/s]Running loglikelihood requests:  58%|█████▊    | 27729/47868 [04:38<01:31, 220.79it/s]Running loglikelihood requests:  58%|█████▊    | 27752/47868 [04:39<01:31, 219.56it/s]Running loglikelihood requests:  58%|█████▊    | 27775/47868 [04:39<01:31, 218.70it/s]Running loglikelihood requests:  58%|█████▊    | 27798/47868 [04:39<01:32, 217.82it/s]Running loglikelihood requests:  58%|█████▊    | 27821/47868 [04:39<01:45, 190.53it/s]Running loglikelihood requests:  58%|█████▊    | 27844/47868 [04:39<01:41, 197.20it/s]Running loglikelihood requests:  58%|█████▊    | 27865/47868 [04:39<01:41, 197.33it/s]Running loglikelihood requests:  58%|█████▊    | 27895/47868 [04:39<01:30, 220.85it/s]Running loglikelihood requests:  58%|█████▊    | 27918/47868 [04:39<01:30, 219.47it/s]Running loglikelihood requests:  58%|█████▊    | 27941/47868 [04:39<01:31, 218.42it/s]Running loglikelihood requests:  58%|█████▊    | 27964/47868 [04:40<01:31, 217.94it/s]Running loglikelihood requests:  58%|█████▊    | 27986/47868 [04:40<01:45, 188.03it/s]Running loglikelihood requests:  59%|█████▊    | 28009/47868 [04:40<01:41, 195.81it/s]Running loglikelihood requests:  59%|█████▊    | 28036/47868 [04:40<01:33, 211.93it/s]Running loglikelihood requests:  59%|█████▊    | 28063/47868 [04:40<01:28, 223.99it/s]Running loglikelihood requests:  59%|█████▊    | 28090/47868 [04:40<01:24, 232.77it/s]Running loglikelihood requests:  59%|█████▉    | 28123/47868 [04:40<01:17, 255.16it/s]Running loglikelihood requests:  59%|█████▉    | 28161/47868 [04:40<01:09, 284.18it/s]Running loglikelihood requests:  59%|█████▉    | 28190/47868 [04:40<01:10, 279.86it/s]Running loglikelihood requests:  59%|█████▉    | 28219/47868 [04:41<01:21, 242.24it/s]Running loglikelihood requests:  59%|█████▉    | 28247/47868 [04:41<01:19, 247.39it/s]Running loglikelihood requests:  59%|█████▉    | 28274/47868 [04:41<01:18, 248.85it/s]Running loglikelihood requests:  59%|█████▉    | 28300/47868 [04:41<01:19, 247.29it/s]Running loglikelihood requests:  59%|█████▉    | 28326/47868 [04:41<01:19, 245.83it/s]Running loglikelihood requests:  59%|█████▉    | 28357/47868 [04:41<01:15, 258.36it/s]Running loglikelihood requests:  59%|█████▉    | 28384/47868 [04:41<01:15, 257.00it/s]Running loglikelihood requests:  59%|█████▉    | 28410/47868 [04:41<01:16, 254.12it/s]Running loglikelihood requests:  59%|█████▉    | 28436/47868 [04:42<01:17, 251.31it/s]Running loglikelihood requests:  59%|█████▉    | 28462/47868 [04:42<01:17, 249.00it/s]Running loglikelihood requests:  60%|█████▉    | 28487/47868 [04:42<01:19, 244.94it/s]Running loglikelihood requests:  60%|█████▉    | 28512/47868 [04:42<01:20, 241.49it/s]Running loglikelihood requests:  60%|█████▉    | 28537/47868 [04:42<01:20, 239.53it/s]Running loglikelihood requests:  60%|█████▉    | 28570/47868 [04:42<01:14, 260.01it/s]Running loglikelihood requests:  60%|█████▉    | 28597/47868 [04:42<01:14, 257.78it/s]Running loglikelihood requests:  60%|█████▉    | 28623/47868 [04:42<01:15, 253.55it/s]Running loglikelihood requests:  60%|█████▉    | 28649/47868 [04:42<01:16, 250.50it/s]Running loglikelihood requests:  60%|█████▉    | 28675/47868 [04:43<01:28, 217.09it/s]Running loglikelihood requests:  60%|█████▉    | 28705/47868 [04:43<01:21, 234.40it/s]Running loglikelihood requests:  60%|██████    | 28730/47868 [04:43<01:32, 207.24it/s]Running loglikelihood requests:  60%|██████    | 28752/47868 [04:43<01:43, 184.57it/s]Running loglikelihood requests:  60%|██████    | 28775/47868 [04:43<01:39, 192.63it/s]Running loglikelihood requests:  60%|██████    | 28796/47868 [04:43<01:38, 194.26it/s]Running loglikelihood requests:  60%|██████    | 28817/47868 [04:43<01:37, 195.56it/s]Running loglikelihood requests:  60%|██████    | 28844/47868 [04:43<01:29, 211.99it/s]Running loglikelihood requests:  60%|██████    | 28866/47868 [04:44<01:42, 185.14it/s]Running loglikelihood requests:  60%|██████    | 28895/47868 [04:44<01:31, 207.94it/s]Running loglikelihood requests:  60%|██████    | 28921/47868 [04:44<01:26, 218.01it/s]Running loglikelihood requests:  60%|██████    | 28944/47868 [04:44<01:26, 217.98it/s]Running loglikelihood requests:  61%|██████    | 28967/47868 [04:44<01:26, 217.58it/s]Running loglikelihood requests:  61%|██████    | 28990/47868 [04:44<01:26, 217.42it/s]Running loglikelihood requests:  61%|██████    | 29012/47868 [04:44<01:40, 188.06it/s]Running loglikelihood requests:  61%|██████    | 29040/47868 [04:44<01:30, 208.28it/s]Running loglikelihood requests:  61%|██████    | 29062/47868 [04:44<01:42, 183.71it/s]Running loglikelihood requests:  61%|██████    | 29089/47868 [04:45<01:32, 201.95it/s]Running loglikelihood requests:  61%|██████    | 29111/47868 [04:45<01:44, 179.99it/s]Running loglikelihood requests:  61%|██████    | 29135/47868 [04:45<01:37, 192.01it/s]Running loglikelihood requests:  61%|██████    | 29157/47868 [04:45<01:35, 196.49it/s]Running loglikelihood requests:  61%|██████    | 29178/47868 [04:45<01:34, 197.38it/s]Running loglikelihood requests:  61%|██████    | 29199/47868 [04:45<01:47, 174.22it/s]Running loglikelihood requests:  61%|██████    | 29228/47868 [04:45<01:31, 203.37it/s]Running loglikelihood requests:  61%|██████    | 29258/47868 [04:45<01:30, 205.01it/s]Running loglikelihood requests:  61%|██████    | 29280/47868 [04:46<01:48, 170.96it/s]Running loglikelihood requests:  61%|██████    | 29311/47868 [04:46<01:40, 184.78it/s]Running loglikelihood requests:  61%|██████▏   | 29335/47868 [04:46<01:42, 180.23it/s]Running loglikelihood requests:  61%|██████▏   | 29369/47868 [04:46<01:34, 196.77it/s]Running loglikelihood requests:  61%|██████▏   | 29390/47868 [04:46<01:41, 182.46it/s]Running loglikelihood requests:  61%|██████▏   | 29419/47868 [04:46<01:37, 188.83it/s]Running loglikelihood requests:  62%|██████▏   | 29439/47868 [04:46<01:45, 174.93it/s]Running loglikelihood requests:  62%|██████▏   | 29478/47868 [04:47<01:30, 204.25it/s]Running loglikelihood requests:  62%|██████▏   | 29502/47868 [04:47<01:34, 193.98it/s]Running loglikelihood requests:  62%|██████▏   | 29530/47868 [04:47<01:34, 194.69it/s]Running loglikelihood requests:  62%|██████▏   | 29552/47868 [04:47<01:40, 183.05it/s]Running loglikelihood requests:  62%|██████▏   | 29581/47868 [04:47<01:36, 189.39it/s]Running loglikelihood requests:  62%|██████▏   | 29618/47868 [04:47<01:26, 210.20it/s]Running loglikelihood requests:  62%|██████▏   | 29640/47868 [04:47<01:33, 193.96it/s]Running loglikelihood requests:  62%|██████▏   | 29667/47868 [04:48<01:34, 192.73it/s]Running loglikelihood requests:  62%|██████▏   | 29688/47868 [04:48<01:41, 179.80it/s]Running loglikelihood requests:  62%|██████▏   | 29718/47868 [04:48<01:35, 189.11it/s]Running loglikelihood requests:  62%|██████▏   | 29737/47868 [04:48<01:44, 173.00it/s]Running loglikelihood requests:  62%|██████▏   | 29755/47868 [04:48<01:53, 159.60it/s]Running loglikelihood requests:  62%|██████▏   | 29785/47868 [04:48<01:43, 175.23it/s]Running loglikelihood requests:  62%|██████▏   | 29815/47868 [04:48<01:36, 186.12it/s]Running loglikelihood requests:  62%|██████▏   | 29840/47868 [04:49<01:38, 183.28it/s]Running loglikelihood requests:  62%|██████▏   | 29859/47868 [04:49<01:46, 168.83it/s]Running loglikelihood requests:  62%|██████▏   | 29906/47868 [04:49<01:22, 216.69it/s]Running loglikelihood requests:  63%|██████▎   | 29931/47868 [04:49<01:27, 204.87it/s]Running loglikelihood requests:  63%|██████▎   | 29958/47868 [04:49<01:29, 200.58it/s]Running loglikelihood requests:  63%|██████▎   | 29988/47868 [04:49<01:27, 203.73it/s]Running loglikelihood requests:  63%|██████▎   | 30009/47868 [04:49<01:35, 187.49it/s]Running loglikelihood requests:  63%|██████▎   | 30041/47868 [04:50<01:29, 198.73it/s]Running loglikelihood requests:  63%|██████▎   | 30061/47868 [04:50<01:37, 181.84it/s]Running loglikelihood requests:  63%|██████▎   | 30080/47868 [04:50<01:45, 168.00it/s]Running loglikelihood requests:  63%|██████▎   | 30121/47868 [04:50<01:27, 203.78it/s]Running loglikelihood requests:  63%|██████▎   | 30149/47868 [04:50<01:27, 202.13it/s]Running loglikelihood requests:  63%|██████▎   | 30170/47868 [04:50<01:34, 186.43it/s]Running loglikelihood requests:  63%|██████▎   | 30198/47868 [04:50<01:33, 189.79it/s]Running loglikelihood requests:  63%|██████▎   | 30238/47868 [04:51<01:21, 217.06it/s]Running loglikelihood requests:  63%|██████▎   | 30260/47868 [04:51<01:28, 199.04it/s]Running loglikelihood requests:  63%|██████▎   | 30280/47868 [04:51<01:36, 182.29it/s]Running loglikelihood requests:  63%|██████▎   | 30324/47868 [04:51<01:19, 219.81it/s]Running loglikelihood requests:  63%|██████▎   | 30346/47868 [04:51<01:27, 200.91it/s]Running loglikelihood requests:  63%|██████▎   | 30367/47868 [04:51<01:43, 169.11it/s]Running loglikelihood requests:  64%|██████▎   | 30403/47868 [04:51<01:30, 192.56it/s]Running loglikelihood requests:  64%|██████▎   | 30427/47868 [04:52<01:33, 185.97it/s]Running loglikelihood requests:  64%|██████▎   | 30450/47868 [04:52<01:37, 178.84it/s]Running loglikelihood requests:  64%|██████▎   | 30477/47868 [04:52<01:35, 181.70it/s]Running loglikelihood requests:  64%|██████▎   | 30512/47868 [04:52<01:26, 199.78it/s]Running loglikelihood requests:  64%|██████▍   | 30533/47868 [04:52<01:34, 184.18it/s]Running loglikelihood requests:  64%|██████▍   | 30559/47868 [04:52<01:34, 183.50it/s]Running loglikelihood requests:  64%|██████▍   | 30603/47868 [04:53<01:18, 219.23it/s]Running loglikelihood requests:  64%|██████▍   | 30630/47868 [04:53<01:22, 210.18it/s]Running loglikelihood requests:  64%|██████▍   | 30666/47868 [04:53<01:17, 221.82it/s]Running loglikelihood requests:  64%|██████▍   | 30709/47868 [04:53<01:10, 244.08it/s]Running loglikelihood requests:  64%|██████▍   | 30734/47868 [04:53<01:24, 203.83it/s]Running loglikelihood requests:  64%|██████▍   | 30764/47868 [04:53<01:23, 205.13it/s]Running loglikelihood requests:  64%|██████▍   | 30797/47868 [04:53<01:20, 211.98it/s]Running loglikelihood requests:  64%|██████▍   | 30827/47868 [04:54<01:20, 211.14it/s]Running loglikelihood requests:  64%|██████▍   | 30860/47868 [04:54<01:18, 216.45it/s]Running loglikelihood requests:  65%|██████▍   | 30887/47868 [04:54<01:21, 208.96it/s]Running loglikelihood requests:  65%|██████▍   | 30933/47868 [04:54<01:09, 242.21it/s]Running loglikelihood requests:  65%|██████▍   | 30958/47868 [04:54<01:22, 204.04it/s]Running loglikelihood requests:  65%|██████▍   | 30988/47868 [04:54<01:21, 206.52it/s]Running loglikelihood requests:  65%|██████▍   | 31010/47868 [04:54<01:27, 192.45it/s]Running loglikelihood requests:  65%|██████▍   | 31064/47868 [04:55<01:08, 245.87it/s]Running loglikelihood requests:  65%|██████▍   | 31089/47868 [04:55<01:14, 226.42it/s]Running loglikelihood requests:  65%|██████▌   | 31127/47868 [04:55<01:10, 238.62it/s]Running loglikelihood requests:  65%|██████▌   | 31158/47868 [04:55<01:11, 232.99it/s]Running loglikelihood requests:  65%|██████▌   | 31182/47868 [04:55<01:25, 195.66it/s]Running loglikelihood requests:  65%|██████▌   | 31217/47868 [04:55<01:19, 210.17it/s]Running loglikelihood requests:  65%|██████▌   | 31241/47868 [04:55<01:23, 198.94it/s]Running loglikelihood requests:  65%|██████▌   | 31265/47868 [04:56<01:27, 190.73it/s]Running loglikelihood requests:  65%|██████▌   | 31315/47868 [04:56<01:09, 237.55it/s]Running loglikelihood requests:  65%|██████▌   | 31350/47868 [04:56<01:08, 240.47it/s]Running loglikelihood requests:  66%|██████▌   | 31382/47868 [04:56<01:09, 236.33it/s]Running loglikelihood requests:  66%|██████▌   | 31422/47868 [04:56<01:05, 249.94it/s]Running loglikelihood requests:  66%|██████▌   | 31448/47868 [04:56<01:18, 210.30it/s]Running loglikelihood requests:  66%|██████▌   | 31483/47868 [04:57<01:14, 220.85it/s]Running loglikelihood requests:  66%|██████▌   | 31506/47868 [04:57<01:19, 204.95it/s]Running loglikelihood requests:  66%|██████▌   | 31540/47868 [04:57<01:15, 215.07it/s]Running loglikelihood requests:  66%|██████▌   | 31594/47868 [04:57<01:01, 262.59it/s]Running loglikelihood requests:  66%|██████▌   | 31621/47868 [04:57<01:07, 242.09it/s]Running loglikelihood requests:  66%|██████▌   | 31665/47868 [04:57<01:01, 262.15it/s]Running loglikelihood requests:  66%|██████▌   | 31696/47868 [04:57<01:04, 249.66it/s]Running loglikelihood requests:  66%|██████▋   | 31723/47868 [04:58<01:09, 232.82it/s]Running loglikelihood requests:  66%|██████▋   | 31747/47868 [04:58<01:15, 214.74it/s]Running loglikelihood requests:  66%|██████▋   | 31774/47868 [04:58<01:17, 208.16it/s]Running loglikelihood requests:  66%|██████▋   | 31822/47868 [04:58<01:04, 246.94it/s]Running loglikelihood requests:  67%|██████▋   | 31856/47868 [04:58<01:05, 245.09it/s]Running loglikelihood requests:  67%|██████▋   | 31893/47868 [04:58<01:03, 250.13it/s]Running loglikelihood requests:  67%|██████▋   | 31938/47868 [04:58<00:58, 270.05it/s]Running loglikelihood requests:  67%|██████▋   | 31965/47868 [04:59<01:04, 246.98it/s]Running loglikelihood requests:  67%|██████▋   | 32004/47868 [04:59<01:02, 255.00it/s]Running loglikelihood requests:  67%|██████▋   | 32047/47868 [04:59<00:58, 269.26it/s]Running loglikelihood requests:  67%|██████▋   | 32074/47868 [04:59<01:04, 246.57it/s]Running loglikelihood requests:  67%|██████▋   | 32114/47868 [04:59<01:01, 257.33it/s]Running loglikelihood requests:  67%|██████▋   | 32158/47868 [04:59<00:57, 272.89it/s]Running loglikelihood requests:  67%|██████▋   | 32186/47868 [04:59<01:02, 251.15it/s]Running loglikelihood requests:  67%|██████▋   | 32222/47868 [04:59<01:02, 252.26it/s]Running loglikelihood requests:  67%|██████▋   | 32249/47868 [05:00<01:06, 234.33it/s]Running loglikelihood requests:  67%|██████▋   | 32274/47868 [05:00<01:11, 217.61it/s]Running loglikelihood requests:  68%|██████▊   | 32312/47868 [05:00<01:06, 232.88it/s]Running loglikelihood requests:  68%|██████▊   | 32336/47868 [05:00<01:12, 214.73it/s]Running loglikelihood requests:  68%|██████▊   | 32358/47868 [05:00<01:26, 179.92it/s]Running loglikelihood requests:  68%|██████▊   | 32403/47868 [05:00<01:10, 218.37it/s]Running loglikelihood requests:  68%|██████▊   | 32435/47868 [05:01<01:09, 220.94it/s]Running loglikelihood requests:  68%|██████▊   | 32458/47868 [05:01<01:15, 204.64it/s]Running loglikelihood requests:  68%|██████▊   | 32488/47868 [05:01<01:14, 207.43it/s]Running loglikelihood requests:  68%|██████▊   | 32523/47868 [05:01<01:10, 218.71it/s]Running loglikelihood requests:  68%|██████▊   | 32546/47868 [05:01<01:15, 202.84it/s]Running loglikelihood requests:  68%|██████▊   | 32567/47868 [05:01<01:29, 171.10it/s]Running loglikelihood requests:  68%|██████▊   | 32609/47868 [05:01<01:13, 206.36it/s]Running loglikelihood requests:  68%|██████▊   | 32652/47868 [05:02<01:05, 233.97it/s]Running loglikelihood requests:  68%|██████▊   | 32676/47868 [05:02<01:10, 216.26it/s]Running loglikelihood requests:  68%|██████▊   | 32698/47868 [05:02<01:16, 199.40it/s]Running loglikelihood requests:  68%|██████▊   | 32719/47868 [05:02<01:21, 185.29it/s]Running loglikelihood requests:  68%|██████▊   | 32761/47868 [05:02<01:09, 218.40it/s]Running loglikelihood requests:  68%|██████▊   | 32783/47868 [05:02<01:15, 200.61it/s]Running loglikelihood requests:  69%|██████▊   | 32804/47868 [05:02<01:20, 185.99it/s]Running loglikelihood requests:  69%|██████▊   | 32828/47868 [05:03<01:22, 181.81it/s]Running loglikelihood requests:  69%|██████▊   | 32876/47868 [05:03<01:05, 228.67it/s]Running loglikelihood requests:  69%|██████▊   | 32899/47868 [05:03<01:11, 209.77it/s]Running loglikelihood requests:  69%|██████▉   | 32920/47868 [05:03<01:17, 192.41it/s]Running loglikelihood requests:  69%|██████▉   | 32944/47868 [05:03<01:20, 186.21it/s]Running loglikelihood requests:  69%|██████▉   | 32992/47868 [05:03<01:04, 231.84it/s]Running loglikelihood requests:  69%|██████▉   | 33025/47868 [05:03<01:03, 232.39it/s]Running loglikelihood requests:  69%|██████▉   | 33049/47868 [05:04<01:15, 195.54it/s]Running loglikelihood requests:  69%|██████▉   | 33070/47868 [05:04<01:28, 167.86it/s]Running loglikelihood requests:  69%|██████▉   | 33106/47868 [05:04<01:17, 191.18it/s]Running loglikelihood requests:  69%|██████▉   | 33140/47868 [05:04<01:11, 205.31it/s]Running loglikelihood requests:  69%|██████▉   | 33162/47868 [05:04<01:16, 192.00it/s]Running loglikelihood requests:  69%|██████▉   | 33182/47868 [05:04<01:30, 163.03it/s]Running loglikelihood requests:  69%|██████▉   | 33202/47868 [05:04<01:32, 157.88it/s]Running loglikelihood requests:  69%|██████▉   | 33248/47868 [05:05<01:11, 205.08it/s]Running loglikelihood requests:  70%|██████▉   | 33290/47868 [05:05<01:02, 231.69it/s]Running loglikelihood requests:  70%|██████▉   | 33314/47868 [05:05<01:07, 214.63it/s]Running loglikelihood requests:  70%|██████▉   | 33336/47868 [05:05<01:20, 181.00it/s]Running loglikelihood requests:  70%|██████▉   | 33355/47868 [05:05<01:25, 169.04it/s]Running loglikelihood requests:  70%|██████▉   | 33398/47868 [05:05<01:09, 207.35it/s]Running loglikelihood requests:  70%|██████▉   | 33420/47868 [05:06<01:14, 193.39it/s]Running loglikelihood requests:  70%|██████▉   | 33440/47868 [05:06<01:20, 179.19it/s]Running loglikelihood requests:  70%|██████▉   | 33459/47868 [05:06<01:26, 167.00it/s]Running loglikelihood requests:  70%|██████▉   | 33488/47868 [05:06<01:20, 178.99it/s]Running loglikelihood requests:  70%|███████   | 33532/47868 [05:06<01:05, 218.10it/s]Running loglikelihood requests:  70%|███████   | 33554/47868 [05:06<01:11, 200.41it/s]Running loglikelihood requests:  70%|███████   | 33575/47868 [05:06<01:24, 169.54it/s]Running loglikelihood requests:  70%|███████   | 33595/47868 [05:07<01:27, 162.54it/s]Running loglikelihood requests:  70%|███████   | 33635/47868 [05:07<01:12, 197.29it/s]Running loglikelihood requests:  70%|███████   | 33680/47868 [05:07<01:01, 232.24it/s]Running loglikelihood requests:  70%|███████   | 33704/47868 [05:07<01:05, 214.96it/s]Running loglikelihood requests:  70%|███████   | 33726/47868 [05:07<01:18, 181.09it/s]Running loglikelihood requests:  70%|███████   | 33745/47868 [05:07<01:23, 168.99it/s]Running loglikelihood requests:  71%|███████   | 33779/47868 [05:07<01:14, 189.63it/s]Running loglikelihood requests:  71%|███████   | 33810/47868 [05:08<01:10, 198.73it/s]Running loglikelihood requests:  71%|███████   | 33831/47868 [05:08<01:15, 184.89it/s]Running loglikelihood requests:  71%|███████   | 33850/47868 [05:08<01:22, 170.91it/s]Running loglikelihood requests:  71%|███████   | 33868/47868 [05:08<01:28, 158.90it/s]Running loglikelihood requests:  71%|███████   | 33892/47868 [05:08<01:25, 162.90it/s]Running loglikelihood requests:  71%|███████   | 33941/47868 [05:08<01:03, 217.92it/s]Running loglikelihood requests:  71%|███████   | 33963/47868 [05:08<01:09, 200.50it/s]Running loglikelihood requests:  71%|███████   | 33984/47868 [05:09<01:14, 185.94it/s]Running loglikelihood requests:  71%|███████   | 34003/47868 [05:09<01:28, 156.42it/s]Running loglikelihood requests:  71%|███████   | 34020/47868 [05:09<01:34, 147.15it/s]Running loglikelihood requests:  71%|███████   | 34057/47868 [05:09<01:16, 180.49it/s]Running loglikelihood requests:  71%|███████   | 34099/47868 [05:09<01:04, 214.57it/s]Running loglikelihood requests:  71%|███████▏  | 34121/47868 [05:09<01:09, 198.28it/s]Running loglikelihood requests:  71%|███████▏  | 34141/47868 [05:09<01:15, 182.45it/s]Running loglikelihood requests:  71%|███████▏  | 34160/47868 [05:10<01:20, 169.24it/s]Running loglikelihood requests:  71%|███████▏  | 34178/47868 [05:10<01:26, 157.42it/s]Running loglikelihood requests:  71%|███████▏  | 34220/47868 [05:10<01:08, 198.17it/s]Running loglikelihood requests:  72%|███████▏  | 34250/47868 [05:10<01:07, 201.79it/s]Running loglikelihood requests:  72%|███████▏  | 34271/47868 [05:10<01:20, 169.35it/s]Running loglikelihood requests:  72%|███████▏  | 34290/47868 [05:10<01:25, 159.60it/s]Running loglikelihood requests:  72%|███████▏  | 34320/47868 [05:10<01:17, 174.46it/s]Running loglikelihood requests:  72%|███████▏  | 34368/47868 [05:11<01:00, 222.08it/s]Running loglikelihood requests:  72%|███████▏  | 34391/47868 [05:11<01:05, 205.85it/s]Running loglikelihood requests:  72%|███████▏  | 34412/47868 [05:11<01:10, 190.07it/s]Running loglikelihood requests:  72%|███████▏  | 34432/47868 [05:11<01:16, 176.73it/s]Running loglikelihood requests:  72%|███████▏  | 34464/47868 [05:11<01:09, 192.24it/s]Running loglikelihood requests:  72%|███████▏  | 34512/47868 [05:11<00:56, 236.32it/s]Running loglikelihood requests:  72%|███████▏  | 34537/47868 [05:11<01:00, 219.59it/s]Running loglikelihood requests:  72%|███████▏  | 34559/47868 [05:12<01:06, 201.38it/s]Running loglikelihood requests:  72%|███████▏  | 34580/47868 [05:12<01:11, 186.61it/s]Running loglikelihood requests:  72%|███████▏  | 34618/47868 [05:12<01:02, 212.16it/s]Running loglikelihood requests:  72%|███████▏  | 34650/47868 [05:12<01:00, 217.52it/s]Running loglikelihood requests:  72%|███████▏  | 34672/47868 [05:12<01:06, 199.90it/s]Running loglikelihood requests:  72%|███████▏  | 34692/47868 [05:12<01:11, 183.76it/s]Running loglikelihood requests:  73%|███████▎  | 34725/47868 [05:12<01:05, 199.64it/s]Running loglikelihood requests:  73%|███████▎  | 34762/47868 [05:13<00:59, 219.45it/s]Running loglikelihood requests:  73%|███████▎  | 34785/47868 [05:13<01:04, 203.87it/s]Running loglikelihood requests:  73%|███████▎  | 34806/47868 [05:13<01:09, 188.73it/s]Running loglikelihood requests:  73%|███████▎  | 34830/47868 [05:13<01:10, 184.32it/s]Running loglikelihood requests:  73%|███████▎  | 34877/47868 [05:13<00:56, 229.79it/s]Running loglikelihood requests:  73%|███████▎  | 34907/47868 [05:13<00:57, 225.81it/s]Running loglikelihood requests:  73%|███████▎  | 34930/47868 [05:13<01:08, 189.94it/s]Running loglikelihood requests:  73%|███████▎  | 34959/47868 [05:14<01:06, 195.37it/s]Running loglikelihood requests:  73%|███████▎  | 35006/47868 [05:14<00:54, 235.15it/s]Running loglikelihood requests:  73%|███████▎  | 35036/47868 [05:14<00:55, 229.95it/s]Running loglikelihood requests:  73%|███████▎  | 35060/47868 [05:14<01:05, 195.17it/s]Running loglikelihood requests:  73%|███████▎  | 35081/47868 [05:14<01:09, 183.56it/s]Running loglikelihood requests:  73%|███████▎  | 35125/47868 [05:14<00:57, 220.67it/s]Running loglikelihood requests:  73%|███████▎  | 35162/47868 [05:14<00:54, 233.09it/s]Running loglikelihood requests:  74%|███████▎  | 35186/47868 [05:15<00:59, 214.91it/s]Running loglikelihood requests:  74%|███████▎  | 35208/47868 [05:15<01:04, 197.51it/s]Running loglikelihood requests:  74%|███████▎  | 35245/47868 [05:15<00:58, 215.89it/s]Running loglikelihood requests:  74%|███████▎  | 35267/47868 [05:15<01:03, 198.31it/s]Running loglikelihood requests:  74%|███████▎  | 35295/47868 [05:15<01:03, 198.02it/s]Running loglikelihood requests:  74%|███████▍  | 35333/47868 [05:15<00:57, 218.57it/s]Running loglikelihood requests:  74%|███████▍  | 35360/47868 [05:15<00:59, 211.76it/s]Running loglikelihood requests:  74%|███████▍  | 35390/47868 [05:16<00:58, 213.29it/s]Running loglikelihood requests:  74%|███████▍  | 35421/47868 [05:16<00:57, 216.65it/s]Running loglikelihood requests:  74%|███████▍  | 35443/47868 [05:16<01:02, 200.19it/s]Running loglikelihood requests:  74%|███████▍  | 35486/47868 [05:16<00:53, 232.67it/s]Running loglikelihood requests:  74%|███████▍  | 35510/47868 [05:16<01:02, 196.91it/s]Running loglikelihood requests:  74%|███████▍  | 35560/47868 [05:16<00:50, 242.28it/s]Running loglikelihood requests:  74%|███████▍  | 35585/47868 [05:16<00:54, 225.25it/s]Running loglikelihood requests:  74%|███████▍  | 35612/47868 [05:17<00:56, 217.07it/s]Running loglikelihood requests:  74%|███████▍  | 35634/47868 [05:17<01:00, 200.91it/s]Running loglikelihood requests:  74%|███████▍  | 35658/47868 [05:17<01:03, 193.56it/s]Running loglikelihood requests:  75%|███████▍  | 35698/47868 [05:17<00:54, 221.72it/s]Running loglikelihood requests:  75%|███████▍  | 35741/47868 [05:17<00:49, 247.47it/s]Running loglikelihood requests:  75%|███████▍  | 35784/47868 [05:17<00:45, 265.89it/s]Running loglikelihood requests:  75%|███████▍  | 35813/47868 [05:17<00:48, 249.75it/s]Running loglikelihood requests:  75%|███████▍  | 35859/47868 [05:18<00:43, 273.98it/s]Running loglikelihood requests:  75%|███████▌  | 35901/47868 [05:18<00:42, 282.66it/s]Running loglikelihood requests:  75%|███████▌  | 35948/47868 [05:18<00:39, 298.95it/s]Running loglikelihood requests:  75%|███████▌  | 35994/47868 [05:18<00:38, 308.22it/s]Running loglikelihood requests:  75%|███████▌  | 36025/47868 [05:18<00:41, 282.99it/s]Running loglikelihood requests:  75%|███████▌  | 36061/47868 [05:18<00:42, 276.49it/s]Running loglikelihood requests:  75%|███████▌  | 36109/47868 [05:18<00:39, 296.96it/s]Running loglikelihood requests:  76%|███████▌  | 36146/47868 [05:19<00:40, 288.51it/s]Running loglikelihood requests:  76%|███████▌  | 36198/47868 [05:19<00:37, 313.72it/s]Running loglikelihood requests:  76%|███████▌  | 36239/47868 [05:19<00:37, 308.31it/s]Running loglikelihood requests:  76%|███████▌  | 36282/47868 [05:19<00:37, 308.76it/s]Running loglikelihood requests:  76%|███████▌  | 36323/47868 [05:19<00:37, 304.78it/s]Running loglikelihood requests:  76%|███████▌  | 36370/47868 [05:19<00:36, 313.98it/s]Running loglikelihood requests:  76%|███████▌  | 36412/47868 [05:19<00:36, 310.76it/s]Running loglikelihood requests:  76%|███████▌  | 36457/47868 [05:19<00:36, 314.57it/s]Running loglikelihood requests:  76%|███████▌  | 36490/47868 [05:20<00:38, 292.58it/s]Running loglikelihood requests:  76%|███████▋  | 36538/47868 [05:20<00:36, 308.49it/s]Running loglikelihood requests:  76%|███████▋  | 36589/47868 [05:20<00:34, 325.70it/s]Running loglikelihood requests:  77%|███████▋  | 36640/47868 [05:20<00:33, 337.52it/s]Running loglikelihood requests:  77%|███████▋  | 36679/47868 [05:20<00:34, 320.89it/s]Running loglikelihood requests:  77%|███████▋  | 36720/47868 [05:20<00:35, 313.97it/s]Running loglikelihood requests:  77%|███████▋  | 36762/47868 [05:20<00:35, 310.69it/s]Running loglikelihood requests:  77%|███████▋  | 36805/47868 [05:21<00:35, 310.33it/s]Running loglikelihood requests:  77%|███████▋  | 36842/47868 [05:21<00:37, 297.76it/s]Running loglikelihood requests:  77%|███████▋  | 36880/47868 [05:21<00:37, 291.30it/s]Running loglikelihood requests:  77%|███████▋  | 36922/47868 [05:21<00:37, 294.52it/s]Running loglikelihood requests:  77%|███████▋  | 36975/47868 [05:21<00:34, 320.22it/s]Running loglikelihood requests:  77%|███████▋  | 37019/47868 [05:21<00:33, 319.55it/s]Running loglikelihood requests:  77%|███████▋  | 37067/47868 [05:21<00:33, 327.22it/s]Running loglikelihood requests:  78%|███████▊  | 37100/47868 [05:22<00:35, 300.25it/s]Running loglikelihood requests:  78%|███████▊  | 37141/47868 [05:22<00:35, 299.15it/s]Running loglikelihood requests:  78%|███████▊  | 37189/47868 [05:22<00:34, 313.16it/s]Running loglikelihood requests:  78%|███████▊  | 37227/47868 [05:22<00:35, 301.64it/s]Running loglikelihood requests:  78%|███████▊  | 37275/47868 [05:22<00:33, 314.73it/s]Running loglikelihood requests:  78%|███████▊  | 37333/47868 [05:22<00:30, 344.68it/s]Running loglikelihood requests:  78%|███████▊  | 37368/47868 [05:22<00:33, 318.08it/s]Running loglikelihood requests:  78%|███████▊  | 37418/47868 [05:23<00:31, 330.39it/s]Running loglikelihood requests:  78%|███████▊  | 37465/47868 [05:23<00:31, 332.98it/s]Running loglikelihood requests:  78%|███████▊  | 37508/47868 [05:23<00:31, 326.48it/s]Running loglikelihood requests:  78%|███████▊  | 37556/47868 [05:23<00:31, 332.19it/s]Running loglikelihood requests:  79%|███████▊  | 37602/47868 [05:23<00:30, 331.78it/s]Running loglikelihood requests:  79%|███████▊  | 37649/47868 [05:23<00:30, 333.82it/s]Running loglikelihood requests:  79%|███████▊  | 37691/47868 [05:23<00:31, 325.13it/s]Running loglikelihood requests:  79%|███████▉  | 37735/47868 [05:24<00:31, 322.62it/s]Running loglikelihood requests:  79%|███████▉  | 37774/47868 [05:24<00:32, 310.59it/s]Running loglikelihood requests:  79%|███████▉  | 37817/47868 [05:24<00:32, 310.63it/s]Running loglikelihood requests:  79%|███████▉  | 37857/47868 [05:24<00:32, 304.07it/s]Running loglikelihood requests:  79%|███████▉  | 37906/47868 [05:24<00:31, 318.97it/s]Running loglikelihood requests:  79%|███████▉  | 37954/47868 [05:24<00:30, 325.60it/s]Running loglikelihood requests:  79%|███████▉  | 38002/47868 [05:24<00:29, 330.15it/s]Running loglikelihood requests:  79%|███████▉  | 38053/47868 [05:24<00:28, 340.98it/s]Running loglikelihood requests:  80%|███████▉  | 38091/47868 [05:25<00:30, 321.79it/s]Running loglikelihood requests:  80%|███████▉  | 38138/47868 [05:25<00:29, 327.09it/s]Running loglikelihood requests:  80%|███████▉  | 38178/47868 [05:25<00:30, 315.94it/s]Running loglikelihood requests:  80%|███████▉  | 38220/47868 [05:25<00:30, 312.69it/s]Running loglikelihood requests:  80%|███████▉  | 38266/47868 [05:25<00:30, 318.22it/s]Running loglikelihood requests:  80%|████████  | 38311/47868 [05:25<00:29, 320.48it/s]Running loglikelihood requests:  80%|████████  | 38354/47868 [05:25<00:29, 317.64it/s]Running loglikelihood requests:  80%|████████  | 38397/47868 [05:26<00:29, 316.05it/s]Running loglikelihood requests:  80%|████████  | 38443/47868 [05:26<00:29, 321.27it/s]Running loglikelihood requests:  80%|████████  | 38497/47868 [05:26<00:27, 341.32it/s]Running loglikelihood requests:  81%|████████  | 38535/47868 [05:26<00:28, 321.90it/s]Running loglikelihood requests:  81%|████████  | 38580/47868 [05:26<00:28, 323.01it/s]Running loglikelihood requests:  81%|████████  | 38626/47868 [05:26<00:28, 326.19it/s]Running loglikelihood requests:  81%|████████  | 38670/47868 [05:26<00:28, 324.02it/s]Running loglikelihood requests:  81%|████████  | 38714/47868 [05:27<00:28, 322.08it/s]Running loglikelihood requests:  81%|████████  | 38763/47868 [05:27<00:27, 331.30it/s]Running loglikelihood requests:  81%|████████  | 38809/47868 [05:27<00:27, 331.59it/s]Running loglikelihood requests:  81%|████████  | 38854/47868 [05:27<00:27, 329.73it/s]Running loglikelihood requests:  81%|████████▏ | 38905/47868 [05:27<00:26, 340.73it/s]Running loglikelihood requests:  81%|████████▏ | 38952/47868 [05:27<00:26, 339.77it/s]Running loglikelihood requests:  81%|████████▏ | 38999/47868 [05:27<00:26, 339.49it/s]Running loglikelihood requests:  82%|████████▏ | 39037/47868 [05:28<00:27, 320.85it/s]Running loglikelihood requests:  82%|████████▏ | 39073/47868 [05:28<00:28, 303.57it/s]Running loglikelihood requests:  82%|████████▏ | 39104/47868 [05:28<00:31, 281.00it/s]Running loglikelihood requests:  82%|████████▏ | 39148/47868 [05:28<00:29, 292.58it/s]Running loglikelihood requests:  82%|████████▏ | 39199/47868 [05:28<00:27, 315.32it/s]Running loglikelihood requests:  82%|████████▏ | 39238/47868 [05:28<00:28, 306.04it/s]Running loglikelihood requests:  82%|████████▏ | 39275/47868 [05:28<00:29, 295.22it/s]Running loglikelihood requests:  82%|████████▏ | 39308/47868 [05:28<00:30, 279.39it/s]Running loglikelihood requests:  82%|████████▏ | 39356/47868 [05:29<00:28, 299.88it/s]Running loglikelihood requests:  82%|████████▏ | 39406/47868 [05:29<00:26, 317.27it/s]Running loglikelihood requests:  82%|████████▏ | 39449/47868 [05:29<00:26, 315.57it/s]Running loglikelihood requests:  83%|████████▎ | 39492/47868 [05:29<00:26, 314.56it/s]Running loglikelihood requests:  83%|████████▎ | 39530/47868 [05:29<00:27, 303.78it/s]Running loglikelihood requests:  83%|████████▎ | 39574/47868 [05:29<00:26, 308.58it/s]Running loglikelihood requests:  83%|████████▎ | 39625/47868 [05:29<00:25, 326.55it/s]Running loglikelihood requests:  83%|████████▎ | 39676/47868 [05:30<00:24, 339.07it/s]Running loglikelihood requests:  83%|████████▎ | 39710/47868 [05:30<00:26, 312.40it/s]Running loglikelihood requests:  83%|████████▎ | 39742/47868 [05:30<00:30, 264.32it/s]Running loglikelihood requests:  83%|████████▎ | 39788/47868 [05:30<00:28, 285.14it/s]Running loglikelihood requests:  83%|████████▎ | 39841/47868 [05:30<00:25, 314.42it/s]Running loglikelihood requests:  83%|████████▎ | 39886/47868 [05:30<00:24, 319.38it/s]Running loglikelihood requests:  83%|████████▎ | 39922/47868 [05:30<00:26, 304.21it/s]Running loglikelihood requests:  83%|████████▎ | 39964/47868 [05:31<00:25, 305.67it/s]Running loglikelihood requests:  84%|████████▎ | 39997/47868 [05:31<00:27, 287.95it/s]Running loglikelihood requests:  84%|████████▎ | 40047/47868 [05:31<00:25, 311.22it/s]Running loglikelihood requests:  84%|████████▍ | 40090/47868 [05:31<00:24, 313.06it/s]Running loglikelihood requests:  84%|████████▍ | 40138/47868 [05:31<00:23, 325.01it/s]Running loglikelihood requests:  84%|████████▍ | 40177/47868 [05:31<00:24, 314.14it/s]Running loglikelihood requests:  84%|████████▍ | 40217/47868 [05:31<00:24, 308.53it/s]Running loglikelihood requests:  84%|████████▍ | 40277/47868 [05:32<00:21, 346.95it/s]Running loglikelihood requests:  84%|████████▍ | 40312/47868 [05:32<00:23, 321.33it/s]Running loglikelihood requests:  84%|████████▍ | 40345/47868 [05:32<00:27, 272.34it/s]Running loglikelihood requests:  84%|████████▍ | 40394/47868 [05:32<00:25, 297.48it/s]Running loglikelihood requests:  85%|████████▍ | 40451/47868 [05:32<00:22, 332.11it/s]Running loglikelihood requests:  85%|████████▍ | 40508/47868 [05:32<00:20, 356.15it/s]Running loglikelihood requests:  85%|████████▍ | 40547/47868 [05:32<00:21, 335.64it/s]Running loglikelihood requests:  85%|████████▍ | 40590/47868 [05:33<00:22, 330.40it/s]Running loglikelihood requests:  85%|████████▍ | 40624/47868 [05:33<00:23, 307.78it/s]Running loglikelihood requests:  85%|████████▍ | 40662/47868 [05:33<00:24, 299.72it/s]Running loglikelihood requests:  85%|████████▌ | 40705/47868 [05:33<00:23, 305.11it/s]Running loglikelihood requests:  85%|████████▌ | 40744/47868 [05:33<00:23, 300.25it/s]Running loglikelihood requests:  85%|████████▌ | 40784/47868 [05:33<00:23, 299.35it/s]Running loglikelihood requests:  85%|████████▌ | 40818/47868 [05:33<00:24, 285.84it/s]Running loglikelihood requests:  85%|████████▌ | 40862/47868 [05:33<00:23, 298.25it/s]Running loglikelihood requests:  85%|████████▌ | 40909/47868 [05:34<00:22, 313.52it/s]Running loglikelihood requests:  86%|████████▌ | 40949/47868 [05:34<00:22, 309.04it/s]Running loglikelihood requests:  86%|████████▌ | 40992/47868 [05:34<00:22, 311.94it/s]Running loglikelihood requests:  86%|████████▌ | 41045/47868 [05:34<00:20, 335.10it/s]Running loglikelihood requests:  86%|████████▌ | 41098/47868 [05:34<00:19, 351.27it/s]Running loglikelihood requests:  86%|████████▌ | 41134/47868 [05:34<00:20, 326.74it/s]Running loglikelihood requests:  86%|████████▌ | 41167/47868 [05:34<00:22, 302.47it/s]Running loglikelihood requests:  86%|████████▌ | 41198/47868 [05:35<00:23, 281.73it/s]Running loglikelihood requests:  86%|████████▌ | 41240/47868 [05:35<00:22, 290.69it/s]Running loglikelihood requests:  86%|████████▌ | 41283/47868 [05:35<00:21, 299.63it/s]Running loglikelihood requests:  86%|████████▋ | 41333/47868 [05:35<00:20, 321.06it/s]Running loglikelihood requests:  86%|████████▋ | 41386/47868 [05:35<00:18, 342.34it/s]Running loglikelihood requests:  87%|████████▋ | 41430/47868 [05:35<00:19, 337.88it/s]Running loglikelihood requests:  87%|████████▋ | 41464/47868 [05:35<00:20, 313.43it/s]Running loglikelihood requests:  87%|████████▋ | 41512/47868 [05:35<00:19, 326.03it/s]Running loglikelihood requests:  87%|████████▋ | 41557/47868 [05:36<00:19, 328.89it/s]Running loglikelihood requests:  87%|████████▋ | 41591/47868 [05:36<00:20, 306.92it/s]Running loglikelihood requests:  87%|████████▋ | 41633/47868 [05:36<00:20, 308.91it/s]Running loglikelihood requests:  87%|████████▋ | 41664/47868 [05:36<00:21, 286.99it/s]Running loglikelihood requests:  87%|████████▋ | 41696/47868 [05:36<00:22, 273.45it/s]Running loglikelihood requests:  87%|████████▋ | 41746/47868 [05:36<00:20, 302.96it/s]Running loglikelihood requests:  87%|████████▋ | 41777/47868 [05:36<00:21, 282.75it/s]Running loglikelihood requests:  87%|████████▋ | 41824/47868 [05:37<00:19, 303.32it/s]Running loglikelihood requests:  87%|████████▋ | 41863/47868 [05:37<00:19, 300.25it/s]Running loglikelihood requests:  88%|████████▊ | 41912/47868 [05:37<00:18, 319.66it/s]Running loglikelihood requests:  88%|████████▊ | 41957/47868 [05:37<00:18, 324.51it/s]Running loglikelihood requests:  88%|████████▊ | 41995/47868 [05:37<00:18, 313.06it/s]Running loglikelihood requests:  88%|████████▊ | 42036/47868 [05:37<00:18, 311.17it/s]Running loglikelihood requests:  88%|████████▊ | 42077/47868 [05:37<00:18, 310.22it/s]Running loglikelihood requests:  88%|████████▊ | 42117/47868 [05:37<00:18, 307.16it/s]Running loglikelihood requests:  88%|████████▊ | 42154/47868 [05:38<00:19, 298.74it/s]Running loglikelihood requests:  88%|████████▊ | 42185/47868 [05:38<00:20, 279.73it/s]Running loglikelihood requests:  88%|████████▊ | 42214/47868 [05:38<00:21, 262.03it/s]Running loglikelihood requests:  88%|████████▊ | 42254/47868 [05:38<00:20, 273.29it/s]Running loglikelihood requests:  88%|████████▊ | 42290/47868 [05:38<00:20, 272.32it/s]Running loglikelihood requests:  88%|████████▊ | 42328/47868 [05:38<00:20, 275.85it/s]Running loglikelihood requests:  88%|████████▊ | 42356/47868 [05:38<00:21, 256.73it/s]Running loglikelihood requests:  89%|████████▊ | 42403/47868 [05:39<00:19, 284.52it/s]Running loglikelihood requests:  89%|████████▊ | 42432/47868 [05:39<00:20, 265.25it/s]Running loglikelihood requests:  89%|████████▊ | 42474/47868 [05:39<00:19, 280.21it/s]Running loglikelihood requests:  89%|████████▉ | 42511/47868 [05:39<00:19, 279.62it/s]Running loglikelihood requests:  89%|████████▉ | 42546/47868 [05:39<00:19, 274.88it/s]Running loglikelihood requests:  89%|████████▉ | 42587/47868 [05:39<00:18, 284.84it/s]Running loglikelihood requests:  89%|████████▉ | 42616/47868 [05:39<00:19, 265.15it/s]Running loglikelihood requests:  89%|████████▉ | 42655/47868 [05:39<00:19, 273.39it/s]Running loglikelihood requests:  89%|████████▉ | 42704/47868 [05:40<00:17, 300.82it/s]Running loglikelihood requests:  89%|████████▉ | 42735/47868 [05:40<00:19, 256.75it/s]Running loglikelihood requests:  89%|████████▉ | 42763/47868 [05:40<00:20, 244.54it/s]Running loglikelihood requests:  89%|████████▉ | 42810/47868 [05:40<00:18, 275.17it/s]Running loglikelihood requests:  89%|████████▉ | 42840/47868 [05:40<00:19, 261.33it/s]Running loglikelihood requests:  90%|████████▉ | 42887/47868 [05:40<00:17, 287.74it/s]Running loglikelihood requests:  90%|████████▉ | 42926/47868 [05:40<00:17, 289.38it/s]Running loglikelihood requests:  90%|████████▉ | 42974/47868 [05:41<00:15, 309.73it/s]Running loglikelihood requests:  90%|████████▉ | 43010/47868 [05:41<00:16, 298.42it/s]Running loglikelihood requests:  90%|████████▉ | 43057/47868 [05:41<00:15, 313.77it/s]Running loglikelihood requests:  90%|█████████ | 43089/47868 [05:41<00:16, 292.49it/s]Running loglikelihood requests:  90%|█████████ | 43119/47868 [05:41<00:19, 249.49it/s]Running loglikelihood requests:  90%|█████████ | 43145/47868 [05:41<00:20, 235.00it/s]Running loglikelihood requests:  90%|█████████ | 43184/47868 [05:41<00:18, 251.87it/s]Running loglikelihood requests:  90%|█████████ | 43210/47868 [05:42<00:19, 236.43it/s]Running loglikelihood requests:  90%|█████████ | 43247/47868 [05:42<00:18, 249.17it/s]Running loglikelihood requests:  90%|█████████ | 43279/47868 [05:42<00:18, 247.05it/s]Running loglikelihood requests:  90%|█████████ | 43306/47868 [05:42<00:19, 234.76it/s]Running loglikelihood requests:  91%|█████████ | 43358/47868 [05:42<00:16, 280.67it/s]Running loglikelihood requests:  91%|█████████ | 43387/47868 [05:42<00:17, 263.04it/s]Running loglikelihood requests:  91%|█████████ | 43416/47868 [05:42<00:17, 250.75it/s]Running loglikelihood requests:  91%|█████████ | 43473/47868 [05:42<00:14, 303.43it/s]Running loglikelihood requests:  91%|█████████ | 43505/47868 [05:43<00:15, 285.87it/s]Running loglikelihood requests:  91%|█████████ | 43557/47868 [05:43<00:13, 317.31it/s]Running loglikelihood requests:  91%|█████████ | 43599/47868 [05:43<00:13, 316.17it/s]Running loglikelihood requests:  91%|█████████ | 43636/47868 [05:43<00:13, 305.62it/s]Running loglikelihood requests:  91%|█████████ | 43679/47868 [05:43<00:13, 310.63it/s]Running loglikelihood requests:  91%|█████████▏| 43715/47868 [05:43<00:13, 299.52it/s]Running loglikelihood requests:  91%|█████████▏| 43760/47868 [05:43<00:13, 311.16it/s]Running loglikelihood requests:  92%|█████████▏| 43806/47868 [05:44<00:12, 321.14it/s]Running loglikelihood requests:  92%|█████████▏| 43849/47868 [05:44<00:12, 321.58it/s]Running loglikelihood requests:  92%|█████████▏| 43896/47868 [05:44<00:11, 331.18it/s]Running loglikelihood requests:  92%|█████████▏| 43933/47868 [05:44<00:12, 316.26it/s]Running loglikelihood requests:  92%|█████████▏| 43980/47868 [05:44<00:11, 327.11it/s]Running loglikelihood requests:  92%|█████████▏| 44013/47868 [05:44<00:12, 304.36it/s]Running loglikelihood requests:  92%|█████████▏| 44053/47868 [05:44<00:12, 304.13it/s]Running loglikelihood requests:  92%|█████████▏| 44095/47868 [05:44<00:12, 308.04it/s]Running loglikelihood requests:  92%|█████████▏| 44132/47868 [05:45<00:12, 299.54it/s]Running loglikelihood requests:  92%|█████████▏| 44185/47868 [05:45<00:11, 328.71it/s]Running loglikelihood requests:  92%|█████████▏| 44237/47868 [05:45<00:10, 346.75it/s]Running loglikelihood requests:  93%|█████████▎| 44279/47868 [05:45<00:10, 338.33it/s]Running loglikelihood requests:  93%|█████████▎| 44328/47868 [05:45<00:10, 347.19it/s]Running loglikelihood requests:  93%|█████████▎| 44363/47868 [05:45<00:10, 323.07it/s]Running loglikelihood requests:  93%|█████████▎| 44396/47868 [05:45<00:11, 301.75it/s]Running loglikelihood requests:  93%|█████████▎| 44436/47868 [05:46<00:11, 302.13it/s]Running loglikelihood requests:  93%|█████████▎| 44467/47868 [05:46<00:12, 282.72it/s]Running loglikelihood requests:  93%|█████████▎| 44502/47868 [05:46<00:12, 277.59it/s]Running loglikelihood requests:  93%|█████████▎| 44559/47868 [05:46<00:10, 322.20it/s]Running loglikelihood requests:  93%|█████████▎| 44594/47868 [05:46<00:10, 305.66it/s]Running loglikelihood requests:  93%|█████████▎| 44636/47868 [05:46<00:10, 309.30it/s]Running loglikelihood requests:  93%|█████████▎| 44678/47868 [05:46<00:10, 311.93it/s]Running loglikelihood requests:  93%|█████████▎| 44735/47868 [05:46<00:09, 345.18it/s]Running loglikelihood requests:  94%|█████████▎| 44781/47868 [05:47<00:08, 345.71it/s]Running loglikelihood requests:  94%|█████████▎| 44823/47868 [05:47<00:09, 337.28it/s]Running loglikelihood requests:  94%|█████████▎| 44873/47868 [05:47<00:08, 348.95it/s]Running loglikelihood requests:  94%|█████████▍| 44926/47868 [05:47<00:08, 363.11it/s]Running loglikelihood requests:  94%|█████████▍| 44974/47868 [05:47<00:07, 362.38it/s]Running loglikelihood requests:  94%|█████████▍| 45015/47868 [05:47<00:08, 347.16it/s]Running loglikelihood requests:  94%|█████████▍| 45052/47868 [05:47<00:08, 327.65it/s]Running loglikelihood requests:  94%|█████████▍| 45094/47868 [05:48<00:08, 324.28it/s]Running loglikelihood requests:  94%|█████████▍| 45136/47868 [05:48<00:08, 322.48it/s]Running loglikelihood requests:  94%|█████████▍| 45183/47868 [05:48<00:08, 331.69it/s]Running loglikelihood requests:  95%|█████████▍| 45240/47868 [05:48<00:07, 359.97it/s]Running loglikelihood requests:  95%|█████████▍| 45283/47868 [05:48<00:07, 349.61it/s]Running loglikelihood requests:  95%|█████████▍| 45340/47868 [05:48<00:06, 372.06it/s]Running loglikelihood requests:  95%|█████████▍| 45378/47868 [05:48<00:07, 317.24it/s]Running loglikelihood requests:  95%|█████████▍| 45416/47868 [05:48<00:07, 309.59it/s]Running loglikelihood requests:  95%|█████████▍| 45455/47868 [05:49<00:07, 305.78it/s]Running loglikelihood requests:  95%|█████████▌| 45513/47868 [05:49<00:06, 342.86it/s]Running loglikelihood requests:  95%|█████████▌| 45560/47868 [05:49<00:06, 346.23it/s]Running loglikelihood requests:  95%|█████████▌| 45611/47868 [05:49<00:06, 356.34it/s]Running loglikelihood requests:  95%|█████████▌| 45656/47868 [05:49<00:06, 351.60it/s]Running loglikelihood requests:  95%|█████████▌| 45708/47868 [05:49<00:05, 363.23it/s]Running loglikelihood requests:  96%|█████████▌| 45745/47868 [05:49<00:06, 339.18it/s]Running loglikelihood requests:  96%|█████████▌| 45779/47868 [05:50<00:06, 315.93it/s]Running loglikelihood requests:  96%|█████████▌| 45813/47868 [05:50<00:06, 298.17it/s]Running loglikelihood requests:  96%|█████████▌| 45844/47868 [05:50<00:07, 279.96it/s]Running loglikelihood requests:  96%|█████████▌| 45893/47868 [05:50<00:06, 306.46it/s]Running loglikelihood requests:  96%|█████████▌| 45945/47868 [05:50<00:05, 331.96it/s]Running loglikelihood requests:  96%|█████████▌| 45991/47868 [05:50<00:05, 336.71it/s]Running loglikelihood requests:  96%|█████████▌| 46028/47868 [05:50<00:05, 320.60it/s]Running loglikelihood requests:  96%|█████████▋| 46076/47868 [05:50<00:05, 332.44it/s]Running loglikelihood requests:  96%|█████████▋| 46122/47868 [05:51<00:05, 337.11it/s]Running loglikelihood requests:  96%|█████████▋| 46169/47868 [05:51<00:04, 342.91it/s]Running loglikelihood requests:  97%|█████████▋| 46214/47868 [05:51<00:04, 342.46it/s]Running loglikelihood requests:  97%|█████████▋| 46262/47868 [05:51<00:04, 348.91it/s]Running loglikelihood requests:  97%|█████████▋| 46310/47868 [05:51<00:04, 353.55it/s]Running loglikelihood requests:  97%|█████████▋| 46355/47868 [05:51<00:04, 350.52it/s]Running loglikelihood requests:  97%|█████████▋| 46391/47868 [05:51<00:04, 328.76it/s]Running loglikelihood requests:  97%|█████████▋| 46432/47868 [05:52<00:04, 324.19it/s]Running loglikelihood requests:  97%|█████████▋| 46487/47868 [05:52<00:03, 351.67it/s]Running loglikelihood requests:  97%|█████████▋| 46529/47868 [05:52<00:03, 342.44it/s]Running loglikelihood requests:  97%|█████████▋| 46574/47868 [05:52<00:03, 343.05it/s]Running loglikelihood requests:  97%|█████████▋| 46612/47868 [05:52<00:03, 328.01it/s]Running loglikelihood requests:  97%|█████████▋| 46653/47868 [05:52<00:03, 323.82it/s]Running loglikelihood requests:  98%|█████████▊| 46692/47868 [05:52<00:03, 316.74it/s]Running loglikelihood requests:  98%|█████████▊| 46742/47868 [05:52<00:03, 335.63it/s]Running loglikelihood requests:  98%|█████████▊| 46779/47868 [05:53<00:03, 319.98it/s]Running loglikelihood requests:  98%|█████████▊| 46819/47868 [05:53<00:03, 316.41it/s]Running loglikelihood requests:  98%|█████████▊| 46864/47868 [05:53<00:03, 324.35it/s]Running loglikelihood requests:  98%|█████████▊| 46920/47868 [05:53<00:02, 354.48it/s]Running loglikelihood requests:  98%|█████████▊| 46959/47868 [05:53<00:02, 338.21it/s]Running loglikelihood requests:  98%|█████████▊| 47009/47868 [05:53<00:02, 350.39it/s]Running loglikelihood requests:  98%|█████████▊| 47050/47868 [05:53<00:02, 339.59it/s]Running loglikelihood requests:  98%|█████████▊| 47084/47868 [05:53<00:02, 315.49it/s]Running loglikelihood requests:  98%|█████████▊| 47116/47868 [05:54<00:02, 295.18it/s]Running loglikelihood requests:  98%|█████████▊| 47149/47868 [05:54<00:02, 283.61it/s]Running loglikelihood requests:  99%|█████████▊| 47189/47868 [05:54<00:02, 290.59it/s]Running loglikelihood requests:  99%|█████████▊| 47219/47868 [05:54<00:02, 273.49it/s]Running loglikelihood requests:  99%|█████████▊| 47251/47868 [05:54<00:02, 266.25it/s]Running loglikelihood requests:  99%|█████████▉| 47278/47868 [05:54<00:02, 249.44it/s]Running loglikelihood requests:  99%|█████████▉| 47315/47868 [05:54<00:02, 260.31it/s]Running loglikelihood requests:  99%|█████████▉| 47347/47868 [05:55<00:02, 256.81it/s]Running loglikelihood requests:  99%|█████████▉| 47373/47868 [05:55<00:02, 240.83it/s]Running loglikelihood requests:  99%|█████████▉| 47406/47868 [05:55<00:01, 245.40it/s]Running loglikelihood requests:  99%|█████████▉| 47443/47868 [05:55<00:01, 257.56it/s]Running loglikelihood requests:  99%|█████████▉| 47469/47868 [05:55<00:01, 240.92it/s]Running loglikelihood requests:  99%|█████████▉| 47494/47868 [05:55<00:01, 227.22it/s]Running loglikelihood requests:  99%|█████████▉| 47519/47868 [05:55<00:01, 218.04it/s]Running loglikelihood requests:  99%|█████████▉| 47546/47868 [05:55<00:01, 215.95it/s]Running loglikelihood requests:  99%|█████████▉| 47593/47868 [05:56<00:01, 259.65it/s]Running loglikelihood requests:  99%|█████████▉| 47620/47868 [05:56<00:01, 245.92it/s]Running loglikelihood requests: 100%|█████████▉| 47645/47868 [05:56<00:01, 211.17it/s]Running loglikelihood requests: 100%|█████████▉| 47681/47868 [05:56<00:00, 230.82it/s]Running loglikelihood requests: 100%|█████████▉| 47705/47868 [05:56<00:00, 219.14it/s]Running loglikelihood requests: 100%|█████████▉| 47728/47868 [05:56<00:00, 208.46it/s]Running loglikelihood requests: 100%|█████████▉| 47750/47868 [05:56<00:00, 181.43it/s]Running loglikelihood requests: 100%|█████████▉| 47777/47868 [05:57<00:00, 190.40it/s]Running loglikelihood requests: 100%|█████████▉| 47797/47868 [05:57<00:00, 153.52it/s]Running loglikelihood requests: 100%|█████████▉| 47819/47868 [05:57<00:00, 158.91it/s]Running loglikelihood requests: 100%|█████████▉| 47836/47868 [05:57<00:00, 140.36it/s]Running loglikelihood requests: 100%|█████████▉| 47857/47868 [05:57<00:00, 146.81it/s]Running loglikelihood requests: 100%|██████████| 47868/47868 [05:57<00:00, 133.84it/s]
