Loading weights:   0%|          | 0/340 [00:00<?, ?it/s]Loading weights:  66%|██████▌   | 224/340 [00:00<00:00, 2218.59it/s]Loading weights: 100%|██████████| 340/340 [00:00<00:00, 2134.62it/s]
Using the latest cached version of the dataset since facebook/belebele couldn't be found on the Hugging Face Hub (offline mode is enabled).
Found the latest cached dataset configuration 'mya_Mymr' at /home/mai.chau/.cache/huggingface/datasets/facebook___belebele/mya_Mymr/0.0.0/7899cdfa4e1e0d733fd77c848e2c273cb1d32be2 (last modified on Thu Oct  8 00:18:48 2026).
Using the latest cached version of the dataset since facebook/belebele couldn't be found on the Hugging Face Hub (offline mode is enabled).
Found the latest cached dataset configuration 'tgl_Latn' at /home/mai.chau/.cache/huggingface/datasets/facebook___belebele/tgl_Latn/0.0.0/7899cdfa4e1e0d733fd77c848e2c273cb1d32be2 (last modified on Thu Oct  8 00:18:50 2026).
Using the latest cached version of the dataset since facebook/belebele couldn't be found on the Hugging Face Hub (offline mode is enabled).
Found the latest cached dataset configuration 'ind_Latn' at /home/mai.chau/.cache/huggingface/datasets/facebook___belebele/ind_Latn/0.0.0/7899cdfa4e1e0d733fd77c848e2c273cb1d32be2 (last modified on Thu Oct  8 00:18:52 2026).
Using the latest cached version of the dataset since facebook/belebele couldn't be found on the Hugging Face Hub (offline mode is enabled).
Found the latest cached dataset configuration 'khm_Khmr' at /home/mai.chau/.cache/huggingface/datasets/facebook___belebele/khm_Khmr/0.0.0/7899cdfa4e1e0d733fd77c848e2c273cb1d32be2 (last modified on Thu Oct  8 00:18:55 2026).
Using the latest cached version of the dataset since facebook/belebele couldn't be found on the Hugging Face Hub (offline mode is enabled).
Found the latest cached dataset configuration 'zsm_Latn' at /home/mai.chau/.cache/huggingface/datasets/facebook___belebele/zsm_Latn/0.0.0/7899cdfa4e1e0d733fd77c848e2c273cb1d32be2 (last modified on Thu Oct  8 00:18:57 2026).
Using the latest cached version of the dataset since facebook/belebele couldn't be found on the Hugging Face Hub (offline mode is enabled).
Found the latest cached dataset configuration 'tha_Thai' at /home/mai.chau/.cache/huggingface/datasets/facebook___belebele/tha_Thai/0.0.0/7899cdfa4e1e0d733fd77c848e2c273cb1d32be2 (last modified on Thu Oct  8 00:19:00 2026).
Using the latest cached version of the dataset since facebook/belebele couldn't be found on the Hugging Face Hub (offline mode is enabled).
Found the latest cached dataset configuration 'vie_Latn' at /home/mai.chau/.cache/huggingface/datasets/facebook___belebele/vie_Latn/0.0.0/7899cdfa4e1e0d733fd77c848e2c273cb1d32be2 (last modified on Thu Oct  8 00:05:31 2026).
Using the latest cached version of the dataset since mrlbenchmarks/global-piqa-nonparallel couldn't be found on the Hugging Face Hub (offline mode is enabled).
Found the latest cached dataset configuration 'tgl_latn' at /home/mai.chau/.cache/huggingface/datasets/mrlbenchmarks___global-piqa-nonparallel/tgl_latn/0.0.0/6777742fa3634c0583cda3b7f8a482ea7b1b0937 (last modified on Thu Oct  8 00:19:04 2026).
Using the latest cached version of the dataset since mrlbenchmarks/global-piqa-nonparallel couldn't be found on the Hugging Face Hub (offline mode is enabled).
Found the latest cached dataset configuration 'ind_latn' at /home/mai.chau/.cache/huggingface/datasets/mrlbenchmarks___global-piqa-nonparallel/ind_latn/0.0.0/6777742fa3634c0583cda3b7f8a482ea7b1b0937 (last modified on Thu Oct  8 00:19:06 2026).
Using the latest cached version of the dataset since mrlbenchmarks/global-piqa-nonparallel couldn't be found on the Hugging Face Hub (offline mode is enabled).
Found the latest cached dataset configuration 'zsm_latn' at /home/mai.chau/.cache/huggingface/datasets/mrlbenchmarks___global-piqa-nonparallel/zsm_latn/0.0.0/6777742fa3634c0583cda3b7f8a482ea7b1b0937 (last modified on Thu Oct  8 00:19:08 2026).
Using the latest cached version of the dataset since mrlbenchmarks/global-piqa-nonparallel couldn't be found on the Hugging Face Hub (offline mode is enabled).
Found the latest cached dataset configuration 'tha_thai' at /home/mai.chau/.cache/huggingface/datasets/mrlbenchmarks___global-piqa-nonparallel/tha_thai/0.0.0/6777742fa3634c0583cda3b7f8a482ea7b1b0937 (last modified on Thu Oct  8 00:19:12 2026).
Using the latest cached version of the dataset since mrlbenchmarks/global-piqa-nonparallel couldn't be found on the Hugging Face Hub (offline mode is enabled).
Found the latest cached dataset configuration 'vie_latn' at /home/mai.chau/.cache/huggingface/datasets/mrlbenchmarks___global-piqa-nonparallel/vie_latn/0.0.0/6777742fa3634c0583cda3b7f8a482ea7b1b0937 (last modified on Thu Oct  8 00:05:53 2026).
Using the latest cached version of the dataset since CohereForAI/Global-MMLU couldn't be found on the Hugging Face Hub (offline mode is enabled).
Found the latest cached dataset configuration 'fil' at /home/mai.chau/.cache/huggingface/datasets/CohereForAI___global-mmlu/fil/0.0.0/0e619dbeb34206cd48705a1a0ea7fb21cae09993 (last modified on Thu Oct  8 14:53:05 2026).
Using the latest cached version of the dataset since CohereForAI/Global-MMLU couldn't be found on the Hugging Face Hub (offline mode is enabled).
Found the latest cached dataset configuration 'fil' at /home/mai.chau/.cache/huggingface/datasets/CohereForAI___global-mmlu/fil/0.0.0/0e619dbeb34206cd48705a1a0ea7fb21cae09993 (last modified on Thu Oct  8 14:53:05 2026).
Using the latest cached version of the dataset since CohereForAI/Global-MMLU couldn't be found on the Hugging Face Hub (offline mode is enabled).
Found the latest cached dataset configuration 'fil' at /home/mai.chau/.cache/huggingface/datasets/CohereForAI___global-mmlu/fil/0.0.0/0e619dbeb34206cd48705a1a0ea7fb21cae09993 (last modified on Thu Oct  8 14:53:05 2026).
Using the latest cached version of the dataset since CohereForAI/Global-MMLU couldn't be found on the Hugging Face Hub (offline mode is enabled).
Found the latest cached dataset configuration 'fil' at /home/mai.chau/.cache/huggingface/datasets/CohereForAI___global-mmlu/fil/0.0.0/0e619dbeb34206cd48705a1a0ea7fb21cae09993 (last modified on Thu Oct  8 14:53:05 2026).
Using the latest cached version of the dataset since CohereForAI/Global-MMLU couldn't be found on the Hugging Face Hub (offline mode is enabled).
Found the latest cached dataset configuration 'fil' at /home/mai.chau/.cache/huggingface/datasets/CohereForAI___global-mmlu/fil/0.0.0/0e619dbeb34206cd48705a1a0ea7fb21cae09993 (last modified on Thu Oct  8 14:53:05 2026).
Using the latest cached version of the dataset since CohereForAI/Global-MMLU couldn't be found on the Hugging Face Hub (offline mode is enabled).
Found the latest cached dataset configuration 'fil' at /home/mai.chau/.cache/huggingface/datasets/CohereForAI___global-mmlu/fil/0.0.0/0e619dbeb34206cd48705a1a0ea7fb21cae09993 (last modified on Thu Oct  8 14:53:05 2026).
Using the latest cached version of the dataset since CohereForAI/Global-MMLU couldn't be found on the Hugging Face Hub (offline mode is enabled).
Found the latest cached dataset configuration 'fil' at /home/mai.chau/.cache/huggingface/datasets/CohereForAI___global-mmlu/fil/0.0.0/0e619dbeb34206cd48705a1a0ea7fb21cae09993 (last modified on Thu Oct  8 14:53:05 2026).
Using the latest cached version of the dataset since CohereForAI/Global-MMLU couldn't be found on the Hugging Face Hub (offline mode is enabled).
Found the latest cached dataset configuration 'fil' at /home/mai.chau/.cache/huggingface/datasets/CohereForAI___global-mmlu/fil/0.0.0/0e619dbeb34206cd48705a1a0ea7fb21cae09993 (last modified on Thu Oct  8 14:53:05 2026).
Using the latest cached version of the dataset since CohereForAI/Global-MMLU couldn't be found on the Hugging Face Hub (offline mode is enabled).
Found the latest cached dataset configuration 'fil' at /home/mai.chau/.cache/huggingface/datasets/CohereForAI___global-mmlu/fil/0.0.0/0e619dbeb34206cd48705a1a0ea7fb21cae09993 (last modified on Thu Oct  8 14:53:05 2026).
Using the latest cached version of the dataset since CohereForAI/Global-MMLU couldn't be found on the Hugging Face Hub (offline mode is enabled).
Found the latest cached dataset configuration 'fil' at /home/mai.chau/.cache/huggingface/datasets/CohereForAI___global-mmlu/fil/0.0.0/0e619dbeb34206cd48705a1a0ea7fb21cae09993 (last modified on Thu Oct  8 14:53:05 2026).
Using the latest cached version of the dataset since CohereForAI/Global-MMLU couldn't be found on the Hugging Face Hub (offline mode is enabled).
Found the latest cached dataset configuration 'fil' at /home/mai.chau/.cache/huggingface/datasets/CohereForAI___global-mmlu/fil/0.0.0/0e619dbeb34206cd48705a1a0ea7fb21cae09993 (last modified on Thu Oct  8 14:53:05 2026).
Using the latest cached version of the dataset since CohereForAI/Global-MMLU couldn't be found on the Hugging Face Hub (offline mode is enabled).
Found the latest cached dataset configuration 'fil' at /home/mai.chau/.cache/huggingface/datasets/CohereForAI___global-mmlu/fil/0.0.0/0e619dbeb34206cd48705a1a0ea7fb21cae09993 (last modified on Thu Oct  8 14:53:05 2026).
Using the latest cached version of the dataset since CohereForAI/Global-MMLU couldn't be found on the Hugging Face Hub (offline mode is enabled).
Found the latest cached dataset configuration 'fil' at /home/mai.chau/.cache/huggingface/datasets/CohereForAI___global-mmlu/fil/0.0.0/0e619dbeb34206cd48705a1a0ea7fb21cae09993 (last modified on Thu Oct  8 14:53:05 2026).
Using the latest cached version of the dataset since CohereForAI/Global-MMLU couldn't be found on the Hugging Face Hub (offline mode is enabled).
Found the latest cached dataset configuration 'fil' at /home/mai.chau/.cache/huggingface/datasets/CohereForAI___global-mmlu/fil/0.0.0/0e619dbeb34206cd48705a1a0ea7fb21cae09993 (last modified on Thu Oct  8 14:53:05 2026).
Using the latest cached version of the dataset since CohereForAI/Global-MMLU couldn't be found on the Hugging Face Hub (offline mode is enabled).
Found the latest cached dataset configuration 'fil' at /home/mai.chau/.cache/huggingface/datasets/CohereForAI___global-mmlu/fil/0.0.0/0e619dbeb34206cd48705a1a0ea7fb21cae09993 (last modified on Thu Oct  8 14:53:05 2026).
Using the latest cached version of the dataset since CohereForAI/Global-MMLU couldn't be found on the Hugging Face Hub (offline mode is enabled).
Found the latest cached dataset configuration 'fil' at /home/mai.chau/.cache/huggingface/datasets/CohereForAI___global-mmlu/fil/0.0.0/0e619dbeb34206cd48705a1a0ea7fb21cae09993 (last modified on Thu Oct  8 14:53:05 2026).
Using the latest cached version of the dataset since CohereForAI/Global-MMLU couldn't be found on the Hugging Face Hub (offline mode is enabled).
Found the latest cached dataset configuration 'fil' at /home/mai.chau/.cache/huggingface/datasets/CohereForAI___global-mmlu/fil/0.0.0/0e619dbeb34206cd48705a1a0ea7fb21cae09993 (last modified on Thu Oct  8 14:53:05 2026).
Using the latest cached version of the dataset since CohereForAI/Global-MMLU couldn't be found on the Hugging Face Hub (offline mode is enabled).
Found the latest cached dataset configuration 'fil' at /home/mai.chau/.cache/huggingface/datasets/CohereForAI___global-mmlu/fil/0.0.0/0e619dbeb34206cd48705a1a0ea7fb21cae09993 (last modified on Thu Oct  8 14:53:05 2026).
Using the latest cached version of the dataset since CohereForAI/Global-MMLU couldn't be found on the Hugging Face Hub (offline mode is enabled).
Found the latest cached dataset configuration 'fil' at /home/mai.chau/.cache/huggingface/datasets/CohereForAI___global-mmlu/fil/0.0.0/0e619dbeb34206cd48705a1a0ea7fb21cae09993 (last modified on Thu Oct  8 14:53:05 2026).
Using the latest cached version of the dataset since CohereForAI/Global-MMLU couldn't be found on the Hugging Face Hub (offline mode is enabled).
Found the latest cached dataset configuration 'fil' at /home/mai.chau/.cache/huggingface/datasets/CohereForAI___global-mmlu/fil/0.0.0/0e619dbeb34206cd48705a1a0ea7fb21cae09993 (last modified on Thu Oct  8 14:53:05 2026).
Using the latest cached version of the dataset since CohereForAI/Global-MMLU couldn't be found on the Hugging Face Hub (offline mode is enabled).
Found the latest cached dataset configuration 'fil' at /home/mai.chau/.cache/huggingface/datasets/CohereForAI___global-mmlu/fil/0.0.0/0e619dbeb34206cd48705a1a0ea7fb21cae09993 (last modified on Thu Oct  8 14:53:05 2026).
Using the latest cached version of the dataset since CohereForAI/Global-MMLU couldn't be found on the Hugging Face Hub (offline mode is enabled).
Found the latest cached dataset configuration 'fil' at /home/mai.chau/.cache/huggingface/datasets/CohereForAI___global-mmlu/fil/0.0.0/0e619dbeb34206cd48705a1a0ea7fb21cae09993 (last modified on Thu Oct  8 14:53:05 2026).
Using the latest cached version of the dataset since CohereForAI/Global-MMLU couldn't be found on the Hugging Face Hub (offline mode is enabled).
Found the latest cached dataset configuration 'fil' at /home/mai.chau/.cache/huggingface/datasets/CohereForAI___global-mmlu/fil/0.0.0/0e619dbeb34206cd48705a1a0ea7fb21cae09993 (last modified on Thu Oct  8 14:53:05 2026).
Using the latest cached version of the dataset since CohereForAI/Global-MMLU couldn't be found on the Hugging Face Hub (offline mode is enabled).
Found the latest cached dataset configuration 'fil' at /home/mai.chau/.cache/huggingface/datasets/CohereForAI___global-mmlu/fil/0.0.0/0e619dbeb34206cd48705a1a0ea7fb21cae09993 (last modified on Thu Oct  8 14:53:05 2026).
Using the latest cached version of the dataset since CohereForAI/Global-MMLU couldn't be found on the Hugging Face Hub (offline mode is enabled).
Found the latest cached dataset configuration 'fil' at /home/mai.chau/.cache/huggingface/datasets/CohereForAI___global-mmlu/fil/0.0.0/0e619dbeb34206cd48705a1a0ea7fb21cae09993 (last modified on Thu Oct  8 14:53:05 2026).
Using the latest cached version of the dataset since CohereForAI/Global-MMLU couldn't be found on the Hugging Face Hub (offline mode is enabled).
Found the latest cached dataset configuration 'fil' at /home/mai.chau/.cache/huggingface/datasets/CohereForAI___global-mmlu/fil/0.0.0/0e619dbeb34206cd48705a1a0ea7fb21cae09993 (last modified on Thu Oct  8 14:53:05 2026).
Using the latest cached version of the dataset since CohereForAI/Global-MMLU couldn't be found on the Hugging Face Hub (offline mode is enabled).
Found the latest cached dataset configuration 'fil' at /home/mai.chau/.cache/huggingface/datasets/CohereForAI___global-mmlu/fil/0.0.0/0e619dbeb34206cd48705a1a0ea7fb21cae09993 (last modified on Thu Oct  8 14:53:05 2026).
Using the latest cached version of the dataset since CohereForAI/Global-MMLU couldn't be found on the Hugging Face Hub (offline mode is enabled).
Found the latest cached dataset configuration 'fil' at /home/mai.chau/.cache/huggingface/datasets/CohereForAI___global-mmlu/fil/0.0.0/0e619dbeb34206cd48705a1a0ea7fb21cae09993 (last modified on Thu Oct  8 14:53:05 2026).
Using the latest cached version of the dataset since CohereForAI/Global-MMLU couldn't be found on the Hugging Face Hub (offline mode is enabled).
Found the latest cached dataset configuration 'fil' at /home/mai.chau/.cache/huggingface/datasets/CohereForAI___global-mmlu/fil/0.0.0/0e619dbeb34206cd48705a1a0ea7fb21cae09993 (last modified on Thu Oct  8 14:53:05 2026).
Using the latest cached version of the dataset since CohereForAI/Global-MMLU couldn't be found on the Hugging Face Hub (offline mode is enabled).
Found the latest cached dataset configuration 'fil' at /home/mai.chau/.cache/huggingface/datasets/CohereForAI___global-mmlu/fil/0.0.0/0e619dbeb34206cd48705a1a0ea7fb21cae09993 (last modified on Thu Oct  8 14:53:05 2026).
Using the latest cached version of the dataset since CohereForAI/Global-MMLU couldn't be found on the Hugging Face Hub (offline mode is enabled).
Found the latest cached dataset configuration 'fil' at /home/mai.chau/.cache/huggingface/datasets/CohereForAI___global-mmlu/fil/0.0.0/0e619dbeb34206cd48705a1a0ea7fb21cae09993 (last modified on Thu Oct  8 14:53:05 2026).
Using the latest cached version of the dataset since CohereForAI/Global-MMLU couldn't be found on the Hugging Face Hub (offline mode is enabled).
Found the latest cached dataset configuration 'fil' at /home/mai.chau/.cache/huggingface/datasets/CohereForAI___global-mmlu/fil/0.0.0/0e619dbeb34206cd48705a1a0ea7fb21cae09993 (last modified on Thu Oct  8 14:53:05 2026).
Using the latest cached version of the dataset since CohereForAI/Global-MMLU couldn't be found on the Hugging Face Hub (offline mode is enabled).
Found the latest cached dataset configuration 'fil' at /home/mai.chau/.cache/huggingface/datasets/CohereForAI___global-mmlu/fil/0.0.0/0e619dbeb34206cd48705a1a0ea7fb21cae09993 (last modified on Thu Oct  8 14:53:05 2026).
Using the latest cached version of the dataset since CohereForAI/Global-MMLU couldn't be found on the Hugging Face Hub (offline mode is enabled).
Found the latest cached dataset configuration 'fil' at /home/mai.chau/.cache/huggingface/datasets/CohereForAI___global-mmlu/fil/0.0.0/0e619dbeb34206cd48705a1a0ea7fb21cae09993 (last modified on Thu Oct  8 14:53:05 2026).
Using the latest cached version of the dataset since CohereForAI/Global-MMLU couldn't be found on the Hugging Face Hub (offline mode is enabled).
Found the latest cached dataset configuration 'fil' at /home/mai.chau/.cache/huggingface/datasets/CohereForAI___global-mmlu/fil/0.0.0/0e619dbeb34206cd48705a1a0ea7fb21cae09993 (last modified on Thu Oct  8 14:53:05 2026).
Using the latest cached version of the dataset since CohereForAI/Global-MMLU couldn't be found on the Hugging Face Hub (offline mode is enabled).
Found the latest cached dataset configuration 'fil' at /home/mai.chau/.cache/huggingface/datasets/CohereForAI___global-mmlu/fil/0.0.0/0e619dbeb34206cd48705a1a0ea7fb21cae09993 (last modified on Thu Oct  8 14:53:05 2026).
Using the latest cached version of the dataset since CohereForAI/Global-MMLU couldn't be found on the Hugging Face Hub (offline mode is enabled).
Found the latest cached dataset configuration 'fil' at /home/mai.chau/.cache/huggingface/datasets/CohereForAI___global-mmlu/fil/0.0.0/0e619dbeb34206cd48705a1a0ea7fb21cae09993 (last modified on Thu Oct  8 14:53:05 2026).
Using the latest cached version of the dataset since CohereForAI/Global-MMLU couldn't be found on the Hugging Face Hub (offline mode is enabled).
Found the latest cached dataset configuration 'fil' at /home/mai.chau/.cache/huggingface/datasets/CohereForAI___global-mmlu/fil/0.0.0/0e619dbeb34206cd48705a1a0ea7fb21cae09993 (last modified on Thu Oct  8 14:53:05 2026).
Using the latest cached version of the dataset since CohereForAI/Global-MMLU couldn't be found on the Hugging Face Hub (offline mode is enabled).
Found the latest cached dataset configuration 'fil' at /home/mai.chau/.cache/huggingface/datasets/CohereForAI___global-mmlu/fil/0.0.0/0e619dbeb34206cd48705a1a0ea7fb21cae09993 (last modified on Thu Oct  8 14:53:05 2026).
Using the latest cached version of the dataset since CohereForAI/Global-MMLU couldn't be found on the Hugging Face Hub (offline mode is enabled).
Found the latest cached dataset configuration 'fil' at /home/mai.chau/.cache/huggingface/datasets/CohereForAI___global-mmlu/fil/0.0.0/0e619dbeb34206cd48705a1a0ea7fb21cae09993 (last modified on Thu Oct  8 14:53:05 2026).
Using the latest cached version of the dataset since CohereForAI/Global-MMLU couldn't be found on the Hugging Face Hub (offline mode is enabled).
Found the latest cached dataset configuration 'fil' at /home/mai.chau/.cache/huggingface/datasets/CohereForAI___global-mmlu/fil/0.0.0/0e619dbeb34206cd48705a1a0ea7fb21cae09993 (last modified on Thu Oct  8 14:53:05 2026).
Using the latest cached version of the dataset since CohereForAI/Global-MMLU couldn't be found on the Hugging Face Hub (offline mode is enabled).
Found the latest cached dataset configuration 'fil' at /home/mai.chau/.cache/huggingface/datasets/CohereForAI___global-mmlu/fil/0.0.0/0e619dbeb34206cd48705a1a0ea7fb21cae09993 (last modified on Thu Oct  8 14:53:05 2026).
Using the latest cached version of the dataset since CohereForAI/Global-MMLU couldn't be found on the Hugging Face Hub (offline mode is enabled).
Found the latest cached dataset configuration 'fil' at /home/mai.chau/.cache/huggingface/datasets/CohereForAI___global-mmlu/fil/0.0.0/0e619dbeb34206cd48705a1a0ea7fb21cae09993 (last modified on Thu Oct  8 14:53:05 2026).
Using the latest cached version of the dataset since CohereForAI/Global-MMLU couldn't be found on the Hugging Face Hub (offline mode is enabled).
Found the latest cached dataset configuration 'fil' at /home/mai.chau/.cache/huggingface/datasets/CohereForAI___global-mmlu/fil/0.0.0/0e619dbeb34206cd48705a1a0ea7fb21cae09993 (last modified on Thu Oct  8 14:53:05 2026).
Using the latest cached version of the dataset since CohereForAI/Global-MMLU couldn't be found on the Hugging Face Hub (offline mode is enabled).
Found the latest cached dataset configuration 'fil' at /home/mai.chau/.cache/huggingface/datasets/CohereForAI___global-mmlu/fil/0.0.0/0e619dbeb34206cd48705a1a0ea7fb21cae09993 (last modified on Thu Oct  8 14:53:05 2026).
Using the latest cached version of the dataset since CohereForAI/Global-MMLU couldn't be found on the Hugging Face Hub (offline mode is enabled).
Found the latest cached dataset configuration 'fil' at /home/mai.chau/.cache/huggingface/datasets/CohereForAI___global-mmlu/fil/0.0.0/0e619dbeb34206cd48705a1a0ea7fb21cae09993 (last modified on Thu Oct  8 14:53:05 2026).
Using the latest cached version of the dataset since CohereForAI/Global-MMLU couldn't be found on the Hugging Face Hub (offline mode is enabled).
Found the latest cached dataset configuration 'fil' at /home/mai.chau/.cache/huggingface/datasets/CohereForAI___global-mmlu/fil/0.0.0/0e619dbeb34206cd48705a1a0ea7fb21cae09993 (last modified on Thu Oct  8 14:53:05 2026).
Using the latest cached version of the dataset since CohereForAI/Global-MMLU couldn't be found on the Hugging Face Hub (offline mode is enabled).
Found the latest cached dataset configuration 'fil' at /home/mai.chau/.cache/huggingface/datasets/CohereForAI___global-mmlu/fil/0.0.0/0e619dbeb34206cd48705a1a0ea7fb21cae09993 (last modified on Thu Oct  8 14:53:05 2026).
Using the latest cached version of the dataset since CohereForAI/Global-MMLU couldn't be found on the Hugging Face Hub (offline mode is enabled).
Found the latest cached dataset configuration 'fil' at /home/mai.chau/.cache/huggingface/datasets/CohereForAI___global-mmlu/fil/0.0.0/0e619dbeb34206cd48705a1a0ea7fb21cae09993 (last modified on Thu Oct  8 14:53:05 2026).
Using the latest cached version of the dataset since CohereForAI/Global-MMLU couldn't be found on the Hugging Face Hub (offline mode is enabled).
Found the latest cached dataset configuration 'fil' at /home/mai.chau/.cache/huggingface/datasets/CohereForAI___global-mmlu/fil/0.0.0/0e619dbeb34206cd48705a1a0ea7fb21cae09993 (last modified on Thu Oct  8 14:53:05 2026).
Using the latest cached version of the dataset since CohereForAI/Global-MMLU couldn't be found on the Hugging Face Hub (offline mode is enabled).
Found the latest cached dataset configuration 'fil' at /home/mai.chau/.cache/huggingface/datasets/CohereForAI___global-mmlu/fil/0.0.0/0e619dbeb34206cd48705a1a0ea7fb21cae09993 (last modified on Thu Oct  8 14:53:05 2026).
Using the latest cached version of the dataset since CohereForAI/Global-MMLU couldn't be found on the Hugging Face Hub (offline mode is enabled).
Found the latest cached dataset configuration 'fil' at /home/mai.chau/.cache/huggingface/datasets/CohereForAI___global-mmlu/fil/0.0.0/0e619dbeb34206cd48705a1a0ea7fb21cae09993 (last modified on Thu Oct  8 14:53:05 2026).
Using the latest cached version of the dataset since CohereForAI/Global-MMLU couldn't be found on the Hugging Face Hub (offline mode is enabled).
Found the latest cached dataset configuration 'fil' at /home/mai.chau/.cache/huggingface/datasets/CohereForAI___global-mmlu/fil/0.0.0/0e619dbeb34206cd48705a1a0ea7fb21cae09993 (last modified on Thu Oct  8 14:53:05 2026).
Using the latest cached version of the dataset since CohereForAI/Global-MMLU couldn't be found on the Hugging Face Hub (offline mode is enabled).
Found the latest cached dataset configuration 'fil' at /home/mai.chau/.cache/huggingface/datasets/CohereForAI___global-mmlu/fil/0.0.0/0e619dbeb34206cd48705a1a0ea7fb21cae09993 (last modified on Thu Oct  8 14:53:05 2026).
Using the latest cached version of the dataset since CohereForAI/Global-MMLU couldn't be found on the Hugging Face Hub (offline mode is enabled).
Found the latest cached dataset configuration 'fil' at /home/mai.chau/.cache/huggingface/datasets/CohereForAI___global-mmlu/fil/0.0.0/0e619dbeb34206cd48705a1a0ea7fb21cae09993 (last modified on Thu Oct  8 14:53:05 2026).
Using the latest cached version of the dataset since CohereForAI/Global-MMLU couldn't be found on the Hugging Face Hub (offline mode is enabled).
Found the latest cached dataset configuration 'fil' at /home/mai.chau/.cache/huggingface/datasets/CohereForAI___global-mmlu/fil/0.0.0/0e619dbeb34206cd48705a1a0ea7fb21cae09993 (last modified on Thu Oct  8 14:53:05 2026).
Using the latest cached version of the dataset since CohereForAI/Global-MMLU couldn't be found on the Hugging Face Hub (offline mode is enabled).
Found the latest cached dataset configuration 'fil' at /home/mai.chau/.cache/huggingface/datasets/CohereForAI___global-mmlu/fil/0.0.0/0e619dbeb34206cd48705a1a0ea7fb21cae09993 (last modified on Thu Oct  8 14:53:05 2026).
Using the latest cached version of the dataset since CohereForAI/Global-MMLU couldn't be found on the Hugging Face Hub (offline mode is enabled).
Found the latest cached dataset configuration 'id' at /home/mai.chau/.cache/huggingface/datasets/CohereForAI___global-mmlu/id/0.0.0/0e619dbeb34206cd48705a1a0ea7fb21cae09993 (last modified on Thu Oct  8 14:53:07 2026).
Using the latest cached version of the dataset since CohereForAI/Global-MMLU couldn't be found on the Hugging Face Hub (offline mode is enabled).
Found the latest cached dataset configuration 'id' at /home/mai.chau/.cache/huggingface/datasets/CohereForAI___global-mmlu/id/0.0.0/0e619dbeb34206cd48705a1a0ea7fb21cae09993 (last modified on Thu Oct  8 14:53:07 2026).
Using the latest cached version of the dataset since CohereForAI/Global-MMLU couldn't be found on the Hugging Face Hub (offline mode is enabled).
Found the latest cached dataset configuration 'id' at /home/mai.chau/.cache/huggingface/datasets/CohereForAI___global-mmlu/id/0.0.0/0e619dbeb34206cd48705a1a0ea7fb21cae09993 (last modified on Thu Oct  8 14:53:07 2026).
Using the latest cached version of the dataset since CohereForAI/Global-MMLU couldn't be found on the Hugging Face Hub (offline mode is enabled).
Found the latest cached dataset configuration 'id' at /home/mai.chau/.cache/huggingface/datasets/CohereForAI___global-mmlu/id/0.0.0/0e619dbeb34206cd48705a1a0ea7fb21cae09993 (last modified on Thu Oct  8 14:53:07 2026).
Using the latest cached version of the dataset since CohereForAI/Global-MMLU couldn't be found on the Hugging Face Hub (offline mode is enabled).
Found the latest cached dataset configuration 'id' at /home/mai.chau/.cache/huggingface/datasets/CohereForAI___global-mmlu/id/0.0.0/0e619dbeb34206cd48705a1a0ea7fb21cae09993 (last modified on Thu Oct  8 14:53:07 2026).
Using the latest cached version of the dataset since CohereForAI/Global-MMLU couldn't be found on the Hugging Face Hub (offline mode is enabled).
Found the latest cached dataset configuration 'id' at /home/mai.chau/.cache/huggingface/datasets/CohereForAI___global-mmlu/id/0.0.0/0e619dbeb34206cd48705a1a0ea7fb21cae09993 (last modified on Thu Oct  8 14:53:07 2026).
Using the latest cached version of the dataset since CohereForAI/Global-MMLU couldn't be found on the Hugging Face Hub (offline mode is enabled).
Found the latest cached dataset configuration 'id' at /home/mai.chau/.cache/huggingface/datasets/CohereForAI___global-mmlu/id/0.0.0/0e619dbeb34206cd48705a1a0ea7fb21cae09993 (last modified on Thu Oct  8 14:53:07 2026).
Using the latest cached version of the dataset since CohereForAI/Global-MMLU couldn't be found on the Hugging Face Hub (offline mode is enabled).
Found the latest cached dataset configuration 'id' at /home/mai.chau/.cache/huggingface/datasets/CohereForAI___global-mmlu/id/0.0.0/0e619dbeb34206cd48705a1a0ea7fb21cae09993 (last modified on Thu Oct  8 14:53:07 2026).
Using the latest cached version of the dataset since CohereForAI/Global-MMLU couldn't be found on the Hugging Face Hub (offline mode is enabled).
Found the latest cached dataset configuration 'id' at /home/mai.chau/.cache/huggingface/datasets/CohereForAI___global-mmlu/id/0.0.0/0e619dbeb34206cd48705a1a0ea7fb21cae09993 (last modified on Thu Oct  8 14:53:07 2026).
Using the latest cached version of the dataset since CohereForAI/Global-MMLU couldn't be found on the Hugging Face Hub (offline mode is enabled).
Found the latest cached dataset configuration 'id' at /home/mai.chau/.cache/huggingface/datasets/CohereForAI___global-mmlu/id/0.0.0/0e619dbeb34206cd48705a1a0ea7fb21cae09993 (last modified on Thu Oct  8 14:53:07 2026).
Using the latest cached version of the dataset since CohereForAI/Global-MMLU couldn't be found on the Hugging Face Hub (offline mode is enabled).
Found the latest cached dataset configuration 'id' at /home/mai.chau/.cache/huggingface/datasets/CohereForAI___global-mmlu/id/0.0.0/0e619dbeb34206cd48705a1a0ea7fb21cae09993 (last modified on Thu Oct  8 14:53:07 2026).
Using the latest cached version of the dataset since CohereForAI/Global-MMLU couldn't be found on the Hugging Face Hub (offline mode is enabled).
Found the latest cached dataset configuration 'id' at /home/mai.chau/.cache/huggingface/datasets/CohereForAI___global-mmlu/id/0.0.0/0e619dbeb34206cd48705a1a0ea7fb21cae09993 (last modified on Thu Oct  8 14:53:07 2026).
Using the latest cached version of the dataset since CohereForAI/Global-MMLU couldn't be found on the Hugging Face Hub (offline mode is enabled).
Found the latest cached dataset configuration 'id' at /home/mai.chau/.cache/huggingface/datasets/CohereForAI___global-mmlu/id/0.0.0/0e619dbeb34206cd48705a1a0ea7fb21cae09993 (last modified on Thu Oct  8 14:53:07 2026).
Using the latest cached version of the dataset since CohereForAI/Global-MMLU couldn't be found on the Hugging Face Hub (offline mode is enabled).
Found the latest cached dataset configuration 'id' at /home/mai.chau/.cache/huggingface/datasets/CohereForAI___global-mmlu/id/0.0.0/0e619dbeb34206cd48705a1a0ea7fb21cae09993 (last modified on Thu Oct  8 14:53:07 2026).
Using the latest cached version of the dataset since CohereForAI/Global-MMLU couldn't be found on the Hugging Face Hub (offline mode is enabled).
Found the latest cached dataset configuration 'id' at /home/mai.chau/.cache/huggingface/datasets/CohereForAI___global-mmlu/id/0.0.0/0e619dbeb34206cd48705a1a0ea7fb21cae09993 (last modified on Thu Oct  8 14:53:07 2026).
Using the latest cached version of the dataset since CohereForAI/Global-MMLU couldn't be found on the Hugging Face Hub (offline mode is enabled).
Found the latest cached dataset configuration 'id' at /home/mai.chau/.cache/huggingface/datasets/CohereForAI___global-mmlu/id/0.0.0/0e619dbeb34206cd48705a1a0ea7fb21cae09993 (last modified on Thu Oct  8 14:53:07 2026).
Using the latest cached version of the dataset since CohereForAI/Global-MMLU couldn't be found on the Hugging Face Hub (offline mode is enabled).
Found the latest cached dataset configuration 'id' at /home/mai.chau/.cache/huggingface/datasets/CohereForAI___global-mmlu/id/0.0.0/0e619dbeb34206cd48705a1a0ea7fb21cae09993 (last modified on Thu Oct  8 14:53:07 2026).
Using the latest cached version of the dataset since CohereForAI/Global-MMLU couldn't be found on the Hugging Face Hub (offline mode is enabled).
Found the latest cached dataset configuration 'id' at /home/mai.chau/.cache/huggingface/datasets/CohereForAI___global-mmlu/id/0.0.0/0e619dbeb34206cd48705a1a0ea7fb21cae09993 (last modified on Thu Oct  8 14:53:07 2026).
Using the latest cached version of the dataset since CohereForAI/Global-MMLU couldn't be found on the Hugging Face Hub (offline mode is enabled).
Found the latest cached dataset configuration 'id' at /home/mai.chau/.cache/huggingface/datasets/CohereForAI___global-mmlu/id/0.0.0/0e619dbeb34206cd48705a1a0ea7fb21cae09993 (last modified on Thu Oct  8 14:53:07 2026).
Using the latest cached version of the dataset since CohereForAI/Global-MMLU couldn't be found on the Hugging Face Hub (offline mode is enabled).
Found the latest cached dataset configuration 'id' at /home/mai.chau/.cache/huggingface/datasets/CohereForAI___global-mmlu/id/0.0.0/0e619dbeb34206cd48705a1a0ea7fb21cae09993 (last modified on Thu Oct  8 14:53:07 2026).
Using the latest cached version of the dataset since CohereForAI/Global-MMLU couldn't be found on the Hugging Face Hub (offline mode is enabled).
Found the latest cached dataset configuration 'id' at /home/mai.chau/.cache/huggingface/datasets/CohereForAI___global-mmlu/id/0.0.0/0e619dbeb34206cd48705a1a0ea7fb21cae09993 (last modified on Thu Oct  8 14:53:07 2026).
Using the latest cached version of the dataset since CohereForAI/Global-MMLU couldn't be found on the Hugging Face Hub (offline mode is enabled).
Found the latest cached dataset configuration 'id' at /home/mai.chau/.cache/huggingface/datasets/CohereForAI___global-mmlu/id/0.0.0/0e619dbeb34206cd48705a1a0ea7fb21cae09993 (last modified on Thu Oct  8 14:53:07 2026).
Using the latest cached version of the dataset since CohereForAI/Global-MMLU couldn't be found on the Hugging Face Hub (offline mode is enabled).
Found the latest cached dataset configuration 'id' at /home/mai.chau/.cache/huggingface/datasets/CohereForAI___global-mmlu/id/0.0.0/0e619dbeb34206cd48705a1a0ea7fb21cae09993 (last modified on Thu Oct  8 14:53:07 2026).
Using the latest cached version of the dataset since CohereForAI/Global-MMLU couldn't be found on the Hugging Face Hub (offline mode is enabled).
Found the latest cached dataset configuration 'id' at /home/mai.chau/.cache/huggingface/datasets/CohereForAI___global-mmlu/id/0.0.0/0e619dbeb34206cd48705a1a0ea7fb21cae09993 (last modified on Thu Oct  8 14:53:07 2026).
Using the latest cached version of the dataset since CohereForAI/Global-MMLU couldn't be found on the Hugging Face Hub (offline mode is enabled).
Found the latest cached dataset configuration 'id' at /home/mai.chau/.cache/huggingface/datasets/CohereForAI___global-mmlu/id/0.0.0/0e619dbeb34206cd48705a1a0ea7fb21cae09993 (last modified on Thu Oct  8 14:53:07 2026).
Using the latest cached version of the dataset since CohereForAI/Global-MMLU couldn't be found on the Hugging Face Hub (offline mode is enabled).
Found the latest cached dataset configuration 'id' at /home/mai.chau/.cache/huggingface/datasets/CohereForAI___global-mmlu/id/0.0.0/0e619dbeb34206cd48705a1a0ea7fb21cae09993 (last modified on Thu Oct  8 14:53:07 2026).
Using the latest cached version of the dataset since CohereForAI/Global-MMLU couldn't be found on the Hugging Face Hub (offline mode is enabled).
Found the latest cached dataset configuration 'id' at /home/mai.chau/.cache/huggingface/datasets/CohereForAI___global-mmlu/id/0.0.0/0e619dbeb34206cd48705a1a0ea7fb21cae09993 (last modified on Thu Oct  8 14:53:07 2026).
Using the latest cached version of the dataset since CohereForAI/Global-MMLU couldn't be found on the Hugging Face Hub (offline mode is enabled).
Found the latest cached dataset configuration 'id' at /home/mai.chau/.cache/huggingface/datasets/CohereForAI___global-mmlu/id/0.0.0/0e619dbeb34206cd48705a1a0ea7fb21cae09993 (last modified on Thu Oct  8 14:53:07 2026).
Using the latest cached version of the dataset since CohereForAI/Global-MMLU couldn't be found on the Hugging Face Hub (offline mode is enabled).
Found the latest cached dataset configuration 'id' at /home/mai.chau/.cache/huggingface/datasets/CohereForAI___global-mmlu/id/0.0.0/0e619dbeb34206cd48705a1a0ea7fb21cae09993 (last modified on Thu Oct  8 14:53:07 2026).
Using the latest cached version of the dataset since CohereForAI/Global-MMLU couldn't be found on the Hugging Face Hub (offline mode is enabled).
Found the latest cached dataset configuration 'id' at /home/mai.chau/.cache/huggingface/datasets/CohereForAI___global-mmlu/id/0.0.0/0e619dbeb34206cd48705a1a0ea7fb21cae09993 (last modified on Thu Oct  8 14:53:07 2026).
Using the latest cached version of the dataset since CohereForAI/Global-MMLU couldn't be found on the Hugging Face Hub (offline mode is enabled).
Found the latest cached dataset configuration 'id' at /home/mai.chau/.cache/huggingface/datasets/CohereForAI___global-mmlu/id/0.0.0/0e619dbeb34206cd48705a1a0ea7fb21cae09993 (last modified on Thu Oct  8 14:53:07 2026).
Using the latest cached version of the dataset since CohereForAI/Global-MMLU couldn't be found on the Hugging Face Hub (offline mode is enabled).
Found the latest cached dataset configuration 'id' at /home/mai.chau/.cache/huggingface/datasets/CohereForAI___global-mmlu/id/0.0.0/0e619dbeb34206cd48705a1a0ea7fb21cae09993 (last modified on Thu Oct  8 14:53:07 2026).
Using the latest cached version of the dataset since CohereForAI/Global-MMLU couldn't be found on the Hugging Face Hub (offline mode is enabled).
Found the latest cached dataset configuration 'id' at /home/mai.chau/.cache/huggingface/datasets/CohereForAI___global-mmlu/id/0.0.0/0e619dbeb34206cd48705a1a0ea7fb21cae09993 (last modified on Thu Oct  8 14:53:07 2026).
Using the latest cached version of the dataset since CohereForAI/Global-MMLU couldn't be found on the Hugging Face Hub (offline mode is enabled).
Found the latest cached dataset configuration 'id' at /home/mai.chau/.cache/huggingface/datasets/CohereForAI___global-mmlu/id/0.0.0/0e619dbeb34206cd48705a1a0ea7fb21cae09993 (last modified on Thu Oct  8 14:53:07 2026).
Using the latest cached version of the dataset since CohereForAI/Global-MMLU couldn't be found on the Hugging Face Hub (offline mode is enabled).
Found the latest cached dataset configuration 'id' at /home/mai.chau/.cache/huggingface/datasets/CohereForAI___global-mmlu/id/0.0.0/0e619dbeb34206cd48705a1a0ea7fb21cae09993 (last modified on Thu Oct  8 14:53:07 2026).
Using the latest cached version of the dataset since CohereForAI/Global-MMLU couldn't be found on the Hugging Face Hub (offline mode is enabled).
Found the latest cached dataset configuration 'id' at /home/mai.chau/.cache/huggingface/datasets/CohereForAI___global-mmlu/id/0.0.0/0e619dbeb34206cd48705a1a0ea7fb21cae09993 (last modified on Thu Oct  8 14:53:07 2026).
Using the latest cached version of the dataset since CohereForAI/Global-MMLU couldn't be found on the Hugging Face Hub (offline mode is enabled).
Found the latest cached dataset configuration 'id' at /home/mai.chau/.cache/huggingface/datasets/CohereForAI___global-mmlu/id/0.0.0/0e619dbeb34206cd48705a1a0ea7fb21cae09993 (last modified on Thu Oct  8 14:53:07 2026).
Using the latest cached version of the dataset since CohereForAI/Global-MMLU couldn't be found on the Hugging Face Hub (offline mode is enabled).
Found the latest cached dataset configuration 'id' at /home/mai.chau/.cache/huggingface/datasets/CohereForAI___global-mmlu/id/0.0.0/0e619dbeb34206cd48705a1a0ea7fb21cae09993 (last modified on Thu Oct  8 14:53:07 2026).
Using the latest cached version of the dataset since CohereForAI/Global-MMLU couldn't be found on the Hugging Face Hub (offline mode is enabled).
Found the latest cached dataset configuration 'id' at /home/mai.chau/.cache/huggingface/datasets/CohereForAI___global-mmlu/id/0.0.0/0e619dbeb34206cd48705a1a0ea7fb21cae09993 (last modified on Thu Oct  8 14:53:07 2026).
Using the latest cached version of the dataset since CohereForAI/Global-MMLU couldn't be found on the Hugging Face Hub (offline mode is enabled).
Found the latest cached dataset configuration 'id' at /home/mai.chau/.cache/huggingface/datasets/CohereForAI___global-mmlu/id/0.0.0/0e619dbeb34206cd48705a1a0ea7fb21cae09993 (last modified on Thu Oct  8 14:53:07 2026).
Using the latest cached version of the dataset since CohereForAI/Global-MMLU couldn't be found on the Hugging Face Hub (offline mode is enabled).
Found the latest cached dataset configuration 'id' at /home/mai.chau/.cache/huggingface/datasets/CohereForAI___global-mmlu/id/0.0.0/0e619dbeb34206cd48705a1a0ea7fb21cae09993 (last modified on Thu Oct  8 14:53:07 2026).
Using the latest cached version of the dataset since CohereForAI/Global-MMLU couldn't be found on the Hugging Face Hub (offline mode is enabled).
Found the latest cached dataset configuration 'id' at /home/mai.chau/.cache/huggingface/datasets/CohereForAI___global-mmlu/id/0.0.0/0e619dbeb34206cd48705a1a0ea7fb21cae09993 (last modified on Thu Oct  8 14:53:07 2026).
Using the latest cached version of the dataset since CohereForAI/Global-MMLU couldn't be found on the Hugging Face Hub (offline mode is enabled).
Found the latest cached dataset configuration 'id' at /home/mai.chau/.cache/huggingface/datasets/CohereForAI___global-mmlu/id/0.0.0/0e619dbeb34206cd48705a1a0ea7fb21cae09993 (last modified on Thu Oct  8 14:53:07 2026).
Using the latest cached version of the dataset since CohereForAI/Global-MMLU couldn't be found on the Hugging Face Hub (offline mode is enabled).
Found the latest cached dataset configuration 'id' at /home/mai.chau/.cache/huggingface/datasets/CohereForAI___global-mmlu/id/0.0.0/0e619dbeb34206cd48705a1a0ea7fb21cae09993 (last modified on Thu Oct  8 14:53:07 2026).
Using the latest cached version of the dataset since CohereForAI/Global-MMLU couldn't be found on the Hugging Face Hub (offline mode is enabled).
Found the latest cached dataset configuration 'id' at /home/mai.chau/.cache/huggingface/datasets/CohereForAI___global-mmlu/id/0.0.0/0e619dbeb34206cd48705a1a0ea7fb21cae09993 (last modified on Thu Oct  8 14:53:07 2026).
Using the latest cached version of the dataset since CohereForAI/Global-MMLU couldn't be found on the Hugging Face Hub (offline mode is enabled).
Found the latest cached dataset configuration 'id' at /home/mai.chau/.cache/huggingface/datasets/CohereForAI___global-mmlu/id/0.0.0/0e619dbeb34206cd48705a1a0ea7fb21cae09993 (last modified on Thu Oct  8 14:53:07 2026).
Using the latest cached version of the dataset since CohereForAI/Global-MMLU couldn't be found on the Hugging Face Hub (offline mode is enabled).
Found the latest cached dataset configuration 'id' at /home/mai.chau/.cache/huggingface/datasets/CohereForAI___global-mmlu/id/0.0.0/0e619dbeb34206cd48705a1a0ea7fb21cae09993 (last modified on Thu Oct  8 14:53:07 2026).
Using the latest cached version of the dataset since CohereForAI/Global-MMLU couldn't be found on the Hugging Face Hub (offline mode is enabled).
Found the latest cached dataset configuration 'id' at /home/mai.chau/.cache/huggingface/datasets/CohereForAI___global-mmlu/id/0.0.0/0e619dbeb34206cd48705a1a0ea7fb21cae09993 (last modified on Thu Oct  8 14:53:07 2026).
Using the latest cached version of the dataset since CohereForAI/Global-MMLU couldn't be found on the Hugging Face Hub (offline mode is enabled).
Found the latest cached dataset configuration 'id' at /home/mai.chau/.cache/huggingface/datasets/CohereForAI___global-mmlu/id/0.0.0/0e619dbeb34206cd48705a1a0ea7fb21cae09993 (last modified on Thu Oct  8 14:53:07 2026).
Using the latest cached version of the dataset since CohereForAI/Global-MMLU couldn't be found on the Hugging Face Hub (offline mode is enabled).
Found the latest cached dataset configuration 'id' at /home/mai.chau/.cache/huggingface/datasets/CohereForAI___global-mmlu/id/0.0.0/0e619dbeb34206cd48705a1a0ea7fb21cae09993 (last modified on Thu Oct  8 14:53:07 2026).
Using the latest cached version of the dataset since CohereForAI/Global-MMLU couldn't be found on the Hugging Face Hub (offline mode is enabled).
Found the latest cached dataset configuration 'id' at /home/mai.chau/.cache/huggingface/datasets/CohereForAI___global-mmlu/id/0.0.0/0e619dbeb34206cd48705a1a0ea7fb21cae09993 (last modified on Thu Oct  8 14:53:07 2026).
Using the latest cached version of the dataset since CohereForAI/Global-MMLU couldn't be found on the Hugging Face Hub (offline mode is enabled).
Found the latest cached dataset configuration 'id' at /home/mai.chau/.cache/huggingface/datasets/CohereForAI___global-mmlu/id/0.0.0/0e619dbeb34206cd48705a1a0ea7fb21cae09993 (last modified on Thu Oct  8 14:53:07 2026).
Using the latest cached version of the dataset since CohereForAI/Global-MMLU couldn't be found on the Hugging Face Hub (offline mode is enabled).
Found the latest cached dataset configuration 'id' at /home/mai.chau/.cache/huggingface/datasets/CohereForAI___global-mmlu/id/0.0.0/0e619dbeb34206cd48705a1a0ea7fb21cae09993 (last modified on Thu Oct  8 14:53:07 2026).
Using the latest cached version of the dataset since CohereForAI/Global-MMLU couldn't be found on the Hugging Face Hub (offline mode is enabled).
Found the latest cached dataset configuration 'id' at /home/mai.chau/.cache/huggingface/datasets/CohereForAI___global-mmlu/id/0.0.0/0e619dbeb34206cd48705a1a0ea7fb21cae09993 (last modified on Thu Oct  8 14:53:07 2026).
Using the latest cached version of the dataset since CohereForAI/Global-MMLU couldn't be found on the Hugging Face Hub (offline mode is enabled).
Found the latest cached dataset configuration 'id' at /home/mai.chau/.cache/huggingface/datasets/CohereForAI___global-mmlu/id/0.0.0/0e619dbeb34206cd48705a1a0ea7fb21cae09993 (last modified on Thu Oct  8 14:53:07 2026).
Using the latest cached version of the dataset since CohereForAI/Global-MMLU couldn't be found on the Hugging Face Hub (offline mode is enabled).
Found the latest cached dataset configuration 'id' at /home/mai.chau/.cache/huggingface/datasets/CohereForAI___global-mmlu/id/0.0.0/0e619dbeb34206cd48705a1a0ea7fb21cae09993 (last modified on Thu Oct  8 14:53:07 2026).
Using the latest cached version of the dataset since CohereForAI/Global-MMLU couldn't be found on the Hugging Face Hub (offline mode is enabled).
Found the latest cached dataset configuration 'id' at /home/mai.chau/.cache/huggingface/datasets/CohereForAI___global-mmlu/id/0.0.0/0e619dbeb34206cd48705a1a0ea7fb21cae09993 (last modified on Thu Oct  8 14:53:07 2026).
Using the latest cached version of the dataset since CohereForAI/Global-MMLU couldn't be found on the Hugging Face Hub (offline mode is enabled).
Found the latest cached dataset configuration 'ms' at /home/mai.chau/.cache/huggingface/datasets/CohereForAI___global-mmlu/ms/0.0.0/0e619dbeb34206cd48705a1a0ea7fb21cae09993 (last modified on Thu Oct  8 14:53:10 2026).
Using the latest cached version of the dataset since CohereForAI/Global-MMLU couldn't be found on the Hugging Face Hub (offline mode is enabled).
Found the latest cached dataset configuration 'ms' at /home/mai.chau/.cache/huggingface/datasets/CohereForAI___global-mmlu/ms/0.0.0/0e619dbeb34206cd48705a1a0ea7fb21cae09993 (last modified on Thu Oct  8 14:53:10 2026).
Using the latest cached version of the dataset since CohereForAI/Global-MMLU couldn't be found on the Hugging Face Hub (offline mode is enabled).
Found the latest cached dataset configuration 'ms' at /home/mai.chau/.cache/huggingface/datasets/CohereForAI___global-mmlu/ms/0.0.0/0e619dbeb34206cd48705a1a0ea7fb21cae09993 (last modified on Thu Oct  8 14:53:10 2026).
Using the latest cached version of the dataset since CohereForAI/Global-MMLU couldn't be found on the Hugging Face Hub (offline mode is enabled).
Found the latest cached dataset configuration 'ms' at /home/mai.chau/.cache/huggingface/datasets/CohereForAI___global-mmlu/ms/0.0.0/0e619dbeb34206cd48705a1a0ea7fb21cae09993 (last modified on Thu Oct  8 14:53:10 2026).
Using the latest cached version of the dataset since CohereForAI/Global-MMLU couldn't be found on the Hugging Face Hub (offline mode is enabled).
Found the latest cached dataset configuration 'ms' at /home/mai.chau/.cache/huggingface/datasets/CohereForAI___global-mmlu/ms/0.0.0/0e619dbeb34206cd48705a1a0ea7fb21cae09993 (last modified on Thu Oct  8 14:53:10 2026).
Using the latest cached version of the dataset since CohereForAI/Global-MMLU couldn't be found on the Hugging Face Hub (offline mode is enabled).
Found the latest cached dataset configuration 'ms' at /home/mai.chau/.cache/huggingface/datasets/CohereForAI___global-mmlu/ms/0.0.0/0e619dbeb34206cd48705a1a0ea7fb21cae09993 (last modified on Thu Oct  8 14:53:10 2026).
Using the latest cached version of the dataset since CohereForAI/Global-MMLU couldn't be found on the Hugging Face Hub (offline mode is enabled).
Found the latest cached dataset configuration 'ms' at /home/mai.chau/.cache/huggingface/datasets/CohereForAI___global-mmlu/ms/0.0.0/0e619dbeb34206cd48705a1a0ea7fb21cae09993 (last modified on Thu Oct  8 14:53:10 2026).
Using the latest cached version of the dataset since CohereForAI/Global-MMLU couldn't be found on the Hugging Face Hub (offline mode is enabled).
Found the latest cached dataset configuration 'ms' at /home/mai.chau/.cache/huggingface/datasets/CohereForAI___global-mmlu/ms/0.0.0/0e619dbeb34206cd48705a1a0ea7fb21cae09993 (last modified on Thu Oct  8 14:53:10 2026).
Using the latest cached version of the dataset since CohereForAI/Global-MMLU couldn't be found on the Hugging Face Hub (offline mode is enabled).
Found the latest cached dataset configuration 'ms' at /home/mai.chau/.cache/huggingface/datasets/CohereForAI___global-mmlu/ms/0.0.0/0e619dbeb34206cd48705a1a0ea7fb21cae09993 (last modified on Thu Oct  8 14:53:10 2026).
Using the latest cached version of the dataset since CohereForAI/Global-MMLU couldn't be found on the Hugging Face Hub (offline mode is enabled).
Found the latest cached dataset configuration 'ms' at /home/mai.chau/.cache/huggingface/datasets/CohereForAI___global-mmlu/ms/0.0.0/0e619dbeb34206cd48705a1a0ea7fb21cae09993 (last modified on Thu Oct  8 14:53:10 2026).
Using the latest cached version of the dataset since CohereForAI/Global-MMLU couldn't be found on the Hugging Face Hub (offline mode is enabled).
Found the latest cached dataset configuration 'ms' at /home/mai.chau/.cache/huggingface/datasets/CohereForAI___global-mmlu/ms/0.0.0/0e619dbeb34206cd48705a1a0ea7fb21cae09993 (last modified on Thu Oct  8 14:53:10 2026).
Using the latest cached version of the dataset since CohereForAI/Global-MMLU couldn't be found on the Hugging Face Hub (offline mode is enabled).
Found the latest cached dataset configuration 'ms' at /home/mai.chau/.cache/huggingface/datasets/CohereForAI___global-mmlu/ms/0.0.0/0e619dbeb34206cd48705a1a0ea7fb21cae09993 (last modified on Thu Oct  8 14:53:10 2026).
Using the latest cached version of the dataset since CohereForAI/Global-MMLU couldn't be found on the Hugging Face Hub (offline mode is enabled).
Found the latest cached dataset configuration 'ms' at /home/mai.chau/.cache/huggingface/datasets/CohereForAI___global-mmlu/ms/0.0.0/0e619dbeb34206cd48705a1a0ea7fb21cae09993 (last modified on Thu Oct  8 14:53:10 2026).
Using the latest cached version of the dataset since CohereForAI/Global-MMLU couldn't be found on the Hugging Face Hub (offline mode is enabled).
Found the latest cached dataset configuration 'ms' at /home/mai.chau/.cache/huggingface/datasets/CohereForAI___global-mmlu/ms/0.0.0/0e619dbeb34206cd48705a1a0ea7fb21cae09993 (last modified on Thu Oct  8 14:53:10 2026).
Using the latest cached version of the dataset since CohereForAI/Global-MMLU couldn't be found on the Hugging Face Hub (offline mode is enabled).
Found the latest cached dataset configuration 'ms' at /home/mai.chau/.cache/huggingface/datasets/CohereForAI___global-mmlu/ms/0.0.0/0e619dbeb34206cd48705a1a0ea7fb21cae09993 (last modified on Thu Oct  8 14:53:10 2026).
Using the latest cached version of the dataset since CohereForAI/Global-MMLU couldn't be found on the Hugging Face Hub (offline mode is enabled).
Found the latest cached dataset configuration 'ms' at /home/mai.chau/.cache/huggingface/datasets/CohereForAI___global-mmlu/ms/0.0.0/0e619dbeb34206cd48705a1a0ea7fb21cae09993 (last modified on Thu Oct  8 14:53:10 2026).
Using the latest cached version of the dataset since CohereForAI/Global-MMLU couldn't be found on the Hugging Face Hub (offline mode is enabled).
Found the latest cached dataset configuration 'ms' at /home/mai.chau/.cache/huggingface/datasets/CohereForAI___global-mmlu/ms/0.0.0/0e619dbeb34206cd48705a1a0ea7fb21cae09993 (last modified on Thu Oct  8 14:53:10 2026).
Using the latest cached version of the dataset since CohereForAI/Global-MMLU couldn't be found on the Hugging Face Hub (offline mode is enabled).
Found the latest cached dataset configuration 'ms' at /home/mai.chau/.cache/huggingface/datasets/CohereForAI___global-mmlu/ms/0.0.0/0e619dbeb34206cd48705a1a0ea7fb21cae09993 (last modified on Thu Oct  8 14:53:10 2026).
Using the latest cached version of the dataset since CohereForAI/Global-MMLU couldn't be found on the Hugging Face Hub (offline mode is enabled).
Found the latest cached dataset configuration 'ms' at /home/mai.chau/.cache/huggingface/datasets/CohereForAI___global-mmlu/ms/0.0.0/0e619dbeb34206cd48705a1a0ea7fb21cae09993 (last modified on Thu Oct  8 14:53:10 2026).
Using the latest cached version of the dataset since CohereForAI/Global-MMLU couldn't be found on the Hugging Face Hub (offline mode is enabled).
Found the latest cached dataset configuration 'ms' at /home/mai.chau/.cache/huggingface/datasets/CohereForAI___global-mmlu/ms/0.0.0/0e619dbeb34206cd48705a1a0ea7fb21cae09993 (last modified on Thu Oct  8 14:53:10 2026).
Using the latest cached version of the dataset since CohereForAI/Global-MMLU couldn't be found on the Hugging Face Hub (offline mode is enabled).
Found the latest cached dataset configuration 'ms' at /home/mai.chau/.cache/huggingface/datasets/CohereForAI___global-mmlu/ms/0.0.0/0e619dbeb34206cd48705a1a0ea7fb21cae09993 (last modified on Thu Oct  8 14:53:10 2026).
Using the latest cached version of the dataset since CohereForAI/Global-MMLU couldn't be found on the Hugging Face Hub (offline mode is enabled).
Found the latest cached dataset configuration 'ms' at /home/mai.chau/.cache/huggingface/datasets/CohereForAI___global-mmlu/ms/0.0.0/0e619dbeb34206cd48705a1a0ea7fb21cae09993 (last modified on Thu Oct  8 14:53:10 2026).
Using the latest cached version of the dataset since CohereForAI/Global-MMLU couldn't be found on the Hugging Face Hub (offline mode is enabled).
Found the latest cached dataset configuration 'ms' at /home/mai.chau/.cache/huggingface/datasets/CohereForAI___global-mmlu/ms/0.0.0/0e619dbeb34206cd48705a1a0ea7fb21cae09993 (last modified on Thu Oct  8 14:53:10 2026).
Using the latest cached version of the dataset since CohereForAI/Global-MMLU couldn't be found on the Hugging Face Hub (offline mode is enabled).
Found the latest cached dataset configuration 'ms' at /home/mai.chau/.cache/huggingface/datasets/CohereForAI___global-mmlu/ms/0.0.0/0e619dbeb34206cd48705a1a0ea7fb21cae09993 (last modified on Thu Oct  8 14:53:10 2026).
Using the latest cached version of the dataset since CohereForAI/Global-MMLU couldn't be found on the Hugging Face Hub (offline mode is enabled).
Found the latest cached dataset configuration 'ms' at /home/mai.chau/.cache/huggingface/datasets/CohereForAI___global-mmlu/ms/0.0.0/0e619dbeb34206cd48705a1a0ea7fb21cae09993 (last modified on Thu Oct  8 14:53:10 2026).
Using the latest cached version of the dataset since CohereForAI/Global-MMLU couldn't be found on the Hugging Face Hub (offline mode is enabled).
Found the latest cached dataset configuration 'ms' at /home/mai.chau/.cache/huggingface/datasets/CohereForAI___global-mmlu/ms/0.0.0/0e619dbeb34206cd48705a1a0ea7fb21cae09993 (last modified on Thu Oct  8 14:53:10 2026).
Using the latest cached version of the dataset since CohereForAI/Global-MMLU couldn't be found on the Hugging Face Hub (offline mode is enabled).
Found the latest cached dataset configuration 'ms' at /home/mai.chau/.cache/huggingface/datasets/CohereForAI___global-mmlu/ms/0.0.0/0e619dbeb34206cd48705a1a0ea7fb21cae09993 (last modified on Thu Oct  8 14:53:10 2026).
Using the latest cached version of the dataset since CohereForAI/Global-MMLU couldn't be found on the Hugging Face Hub (offline mode is enabled).
Found the latest cached dataset configuration 'ms' at /home/mai.chau/.cache/huggingface/datasets/CohereForAI___global-mmlu/ms/0.0.0/0e619dbeb34206cd48705a1a0ea7fb21cae09993 (last modified on Thu Oct  8 14:53:10 2026).
Using the latest cached version of the dataset since CohereForAI/Global-MMLU couldn't be found on the Hugging Face Hub (offline mode is enabled).
Found the latest cached dataset configuration 'ms' at /home/mai.chau/.cache/huggingface/datasets/CohereForAI___global-mmlu/ms/0.0.0/0e619dbeb34206cd48705a1a0ea7fb21cae09993 (last modified on Thu Oct  8 14:53:10 2026).
Using the latest cached version of the dataset since CohereForAI/Global-MMLU couldn't be found on the Hugging Face Hub (offline mode is enabled).
Found the latest cached dataset configuration 'ms' at /home/mai.chau/.cache/huggingface/datasets/CohereForAI___global-mmlu/ms/0.0.0/0e619dbeb34206cd48705a1a0ea7fb21cae09993 (last modified on Thu Oct  8 14:53:10 2026).
Using the latest cached version of the dataset since CohereForAI/Global-MMLU couldn't be found on the Hugging Face Hub (offline mode is enabled).
Found the latest cached dataset configuration 'ms' at /home/mai.chau/.cache/huggingface/datasets/CohereForAI___global-mmlu/ms/0.0.0/0e619dbeb34206cd48705a1a0ea7fb21cae09993 (last modified on Thu Oct  8 14:53:10 2026).
Using the latest cached version of the dataset since CohereForAI/Global-MMLU couldn't be found on the Hugging Face Hub (offline mode is enabled).
Found the latest cached dataset configuration 'ms' at /home/mai.chau/.cache/huggingface/datasets/CohereForAI___global-mmlu/ms/0.0.0/0e619dbeb34206cd48705a1a0ea7fb21cae09993 (last modified on Thu Oct  8 14:53:10 2026).
Using the latest cached version of the dataset since CohereForAI/Global-MMLU couldn't be found on the Hugging Face Hub (offline mode is enabled).
Found the latest cached dataset configuration 'ms' at /home/mai.chau/.cache/huggingface/datasets/CohereForAI___global-mmlu/ms/0.0.0/0e619dbeb34206cd48705a1a0ea7fb21cae09993 (last modified on Thu Oct  8 14:53:10 2026).
Using the latest cached version of the dataset since CohereForAI/Global-MMLU couldn't be found on the Hugging Face Hub (offline mode is enabled).
Found the latest cached dataset configuration 'ms' at /home/mai.chau/.cache/huggingface/datasets/CohereForAI___global-mmlu/ms/0.0.0/0e619dbeb34206cd48705a1a0ea7fb21cae09993 (last modified on Thu Oct  8 14:53:10 2026).
Using the latest cached version of the dataset since CohereForAI/Global-MMLU couldn't be found on the Hugging Face Hub (offline mode is enabled).
Found the latest cached dataset configuration 'ms' at /home/mai.chau/.cache/huggingface/datasets/CohereForAI___global-mmlu/ms/0.0.0/0e619dbeb34206cd48705a1a0ea7fb21cae09993 (last modified on Thu Oct  8 14:53:10 2026).
Using the latest cached version of the dataset since CohereForAI/Global-MMLU couldn't be found on the Hugging Face Hub (offline mode is enabled).
Found the latest cached dataset configuration 'ms' at /home/mai.chau/.cache/huggingface/datasets/CohereForAI___global-mmlu/ms/0.0.0/0e619dbeb34206cd48705a1a0ea7fb21cae09993 (last modified on Thu Oct  8 14:53:10 2026).
Using the latest cached version of the dataset since CohereForAI/Global-MMLU couldn't be found on the Hugging Face Hub (offline mode is enabled).
Found the latest cached dataset configuration 'ms' at /home/mai.chau/.cache/huggingface/datasets/CohereForAI___global-mmlu/ms/0.0.0/0e619dbeb34206cd48705a1a0ea7fb21cae09993 (last modified on Thu Oct  8 14:53:10 2026).
Using the latest cached version of the dataset since CohereForAI/Global-MMLU couldn't be found on the Hugging Face Hub (offline mode is enabled).
Found the latest cached dataset configuration 'ms' at /home/mai.chau/.cache/huggingface/datasets/CohereForAI___global-mmlu/ms/0.0.0/0e619dbeb34206cd48705a1a0ea7fb21cae09993 (last modified on Thu Oct  8 14:53:10 2026).
Using the latest cached version of the dataset since CohereForAI/Global-MMLU couldn't be found on the Hugging Face Hub (offline mode is enabled).
Found the latest cached dataset configuration 'ms' at /home/mai.chau/.cache/huggingface/datasets/CohereForAI___global-mmlu/ms/0.0.0/0e619dbeb34206cd48705a1a0ea7fb21cae09993 (last modified on Thu Oct  8 14:53:10 2026).
Using the latest cached version of the dataset since CohereForAI/Global-MMLU couldn't be found on the Hugging Face Hub (offline mode is enabled).
Found the latest cached dataset configuration 'ms' at /home/mai.chau/.cache/huggingface/datasets/CohereForAI___global-mmlu/ms/0.0.0/0e619dbeb34206cd48705a1a0ea7fb21cae09993 (last modified on Thu Oct  8 14:53:10 2026).
Using the latest cached version of the dataset since CohereForAI/Global-MMLU couldn't be found on the Hugging Face Hub (offline mode is enabled).
Found the latest cached dataset configuration 'ms' at /home/mai.chau/.cache/huggingface/datasets/CohereForAI___global-mmlu/ms/0.0.0/0e619dbeb34206cd48705a1a0ea7fb21cae09993 (last modified on Thu Oct  8 14:53:10 2026).
Using the latest cached version of the dataset since CohereForAI/Global-MMLU couldn't be found on the Hugging Face Hub (offline mode is enabled).
Found the latest cached dataset configuration 'ms' at /home/mai.chau/.cache/huggingface/datasets/CohereForAI___global-mmlu/ms/0.0.0/0e619dbeb34206cd48705a1a0ea7fb21cae09993 (last modified on Thu Oct  8 14:53:10 2026).
Using the latest cached version of the dataset since CohereForAI/Global-MMLU couldn't be found on the Hugging Face Hub (offline mode is enabled).
Found the latest cached dataset configuration 'ms' at /home/mai.chau/.cache/huggingface/datasets/CohereForAI___global-mmlu/ms/0.0.0/0e619dbeb34206cd48705a1a0ea7fb21cae09993 (last modified on Thu Oct  8 14:53:10 2026).
Using the latest cached version of the dataset since CohereForAI/Global-MMLU couldn't be found on the Hugging Face Hub (offline mode is enabled).
Found the latest cached dataset configuration 'ms' at /home/mai.chau/.cache/huggingface/datasets/CohereForAI___global-mmlu/ms/0.0.0/0e619dbeb34206cd48705a1a0ea7fb21cae09993 (last modified on Thu Oct  8 14:53:10 2026).
Using the latest cached version of the dataset since CohereForAI/Global-MMLU couldn't be found on the Hugging Face Hub (offline mode is enabled).
Found the latest cached dataset configuration 'ms' at /home/mai.chau/.cache/huggingface/datasets/CohereForAI___global-mmlu/ms/0.0.0/0e619dbeb34206cd48705a1a0ea7fb21cae09993 (last modified on Thu Oct  8 14:53:10 2026).
Using the latest cached version of the dataset since CohereForAI/Global-MMLU couldn't be found on the Hugging Face Hub (offline mode is enabled).
Found the latest cached dataset configuration 'ms' at /home/mai.chau/.cache/huggingface/datasets/CohereForAI___global-mmlu/ms/0.0.0/0e619dbeb34206cd48705a1a0ea7fb21cae09993 (last modified on Thu Oct  8 14:53:10 2026).
Using the latest cached version of the dataset since CohereForAI/Global-MMLU couldn't be found on the Hugging Face Hub (offline mode is enabled).
Found the latest cached dataset configuration 'ms' at /home/mai.chau/.cache/huggingface/datasets/CohereForAI___global-mmlu/ms/0.0.0/0e619dbeb34206cd48705a1a0ea7fb21cae09993 (last modified on Thu Oct  8 14:53:10 2026).
Using the latest cached version of the dataset since CohereForAI/Global-MMLU couldn't be found on the Hugging Face Hub (offline mode is enabled).
Found the latest cached dataset configuration 'ms' at /home/mai.chau/.cache/huggingface/datasets/CohereForAI___global-mmlu/ms/0.0.0/0e619dbeb34206cd48705a1a0ea7fb21cae09993 (last modified on Thu Oct  8 14:53:10 2026).
Using the latest cached version of the dataset since CohereForAI/Global-MMLU couldn't be found on the Hugging Face Hub (offline mode is enabled).
Found the latest cached dataset configuration 'ms' at /home/mai.chau/.cache/huggingface/datasets/CohereForAI___global-mmlu/ms/0.0.0/0e619dbeb34206cd48705a1a0ea7fb21cae09993 (last modified on Thu Oct  8 14:53:10 2026).
Using the latest cached version of the dataset since CohereForAI/Global-MMLU couldn't be found on the Hugging Face Hub (offline mode is enabled).
Found the latest cached dataset configuration 'ms' at /home/mai.chau/.cache/huggingface/datasets/CohereForAI___global-mmlu/ms/0.0.0/0e619dbeb34206cd48705a1a0ea7fb21cae09993 (last modified on Thu Oct  8 14:53:10 2026).
Using the latest cached version of the dataset since CohereForAI/Global-MMLU couldn't be found on the Hugging Face Hub (offline mode is enabled).
Found the latest cached dataset configuration 'ms' at /home/mai.chau/.cache/huggingface/datasets/CohereForAI___global-mmlu/ms/0.0.0/0e619dbeb34206cd48705a1a0ea7fb21cae09993 (last modified on Thu Oct  8 14:53:10 2026).
Using the latest cached version of the dataset since CohereForAI/Global-MMLU couldn't be found on the Hugging Face Hub (offline mode is enabled).
Found the latest cached dataset configuration 'ms' at /home/mai.chau/.cache/huggingface/datasets/CohereForAI___global-mmlu/ms/0.0.0/0e619dbeb34206cd48705a1a0ea7fb21cae09993 (last modified on Thu Oct  8 14:53:10 2026).
Using the latest cached version of the dataset since CohereForAI/Global-MMLU couldn't be found on the Hugging Face Hub (offline mode is enabled).
Found the latest cached dataset configuration 'ms' at /home/mai.chau/.cache/huggingface/datasets/CohereForAI___global-mmlu/ms/0.0.0/0e619dbeb34206cd48705a1a0ea7fb21cae09993 (last modified on Thu Oct  8 14:53:10 2026).
Using the latest cached version of the dataset since CohereForAI/Global-MMLU couldn't be found on the Hugging Face Hub (offline mode is enabled).
Found the latest cached dataset configuration 'ms' at /home/mai.chau/.cache/huggingface/datasets/CohereForAI___global-mmlu/ms/0.0.0/0e619dbeb34206cd48705a1a0ea7fb21cae09993 (last modified on Thu Oct  8 14:53:10 2026).
Using the latest cached version of the dataset since CohereForAI/Global-MMLU couldn't be found on the Hugging Face Hub (offline mode is enabled).
Found the latest cached dataset configuration 'ms' at /home/mai.chau/.cache/huggingface/datasets/CohereForAI___global-mmlu/ms/0.0.0/0e619dbeb34206cd48705a1a0ea7fb21cae09993 (last modified on Thu Oct  8 14:53:10 2026).
Using the latest cached version of the dataset since CohereForAI/Global-MMLU couldn't be found on the Hugging Face Hub (offline mode is enabled).
Found the latest cached dataset configuration 'ms' at /home/mai.chau/.cache/huggingface/datasets/CohereForAI___global-mmlu/ms/0.0.0/0e619dbeb34206cd48705a1a0ea7fb21cae09993 (last modified on Thu Oct  8 14:53:10 2026).
Using the latest cached version of the dataset since CohereForAI/Global-MMLU couldn't be found on the Hugging Face Hub (offline mode is enabled).
Found the latest cached dataset configuration 'ms' at /home/mai.chau/.cache/huggingface/datasets/CohereForAI___global-mmlu/ms/0.0.0/0e619dbeb34206cd48705a1a0ea7fb21cae09993 (last modified on Thu Oct  8 14:53:10 2026).
Using the latest cached version of the dataset since CohereForAI/Global-MMLU couldn't be found on the Hugging Face Hub (offline mode is enabled).
Found the latest cached dataset configuration 'vi' at /home/mai.chau/.cache/huggingface/datasets/CohereForAI___global-mmlu/vi/0.0.0/0e619dbeb34206cd48705a1a0ea7fb21cae09993 (last modified on Thu Oct  8 14:53:12 2026).
Using the latest cached version of the dataset since CohereForAI/Global-MMLU couldn't be found on the Hugging Face Hub (offline mode is enabled).
Found the latest cached dataset configuration 'vi' at /home/mai.chau/.cache/huggingface/datasets/CohereForAI___global-mmlu/vi/0.0.0/0e619dbeb34206cd48705a1a0ea7fb21cae09993 (last modified on Thu Oct  8 14:53:12 2026).
Using the latest cached version of the dataset since CohereForAI/Global-MMLU couldn't be found on the Hugging Face Hub (offline mode is enabled).
Found the latest cached dataset configuration 'vi' at /home/mai.chau/.cache/huggingface/datasets/CohereForAI___global-mmlu/vi/0.0.0/0e619dbeb34206cd48705a1a0ea7fb21cae09993 (last modified on Thu Oct  8 14:53:12 2026).
Using the latest cached version of the dataset since CohereForAI/Global-MMLU couldn't be found on the Hugging Face Hub (offline mode is enabled).
Found the latest cached dataset configuration 'vi' at /home/mai.chau/.cache/huggingface/datasets/CohereForAI___global-mmlu/vi/0.0.0/0e619dbeb34206cd48705a1a0ea7fb21cae09993 (last modified on Thu Oct  8 14:53:12 2026).
Using the latest cached version of the dataset since CohereForAI/Global-MMLU couldn't be found on the Hugging Face Hub (offline mode is enabled).
Found the latest cached dataset configuration 'vi' at /home/mai.chau/.cache/huggingface/datasets/CohereForAI___global-mmlu/vi/0.0.0/0e619dbeb34206cd48705a1a0ea7fb21cae09993 (last modified on Thu Oct  8 14:53:12 2026).
Using the latest cached version of the dataset since CohereForAI/Global-MMLU couldn't be found on the Hugging Face Hub (offline mode is enabled).
Found the latest cached dataset configuration 'vi' at /home/mai.chau/.cache/huggingface/datasets/CohereForAI___global-mmlu/vi/0.0.0/0e619dbeb34206cd48705a1a0ea7fb21cae09993 (last modified on Thu Oct  8 14:53:12 2026).
Using the latest cached version of the dataset since CohereForAI/Global-MMLU couldn't be found on the Hugging Face Hub (offline mode is enabled).
Found the latest cached dataset configuration 'vi' at /home/mai.chau/.cache/huggingface/datasets/CohereForAI___global-mmlu/vi/0.0.0/0e619dbeb34206cd48705a1a0ea7fb21cae09993 (last modified on Thu Oct  8 14:53:12 2026).
Using the latest cached version of the dataset since CohereForAI/Global-MMLU couldn't be found on the Hugging Face Hub (offline mode is enabled).
Found the latest cached dataset configuration 'vi' at /home/mai.chau/.cache/huggingface/datasets/CohereForAI___global-mmlu/vi/0.0.0/0e619dbeb34206cd48705a1a0ea7fb21cae09993 (last modified on Thu Oct  8 14:53:12 2026).
Using the latest cached version of the dataset since CohereForAI/Global-MMLU couldn't be found on the Hugging Face Hub (offline mode is enabled).
Found the latest cached dataset configuration 'vi' at /home/mai.chau/.cache/huggingface/datasets/CohereForAI___global-mmlu/vi/0.0.0/0e619dbeb34206cd48705a1a0ea7fb21cae09993 (last modified on Thu Oct  8 14:53:12 2026).
Using the latest cached version of the dataset since CohereForAI/Global-MMLU couldn't be found on the Hugging Face Hub (offline mode is enabled).
Found the latest cached dataset configuration 'vi' at /home/mai.chau/.cache/huggingface/datasets/CohereForAI___global-mmlu/vi/0.0.0/0e619dbeb34206cd48705a1a0ea7fb21cae09993 (last modified on Thu Oct  8 14:53:12 2026).
Using the latest cached version of the dataset since CohereForAI/Global-MMLU couldn't be found on the Hugging Face Hub (offline mode is enabled).
Found the latest cached dataset configuration 'vi' at /home/mai.chau/.cache/huggingface/datasets/CohereForAI___global-mmlu/vi/0.0.0/0e619dbeb34206cd48705a1a0ea7fb21cae09993 (last modified on Thu Oct  8 14:53:12 2026).
Using the latest cached version of the dataset since CohereForAI/Global-MMLU couldn't be found on the Hugging Face Hub (offline mode is enabled).
Found the latest cached dataset configuration 'vi' at /home/mai.chau/.cache/huggingface/datasets/CohereForAI___global-mmlu/vi/0.0.0/0e619dbeb34206cd48705a1a0ea7fb21cae09993 (last modified on Thu Oct  8 14:53:12 2026).
Using the latest cached version of the dataset since CohereForAI/Global-MMLU couldn't be found on the Hugging Face Hub (offline mode is enabled).
Found the latest cached dataset configuration 'vi' at /home/mai.chau/.cache/huggingface/datasets/CohereForAI___global-mmlu/vi/0.0.0/0e619dbeb34206cd48705a1a0ea7fb21cae09993 (last modified on Thu Oct  8 14:53:12 2026).
Using the latest cached version of the dataset since CohereForAI/Global-MMLU couldn't be found on the Hugging Face Hub (offline mode is enabled).
Found the latest cached dataset configuration 'vi' at /home/mai.chau/.cache/huggingface/datasets/CohereForAI___global-mmlu/vi/0.0.0/0e619dbeb34206cd48705a1a0ea7fb21cae09993 (last modified on Thu Oct  8 14:53:12 2026).
Using the latest cached version of the dataset since CohereForAI/Global-MMLU couldn't be found on the Hugging Face Hub (offline mode is enabled).
Found the latest cached dataset configuration 'vi' at /home/mai.chau/.cache/huggingface/datasets/CohereForAI___global-mmlu/vi/0.0.0/0e619dbeb34206cd48705a1a0ea7fb21cae09993 (last modified on Thu Oct  8 14:53:12 2026).
Using the latest cached version of the dataset since CohereForAI/Global-MMLU couldn't be found on the Hugging Face Hub (offline mode is enabled).
Found the latest cached dataset configuration 'vi' at /home/mai.chau/.cache/huggingface/datasets/CohereForAI___global-mmlu/vi/0.0.0/0e619dbeb34206cd48705a1a0ea7fb21cae09993 (last modified on Thu Oct  8 14:53:12 2026).
Using the latest cached version of the dataset since CohereForAI/Global-MMLU couldn't be found on the Hugging Face Hub (offline mode is enabled).
Found the latest cached dataset configuration 'vi' at /home/mai.chau/.cache/huggingface/datasets/CohereForAI___global-mmlu/vi/0.0.0/0e619dbeb34206cd48705a1a0ea7fb21cae09993 (last modified on Thu Oct  8 14:53:12 2026).
Using the latest cached version of the dataset since CohereForAI/Global-MMLU couldn't be found on the Hugging Face Hub (offline mode is enabled).
Found the latest cached dataset configuration 'vi' at /home/mai.chau/.cache/huggingface/datasets/CohereForAI___global-mmlu/vi/0.0.0/0e619dbeb34206cd48705a1a0ea7fb21cae09993 (last modified on Thu Oct  8 14:53:12 2026).
Using the latest cached version of the dataset since CohereForAI/Global-MMLU couldn't be found on the Hugging Face Hub (offline mode is enabled).
Found the latest cached dataset configuration 'vi' at /home/mai.chau/.cache/huggingface/datasets/CohereForAI___global-mmlu/vi/0.0.0/0e619dbeb34206cd48705a1a0ea7fb21cae09993 (last modified on Thu Oct  8 14:53:12 2026).
Using the latest cached version of the dataset since CohereForAI/Global-MMLU couldn't be found on the Hugging Face Hub (offline mode is enabled).
Found the latest cached dataset configuration 'vi' at /home/mai.chau/.cache/huggingface/datasets/CohereForAI___global-mmlu/vi/0.0.0/0e619dbeb34206cd48705a1a0ea7fb21cae09993 (last modified on Thu Oct  8 14:53:12 2026).
Using the latest cached version of the dataset since CohereForAI/Global-MMLU couldn't be found on the Hugging Face Hub (offline mode is enabled).
Found the latest cached dataset configuration 'vi' at /home/mai.chau/.cache/huggingface/datasets/CohereForAI___global-mmlu/vi/0.0.0/0e619dbeb34206cd48705a1a0ea7fb21cae09993 (last modified on Thu Oct  8 14:53:12 2026).
Using the latest cached version of the dataset since CohereForAI/Global-MMLU couldn't be found on the Hugging Face Hub (offline mode is enabled).
Found the latest cached dataset configuration 'vi' at /home/mai.chau/.cache/huggingface/datasets/CohereForAI___global-mmlu/vi/0.0.0/0e619dbeb34206cd48705a1a0ea7fb21cae09993 (last modified on Thu Oct  8 14:53:12 2026).
Using the latest cached version of the dataset since CohereForAI/Global-MMLU couldn't be found on the Hugging Face Hub (offline mode is enabled).
Found the latest cached dataset configuration 'vi' at /home/mai.chau/.cache/huggingface/datasets/CohereForAI___global-mmlu/vi/0.0.0/0e619dbeb34206cd48705a1a0ea7fb21cae09993 (last modified on Thu Oct  8 14:53:12 2026).
Using the latest cached version of the dataset since CohereForAI/Global-MMLU couldn't be found on the Hugging Face Hub (offline mode is enabled).
Found the latest cached dataset configuration 'vi' at /home/mai.chau/.cache/huggingface/datasets/CohereForAI___global-mmlu/vi/0.0.0/0e619dbeb34206cd48705a1a0ea7fb21cae09993 (last modified on Thu Oct  8 14:53:12 2026).
Using the latest cached version of the dataset since CohereForAI/Global-MMLU couldn't be found on the Hugging Face Hub (offline mode is enabled).
Found the latest cached dataset configuration 'vi' at /home/mai.chau/.cache/huggingface/datasets/CohereForAI___global-mmlu/vi/0.0.0/0e619dbeb34206cd48705a1a0ea7fb21cae09993 (last modified on Thu Oct  8 14:53:12 2026).
Using the latest cached version of the dataset since CohereForAI/Global-MMLU couldn't be found on the Hugging Face Hub (offline mode is enabled).
Found the latest cached dataset configuration 'vi' at /home/mai.chau/.cache/huggingface/datasets/CohereForAI___global-mmlu/vi/0.0.0/0e619dbeb34206cd48705a1a0ea7fb21cae09993 (last modified on Thu Oct  8 14:53:12 2026).
Using the latest cached version of the dataset since CohereForAI/Global-MMLU couldn't be found on the Hugging Face Hub (offline mode is enabled).
Found the latest cached dataset configuration 'vi' at /home/mai.chau/.cache/huggingface/datasets/CohereForAI___global-mmlu/vi/0.0.0/0e619dbeb34206cd48705a1a0ea7fb21cae09993 (last modified on Thu Oct  8 14:53:12 2026).
Using the latest cached version of the dataset since CohereForAI/Global-MMLU couldn't be found on the Hugging Face Hub (offline mode is enabled).
Found the latest cached dataset configuration 'vi' at /home/mai.chau/.cache/huggingface/datasets/CohereForAI___global-mmlu/vi/0.0.0/0e619dbeb34206cd48705a1a0ea7fb21cae09993 (last modified on Thu Oct  8 14:53:12 2026).
Using the latest cached version of the dataset since CohereForAI/Global-MMLU couldn't be found on the Hugging Face Hub (offline mode is enabled).
Found the latest cached dataset configuration 'vi' at /home/mai.chau/.cache/huggingface/datasets/CohereForAI___global-mmlu/vi/0.0.0/0e619dbeb34206cd48705a1a0ea7fb21cae09993 (last modified on Thu Oct  8 14:53:12 2026).
Using the latest cached version of the dataset since CohereForAI/Global-MMLU couldn't be found on the Hugging Face Hub (offline mode is enabled).
Found the latest cached dataset configuration 'vi' at /home/mai.chau/.cache/huggingface/datasets/CohereForAI___global-mmlu/vi/0.0.0/0e619dbeb34206cd48705a1a0ea7fb21cae09993 (last modified on Thu Oct  8 14:53:12 2026).
Using the latest cached version of the dataset since CohereForAI/Global-MMLU couldn't be found on the Hugging Face Hub (offline mode is enabled).
Found the latest cached dataset configuration 'vi' at /home/mai.chau/.cache/huggingface/datasets/CohereForAI___global-mmlu/vi/0.0.0/0e619dbeb34206cd48705a1a0ea7fb21cae09993 (last modified on Thu Oct  8 14:53:12 2026).
Using the latest cached version of the dataset since CohereForAI/Global-MMLU couldn't be found on the Hugging Face Hub (offline mode is enabled).
Found the latest cached dataset configuration 'vi' at /home/mai.chau/.cache/huggingface/datasets/CohereForAI___global-mmlu/vi/0.0.0/0e619dbeb34206cd48705a1a0ea7fb21cae09993 (last modified on Thu Oct  8 14:53:12 2026).
Using the latest cached version of the dataset since CohereForAI/Global-MMLU couldn't be found on the Hugging Face Hub (offline mode is enabled).
Found the latest cached dataset configuration 'vi' at /home/mai.chau/.cache/huggingface/datasets/CohereForAI___global-mmlu/vi/0.0.0/0e619dbeb34206cd48705a1a0ea7fb21cae09993 (last modified on Thu Oct  8 14:53:12 2026).
Using the latest cached version of the dataset since CohereForAI/Global-MMLU couldn't be found on the Hugging Face Hub (offline mode is enabled).
Found the latest cached dataset configuration 'vi' at /home/mai.chau/.cache/huggingface/datasets/CohereForAI___global-mmlu/vi/0.0.0/0e619dbeb34206cd48705a1a0ea7fb21cae09993 (last modified on Thu Oct  8 14:53:12 2026).
Using the latest cached version of the dataset since CohereForAI/Global-MMLU couldn't be found on the Hugging Face Hub (offline mode is enabled).
Found the latest cached dataset configuration 'vi' at /home/mai.chau/.cache/huggingface/datasets/CohereForAI___global-mmlu/vi/0.0.0/0e619dbeb34206cd48705a1a0ea7fb21cae09993 (last modified on Thu Oct  8 14:53:12 2026).
Using the latest cached version of the dataset since CohereForAI/Global-MMLU couldn't be found on the Hugging Face Hub (offline mode is enabled).
Found the latest cached dataset configuration 'vi' at /home/mai.chau/.cache/huggingface/datasets/CohereForAI___global-mmlu/vi/0.0.0/0e619dbeb34206cd48705a1a0ea7fb21cae09993 (last modified on Thu Oct  8 14:53:12 2026).
Using the latest cached version of the dataset since CohereForAI/Global-MMLU couldn't be found on the Hugging Face Hub (offline mode is enabled).
Found the latest cached dataset configuration 'vi' at /home/mai.chau/.cache/huggingface/datasets/CohereForAI___global-mmlu/vi/0.0.0/0e619dbeb34206cd48705a1a0ea7fb21cae09993 (last modified on Thu Oct  8 14:53:12 2026).
Using the latest cached version of the dataset since CohereForAI/Global-MMLU couldn't be found on the Hugging Face Hub (offline mode is enabled).
Found the latest cached dataset configuration 'vi' at /home/mai.chau/.cache/huggingface/datasets/CohereForAI___global-mmlu/vi/0.0.0/0e619dbeb34206cd48705a1a0ea7fb21cae09993 (last modified on Thu Oct  8 14:53:12 2026).
Using the latest cached version of the dataset since CohereForAI/Global-MMLU couldn't be found on the Hugging Face Hub (offline mode is enabled).
Found the latest cached dataset configuration 'vi' at /home/mai.chau/.cache/huggingface/datasets/CohereForAI___global-mmlu/vi/0.0.0/0e619dbeb34206cd48705a1a0ea7fb21cae09993 (last modified on Thu Oct  8 14:53:12 2026).
Using the latest cached version of the dataset since CohereForAI/Global-MMLU couldn't be found on the Hugging Face Hub (offline mode is enabled).
Found the latest cached dataset configuration 'vi' at /home/mai.chau/.cache/huggingface/datasets/CohereForAI___global-mmlu/vi/0.0.0/0e619dbeb34206cd48705a1a0ea7fb21cae09993 (last modified on Thu Oct  8 14:53:12 2026).
Using the latest cached version of the dataset since CohereForAI/Global-MMLU couldn't be found on the Hugging Face Hub (offline mode is enabled).
Found the latest cached dataset configuration 'vi' at /home/mai.chau/.cache/huggingface/datasets/CohereForAI___global-mmlu/vi/0.0.0/0e619dbeb34206cd48705a1a0ea7fb21cae09993 (last modified on Thu Oct  8 14:53:12 2026).
Using the latest cached version of the dataset since CohereForAI/Global-MMLU couldn't be found on the Hugging Face Hub (offline mode is enabled).
Found the latest cached dataset configuration 'vi' at /home/mai.chau/.cache/huggingface/datasets/CohereForAI___global-mmlu/vi/0.0.0/0e619dbeb34206cd48705a1a0ea7fb21cae09993 (last modified on Thu Oct  8 14:53:12 2026).
Using the latest cached version of the dataset since CohereForAI/Global-MMLU couldn't be found on the Hugging Face Hub (offline mode is enabled).
Found the latest cached dataset configuration 'vi' at /home/mai.chau/.cache/huggingface/datasets/CohereForAI___global-mmlu/vi/0.0.0/0e619dbeb34206cd48705a1a0ea7fb21cae09993 (last modified on Thu Oct  8 14:53:12 2026).
Using the latest cached version of the dataset since CohereForAI/Global-MMLU couldn't be found on the Hugging Face Hub (offline mode is enabled).
Found the latest cached dataset configuration 'vi' at /home/mai.chau/.cache/huggingface/datasets/CohereForAI___global-mmlu/vi/0.0.0/0e619dbeb34206cd48705a1a0ea7fb21cae09993 (last modified on Thu Oct  8 14:53:12 2026).
Using the latest cached version of the dataset since CohereForAI/Global-MMLU couldn't be found on the Hugging Face Hub (offline mode is enabled).
Found the latest cached dataset configuration 'vi' at /home/mai.chau/.cache/huggingface/datasets/CohereForAI___global-mmlu/vi/0.0.0/0e619dbeb34206cd48705a1a0ea7fb21cae09993 (last modified on Thu Oct  8 14:53:12 2026).
Using the latest cached version of the dataset since CohereForAI/Global-MMLU couldn't be found on the Hugging Face Hub (offline mode is enabled).
Found the latest cached dataset configuration 'vi' at /home/mai.chau/.cache/huggingface/datasets/CohereForAI___global-mmlu/vi/0.0.0/0e619dbeb34206cd48705a1a0ea7fb21cae09993 (last modified on Thu Oct  8 14:53:12 2026).
Using the latest cached version of the dataset since CohereForAI/Global-MMLU couldn't be found on the Hugging Face Hub (offline mode is enabled).
Found the latest cached dataset configuration 'vi' at /home/mai.chau/.cache/huggingface/datasets/CohereForAI___global-mmlu/vi/0.0.0/0e619dbeb34206cd48705a1a0ea7fb21cae09993 (last modified on Thu Oct  8 14:53:12 2026).
Using the latest cached version of the dataset since CohereForAI/Global-MMLU couldn't be found on the Hugging Face Hub (offline mode is enabled).
Found the latest cached dataset configuration 'vi' at /home/mai.chau/.cache/huggingface/datasets/CohereForAI___global-mmlu/vi/0.0.0/0e619dbeb34206cd48705a1a0ea7fb21cae09993 (last modified on Thu Oct  8 14:53:12 2026).
Using the latest cached version of the dataset since CohereForAI/Global-MMLU couldn't be found on the Hugging Face Hub (offline mode is enabled).
Found the latest cached dataset configuration 'vi' at /home/mai.chau/.cache/huggingface/datasets/CohereForAI___global-mmlu/vi/0.0.0/0e619dbeb34206cd48705a1a0ea7fb21cae09993 (last modified on Thu Oct  8 14:53:12 2026).
Using the latest cached version of the dataset since CohereForAI/Global-MMLU couldn't be found on the Hugging Face Hub (offline mode is enabled).
Found the latest cached dataset configuration 'vi' at /home/mai.chau/.cache/huggingface/datasets/CohereForAI___global-mmlu/vi/0.0.0/0e619dbeb34206cd48705a1a0ea7fb21cae09993 (last modified on Thu Oct  8 14:53:12 2026).
Using the latest cached version of the dataset since CohereForAI/Global-MMLU couldn't be found on the Hugging Face Hub (offline mode is enabled).
Found the latest cached dataset configuration 'vi' at /home/mai.chau/.cache/huggingface/datasets/CohereForAI___global-mmlu/vi/0.0.0/0e619dbeb34206cd48705a1a0ea7fb21cae09993 (last modified on Thu Oct  8 14:53:12 2026).
Using the latest cached version of the dataset since CohereForAI/Global-MMLU couldn't be found on the Hugging Face Hub (offline mode is enabled).
Found the latest cached dataset configuration 'vi' at /home/mai.chau/.cache/huggingface/datasets/CohereForAI___global-mmlu/vi/0.0.0/0e619dbeb34206cd48705a1a0ea7fb21cae09993 (last modified on Thu Oct  8 14:53:12 2026).
Using the latest cached version of the dataset since CohereForAI/Global-MMLU couldn't be found on the Hugging Face Hub (offline mode is enabled).
Found the latest cached dataset configuration 'vi' at /home/mai.chau/.cache/huggingface/datasets/CohereForAI___global-mmlu/vi/0.0.0/0e619dbeb34206cd48705a1a0ea7fb21cae09993 (last modified on Thu Oct  8 14:53:12 2026).
Using the latest cached version of the dataset since CohereForAI/Global-MMLU couldn't be found on the Hugging Face Hub (offline mode is enabled).
Found the latest cached dataset configuration 'vi' at /home/mai.chau/.cache/huggingface/datasets/CohereForAI___global-mmlu/vi/0.0.0/0e619dbeb34206cd48705a1a0ea7fb21cae09993 (last modified on Thu Oct  8 14:53:12 2026).
Using the latest cached version of the dataset since CohereForAI/Global-MMLU couldn't be found on the Hugging Face Hub (offline mode is enabled).
Found the latest cached dataset configuration 'vi' at /home/mai.chau/.cache/huggingface/datasets/CohereForAI___global-mmlu/vi/0.0.0/0e619dbeb34206cd48705a1a0ea7fb21cae09993 (last modified on Thu Oct  8 14:53:12 2026).
Using the latest cached version of the dataset since CohereForAI/Global-MMLU couldn't be found on the Hugging Face Hub (offline mode is enabled).
Found the latest cached dataset configuration 'vi' at /home/mai.chau/.cache/huggingface/datasets/CohereForAI___global-mmlu/vi/0.0.0/0e619dbeb34206cd48705a1a0ea7fb21cae09993 (last modified on Thu Oct  8 14:53:12 2026).
Using the latest cached version of the dataset since CohereForAI/Global-MMLU couldn't be found on the Hugging Face Hub (offline mode is enabled).
Found the latest cached dataset configuration 'vi' at /home/mai.chau/.cache/huggingface/datasets/CohereForAI___global-mmlu/vi/0.0.0/0e619dbeb34206cd48705a1a0ea7fb21cae09993 (last modified on Thu Oct  8 14:53:12 2026).
Using the latest cached version of the dataset since CohereForAI/include-base-44 couldn't be found on the Hugging Face Hub (offline mode is enabled).
Found the latest cached dataset configuration 'Tagalog' at /home/mai.chau/.cache/huggingface/datasets/CohereForAI___include-base-44/Tagalog/0.0.0/d2e1f6015f67a43c02a9a68db98e2298e2d6a660 (last modified on Thu Oct  8 01:39:56 2026).
Using the latest cached version of the dataset since CohereForAI/include-base-44 couldn't be found on the Hugging Face Hub (offline mode is enabled).
Found the latest cached dataset configuration 'Tagalog' at /home/mai.chau/.cache/huggingface/datasets/CohereForAI___include-base-44/Tagalog/0.0.0/d2e1f6015f67a43c02a9a68db98e2298e2d6a660 (last modified on Thu Oct  8 01:39:56 2026).
Using the latest cached version of the dataset since CohereForAI/include-base-44 couldn't be found on the Hugging Face Hub (offline mode is enabled).
Found the latest cached dataset configuration 'Indonesian' at /home/mai.chau/.cache/huggingface/datasets/CohereForAI___include-base-44/Indonesian/0.0.0/d2e1f6015f67a43c02a9a68db98e2298e2d6a660 (last modified on Thu Oct  8 01:39:56 2026).
Using the latest cached version of the dataset since CohereForAI/include-base-44 couldn't be found on the Hugging Face Hub (offline mode is enabled).
Found the latest cached dataset configuration 'Indonesian' at /home/mai.chau/.cache/huggingface/datasets/CohereForAI___include-base-44/Indonesian/0.0.0/d2e1f6015f67a43c02a9a68db98e2298e2d6a660 (last modified on Thu Oct  8 01:39:56 2026).
Using the latest cached version of the dataset since CohereForAI/include-base-44 couldn't be found on the Hugging Face Hub (offline mode is enabled).
Found the latest cached dataset configuration 'Indonesian' at /home/mai.chau/.cache/huggingface/datasets/CohereForAI___include-base-44/Indonesian/0.0.0/d2e1f6015f67a43c02a9a68db98e2298e2d6a660 (last modified on Thu Oct  8 01:39:56 2026).
Using the latest cached version of the dataset since CohereForAI/include-base-44 couldn't be found on the Hugging Face Hub (offline mode is enabled).
Found the latest cached dataset configuration 'Indonesian' at /home/mai.chau/.cache/huggingface/datasets/CohereForAI___include-base-44/Indonesian/0.0.0/d2e1f6015f67a43c02a9a68db98e2298e2d6a660 (last modified on Thu Oct  8 01:39:56 2026).
Using the latest cached version of the dataset since CohereForAI/include-base-44 couldn't be found on the Hugging Face Hub (offline mode is enabled).
Found the latest cached dataset configuration 'Indonesian' at /home/mai.chau/.cache/huggingface/datasets/CohereForAI___include-base-44/Indonesian/0.0.0/d2e1f6015f67a43c02a9a68db98e2298e2d6a660 (last modified on Thu Oct  8 01:39:56 2026).
Using the latest cached version of the dataset since CohereForAI/include-base-44 couldn't be found on the Hugging Face Hub (offline mode is enabled).
Found the latest cached dataset configuration 'Malay' at /home/mai.chau/.cache/huggingface/datasets/CohereForAI___include-base-44/Malay/0.0.0/d2e1f6015f67a43c02a9a68db98e2298e2d6a660 (last modified on Thu Oct  8 01:39:56 2026).
Using the latest cached version of the dataset since CohereForAI/include-base-44 couldn't be found on the Hugging Face Hub (offline mode is enabled).
Found the latest cached dataset configuration 'Malay' at /home/mai.chau/.cache/huggingface/datasets/CohereForAI___include-base-44/Malay/0.0.0/d2e1f6015f67a43c02a9a68db98e2298e2d6a660 (last modified on Thu Oct  8 01:39:56 2026).
Using the latest cached version of the dataset since CohereForAI/include-base-44 couldn't be found on the Hugging Face Hub (offline mode is enabled).
Found the latest cached dataset configuration 'Malay' at /home/mai.chau/.cache/huggingface/datasets/CohereForAI___include-base-44/Malay/0.0.0/d2e1f6015f67a43c02a9a68db98e2298e2d6a660 (last modified on Thu Oct  8 01:39:56 2026).
Using the latest cached version of the dataset since CohereForAI/include-base-44 couldn't be found on the Hugging Face Hub (offline mode is enabled).
Found the latest cached dataset configuration 'Vietnamese' at /home/mai.chau/.cache/huggingface/datasets/CohereForAI___include-base-44/Vietnamese/0.0.0/d2e1f6015f67a43c02a9a68db98e2298e2d6a660 (last modified on Thu Oct  8 00:36:39 2026).
Using the latest cached version of the dataset since CohereForAI/include-base-44 couldn't be found on the Hugging Face Hub (offline mode is enabled).
Found the latest cached dataset configuration 'Vietnamese' at /home/mai.chau/.cache/huggingface/datasets/CohereForAI___include-base-44/Vietnamese/0.0.0/d2e1f6015f67a43c02a9a68db98e2298e2d6a660 (last modified on Thu Oct  8 00:36:39 2026).
Using the latest cached version of the dataset since CohereForAI/include-base-44 couldn't be found on the Hugging Face Hub (offline mode is enabled).
Found the latest cached dataset configuration 'Vietnamese' at /home/mai.chau/.cache/huggingface/datasets/CohereForAI___include-base-44/Vietnamese/0.0.0/d2e1f6015f67a43c02a9a68db98e2298e2d6a660 (last modified on Thu Oct  8 00:36:39 2026).
Using the latest cached version of the dataset since Davlan/sib200 couldn't be found on the Hugging Face Hub (offline mode is enabled).
Found the latest cached dataset configuration 'mya_Mymr' at /home/mai.chau/.cache/huggingface/datasets/Davlan___sib200/mya_Mymr/0.0.0/38977a667f6fc264d5c26ec57a01e16db040b358 (last modified on Thu Oct  8 11:16:14 2026).
Using the latest cached version of the dataset since Davlan/sib200 couldn't be found on the Hugging Face Hub (offline mode is enabled).
Found the latest cached dataset configuration 'tgl_Latn' at /home/mai.chau/.cache/huggingface/datasets/Davlan___sib200/tgl_Latn/0.0.0/38977a667f6fc264d5c26ec57a01e16db040b358 (last modified on Thu Oct  8 11:16:43 2026).
Using the latest cached version of the dataset since Davlan/sib200 couldn't be found on the Hugging Face Hub (offline mode is enabled).
Found the latest cached dataset configuration 'ind_Latn' at /home/mai.chau/.cache/huggingface/datasets/Davlan___sib200/ind_Latn/0.0.0/38977a667f6fc264d5c26ec57a01e16db040b358 (last modified on Thu Oct  8 11:15:12 2026).
Using the latest cached version of the dataset since Davlan/sib200 couldn't be found on the Hugging Face Hub (offline mode is enabled).
Found the latest cached dataset configuration 'khm_Khmr' at /home/mai.chau/.cache/huggingface/datasets/Davlan___sib200/khm_Khmr/0.0.0/38977a667f6fc264d5c26ec57a01e16db040b358 (last modified on Thu Oct  8 11:16:47 2026).
Using the latest cached version of the dataset since Davlan/sib200 couldn't be found on the Hugging Face Hub (offline mode is enabled).
Found the latest cached dataset configuration 'zsm_Latn' at /home/mai.chau/.cache/huggingface/datasets/Davlan___sib200/zsm_Latn/0.0.0/38977a667f6fc264d5c26ec57a01e16db040b358 (last modified on Thu Oct  8 11:24:24 2026).
Using the latest cached version of the dataset since Davlan/sib200 couldn't be found on the Hugging Face Hub (offline mode is enabled).
Found the latest cached dataset configuration 'tha_Thai' at /home/mai.chau/.cache/huggingface/datasets/Davlan___sib200/tha_Thai/0.0.0/38977a667f6fc264d5c26ec57a01e16db040b358 (last modified on Thu Oct  8 11:24:52 2026).
Using the latest cached version of the dataset since Davlan/sib200 couldn't be found on the Hugging Face Hub (offline mode is enabled).
Found the latest cached dataset configuration 'vie_Latn' at /home/mai.chau/.cache/huggingface/datasets/Davlan___sib200/vie_Latn/0.0.0/38977a667f6fc264d5c26ec57a01e16db040b358 (last modified on Thu Oct  8 11:16:51 2026).
Using the latest cached version of the dataset since aisingapore/SEA-NLI couldn't be found on the Hugging Face Hub (offline mode is enabled).
Found the latest cached dataset configuration 'normal' at /home/mai.chau/.cache/huggingface/datasets/aisingapore___sea-nli/normal/0.0.0/f3a73ccb4213ff995ef2bf8bcb903eaf53195713 (last modified on Thu Oct  8 11:27:41 2026).
Using the latest cached version of the dataset since aisingapore/SEA-NLI couldn't be found on the Hugging Face Hub (offline mode is enabled).
Found the latest cached dataset configuration 'normal' at /home/mai.chau/.cache/huggingface/datasets/aisingapore___sea-nli/normal/0.0.0/f3a73ccb4213ff995ef2bf8bcb903eaf53195713 (last modified on Thu Oct  8 11:27:41 2026).
Using the latest cached version of the dataset since aisingapore/SEA-NLI couldn't be found on the Hugging Face Hub (offline mode is enabled).
Found the latest cached dataset configuration 'normal' at /home/mai.chau/.cache/huggingface/datasets/aisingapore___sea-nli/normal/0.0.0/f3a73ccb4213ff995ef2bf8bcb903eaf53195713 (last modified on Thu Oct  8 11:27:41 2026).
Using the latest cached version of the dataset since aisingapore/SEA-NLI couldn't be found on the Hugging Face Hub (offline mode is enabled).
Found the latest cached dataset configuration 'normal' at /home/mai.chau/.cache/huggingface/datasets/aisingapore___sea-nli/normal/0.0.0/f3a73ccb4213ff995ef2bf8bcb903eaf53195713 (last modified on Thu Oct  8 11:27:41 2026).
Using the latest cached version of the dataset since aisingapore/SEA-NLI couldn't be found on the Hugging Face Hub (offline mode is enabled).
Found the latest cached dataset configuration 'normal' at /home/mai.chau/.cache/huggingface/datasets/aisingapore___sea-nli/normal/0.0.0/f3a73ccb4213ff995ef2bf8bcb903eaf53195713 (last modified on Thu Oct  8 11:27:41 2026).
Using the latest cached version of the dataset since aisingapore/SEA-NLI couldn't be found on the Hugging Face Hub (offline mode is enabled).
Found the latest cached dataset configuration 'normal' at /home/mai.chau/.cache/huggingface/datasets/aisingapore___sea-nli/normal/0.0.0/f3a73ccb4213ff995ef2bf8bcb903eaf53195713 (last modified on Thu Oct  8 11:27:41 2026).
Using the latest cached version of the dataset since aisingapore/SEA-NLI couldn't be found on the Hugging Face Hub (offline mode is enabled).
Found the latest cached dataset configuration 'normal' at /home/mai.chau/.cache/huggingface/datasets/aisingapore___sea-nli/normal/0.0.0/f3a73ccb4213ff995ef2bf8bcb903eaf53195713 (last modified on Thu Oct  8 11:27:41 2026).
Using the latest cached version of the dataset since aisingapore/SEA-NLI couldn't be found on the Hugging Face Hub (offline mode is enabled).
Found the latest cached dataset configuration 'hard' at /home/mai.chau/.cache/huggingface/datasets/aisingapore___sea-nli/hard/0.0.0/f3a73ccb4213ff995ef2bf8bcb903eaf53195713 (last modified on Thu Oct  8 11:27:51 2026).
Using the latest cached version of the dataset since aisingapore/SEA-NLI couldn't be found on the Hugging Face Hub (offline mode is enabled).
Found the latest cached dataset configuration 'hard' at /home/mai.chau/.cache/huggingface/datasets/aisingapore___sea-nli/hard/0.0.0/f3a73ccb4213ff995ef2bf8bcb903eaf53195713 (last modified on Thu Oct  8 11:27:51 2026).
Using the latest cached version of the dataset since aisingapore/SEA-NLI couldn't be found on the Hugging Face Hub (offline mode is enabled).
Found the latest cached dataset configuration 'hard' at /home/mai.chau/.cache/huggingface/datasets/aisingapore___sea-nli/hard/0.0.0/f3a73ccb4213ff995ef2bf8bcb903eaf53195713 (last modified on Thu Oct  8 11:27:51 2026).
Using the latest cached version of the dataset since aisingapore/SEA-NLI couldn't be found on the Hugging Face Hub (offline mode is enabled).
Found the latest cached dataset configuration 'hard' at /home/mai.chau/.cache/huggingface/datasets/aisingapore___sea-nli/hard/0.0.0/f3a73ccb4213ff995ef2bf8bcb903eaf53195713 (last modified on Thu Oct  8 11:27:51 2026).
Using the latest cached version of the dataset since aisingapore/SEA-NLI couldn't be found on the Hugging Face Hub (offline mode is enabled).
Found the latest cached dataset configuration 'hard' at /home/mai.chau/.cache/huggingface/datasets/aisingapore___sea-nli/hard/0.0.0/f3a73ccb4213ff995ef2bf8bcb903eaf53195713 (last modified on Thu Oct  8 11:27:51 2026).
Using the latest cached version of the dataset since aisingapore/SEA-NLI couldn't be found on the Hugging Face Hub (offline mode is enabled).
Found the latest cached dataset configuration 'hard' at /home/mai.chau/.cache/huggingface/datasets/aisingapore___sea-nli/hard/0.0.0/f3a73ccb4213ff995ef2bf8bcb903eaf53195713 (last modified on Thu Oct  8 11:27:51 2026).
Using the latest cached version of the dataset since aisingapore/SEA-NLI couldn't be found on the Hugging Face Hub (offline mode is enabled).
Found the latest cached dataset configuration 'hard' at /home/mai.chau/.cache/huggingface/datasets/aisingapore___sea-nli/hard/0.0.0/f3a73ccb4213ff995ef2bf8bcb903eaf53195713 (last modified on Thu Oct  8 11:27:51 2026).
  0%|          | 0/500 [00:00<?, ?it/s]  3%|▎         | 15/500 [00:00<00:03, 146.31it/s]  6%|▌         | 30/500 [00:00<00:03, 146.42it/s]  9%|▉         | 45/500 [00:00<00:03, 146.63it/s] 12%|█▏        | 60/500 [00:00<00:03, 146.58it/s] 15%|█▌        | 75/500 [00:00<00:02, 146.72it/s] 18%|█▊        | 90/500 [00:00<00:02, 147.33it/s] 21%|██        | 105/500 [00:00<00:02, 147.98it/s] 24%|██▍       | 120/500 [00:00<00:02, 148.20it/s] 27%|██▋       | 135/500 [00:00<00:02, 148.29it/s] 30%|███       | 150/500 [00:01<00:02, 148.32it/s] 33%|███▎      | 165/500 [00:01<00:02, 148.46it/s] 36%|███▌      | 180/500 [00:01<00:02, 148.60it/s] 39%|███▉      | 195/500 [00:01<00:02, 148.68it/s] 42%|████▏     | 210/500 [00:01<00:01, 148.59it/s] 45%|████▌     | 225/500 [00:01<00:01, 148.25it/s] 48%|████▊     | 240/500 [00:01<00:01, 148.29it/s] 51%|█████     | 255/500 [00:01<00:01, 148.40it/s] 54%|█████▍    | 270/500 [00:01<00:01, 148.36it/s] 57%|█████▋    | 285/500 [00:01<00:01, 148.29it/s] 60%|██████    | 300/500 [00:02<00:01, 148.22it/s] 63%|██████▎   | 315/500 [00:02<00:01, 148.18it/s] 66%|██████▌   | 330/500 [00:02<00:01, 148.41it/s] 69%|██████▉   | 345/500 [00:02<00:01, 148.59it/s] 72%|███████▏  | 360/500 [00:02<00:00, 148.47it/s] 75%|███████▌  | 375/500 [00:02<00:00, 148.54it/s] 78%|███████▊  | 390/500 [00:02<00:00, 147.92it/s] 81%|████████  | 405/500 [00:02<00:00, 148.02it/s] 84%|████████▍ | 420/500 [00:02<00:00, 147.83it/s] 87%|████████▋ | 435/500 [00:02<00:00, 147.57it/s] 90%|█████████ | 450/500 [00:03<00:00, 147.37it/s] 93%|█████████▎| 465/500 [00:03<00:00, 147.26it/s] 96%|█████████▌| 480/500 [00:03<00:00, 147.62it/s] 99%|█████████▉| 495/500 [00:03<00:00, 147.67it/s]100%|██████████| 500/500 [00:03<00:00, 147.95it/s]
  0%|          | 0/500 [00:00<?, ?it/s]  3%|▎         | 15/500 [00:00<00:03, 147.40it/s]  6%|▌         | 30/500 [00:00<00:03, 147.94it/s]  9%|▉         | 45/500 [00:00<00:03, 148.23it/s] 12%|█▏        | 60/500 [00:00<00:02, 148.47it/s] 15%|█▌        | 75/500 [00:00<00:02, 148.69it/s] 18%|█▊        | 90/500 [00:00<00:02, 148.57it/s] 21%|██        | 105/500 [00:00<00:02, 148.55it/s] 24%|██▍       | 120/500 [00:00<00:02, 148.41it/s] 27%|██▋       | 135/500 [00:00<00:02, 147.78it/s] 30%|███       | 150/500 [00:01<00:02, 148.16it/s] 33%|███▎      | 165/500 [00:01<00:02, 147.90it/s] 36%|███▌      | 180/500 [00:01<00:02, 147.69it/s] 39%|███▉      | 195/500 [00:01<00:02, 147.30it/s] 42%|████▏     | 210/500 [00:01<00:01, 147.22it/s] 45%|████▌     | 225/500 [00:01<00:01, 147.40it/s] 48%|████▊     | 240/500 [00:01<00:01, 147.35it/s] 51%|█████     | 255/500 [00:01<00:01, 147.21it/s] 54%|█████▍    | 270/500 [00:01<00:01, 147.10it/s] 57%|█████▋    | 285/500 [00:01<00:01, 147.23it/s] 60%|██████    | 300/500 [00:02<00:01, 147.43it/s] 63%|██████▎   | 315/500 [00:02<00:01, 147.58it/s] 66%|██████▌   | 330/500 [00:02<00:01, 147.49it/s] 69%|██████▉   | 345/500 [00:02<00:01, 147.19it/s] 72%|███████▏  | 360/500 [00:02<00:00, 147.07it/s] 75%|███████▌  | 375/500 [00:02<00:00, 147.34it/s] 78%|███████▊  | 390/500 [00:02<00:00, 147.47it/s] 81%|████████  | 405/500 [00:02<00:00, 147.39it/s] 84%|████████▍ | 420/500 [00:02<00:00, 147.22it/s] 87%|████████▋ | 435/500 [00:02<00:00, 147.02it/s] 90%|█████████ | 450/500 [00:03<00:00, 147.20it/s] 93%|█████████▎| 465/500 [00:03<00:00, 147.31it/s] 96%|█████████▌| 480/500 [00:03<00:00, 147.22it/s] 99%|█████████▉| 495/500 [00:03<00:00, 147.23it/s]100%|██████████| 500/500 [00:03<00:00, 147.52it/s]
  0%|          | 0/500 [00:00<?, ?it/s]  3%|▎         | 15/500 [00:00<00:03, 146.68it/s]  6%|▌         | 30/500 [00:00<00:03, 147.05it/s]  9%|▉         | 45/500 [00:00<00:03, 147.51it/s] 12%|█▏        | 60/500 [00:00<00:02, 147.35it/s] 15%|█▌        | 75/500 [00:00<00:02, 147.00it/s] 18%|█▊        | 90/500 [00:00<00:02, 147.10it/s] 21%|██        | 105/500 [00:00<00:02, 147.32it/s] 24%|██▍       | 120/500 [00:00<00:02, 147.33it/s] 27%|██▋       | 135/500 [00:00<00:02, 147.34it/s] 30%|███       | 150/500 [00:01<00:02, 147.10it/s] 33%|███▎      | 165/500 [00:01<00:02, 146.93it/s] 36%|███▌      | 180/500 [00:01<00:02, 147.25it/s] 39%|███▉      | 195/500 [00:01<00:02, 147.36it/s] 42%|████▏     | 210/500 [00:01<00:01, 147.26it/s] 45%|████▌     | 225/500 [00:01<00:01, 147.07it/s] 48%|████▊     | 240/500 [00:01<00:01, 147.22it/s] 51%|█████     | 255/500 [00:01<00:01, 147.37it/s] 54%|█████▍    | 270/500 [00:01<00:01, 147.57it/s] 57%|█████▋    | 285/500 [00:01<00:01, 147.58it/s] 60%|██████    | 300/500 [00:02<00:01, 147.41it/s] 63%|██████▎   | 315/500 [00:02<00:01, 147.09it/s] 66%|██████▌   | 330/500 [00:02<00:01, 147.09it/s] 69%|██████▉   | 345/500 [00:02<00:01, 147.19it/s] 72%|███████▏  | 360/500 [00:02<00:00, 147.20it/s] 75%|███████▌  | 375/500 [00:02<00:00, 147.34it/s] 78%|███████▊  | 390/500 [00:02<00:00, 147.11it/s] 81%|████████  | 405/500 [00:02<00:00, 147.29it/s] 84%|████████▍ | 420/500 [00:02<00:00, 147.50it/s] 87%|████████▋ | 435/500 [00:02<00:00, 147.52it/s] 90%|█████████ | 450/500 [00:03<00:00, 147.50it/s] 93%|█████████▎| 465/500 [00:03<00:00, 147.48it/s] 96%|█████████▌| 480/500 [00:03<00:00, 147.17it/s] 99%|█████████▉| 495/500 [00:03<00:00, 147.53it/s]100%|██████████| 500/500 [00:03<00:00, 147.31it/s]
  0%|          | 0/500 [00:00<?, ?it/s]  3%|▎         | 15/500 [00:00<00:03, 146.32it/s]  6%|▌         | 30/500 [00:00<00:03, 146.43it/s]  9%|▉         | 45/500 [00:00<00:03, 146.81it/s] 12%|█▏        | 60/500 [00:00<00:02, 147.16it/s] 15%|█▌        | 75/500 [00:00<00:02, 147.54it/s] 18%|█▊        | 90/500 [00:00<00:02, 147.55it/s] 21%|██        | 105/500 [00:00<00:02, 147.38it/s] 24%|██▍       | 120/500 [00:00<00:02, 147.25it/s] 27%|██▋       | 135/500 [00:00<00:02, 147.33it/s] 30%|███       | 150/500 [00:01<00:02, 147.60it/s] 33%|███▎      | 165/500 [00:01<00:02, 147.58it/s] 36%|███▌      | 180/500 [00:01<00:02, 144.83it/s] 39%|███▉      | 195/500 [00:01<00:02, 145.38it/s] 42%|████▏     | 210/500 [00:01<00:01, 145.71it/s] 45%|████▌     | 225/500 [00:01<00:01, 146.40it/s] 48%|████▊     | 240/500 [00:01<00:01, 146.84it/s] 51%|█████     | 255/500 [00:01<00:01, 146.83it/s] 54%|█████▍    | 270/500 [00:01<00:01, 146.95it/s] 57%|█████▋    | 285/500 [00:01<00:01, 147.05it/s] 60%|██████    | 300/500 [00:02<00:01, 147.23it/s] 63%|██████▎   | 315/500 [00:02<00:01, 147.48it/s] 66%|██████▌   | 330/500 [00:02<00:01, 147.53it/s] 69%|██████▉   | 345/500 [00:02<00:01, 147.41it/s] 72%|███████▏  | 360/500 [00:02<00:00, 147.36it/s] 75%|███████▌  | 375/500 [00:02<00:00, 147.67it/s] 78%|███████▊  | 390/500 [00:02<00:00, 147.78it/s] 81%|████████  | 405/500 [00:02<00:00, 147.74it/s] 84%|████████▍ | 420/500 [00:02<00:00, 147.62it/s] 87%|████████▋ | 435/500 [00:02<00:00, 147.50it/s] 90%|█████████ | 450/500 [00:03<00:00, 147.63it/s] 93%|█████████▎| 465/500 [00:03<00:00, 147.76it/s] 96%|█████████▌| 480/500 [00:03<00:00, 147.64it/s] 99%|█████████▉| 495/500 [00:03<00:00, 147.51it/s]100%|██████████| 500/500 [00:03<00:00, 147.16it/s]
  0%|          | 0/500 [00:00<?, ?it/s]  3%|▎         | 15/500 [00:00<00:03, 146.89it/s]  6%|▌         | 30/500 [00:00<00:03, 147.65it/s]  9%|▉         | 45/500 [00:00<00:03, 147.91it/s] 12%|█▏        | 60/500 [00:00<00:02, 147.66it/s] 15%|█▌        | 75/500 [00:00<00:02, 147.73it/s] 18%|█▊        | 90/500 [00:00<00:02, 147.87it/s] 21%|██        | 105/500 [00:00<00:02, 148.08it/s] 24%|██▍       | 120/500 [00:00<00:02, 148.15it/s] 27%|██▋       | 135/500 [00:00<00:02, 148.31it/s] 30%|███       | 150/500 [00:01<00:02, 148.64it/s] 33%|███▎      | 165/500 [00:01<00:02, 148.55it/s] 36%|███▌      | 180/500 [00:01<00:02, 148.84it/s] 39%|███▉      | 196/500 [00:01<00:02, 149.15it/s] 42%|████▏     | 211/500 [00:01<00:01, 149.25it/s] 45%|████▌     | 226/500 [00:01<00:01, 148.90it/s] 48%|████▊     | 241/500 [00:01<00:01, 148.26it/s] 51%|█████     | 256/500 [00:01<00:01, 148.02it/s] 54%|█████▍    | 271/500 [00:01<00:01, 148.14it/s] 57%|█████▋    | 286/500 [00:01<00:01, 148.08it/s] 60%|██████    | 301/500 [00:02<00:01, 147.88it/s] 63%|██████▎   | 316/500 [00:02<00:01, 147.77it/s] 66%|██████▌   | 331/500 [00:02<00:01, 147.01it/s] 69%|██████▉   | 346/500 [00:02<00:01, 147.31it/s] 72%|███████▏  | 361/500 [00:02<00:00, 147.39it/s] 75%|███████▌  | 376/500 [00:02<00:00, 147.31it/s] 78%|███████▊  | 391/500 [00:02<00:00, 147.36it/s] 81%|████████  | 406/500 [00:02<00:00, 147.32it/s] 84%|████████▍ | 421/500 [00:02<00:00, 147.53it/s] 87%|████████▋ | 436/500 [00:02<00:00, 147.79it/s] 90%|█████████ | 451/500 [00:03<00:00, 147.82it/s] 93%|█████████▎| 466/500 [00:03<00:00, 147.64it/s] 96%|█████████▌| 481/500 [00:03<00:00, 147.56it/s] 99%|█████████▉| 496/500 [00:03<00:00, 147.80it/s]100%|██████████| 500/500 [00:03<00:00, 147.94it/s]
  0%|          | 0/500 [00:00<?, ?it/s]  3%|▎         | 15/500 [00:00<00:03, 148.22it/s]  6%|▌         | 30/500 [00:00<00:03, 147.73it/s]  9%|▉         | 45/500 [00:00<00:03, 147.90it/s] 12%|█▏        | 60/500 [00:00<00:02, 148.01it/s] 15%|█▌        | 75/500 [00:00<00:02, 148.10it/s] 18%|█▊        | 90/500 [00:00<00:02, 148.05it/s] 21%|██        | 105/500 [00:00<00:02, 148.09it/s] 24%|██▍       | 120/500 [00:00<00:02, 148.02it/s] 27%|██▋       | 135/500 [00:00<00:02, 148.02it/s] 30%|███       | 150/500 [00:01<00:02, 148.16it/s] 33%|███▎      | 165/500 [00:01<00:02, 148.33it/s] 36%|███▌      | 180/500 [00:01<00:02, 148.36it/s] 39%|███▉      | 195/500 [00:01<00:02, 148.27it/s] 42%|████▏     | 210/500 [00:01<00:01, 148.04it/s] 45%|████▌     | 225/500 [00:01<00:01, 148.00it/s] 48%|████▊     | 240/500 [00:01<00:01, 148.15it/s] 51%|█████     | 255/500 [00:01<00:01, 147.98it/s] 54%|█████▍    | 270/500 [00:01<00:01, 147.94it/s] 57%|█████▋    | 285/500 [00:01<00:01, 148.00it/s] 60%|██████    | 300/500 [00:02<00:01, 148.02it/s] 63%|██████▎   | 315/500 [00:02<00:01, 148.17it/s] 66%|██████▌   | 330/500 [00:02<00:01, 148.19it/s] 69%|██████▉   | 345/500 [00:02<00:01, 147.96it/s] 72%|███████▏  | 360/500 [00:02<00:00, 147.88it/s] 75%|███████▌  | 375/500 [00:02<00:00, 147.84it/s] 78%|███████▊  | 390/500 [00:02<00:00, 147.91it/s] 81%|████████  | 405/500 [00:02<00:00, 147.84it/s] 84%|████████▍ | 420/500 [00:02<00:00, 147.83it/s] 87%|████████▋ | 435/500 [00:02<00:00, 147.57it/s] 90%|█████████ | 450/500 [00:03<00:00, 147.58it/s] 93%|█████████▎| 465/500 [00:03<00:00, 147.62it/s] 96%|█████████▌| 480/500 [00:03<00:00, 147.80it/s] 99%|█████████▉| 495/500 [00:03<00:00, 147.73it/s]100%|██████████| 500/500 [00:03<00:00, 147.96it/s]
  0%|          | 0/500 [00:00<?, ?it/s]  3%|▎         | 15/500 [00:00<00:03, 146.56it/s]  6%|▌         | 30/500 [00:00<00:03, 147.31it/s]  9%|▉         | 45/500 [00:00<00:03, 148.05it/s] 12%|█▏        | 60/500 [00:00<00:02, 148.05it/s] 15%|█▌        | 75/500 [00:00<00:02, 148.06it/s] 18%|█▊        | 90/500 [00:00<00:02, 147.87it/s] 21%|██        | 105/500 [00:00<00:02, 147.81it/s] 24%|██▍       | 120/500 [00:00<00:02, 147.94it/s] 27%|██▋       | 135/500 [00:00<00:02, 148.07it/s] 30%|███       | 150/500 [00:01<00:02, 147.96it/s] 33%|███▎      | 165/500 [00:01<00:02, 147.83it/s] 36%|███▌      | 180/500 [00:01<00:02, 147.76it/s] 39%|███▉      | 195/500 [00:01<00:02, 148.00it/s] 42%|████▏     | 210/500 [00:01<00:01, 148.13it/s] 45%|████▌     | 225/500 [00:01<00:01, 148.00it/s] 48%|████▊     | 240/500 [00:01<00:01, 147.81it/s] 51%|█████     | 255/500 [00:01<00:01, 147.74it/s] 54%|█████▍    | 270/500 [00:01<00:01, 147.86it/s] 57%|█████▋    | 285/500 [00:01<00:01, 148.12it/s] 60%|██████    | 300/500 [00:02<00:01, 147.86it/s] 63%|██████▎   | 315/500 [00:02<00:01, 147.88it/s] 66%|██████▌   | 330/500 [00:02<00:01, 147.71it/s] 69%|██████▉   | 345/500 [00:02<00:01, 147.75it/s] 72%|███████▏  | 360/500 [00:02<00:00, 148.03it/s] 75%|███████▌  | 375/500 [00:02<00:00, 148.00it/s] 78%|███████▊  | 390/500 [00:02<00:00, 147.85it/s] 81%|████████  | 405/500 [00:02<00:00, 147.75it/s] 84%|████████▍ | 420/500 [00:02<00:00, 147.84it/s] 87%|████████▋ | 435/500 [00:02<00:00, 148.00it/s] 90%|█████████ | 450/500 [00:03<00:00, 148.08it/s] 93%|█████████▎| 465/500 [00:03<00:00, 148.00it/s] 96%|█████████▌| 480/500 [00:03<00:00, 147.93it/s] 99%|█████████▉| 495/500 [00:03<00:00, 147.83it/s]100%|██████████| 500/500 [00:03<00:00, 147.89it/s]
  0%|          | 0/95 [00:00<?, ?it/s] 49%|████▉     | 47/95 [00:00<00:00, 469.49it/s]100%|██████████| 95/95 [00:00<00:00, 470.67it/s]100%|██████████| 95/95 [00:00<00:00, 470.31it/s]
  0%|          | 0/95 [00:00<?, ?it/s] 51%|█████     | 48/95 [00:00<00:00, 472.10it/s]100%|██████████| 95/95 [00:00<00:00, 471.92it/s]
  0%|          | 0/95 [00:00<?, ?it/s] 51%|█████     | 48/95 [00:00<00:00, 474.43it/s]100%|██████████| 95/95 [00:00<00:00, 476.33it/s]
  0%|          | 0/95 [00:00<?, ?it/s] 49%|████▉     | 47/95 [00:00<00:00, 460.47it/s] 99%|█████████▉| 94/95 [00:00<00:00, 454.58it/s]100%|██████████| 95/95 [00:00<00:00, 455.44it/s]
  0%|          | 0/95 [00:00<?, ?it/s] 47%|████▋     | 45/95 [00:00<00:00, 444.55it/s] 95%|█████████▍| 90/95 [00:00<00:00, 445.31it/s]100%|██████████| 95/95 [00:00<00:00, 445.46it/s]
  0%|          | 0/4 [00:00<?, ?it/s]100%|██████████| 4/4 [00:00<00:00, 281.34it/s]
  0%|          | 0/6 [00:00<?, ?it/s]100%|██████████| 6/6 [00:00<00:00, 290.57it/s]
  0%|          | 0/6 [00:00<?, ?it/s]100%|██████████| 6/6 [00:00<00:00, 290.70it/s]
  0%|          | 0/4 [00:00<?, ?it/s]100%|██████████| 4/4 [00:00<00:00, 294.44it/s]
  0%|          | 0/6 [00:00<?, ?it/s]100%|██████████| 6/6 [00:00<00:00, 290.98it/s]
  0%|          | 0/2 [00:00<?, ?it/s]100%|██████████| 2/2 [00:00<00:00, 282.71it/s]
  0%|          | 0/3 [00:00<?, ?it/s]100%|██████████| 3/3 [00:00<00:00, 285.77it/s]
  0%|          | 0/5 [00:00<?, ?it/s]100%|██████████| 5/5 [00:00<00:00, 295.01it/s]
  0%|          | 0/2 [00:00<?, ?it/s]100%|██████████| 2/2 [00:00<00:00, 285.87it/s]
  0%|          | 0/8 [00:00<?, ?it/s]100%|██████████| 8/8 [00:00<00:00, 294.17it/s]
  0%|          | 0/4 [00:00<?, ?it/s]100%|██████████| 4/4 [00:00<00:00, 290.33it/s]
  0%|          | 0/11 [00:00<?, ?it/s]100%|██████████| 11/11 [00:00<00:00, 291.53it/s]
  0%|          | 0/12 [00:00<?, ?it/s]100%|██████████| 12/12 [00:00<00:00, 292.32it/s]
  0%|          | 0/5 [00:00<?, ?it/s]100%|██████████| 5/5 [00:00<00:00, 291.99it/s]
  0%|          | 0/7 [00:00<?, ?it/s]100%|██████████| 7/7 [00:00<00:00, 288.89it/s]
  0%|          | 0/7 [00:00<?, ?it/s]100%|██████████| 7/7 [00:00<00:00, 291.49it/s]
  0%|          | 0/3 [00:00<?, ?it/s]100%|██████████| 3/3 [00:00<00:00, 289.06it/s]
  0%|          | 0/4 [00:00<?, ?it/s]100%|██████████| 4/4 [00:00<00:00, 286.19it/s]
  0%|          | 0/1 [00:00<?, ?it/s]100%|██████████| 1/1 [00:00<00:00, 285.72it/s]
  0%|          | 0/15 [00:00<?, ?it/s]100%|██████████| 15/15 [00:00<00:00, 292.50it/s]
  0%|          | 0/21 [00:00<?, ?it/s]100%|██████████| 21/21 [00:00<00:00, 292.67it/s]
  0%|          | 0/14 [00:00<?, ?it/s]100%|██████████| 14/14 [00:00<00:00, 296.11it/s]
  0%|          | 0/16 [00:00<?, ?it/s]100%|██████████| 16/16 [00:00<00:00, 295.76it/s]
  0%|          | 0/10 [00:00<?, ?it/s]100%|██████████| 10/10 [00:00<00:00, 293.76it/s]
  0%|          | 0/12 [00:00<?, ?it/s]100%|██████████| 12/12 [00:00<00:00, 292.07it/s]
  0%|          | 0/28 [00:00<?, ?it/s]100%|██████████| 28/28 [00:00<00:00, 294.25it/s]
  0%|          | 0/6 [00:00<?, ?it/s]100%|██████████| 6/6 [00:00<00:00, 290.41it/s]
  0%|          | 0/84 [00:00<?, ?it/s] 36%|███▌      | 30/84 [00:00<00:00, 295.51it/s] 71%|███████▏  | 60/84 [00:00<00:00, 295.91it/s]100%|██████████| 84/84 [00:00<00:00, 296.27it/s]
  0%|          | 0/23 [00:00<?, ?it/s]100%|██████████| 23/23 [00:00<00:00, 296.78it/s]
  0%|          | 0/45 [00:00<?, ?it/s] 67%|██████▋   | 30/45 [00:00<00:00, 295.40it/s]100%|██████████| 45/45 [00:00<00:00, 295.29it/s]
  0%|          | 0/17 [00:00<?, ?it/s]100%|██████████| 17/17 [00:00<00:00, 295.14it/s]
  0%|          | 0/9 [00:00<?, ?it/s]100%|██████████| 9/9 [00:00<00:00, 294.08it/s]
  0%|          | 0/4 [00:00<?, ?it/s]100%|██████████| 4/4 [00:00<00:00, 289.91it/s]
  0%|          | 0/4 [00:00<?, ?it/s]100%|██████████| 4/4 [00:00<00:00, 292.06it/s]
  0%|          | 0/11 [00:00<?, ?it/s]100%|██████████| 11/11 [00:00<00:00, 292.88it/s]
  0%|          | 0/15 [00:00<?, ?it/s]100%|██████████| 15/15 [00:00<00:00, 295.60it/s]
  0%|          | 0/7 [00:00<?, ?it/s]100%|██████████| 7/7 [00:00<00:00, 290.85it/s]
  0%|          | 0/16 [00:00<?, ?it/s]100%|██████████| 16/16 [00:00<00:00, 292.44it/s]
  0%|          | 0/3 [00:00<?, ?it/s]100%|██████████| 3/3 [00:00<00:00, 284.13it/s]
  0%|          | 0/18 [00:00<?, ?it/s]100%|██████████| 18/18 [00:00<00:00, 292.37it/s]
  0%|          | 0/5 [00:00<?, ?it/s]100%|██████████| 5/5 [00:00<00:00, 290.43it/s]
  0%|          | 0/8 [00:00<?, ?it/s]100%|██████████| 8/8 [00:00<00:00, 290.35it/s]
  0%|          | 0/5 [00:00<?, ?it/s]100%|██████████| 5/5 [00:00<00:00, 288.72it/s]
  0%|          | 0/4 [00:00<?, ?it/s]100%|██████████| 4/4 [00:00<00:00, 290.34it/s]
  0%|          | 0/3 [00:00<?, ?it/s]100%|██████████| 3/3 [00:00<00:00, 290.26it/s]
  0%|          | 0/5 [00:00<?, ?it/s]100%|██████████| 5/5 [00:00<00:00, 288.61it/s]
  0%|          | 0/6 [00:00<?, ?it/s]100%|██████████| 6/6 [00:00<00:00, 288.62it/s]
  0%|          | 0/5 [00:00<?, ?it/s]100%|██████████| 5/5 [00:00<00:00, 290.17it/s]
  0%|          | 0/4 [00:00<?, ?it/s]100%|██████████| 4/4 [00:00<00:00, 288.92it/s]
  0%|          | 0/2 [00:00<?, ?it/s]100%|██████████| 2/2 [00:00<00:00, 293.48it/s]
  0%|          | 0/2 [00:00<?, ?it/s]100%|██████████| 2/2 [00:00<00:00, 293.84it/s]
  0%|          | 0/7 [00:00<?, ?it/s]100%|██████████| 7/7 [00:00<00:00, 292.29it/s]
  0%|          | 0/13 [00:00<?, ?it/s]100%|██████████| 13/13 [00:00<00:00, 292.71it/s]
  0%|          | 0/7 [00:00<?, ?it/s]100%|██████████| 7/7 [00:00<00:00, 292.46it/s]
  0%|          | 0/10 [00:00<?, ?it/s]100%|██████████| 10/10 [00:00<00:00, 290.11it/s]
  0%|          | 0/34 [00:00<?, ?it/s] 88%|████████▊ | 30/34 [00:00<00:00, 296.03it/s]100%|██████████| 34/34 [00:00<00:00, 295.65it/s]
  0%|          | 0/2 [00:00<?, ?it/s]100%|██████████| 2/2 [00:00<00:00, 283.92it/s]
  0%|          | 0/4 [00:00<?, ?it/s]100%|██████████| 4/4 [00:00<00:00, 293.19it/s]
  0%|          | 0/6 [00:00<?, ?it/s]100%|██████████| 6/6 [00:00<00:00, 290.37it/s]
  0%|          | 0/6 [00:00<?, ?it/s]100%|██████████| 6/6 [00:00<00:00, 287.96it/s]
  0%|          | 0/4 [00:00<?, ?it/s]100%|██████████| 4/4 [00:00<00:00, 291.13it/s]
  0%|          | 0/6 [00:00<?, ?it/s]100%|██████████| 6/6 [00:00<00:00, 288.90it/s]
  0%|          | 0/2 [00:00<?, ?it/s]100%|██████████| 2/2 [00:00<00:00, 290.22it/s]
  0%|          | 0/3 [00:00<?, ?it/s]100%|██████████| 3/3 [00:00<00:00, 284.65it/s]
  0%|          | 0/5 [00:00<?, ?it/s]100%|██████████| 5/5 [00:00<00:00, 289.54it/s]
  0%|          | 0/2 [00:00<?, ?it/s]100%|██████████| 2/2 [00:00<00:00, 281.19it/s]
  0%|          | 0/8 [00:00<?, ?it/s]100%|██████████| 8/8 [00:00<00:00, 294.81it/s]
  0%|          | 0/4 [00:00<?, ?it/s]100%|██████████| 4/4 [00:00<00:00, 284.98it/s]
  0%|          | 0/11 [00:00<?, ?it/s]100%|██████████| 11/11 [00:00<00:00, 291.64it/s]
  0%|          | 0/12 [00:00<?, ?it/s]100%|██████████| 12/12 [00:00<00:00, 291.45it/s]
  0%|          | 0/5 [00:00<?, ?it/s]100%|██████████| 5/5 [00:00<00:00, 292.55it/s]
  0%|          | 0/7 [00:00<?, ?it/s]100%|██████████| 7/7 [00:00<00:00, 289.17it/s]
  0%|          | 0/7 [00:00<?, ?it/s]100%|██████████| 7/7 [00:00<00:00, 292.49it/s]
  0%|          | 0/3 [00:00<?, ?it/s]100%|██████████| 3/3 [00:00<00:00, 285.14it/s]
  0%|          | 0/4 [00:00<?, ?it/s]100%|██████████| 4/4 [00:00<00:00, 294.92it/s]
  0%|          | 0/1 [00:00<?, ?it/s]100%|██████████| 1/1 [00:00<00:00, 268.42it/s]
  0%|          | 0/15 [00:00<?, ?it/s]100%|██████████| 15/15 [00:00<00:00, 296.47it/s]
  0%|          | 0/21 [00:00<?, ?it/s]100%|██████████| 21/21 [00:00<00:00, 294.98it/s]
  0%|          | 0/14 [00:00<?, ?it/s]100%|██████████| 14/14 [00:00<00:00, 292.95it/s]
  0%|          | 0/16 [00:00<?, ?it/s]100%|██████████| 16/16 [00:00<00:00, 291.44it/s]
  0%|          | 0/10 [00:00<?, ?it/s]100%|██████████| 10/10 [00:00<00:00, 292.59it/s]
  0%|          | 0/12 [00:00<?, ?it/s]100%|██████████| 12/12 [00:00<00:00, 292.67it/s]
  0%|          | 0/28 [00:00<?, ?it/s]100%|██████████| 28/28 [00:00<00:00, 293.33it/s]
  0%|          | 0/6 [00:00<?, ?it/s]100%|██████████| 6/6 [00:00<00:00, 295.12it/s]
  0%|          | 0/84 [00:00<?, ?it/s] 36%|███▌      | 30/84 [00:00<00:00, 295.94it/s] 71%|███████▏  | 60/84 [00:00<00:00, 296.11it/s]100%|██████████| 84/84 [00:00<00:00, 295.95it/s]
  0%|          | 0/23 [00:00<?, ?it/s]100%|██████████| 23/23 [00:00<00:00, 295.32it/s]
  0%|          | 0/45 [00:00<?, ?it/s] 67%|██████▋   | 30/45 [00:00<00:00, 294.42it/s]100%|██████████| 45/45 [00:00<00:00, 295.16it/s]
  0%|          | 0/17 [00:00<?, ?it/s]100%|██████████| 17/17 [00:00<00:00, 295.50it/s]
  0%|          | 0/9 [00:00<?, ?it/s]100%|██████████| 9/9 [00:00<00:00, 293.88it/s]
  0%|          | 0/4 [00:00<?, ?it/s]100%|██████████| 4/4 [00:00<00:00, 282.76it/s]
  0%|          | 0/4 [00:00<?, ?it/s]100%|██████████| 4/4 [00:00<00:00, 292.62it/s]
  0%|          | 0/11 [00:00<?, ?it/s]100%|██████████| 11/11 [00:00<00:00, 292.28it/s]
  0%|          | 0/15 [00:00<?, ?it/s]100%|██████████| 15/15 [00:00<00:00, 293.63it/s]
  0%|          | 0/7 [00:00<?, ?it/s]100%|██████████| 7/7 [00:00<00:00, 295.61it/s]
  0%|          | 0/16 [00:00<?, ?it/s]100%|██████████| 16/16 [00:00<00:00, 293.15it/s]
  0%|          | 0/3 [00:00<?, ?it/s]100%|██████████| 3/3 [00:00<00:00, 291.16it/s]
  0%|          | 0/18 [00:00<?, ?it/s]100%|██████████| 18/18 [00:00<00:00, 293.94it/s]
  0%|          | 0/5 [00:00<?, ?it/s]100%|██████████| 5/5 [00:00<00:00, 289.14it/s]
  0%|          | 0/8 [00:00<?, ?it/s]100%|██████████| 8/8 [00:00<00:00, 292.45it/s]
  0%|          | 0/5 [00:00<?, ?it/s]100%|██████████| 5/5 [00:00<00:00, 288.80it/s]
  0%|          | 0/4 [00:00<?, ?it/s]100%|██████████| 4/4 [00:00<00:00, 286.25it/s]
  0%|          | 0/3 [00:00<?, ?it/s]100%|██████████| 3/3 [00:00<00:00, 290.53it/s]
  0%|          | 0/5 [00:00<?, ?it/s]100%|██████████| 5/5 [00:00<00:00, 293.09it/s]
  0%|          | 0/6 [00:00<?, ?it/s]100%|██████████| 6/6 [00:00<00:00, 289.03it/s]
  0%|          | 0/5 [00:00<?, ?it/s]100%|██████████| 5/5 [00:00<00:00, 287.21it/s]
  0%|          | 0/4 [00:00<?, ?it/s]100%|██████████| 4/4 [00:00<00:00, 295.09it/s]
  0%|          | 0/2 [00:00<?, ?it/s]100%|██████████| 2/2 [00:00<00:00, 291.62it/s]
  0%|          | 0/2 [00:00<?, ?it/s]100%|██████████| 2/2 [00:00<00:00, 295.12it/s]
  0%|          | 0/7 [00:00<?, ?it/s]100%|██████████| 7/7 [00:00<00:00, 294.43it/s]
  0%|          | 0/13 [00:00<?, ?it/s]100%|██████████| 13/13 [00:00<00:00, 296.13it/s]
  0%|          | 0/7 [00:00<?, ?it/s]100%|██████████| 7/7 [00:00<00:00, 292.24it/s]
  0%|          | 0/10 [00:00<?, ?it/s]100%|██████████| 10/10 [00:00<00:00, 294.99it/s]
  0%|          | 0/34 [00:00<?, ?it/s] 88%|████████▊ | 30/34 [00:00<00:00, 295.12it/s]100%|██████████| 34/34 [00:00<00:00, 294.68it/s]
  0%|          | 0/2 [00:00<?, ?it/s]100%|██████████| 2/2 [00:00<00:00, 283.88it/s]
  0%|          | 0/4 [00:00<?, ?it/s]100%|██████████| 4/4 [00:00<00:00, 295.91it/s]
  0%|          | 0/6 [00:00<?, ?it/s]100%|██████████| 6/6 [00:00<00:00, 292.28it/s]
  0%|          | 0/6 [00:00<?, ?it/s]100%|██████████| 6/6 [00:00<00:00, 291.08it/s]
  0%|          | 0/4 [00:00<?, ?it/s]100%|██████████| 4/4 [00:00<00:00, 292.09it/s]
  0%|          | 0/6 [00:00<?, ?it/s]100%|██████████| 6/6 [00:00<00:00, 291.20it/s]
  0%|          | 0/2 [00:00<?, ?it/s]100%|██████████| 2/2 [00:00<00:00, 294.29it/s]
  0%|          | 0/3 [00:00<?, ?it/s]100%|██████████| 3/3 [00:00<00:00, 283.78it/s]
  0%|          | 0/5 [00:00<?, ?it/s]100%|██████████| 5/5 [00:00<00:00, 290.64it/s]
  0%|          | 0/2 [00:00<?, ?it/s]100%|██████████| 2/2 [00:00<00:00, 284.08it/s]
  0%|          | 0/8 [00:00<?, ?it/s]100%|██████████| 8/8 [00:00<00:00, 292.69it/s]
  0%|          | 0/4 [00:00<?, ?it/s]100%|██████████| 4/4 [00:00<00:00, 284.20it/s]
  0%|          | 0/11 [00:00<?, ?it/s]100%|██████████| 11/11 [00:00<00:00, 292.24it/s]
  0%|          | 0/12 [00:00<?, ?it/s]100%|██████████| 12/12 [00:00<00:00, 294.97it/s]
  0%|          | 0/5 [00:00<?, ?it/s]100%|██████████| 5/5 [00:00<00:00, 291.06it/s]
  0%|          | 0/7 [00:00<?, ?it/s]100%|██████████| 7/7 [00:00<00:00, 294.28it/s]
  0%|          | 0/7 [00:00<?, ?it/s]100%|██████████| 7/7 [00:00<00:00, 294.49it/s]
  0%|          | 0/3 [00:00<?, ?it/s]100%|██████████| 3/3 [00:00<00:00, 286.99it/s]
  0%|          | 0/4 [00:00<?, ?it/s]100%|██████████| 4/4 [00:00<00:00, 290.54it/s]
  0%|          | 0/1 [00:00<?, ?it/s]100%|██████████| 1/1 [00:00<00:00, 280.80it/s]
  0%|          | 0/15 [00:00<?, ?it/s]100%|██████████| 15/15 [00:00<00:00, 294.97it/s]
  0%|          | 0/21 [00:00<?, ?it/s]100%|██████████| 21/21 [00:00<00:00, 293.35it/s]
  0%|          | 0/14 [00:00<?, ?it/s]100%|██████████| 14/14 [00:00<00:00, 291.25it/s]
  0%|          | 0/16 [00:00<?, ?it/s]100%|██████████| 16/16 [00:00<00:00, 290.26it/s]
  0%|          | 0/10 [00:00<?, ?it/s]100%|██████████| 10/10 [00:00<00:00, 291.66it/s]
  0%|          | 0/12 [00:00<?, ?it/s]100%|██████████| 12/12 [00:00<00:00, 293.33it/s]
  0%|          | 0/28 [00:00<?, ?it/s]100%|██████████| 28/28 [00:00<00:00, 295.62it/s]
  0%|          | 0/6 [00:00<?, ?it/s]100%|██████████| 6/6 [00:00<00:00, 295.04it/s]
  0%|          | 0/84 [00:00<?, ?it/s] 36%|███▌      | 30/84 [00:00<00:00, 296.43it/s] 71%|███████▏  | 60/84 [00:00<00:00, 293.56it/s]100%|██████████| 84/84 [00:00<00:00, 294.24it/s]
  0%|          | 0/23 [00:00<?, ?it/s]100%|██████████| 23/23 [00:00<00:00, 293.50it/s]
  0%|          | 0/45 [00:00<?, ?it/s] 67%|██████▋   | 30/45 [00:00<00:00, 294.82it/s]100%|██████████| 45/45 [00:00<00:00, 295.24it/s]
  0%|          | 0/17 [00:00<?, ?it/s]100%|██████████| 17/17 [00:00<00:00, 295.23it/s]
  0%|          | 0/9 [00:00<?, ?it/s]100%|██████████| 9/9 [00:00<00:00, 291.65it/s]
  0%|          | 0/4 [00:00<?, ?it/s]100%|██████████| 4/4 [00:00<00:00, 288.53it/s]
  0%|          | 0/4 [00:00<?, ?it/s]100%|██████████| 4/4 [00:00<00:00, 293.34it/s]
  0%|          | 0/11 [00:00<?, ?it/s]100%|██████████| 11/11 [00:00<00:00, 292.29it/s]
  0%|          | 0/15 [00:00<?, ?it/s]100%|██████████| 15/15 [00:00<00:00, 291.53it/s]
  0%|          | 0/7 [00:00<?, ?it/s]100%|██████████| 7/7 [00:00<00:00, 292.09it/s]
  0%|          | 0/16 [00:00<?, ?it/s]100%|██████████| 16/16 [00:00<00:00, 292.12it/s]
  0%|          | 0/3 [00:00<?, ?it/s]100%|██████████| 3/3 [00:00<00:00, 286.75it/s]
  0%|          | 0/18 [00:00<?, ?it/s]100%|██████████| 18/18 [00:00<00:00, 292.32it/s]
  0%|          | 0/5 [00:00<?, ?it/s]100%|██████████| 5/5 [00:00<00:00, 287.90it/s]
  0%|          | 0/8 [00:00<?, ?it/s]100%|██████████| 8/8 [00:00<00:00, 295.76it/s]
  0%|          | 0/5 [00:00<?, ?it/s]100%|██████████| 5/5 [00:00<00:00, 291.99it/s]
  0%|          | 0/4 [00:00<?, ?it/s]100%|██████████| 4/4 [00:00<00:00, 289.43it/s]
  0%|          | 0/3 [00:00<?, ?it/s]100%|██████████| 3/3 [00:00<00:00, 289.90it/s]
  0%|          | 0/5 [00:00<?, ?it/s]100%|██████████| 5/5 [00:00<00:00, 289.83it/s]
  0%|          | 0/6 [00:00<?, ?it/s]100%|██████████| 6/6 [00:00<00:00, 290.04it/s]
  0%|          | 0/5 [00:00<?, ?it/s]100%|██████████| 5/5 [00:00<00:00, 287.23it/s]
  0%|          | 0/4 [00:00<?, ?it/s]100%|██████████| 4/4 [00:00<00:00, 292.87it/s]
  0%|          | 0/2 [00:00<?, ?it/s]100%|██████████| 2/2 [00:00<00:00, 294.42it/s]
  0%|          | 0/2 [00:00<?, ?it/s]100%|██████████| 2/2 [00:00<00:00, 294.92it/s]
  0%|          | 0/7 [00:00<?, ?it/s]100%|██████████| 7/7 [00:00<00:00, 294.78it/s]
  0%|          | 0/13 [00:00<?, ?it/s]100%|██████████| 13/13 [00:00<00:00, 290.12it/s]
  0%|          | 0/7 [00:00<?, ?it/s]100%|██████████| 7/7 [00:00<00:00, 289.36it/s]
  0%|          | 0/10 [00:00<?, ?it/s]100%|██████████| 10/10 [00:00<00:00, 293.91it/s]
  0%|          | 0/34 [00:00<?, ?it/s] 88%|████████▊ | 30/34 [00:00<00:00, 293.18it/s]100%|██████████| 34/34 [00:00<00:00, 292.58it/s]
  0%|          | 0/2 [00:00<?, ?it/s]100%|██████████| 2/2 [00:00<00:00, 282.56it/s]
  0%|          | 0/4 [00:00<?, ?it/s]100%|██████████| 4/4 [00:00<00:00, 290.42it/s]
  0%|          | 0/6 [00:00<?, ?it/s]100%|██████████| 6/6 [00:00<00:00, 291.69it/s]
  0%|          | 0/6 [00:00<?, ?it/s]100%|██████████| 6/6 [00:00<00:00, 288.79it/s]
  0%|          | 0/4 [00:00<?, ?it/s]100%|██████████| 4/4 [00:00<00:00, 292.55it/s]
  0%|          | 0/6 [00:00<?, ?it/s]100%|██████████| 6/6 [00:00<00:00, 290.82it/s]
  0%|          | 0/2 [00:00<?, ?it/s]100%|██████████| 2/2 [00:00<00:00, 286.13it/s]
  0%|          | 0/3 [00:00<?, ?it/s]100%|██████████| 3/3 [00:00<00:00, 283.49it/s]
  0%|          | 0/5 [00:00<?, ?it/s]100%|██████████| 5/5 [00:00<00:00, 292.78it/s]
  0%|          | 0/2 [00:00<?, ?it/s]100%|██████████| 2/2 [00:00<00:00, 281.40it/s]
  0%|          | 0/8 [00:00<?, ?it/s]100%|██████████| 8/8 [00:00<00:00, 293.63it/s]
  0%|          | 0/4 [00:00<?, ?it/s]100%|██████████| 4/4 [00:00<00:00, 284.55it/s]
  0%|          | 0/11 [00:00<?, ?it/s]100%|██████████| 11/11 [00:00<00:00, 294.11it/s]
  0%|          | 0/12 [00:00<?, ?it/s]100%|██████████| 12/12 [00:00<00:00, 294.26it/s]
  0%|          | 0/5 [00:00<?, ?it/s]100%|██████████| 5/5 [00:00<00:00, 289.05it/s]
  0%|          | 0/7 [00:00<?, ?it/s]100%|██████████| 7/7 [00:00<00:00, 290.59it/s]
  0%|          | 0/7 [00:00<?, ?it/s]100%|██████████| 7/7 [00:00<00:00, 293.28it/s]
  0%|          | 0/3 [00:00<?, ?it/s]100%|██████████| 3/3 [00:00<00:00, 281.64it/s]
  0%|          | 0/4 [00:00<?, ?it/s]100%|██████████| 4/4 [00:00<00:00, 290.31it/s]
  0%|          | 0/1 [00:00<?, ?it/s]100%|██████████| 1/1 [00:00<00:00, 272.27it/s]
  0%|          | 0/15 [00:00<?, ?it/s]100%|██████████| 15/15 [00:00<00:00, 292.34it/s]
  0%|          | 0/21 [00:00<?, ?it/s]100%|██████████| 21/21 [00:00<00:00, 292.53it/s]
  0%|          | 0/14 [00:00<?, ?it/s]100%|██████████| 14/14 [00:00<00:00, 292.93it/s]
  0%|          | 0/16 [00:00<?, ?it/s]100%|██████████| 16/16 [00:00<00:00, 290.69it/s]
  0%|          | 0/10 [00:00<?, ?it/s]100%|██████████| 10/10 [00:00<00:00, 294.27it/s]
  0%|          | 0/12 [00:00<?, ?it/s]100%|██████████| 12/12 [00:00<00:00, 294.94it/s]
  0%|          | 0/28 [00:00<?, ?it/s]100%|██████████| 28/28 [00:00<00:00, 292.95it/s]
  0%|          | 0/6 [00:00<?, ?it/s]100%|██████████| 6/6 [00:00<00:00, 293.75it/s]
  0%|          | 0/84 [00:00<?, ?it/s] 36%|███▌      | 30/84 [00:00<00:00, 295.97it/s] 71%|███████▏  | 60/84 [00:00<00:00, 296.26it/s]100%|██████████| 84/84 [00:00<00:00, 296.14it/s]
  0%|          | 0/23 [00:00<?, ?it/s]100%|██████████| 23/23 [00:00<00:00, 295.61it/s]
  0%|          | 0/45 [00:00<?, ?it/s] 67%|██████▋   | 30/45 [00:00<00:00, 294.83it/s]100%|██████████| 45/45 [00:00<00:00, 294.81it/s]
  0%|          | 0/17 [00:00<?, ?it/s]100%|██████████| 17/17 [00:00<00:00, 292.75it/s]
  0%|          | 0/9 [00:00<?, ?it/s]100%|██████████| 9/9 [00:00<00:00, 290.86it/s]
  0%|          | 0/4 [00:00<?, ?it/s]100%|██████████| 4/4 [00:00<00:00, 290.08it/s]
  0%|          | 0/4 [00:00<?, ?it/s]100%|██████████| 4/4 [00:00<00:00, 289.06it/s]
  0%|          | 0/11 [00:00<?, ?it/s]100%|██████████| 11/11 [00:00<00:00, 291.35it/s]
  0%|          | 0/15 [00:00<?, ?it/s]100%|██████████| 15/15 [00:00<00:00, 292.99it/s]
  0%|          | 0/7 [00:00<?, ?it/s]100%|██████████| 7/7 [00:00<00:00, 297.22it/s]
  0%|          | 0/16 [00:00<?, ?it/s]100%|██████████| 16/16 [00:00<00:00, 293.25it/s]
  0%|          | 0/3 [00:00<?, ?it/s]100%|██████████| 3/3 [00:00<00:00, 290.66it/s]
  0%|          | 0/18 [00:00<?, ?it/s]100%|██████████| 18/18 [00:00<00:00, 293.73it/s]
  0%|          | 0/5 [00:00<?, ?it/s]100%|██████████| 5/5 [00:00<00:00, 287.46it/s]
  0%|          | 0/8 [00:00<?, ?it/s]100%|██████████| 8/8 [00:00<00:00, 292.96it/s]
  0%|          | 0/5 [00:00<?, ?it/s]100%|██████████| 5/5 [00:00<00:00, 291.58it/s]
  0%|          | 0/4 [00:00<?, ?it/s]100%|██████████| 4/4 [00:00<00:00, 293.28it/s]
  0%|          | 0/3 [00:00<?, ?it/s]100%|██████████| 3/3 [00:00<00:00, 285.60it/s]
  0%|          | 0/5 [00:00<?, ?it/s]100%|██████████| 5/5 [00:00<00:00, 287.79it/s]
  0%|          | 0/6 [00:00<?, ?it/s]100%|██████████| 6/6 [00:00<00:00, 287.39it/s]
  0%|          | 0/5 [00:00<?, ?it/s]100%|██████████| 5/5 [00:00<00:00, 286.37it/s]
  0%|          | 0/4 [00:00<?, ?it/s]100%|██████████| 4/4 [00:00<00:00, 287.34it/s]
  0%|          | 0/2 [00:00<?, ?it/s]100%|██████████| 2/2 [00:00<00:00, 281.19it/s]
  0%|          | 0/2 [00:00<?, ?it/s]100%|██████████| 2/2 [00:00<00:00, 281.97it/s]
  0%|          | 0/7 [00:00<?, ?it/s]100%|██████████| 7/7 [00:00<00:00, 289.51it/s]
  0%|          | 0/13 [00:00<?, ?it/s]100%|██████████| 13/13 [00:00<00:00, 294.08it/s]
  0%|          | 0/7 [00:00<?, ?it/s]100%|██████████| 7/7 [00:00<00:00, 294.59it/s]
  0%|          | 0/10 [00:00<?, ?it/s]100%|██████████| 10/10 [00:00<00:00, 295.52it/s]
  0%|          | 0/34 [00:00<?, ?it/s] 88%|████████▊ | 30/34 [00:00<00:00, 293.79it/s]100%|██████████| 34/34 [00:00<00:00, 293.87it/s]
  0%|          | 0/2 [00:00<?, ?it/s]100%|██████████| 2/2 [00:00<00:00, 285.73it/s]
  0%|          | 0/422 [00:00<?, ?it/s]  7%|▋         | 28/422 [00:00<00:01, 278.68it/s] 13%|█▎        | 56/422 [00:00<00:01, 277.89it/s] 20%|█▉        | 84/422 [00:00<00:01, 278.22it/s] 27%|██▋       | 112/422 [00:00<00:01, 278.39it/s] 33%|███▎      | 140/422 [00:00<00:01, 278.96it/s] 40%|███▉      | 168/422 [00:00<00:00, 279.02it/s] 46%|████▋     | 196/422 [00:00<00:00, 278.71it/s] 53%|█████▎    | 224/422 [00:00<00:00, 278.57it/s] 60%|█████▉    | 252/422 [00:00<00:00, 278.65it/s] 66%|██████▋   | 280/422 [00:01<00:00, 278.81it/s] 73%|███████▎  | 308/422 [00:01<00:00, 278.91it/s] 80%|███████▉  | 336/422 [00:01<00:00, 279.13it/s] 86%|████████▋ | 364/422 [00:01<00:00, 278.76it/s] 93%|█████████▎| 392/422 [00:01<00:00, 278.48it/s]100%|█████████▉| 420/422 [00:01<00:00, 278.59it/s]100%|██████████| 422/422 [00:01<00:00, 278.69it/s]
  0%|          | 0/73 [00:00<?, ?it/s] 38%|███▊      | 28/73 [00:00<00:00, 279.10it/s] 77%|███████▋  | 56/73 [00:00<00:00, 278.99it/s]100%|██████████| 73/73 [00:00<00:00, 279.12it/s]
  0%|          | 0/122 [00:00<?, ?it/s] 23%|██▎       | 28/122 [00:00<00:00, 277.11it/s] 46%|████▌     | 56/122 [00:00<00:00, 277.91it/s] 70%|██████▉   | 85/122 [00:00<00:00, 278.89it/s] 93%|█████████▎| 113/122 [00:00<00:00, 278.48it/s]100%|██████████| 122/122 [00:00<00:00, 278.48it/s]
  0%|          | 0/125 [00:00<?, ?it/s] 22%|██▏       | 28/125 [00:00<00:00, 277.93it/s] 45%|████▍     | 56/125 [00:00<00:00, 278.85it/s] 67%|██████▋   | 84/125 [00:00<00:00, 278.92it/s] 90%|█████████ | 113/125 [00:00<00:00, 279.68it/s]100%|██████████| 125/125 [00:00<00:00, 279.51it/s]
  0%|          | 0/50 [00:00<?, ?it/s] 56%|█████▌    | 28/50 [00:00<00:00, 278.75it/s]100%|██████████| 50/50 [00:00<00:00, 279.11it/s]
  0%|          | 0/125 [00:00<?, ?it/s] 22%|██▏       | 28/125 [00:00<00:00, 277.01it/s] 45%|████▍     | 56/125 [00:00<00:00, 277.90it/s] 67%|██████▋   | 84/125 [00:00<00:00, 278.44it/s] 90%|█████████ | 113/125 [00:00<00:00, 279.26it/s]100%|██████████| 125/125 [00:00<00:00, 278.82it/s]
  0%|          | 0/123 [00:00<?, ?it/s] 23%|██▎       | 28/123 [00:00<00:00, 276.79it/s] 46%|████▌     | 56/123 [00:00<00:00, 277.53it/s] 68%|██████▊   | 84/123 [00:00<00:00, 278.09it/s] 91%|█████████ | 112/123 [00:00<00:00, 278.68it/s]100%|██████████| 123/123 [00:00<00:00, 278.32it/s]
  0%|          | 0/145 [00:00<?, ?it/s] 19%|█▉        | 28/145 [00:00<00:00, 278.26it/s] 39%|███▊      | 56/145 [00:00<00:00, 278.60it/s] 58%|█████▊    | 84/145 [00:00<00:00, 278.55it/s] 78%|███████▊  | 113/145 [00:00<00:00, 279.54it/s] 98%|█████████▊| 142/145 [00:00<00:00, 279.67it/s]100%|██████████| 145/145 [00:00<00:00, 279.28it/s]
  0%|          | 0/177 [00:00<?, ?it/s] 16%|█▌        | 28/177 [00:00<00:00, 278.73it/s] 32%|███▏      | 56/177 [00:00<00:00, 278.96it/s] 47%|████▋     | 84/177 [00:00<00:00, 279.35it/s] 64%|██████▍   | 113/177 [00:00<00:00, 279.98it/s] 80%|████████  | 142/177 [00:00<00:00, 280.04it/s] 97%|█████████▋| 171/177 [00:00<00:00, 280.04it/s]100%|██████████| 177/177 [00:00<00:00, 279.85it/s]
  0%|          | 0/174 [00:00<?, ?it/s] 16%|█▌        | 28/174 [00:00<00:00, 278.75it/s] 32%|███▏      | 56/174 [00:00<00:00, 278.97it/s] 49%|████▉     | 85/174 [00:00<00:00, 280.29it/s] 66%|██████▌   | 114/174 [00:00<00:00, 280.45it/s] 82%|████████▏ | 143/174 [00:00<00:00, 280.04it/s] 99%|█████████▉| 172/174 [00:00<00:00, 279.91it/s]100%|██████████| 174/174 [00:00<00:00, 279.81it/s]
  0%|          | 0/50 [00:00<?, ?it/s] 56%|█████▌    | 28/50 [00:00<00:00, 277.04it/s]100%|██████████| 50/50 [00:00<00:00, 278.74it/s]
  0%|          | 0/247 [00:00<?, ?it/s] 11%|█▏        | 28/247 [00:00<00:00, 279.20it/s] 23%|██▎       | 56/247 [00:00<00:00, 278.72it/s] 34%|███▍      | 84/247 [00:00<00:00, 278.78it/s] 45%|████▌     | 112/247 [00:00<00:00, 278.50it/s] 57%|█████▋    | 140/247 [00:00<00:00, 278.41it/s] 68%|██████▊   | 168/247 [00:00<00:00, 278.80it/s] 79%|███████▉  | 196/247 [00:00<00:00, 278.77it/s] 91%|█████████ | 224/247 [00:00<00:00, 278.95it/s]100%|██████████| 247/247 [00:00<00:00, 278.77it/s]
  0%|          | 0/248 [00:00<?, ?it/s] 11%|█▏        | 28/248 [00:00<00:00, 279.31it/s] 23%|██▎       | 57/248 [00:00<00:00, 280.23it/s] 35%|███▍      | 86/248 [00:00<00:00, 280.29it/s] 46%|████▋     | 115/248 [00:00<00:00, 279.78it/s] 58%|█████▊    | 143/248 [00:00<00:00, 279.23it/s] 69%|██████▉   | 172/248 [00:00<00:00, 279.63it/s] 81%|████████  | 201/248 [00:00<00:00, 279.87it/s] 93%|█████████▎| 230/248 [00:00<00:00, 279.85it/s]100%|██████████| 248/248 [00:00<00:00, 279.75it/s]
  0%|          | 0/204 [00:00<?, ?it/s] 31%|███▏      | 64/204 [00:00<00:00, 630.44it/s] 63%|██████▎   | 128/204 [00:00<00:00, 631.47it/s] 94%|█████████▍| 192/204 [00:00<00:00, 634.19it/s]100%|██████████| 204/204 [00:00<00:00, 633.36it/s]
  0%|          | 0/204 [00:00<?, ?it/s] 31%|███▏      | 64/204 [00:00<00:00, 636.20it/s] 63%|██████▎   | 129/204 [00:00<00:00, 640.70it/s] 95%|█████████▌| 194/204 [00:00<00:00, 640.35it/s]100%|██████████| 204/204 [00:00<00:00, 639.67it/s]
  0%|          | 0/204 [00:00<?, ?it/s] 31%|███▏      | 64/204 [00:00<00:00, 636.99it/s] 63%|██████▎   | 129/204 [00:00<00:00, 640.53it/s] 95%|█████████▌| 194/204 [00:00<00:00, 640.56it/s]100%|██████████| 204/204 [00:00<00:00, 640.35it/s]
  0%|          | 0/204 [00:00<?, ?it/s] 31%|███▏      | 64/204 [00:00<00:00, 632.20it/s] 63%|██████▎   | 128/204 [00:00<00:00, 633.61it/s] 94%|█████████▍| 192/204 [00:00<00:00, 634.48it/s]100%|██████████| 204/204 [00:00<00:00, 633.94it/s]
  0%|          | 0/204 [00:00<?, ?it/s] 31%|███▏      | 64/204 [00:00<00:00, 638.61it/s] 63%|██████▎   | 128/204 [00:00<00:00, 211.80it/s] 94%|█████████▍| 192/204 [00:00<00:00, 304.35it/s]100%|██████████| 204/204 [00:00<00:00, 307.37it/s]
  0%|          | 0/204 [00:00<?, ?it/s] 31%|███▏      | 64/204 [00:00<00:00, 631.98it/s] 63%|██████▎   | 128/204 [00:00<00:00, 630.75it/s] 94%|█████████▍| 192/204 [00:00<00:00, 631.85it/s]100%|██████████| 204/204 [00:00<00:00, 631.32it/s]
  0%|          | 0/204 [00:00<?, ?it/s] 31%|███       | 63/204 [00:00<00:00, 628.63it/s] 62%|██████▏   | 127/204 [00:00<00:00, 633.21it/s] 94%|█████████▎| 191/204 [00:00<00:00, 631.42it/s]100%|██████████| 204/204 [00:00<00:00, 631.24it/s]
  0%|          | 0/136 [00:00<?, ?it/s] 37%|███▋      | 50/136 [00:00<00:00, 492.09it/s] 74%|███████▎  | 100/136 [00:00<00:00, 494.38it/s]100%|██████████| 136/136 [00:00<00:00, 494.63it/s]
  0%|          | 0/208 [00:00<?, ?it/s] 24%|██▍       | 50/208 [00:00<00:00, 495.76it/s] 48%|████▊     | 100/208 [00:00<00:00, 496.13it/s] 72%|███████▏  | 150/208 [00:00<00:00, 495.37it/s] 96%|█████████▌| 200/208 [00:00<00:00, 495.13it/s]100%|██████████| 208/208 [00:00<00:00, 495.33it/s]
  0%|          | 0/241 [00:00<?, ?it/s] 21%|██        | 50/241 [00:00<00:00, 499.85it/s] 42%|████▏     | 101/241 [00:00<00:00, 501.97it/s] 63%|██████▎   | 152/241 [00:00<00:00, 501.91it/s] 84%|████████▍ | 203/241 [00:00<00:00, 501.43it/s]100%|██████████| 241/241 [00:00<00:00, 501.70it/s]
  0%|          | 0/37 [00:00<?, ?it/s]100%|██████████| 37/37 [00:00<00:00, 496.29it/s]
  0%|          | 0/109 [00:00<?, ?it/s] 46%|████▌     | 50/109 [00:00<00:00, 499.47it/s] 93%|█████████▎| 101/109 [00:00<00:00, 500.13it/s]100%|██████████| 109/109 [00:00<00:00, 499.50it/s]
  0%|          | 0/232 [00:00<?, ?it/s] 22%|██▏       | 50/232 [00:00<00:00, 493.97it/s] 43%|████▎     | 100/232 [00:00<00:00, 495.30it/s] 65%|██████▍   | 150/232 [00:00<00:00, 495.33it/s] 86%|████████▌ | 200/232 [00:00<00:00, 496.57it/s]100%|██████████| 232/232 [00:00<00:00, 496.39it/s]
  0%|          | 0/142 [00:00<?, ?it/s] 35%|███▌      | 50/142 [00:00<00:00, 497.69it/s] 70%|███████   | 100/142 [00:00<00:00, 498.07it/s]100%|██████████| 142/142 [00:00<00:00, 498.48it/s]
  0%|          | 0/39 [00:00<?, ?it/s]100%|██████████| 39/39 [00:00<00:00, 493.04it/s]
  0%|          | 0/113 [00:00<?, ?it/s] 44%|████▍     | 50/113 [00:00<00:00, 495.05it/s] 88%|████████▊ | 100/113 [00:00<00:00, 495.52it/s]100%|██████████| 113/113 [00:00<00:00, 494.96it/s]
  0%|          | 0/139 [00:00<?, ?it/s] 36%|███▌      | 50/139 [00:00<00:00, 493.87it/s] 72%|███████▏  | 100/139 [00:00<00:00, 494.42it/s]100%|██████████| 139/139 [00:00<00:00, 494.99it/s]
  0%|          | 0/18 [00:00<?, ?it/s]100%|██████████| 18/18 [00:00<00:00, 492.91it/s]
  0%|          | 0/76 [00:00<?, ?it/s] 66%|██████▌   | 50/76 [00:00<00:00, 499.25it/s]100%|██████████| 76/76 [00:00<00:00, 497.58it/s]
  0%|          | 0/107 [00:00<?, ?it/s] 47%|████▋     | 50/107 [00:00<00:00, 496.10it/s] 93%|█████████▎| 100/107 [00:00<00:00, 496.47it/s]100%|██████████| 107/107 [00:00<00:00, 496.23it/s]
  0%|          | 0/69 [00:00<?, ?it/s] 72%|███████▏  | 50/69 [00:00<00:00, 493.72it/s]100%|██████████| 69/69 [00:00<00:00, 494.47it/s]
Tokenizing inputs:   0%|          | 0/47868 [00:00<?, ?it/s]Tokenizing inputs:   0%|          | 22/47868 [00:00<03:40, 217.44it/s]Tokenizing inputs:   0%|          | 46/47868 [00:00<03:28, 228.87it/s]Tokenizing inputs:   0%|          | 69/47868 [00:00<03:32, 224.89it/s]Tokenizing inputs:   0%|          | 93/47868 [00:00<03:29, 228.01it/s]Tokenizing inputs:   0%|          | 117/47868 [00:00<03:28, 229.45it/s]Tokenizing inputs:   0%|          | 141/47868 [00:00<03:26, 230.81it/s]Tokenizing inputs:   0%|          | 166/47868 [00:00<03:23, 234.11it/s]Tokenizing inputs:   0%|          | 190/47868 [00:00<03:22, 234.87it/s]Tokenizing inputs:   0%|          | 214/47868 [00:00<03:22, 235.44it/s]Tokenizing inputs:   0%|          | 238/47868 [00:01<03:24, 233.45it/s]Tokenizing inputs:   1%|          | 262/47868 [00:01<03:24, 232.98it/s]Tokenizing inputs:   1%|          | 286/47868 [00:01<03:28, 228.35it/s]Tokenizing inputs:   1%|          | 309/47868 [00:01<03:28, 228.44it/s]Tokenizing inputs:   1%|          | 332/47868 [00:01<03:28, 227.89it/s]Tokenizing inputs:   1%|          | 356/47868 [00:01<03:26, 229.93it/s]Tokenizing inputs:   1%|          | 380/47868 [00:01<03:29, 227.14it/s]Tokenizing inputs:   1%|          | 404/47868 [00:01<03:26, 229.36it/s]Tokenizing inputs:   1%|          | 428/47868 [00:01<03:24, 231.62it/s]Tokenizing inputs:   1%|          | 452/47868 [00:01<03:23, 232.84it/s]Tokenizing inputs:   1%|          | 476/47868 [00:02<03:21, 234.79it/s]Tokenizing inputs:   1%|          | 500/47868 [00:02<03:23, 232.92it/s]Tokenizing inputs:   1%|          | 524/47868 [00:02<03:23, 232.46it/s]Tokenizing inputs:   1%|          | 548/47868 [00:02<03:23, 232.83it/s]Tokenizing inputs:   1%|          | 572/47868 [00:02<03:22, 233.24it/s]Tokenizing inputs:   1%|          | 597/47868 [00:02<03:20, 235.92it/s]Tokenizing inputs:   1%|▏         | 622/47868 [00:02<03:18, 237.79it/s]Tokenizing inputs:   1%|▏         | 647/47868 [00:02<03:18, 238.45it/s]Tokenizing inputs:   1%|▏         | 671/47868 [00:02<03:19, 236.05it/s]Tokenizing inputs:   1%|▏         | 695/47868 [00:02<03:21, 234.69it/s]Tokenizing inputs:   2%|▏         | 720/47868 [00:03<03:19, 236.82it/s]Tokenizing inputs:   2%|▏         | 744/47868 [00:03<03:21, 234.39it/s]Tokenizing inputs:   2%|▏         | 768/47868 [00:03<03:20, 235.00it/s]Tokenizing inputs:   2%|▏         | 793/47868 [00:03<03:17, 238.16it/s]Tokenizing inputs:   2%|▏         | 817/47868 [00:03<03:17, 237.88it/s]Tokenizing inputs:   2%|▏         | 842/47868 [00:03<03:16, 238.93it/s]Tokenizing inputs:   2%|▏         | 866/47868 [00:03<03:18, 237.02it/s]Tokenizing inputs:   2%|▏         | 890/47868 [00:03<03:18, 236.52it/s]Tokenizing inputs:   2%|▏         | 915/47868 [00:03<03:17, 237.57it/s]Tokenizing inputs:   2%|▏         | 939/47868 [00:04<03:17, 237.83it/s]Tokenizing inputs:   2%|▏         | 964/47868 [00:04<03:16, 239.27it/s]Tokenizing inputs:   2%|▏         | 988/47868 [00:04<03:17, 237.77it/s]Tokenizing inputs:   2%|▏         | 1012/47868 [00:04<03:17, 236.91it/s]Tokenizing inputs:   2%|▏         | 1036/47868 [00:04<03:20, 234.06it/s]Tokenizing inputs:   2%|▏         | 1061/47868 [00:04<03:17, 237.27it/s]Tokenizing inputs:   2%|▏         | 1085/47868 [00:04<03:18, 235.72it/s]Tokenizing inputs:   2%|▏         | 1110/47868 [00:04<03:16, 237.47it/s]Tokenizing inputs:   2%|▏         | 1134/47868 [00:04<03:17, 236.65it/s]Tokenizing inputs:   2%|▏         | 1158/47868 [00:04<03:17, 236.19it/s]Tokenizing inputs:   2%|▏         | 1182/47868 [00:05<03:18, 235.74it/s]Tokenizing inputs:   3%|▎         | 1206/47868 [00:05<03:19, 233.53it/s]Tokenizing inputs:   3%|▎         | 1230/47868 [00:05<03:19, 233.20it/s]Tokenizing inputs:   3%|▎         | 1254/47868 [00:05<03:19, 233.09it/s]Tokenizing inputs:   3%|▎         | 1278/47868 [00:05<03:18, 234.67it/s]Tokenizing inputs:   3%|▎         | 1304/47868 [00:05<03:13, 240.92it/s]Tokenizing inputs:   3%|▎         | 1329/47868 [00:05<03:15, 237.94it/s]Tokenizing inputs:   3%|▎         | 1353/47868 [00:05<03:17, 235.33it/s]Tokenizing inputs:   3%|▎         | 1378/47868 [00:05<03:15, 237.66it/s]Tokenizing inputs:   3%|▎         | 1402/47868 [00:05<03:15, 237.30it/s]Tokenizing inputs:   3%|▎         | 1426/47868 [00:06<03:17, 235.37it/s]Tokenizing inputs:   3%|▎         | 1450/47868 [00:06<03:17, 235.24it/s]Tokenizing inputs:   3%|▎         | 1474/47868 [00:06<03:17, 234.68it/s]Tokenizing inputs:   3%|▎         | 1498/47868 [00:06<03:17, 234.30it/s]Tokenizing inputs:   3%|▎         | 1522/47868 [00:06<03:17, 234.10it/s]Tokenizing inputs:   3%|▎         | 1546/47868 [00:06<03:19, 231.91it/s]Tokenizing inputs:   3%|▎         | 1570/47868 [00:06<03:20, 231.40it/s]Tokenizing inputs:   3%|▎         | 1594/47868 [00:06<03:20, 231.07it/s]Tokenizing inputs:   3%|▎         | 1618/47868 [00:06<03:20, 231.19it/s]Tokenizing inputs:   3%|▎         | 1642/47868 [00:07<03:20, 230.88it/s]Tokenizing inputs:   3%|▎         | 1666/47868 [00:07<03:22, 228.16it/s]Tokenizing inputs:   4%|▎         | 1690/47868 [00:07<03:21, 229.18it/s]Tokenizing inputs:   4%|▎         | 1714/47868 [00:07<03:20, 229.88it/s]Tokenizing inputs:   4%|▎         | 1738/47868 [00:07<03:20, 230.25it/s]Tokenizing inputs:   4%|▎         | 1762/47868 [00:07<03:19, 231.05it/s]Tokenizing inputs:   4%|▎         | 1786/47868 [00:07<03:19, 231.52it/s]Tokenizing inputs:   4%|▍         | 1810/47868 [00:07<03:19, 231.32it/s]Tokenizing inputs:   4%|▍         | 1834/47868 [00:07<03:17, 232.86it/s]Tokenizing inputs:   4%|▍         | 1858/47868 [00:07<03:19, 231.03it/s]Tokenizing inputs:   4%|▍         | 1882/47868 [00:08<03:31, 217.39it/s]Tokenizing inputs:   4%|▍         | 1905/47868 [00:08<03:28, 220.40it/s]Tokenizing inputs:   4%|▍         | 1928/47868 [00:08<03:26, 222.45it/s]Tokenizing inputs:   4%|▍         | 1952/47868 [00:08<03:23, 225.47it/s]Tokenizing inputs:   4%|▍         | 1976/47868 [00:08<03:21, 227.55it/s]Tokenizing inputs:   4%|▍         | 1999/47868 [00:08<03:21, 227.37it/s]Tokenizing inputs:   4%|▍         | 2027/47868 [00:08<03:09, 242.27it/s]Tokenizing inputs:   4%|▍         | 2056/47868 [00:08<02:59, 255.33it/s]Tokenizing inputs:   4%|▍         | 2085/47868 [00:08<02:52, 264.84it/s]Tokenizing inputs:   4%|▍         | 2114/47868 [00:08<02:49, 270.67it/s]Tokenizing inputs:   4%|▍         | 2143/47868 [00:09<02:45, 276.22it/s]Tokenizing inputs:   5%|▍         | 2172/47868 [00:09<02:43, 279.34it/s]Tokenizing inputs:   5%|▍         | 2202/47868 [00:09<02:40, 284.05it/s]Tokenizing inputs:   5%|▍         | 2231/47868 [00:09<02:41, 283.14it/s]Tokenizing inputs:   5%|▍         | 2260/47868 [00:09<02:40, 284.47it/s]Tokenizing inputs:   5%|▍         | 2289/47868 [00:09<02:41, 281.97it/s]Tokenizing inputs:   5%|▍         | 2318/47868 [00:09<02:41, 281.73it/s]Tokenizing inputs:   5%|▍         | 2347/47868 [00:09<02:40, 283.18it/s]Tokenizing inputs:   5%|▍         | 2376/47868 [00:09<02:42, 279.18it/s]Tokenizing inputs:   5%|▌         | 2406/47868 [00:10<02:40, 282.49it/s]Tokenizing inputs:   5%|▌         | 2436/47868 [00:10<02:39, 285.28it/s]Tokenizing inputs:   5%|▌         | 2466/47868 [00:10<02:37, 287.57it/s]Tokenizing inputs:   5%|▌         | 2495/47868 [00:10<02:38, 285.95it/s]Tokenizing inputs:   5%|▌         | 2525/47868 [00:10<02:37, 287.13it/s]Tokenizing inputs:   5%|▌         | 2554/47868 [00:10<02:38, 286.32it/s]Tokenizing inputs:   5%|▌         | 2584/47868 [00:10<02:37, 288.18it/s]Tokenizing inputs:   5%|▌         | 2614/47868 [00:10<02:35, 290.21it/s]Tokenizing inputs:   6%|▌         | 2644/47868 [00:10<02:35, 290.18it/s]Tokenizing inputs:   6%|▌         | 2674/47868 [00:10<02:36, 288.24it/s]Tokenizing inputs:   6%|▌         | 2704/47868 [00:11<02:36, 289.30it/s]Tokenizing inputs:   6%|▌         | 2733/47868 [00:11<02:36, 287.71it/s]Tokenizing inputs:   6%|▌         | 2763/47868 [00:11<02:35, 289.92it/s]Tokenizing inputs:   6%|▌         | 2793/47868 [00:11<02:34, 291.16it/s]Tokenizing inputs:   6%|▌         | 2823/47868 [00:11<02:34, 291.14it/s]Tokenizing inputs:   6%|▌         | 2853/47868 [00:11<02:34, 291.55it/s]Tokenizing inputs:   6%|▌         | 2883/47868 [00:11<02:35, 290.10it/s]Tokenizing inputs:   6%|▌         | 2913/47868 [00:11<02:34, 290.06it/s]Tokenizing inputs:   6%|▌         | 2943/47868 [00:11<02:34, 291.63it/s]Tokenizing inputs:   6%|▌         | 2973/47868 [00:11<02:32, 293.70it/s]Tokenizing inputs:   6%|▋         | 3003/47868 [00:12<02:32, 293.74it/s]Tokenizing inputs:   6%|▋         | 3033/47868 [00:12<02:34, 290.78it/s]Tokenizing inputs:   6%|▋         | 3063/47868 [00:12<02:34, 289.97it/s]Tokenizing inputs:   6%|▋         | 3093/47868 [00:12<02:34, 289.96it/s]Tokenizing inputs:   7%|▋         | 3123/47868 [00:12<02:34, 290.50it/s]Tokenizing inputs:   7%|▋         | 3153/47868 [00:12<02:33, 290.78it/s]Tokenizing inputs:   7%|▋         | 3183/47868 [00:12<02:33, 290.76it/s]Tokenizing inputs:   7%|▋         | 3213/47868 [00:12<02:33, 290.78it/s]Tokenizing inputs:   7%|▋         | 3243/47868 [00:12<02:34, 288.91it/s]Tokenizing inputs:   7%|▋         | 3272/47868 [00:13<02:34, 287.94it/s]Tokenizing inputs:   7%|▋         | 3303/47868 [00:13<02:32, 291.84it/s]Tokenizing inputs:   7%|▋         | 3333/47868 [00:13<02:33, 291.03it/s]Tokenizing inputs:   7%|▋         | 3363/47868 [00:13<02:34, 288.65it/s]Tokenizing inputs:   7%|▋         | 3393/47868 [00:13<02:32, 291.21it/s]Tokenizing inputs:   7%|▋         | 3423/47868 [00:13<02:32, 290.74it/s]Tokenizing inputs:   7%|▋         | 3453/47868 [00:13<02:32, 291.19it/s]Tokenizing inputs:   7%|▋         | 3483/47868 [00:13<02:32, 291.13it/s]Tokenizing inputs:   7%|▋         | 3513/47868 [00:13<02:32, 291.54it/s]Tokenizing inputs:   7%|▋         | 3543/47868 [00:13<02:33, 289.30it/s]Tokenizing inputs:   7%|▋         | 3572/47868 [00:14<02:34, 287.54it/s]Tokenizing inputs:   8%|▊         | 3601/47868 [00:14<02:34, 286.57it/s]Tokenizing inputs:   8%|▊         | 3630/47868 [00:14<02:34, 287.15it/s]Tokenizing inputs:   8%|▊         | 3659/47868 [00:14<02:35, 284.33it/s]Tokenizing inputs:   8%|▊         | 3688/47868 [00:14<02:34, 285.43it/s]Tokenizing inputs:   8%|▊         | 3717/47868 [00:14<02:34, 285.63it/s]Tokenizing inputs:   8%|▊         | 3746/47868 [00:14<02:34, 285.97it/s]Tokenizing inputs:   8%|▊         | 3775/47868 [00:14<02:34, 286.19it/s]Tokenizing inputs:   8%|▊         | 3804/47868 [00:14<02:33, 286.46it/s]Tokenizing inputs:   8%|▊         | 3834/47868 [00:14<02:32, 288.86it/s]Tokenizing inputs:   8%|▊         | 3863/47868 [00:15<02:33, 286.69it/s]Tokenizing inputs:   8%|▊         | 3892/47868 [00:15<02:34, 284.94it/s]Tokenizing inputs:   8%|▊         | 3921/47868 [00:15<02:43, 268.20it/s]Tokenizing inputs:   8%|▊         | 3950/47868 [00:15<02:40, 274.27it/s]Tokenizing inputs:   8%|▊         | 3979/47868 [00:15<02:37, 277.82it/s]Tokenizing inputs:   8%|▊         | 4011/47868 [00:15<02:31, 288.98it/s]Tokenizing inputs:   8%|▊         | 4054/47868 [00:15<02:13, 328.78it/s]Tokenizing inputs:   9%|▊         | 4095/47868 [00:15<02:04, 352.43it/s]Tokenizing inputs:   9%|▊         | 4137/47868 [00:15<01:57, 371.92it/s]Tokenizing inputs:   9%|▊         | 4180/47868 [00:15<01:52, 387.51it/s]Tokenizing inputs:   9%|▉         | 4223/47868 [00:16<01:49, 398.77it/s]Tokenizing inputs:   9%|▉         | 4265/47868 [00:16<01:47, 404.13it/s]Tokenizing inputs:   9%|▉         | 4308/47868 [00:16<01:46, 409.04it/s]Tokenizing inputs:   9%|▉         | 4350/47868 [00:16<01:45, 411.67it/s]Tokenizing inputs:   9%|▉         | 4393/47868 [00:16<01:44, 416.76it/s]Tokenizing inputs:   9%|▉         | 4435/47868 [00:16<01:45, 412.31it/s]Tokenizing inputs:   9%|▉         | 4477/47868 [00:16<01:45, 410.96it/s]Tokenizing inputs:   9%|▉         | 4520/47868 [00:16<01:44, 414.46it/s]Tokenizing inputs:  10%|▉         | 4564/47868 [00:16<01:43, 419.28it/s]Tokenizing inputs:  10%|▉         | 4606/47868 [00:17<01:43, 419.43it/s]Tokenizing inputs:  10%|▉         | 4648/47868 [00:17<01:43, 416.24it/s]Tokenizing inputs:  10%|▉         | 4690/47868 [00:17<01:43, 416.42it/s]Tokenizing inputs:  10%|▉         | 4732/47868 [00:17<01:43, 417.39it/s]Tokenizing inputs:  10%|▉         | 4774/47868 [00:17<01:43, 416.82it/s]Tokenizing inputs:  10%|█         | 4817/47868 [00:17<01:43, 417.97it/s]Tokenizing inputs:  10%|█         | 4859/47868 [00:17<01:43, 417.20it/s]Tokenizing inputs:  10%|█         | 4903/47868 [00:17<01:41, 422.15it/s]Tokenizing inputs:  10%|█         | 4946/47868 [00:17<01:43, 416.34it/s]Tokenizing inputs:  10%|█         | 4989/47868 [00:17<01:42, 418.54it/s]Tokenizing inputs:  11%|█         | 5032/47868 [00:18<01:41, 420.36it/s]Tokenizing inputs:  11%|█         | 5075/47868 [00:18<01:41, 421.63it/s]Tokenizing inputs:  11%|█         | 5118/47868 [00:18<01:42, 418.95it/s]Tokenizing inputs:  11%|█         | 5160/47868 [00:18<01:42, 415.42it/s]Tokenizing inputs:  11%|█         | 5202/47868 [00:18<01:42, 414.31it/s]Tokenizing inputs:  11%|█         | 5245/47868 [00:18<01:42, 415.86it/s]Tokenizing inputs:  11%|█         | 5287/47868 [00:18<01:43, 411.95it/s]Tokenizing inputs:  11%|█         | 5329/47868 [00:18<01:43, 411.29it/s]Tokenizing inputs:  11%|█         | 5371/47868 [00:18<01:42, 413.63it/s]Tokenizing inputs:  11%|█▏        | 5413/47868 [00:18<01:42, 413.05it/s]Tokenizing inputs:  11%|█▏        | 5456/47868 [00:19<01:41, 416.03it/s]Tokenizing inputs:  11%|█▏        | 5499/47868 [00:19<01:41, 418.62it/s]Tokenizing inputs:  12%|█▏        | 5542/47868 [00:19<01:41, 418.95it/s]Tokenizing inputs:  12%|█▏        | 5584/47868 [00:19<01:42, 414.30it/s]Tokenizing inputs:  12%|█▏        | 5626/47868 [00:19<01:42, 411.09it/s]Tokenizing inputs:  12%|█▏        | 5668/47868 [00:19<01:42, 410.83it/s]Tokenizing inputs:  12%|█▏        | 5710/47868 [00:19<01:42, 411.44it/s]Tokenizing inputs:  12%|█▏        | 5753/47868 [00:19<01:41, 414.16it/s]Tokenizing inputs:  12%|█▏        | 5795/47868 [00:19<01:41, 412.71it/s]Tokenizing inputs:  12%|█▏        | 5837/47868 [00:19<01:41, 414.67it/s]Tokenizing inputs:  12%|█▏        | 5879/47868 [00:20<01:42, 411.36it/s]Tokenizing inputs:  12%|█▏        | 5921/47868 [00:20<01:42, 410.22it/s]Tokenizing inputs:  12%|█▏        | 5963/47868 [00:20<01:45, 397.86it/s]Tokenizing inputs:  13%|█▎        | 6003/47868 [00:20<01:45, 395.18it/s]Tokenizing inputs:  13%|█▎        | 6043/47868 [00:20<02:07, 328.57it/s]Tokenizing inputs:  13%|█▎        | 6078/47868 [00:20<02:19, 298.50it/s]Tokenizing inputs:  13%|█▎        | 6110/47868 [00:20<02:30, 277.91it/s]Tokenizing inputs:  13%|█▎        | 6139/47868 [00:20<02:38, 262.95it/s]Tokenizing inputs:  13%|█▎        | 6167/47868 [00:21<02:43, 255.75it/s]Tokenizing inputs:  13%|█▎        | 6194/47868 [00:21<02:48, 247.88it/s]Tokenizing inputs:  13%|█▎        | 6220/47868 [00:21<02:51, 243.44it/s]Tokenizing inputs:  13%|█▎        | 6245/47868 [00:21<02:53, 239.34it/s]Tokenizing inputs:  13%|█▎        | 6270/47868 [00:21<02:54, 238.01it/s]Tokenizing inputs:  13%|█▎        | 6294/47868 [00:21<02:58, 233.51it/s]Tokenizing inputs:  13%|█▎        | 6318/47868 [00:21<02:58, 233.03it/s]Tokenizing inputs:  13%|█▎        | 6342/47868 [00:21<02:59, 231.70it/s]Tokenizing inputs:  13%|█▎        | 6367/47868 [00:21<02:56, 234.65it/s]Tokenizing inputs:  13%|█▎        | 6392/47868 [00:22<02:54, 237.54it/s]Tokenizing inputs:  13%|█▎        | 6416/47868 [00:22<02:56, 234.73it/s]Tokenizing inputs:  13%|█▎        | 6440/47868 [00:22<02:55, 235.52it/s]Tokenizing inputs:  14%|█▎        | 6464/47868 [00:22<02:55, 235.88it/s]Tokenizing inputs:  14%|█▎        | 6489/47868 [00:22<02:52, 239.77it/s]Tokenizing inputs:  14%|█▎        | 6513/47868 [00:22<02:55, 235.96it/s]Tokenizing inputs:  14%|█▎        | 6537/47868 [00:22<02:58, 232.02it/s]Tokenizing inputs:  14%|█▎        | 6562/47868 [00:22<02:55, 235.65it/s]Tokenizing inputs:  14%|█▍        | 6586/47868 [00:22<02:54, 236.43it/s]Tokenizing inputs:  14%|█▍        | 6611/47868 [00:22<02:53, 237.61it/s]Tokenizing inputs:  14%|█▍        | 6635/47868 [00:23<02:55, 234.32it/s]Tokenizing inputs:  14%|█▍        | 6659/47868 [00:23<02:55, 235.31it/s]Tokenizing inputs:  14%|█▍        | 6683/47868 [00:23<02:55, 234.49it/s]Tokenizing inputs:  14%|█▍        | 6707/47868 [00:23<02:56, 233.03it/s]Tokenizing inputs:  14%|█▍        | 6731/47868 [00:23<02:56, 232.43it/s]Tokenizing inputs:  14%|█▍        | 6755/47868 [00:23<02:57, 231.39it/s]Tokenizing inputs:  14%|█▍        | 6779/47868 [00:23<02:57, 231.19it/s]Tokenizing inputs:  14%|█▍        | 6803/47868 [00:23<02:59, 229.32it/s]Tokenizing inputs:  14%|█▍        | 6827/47868 [00:23<02:58, 230.28it/s]Tokenizing inputs:  14%|█▍        | 6851/47868 [00:24<03:01, 226.13it/s]Tokenizing inputs:  14%|█▍        | 6874/47868 [00:24<03:01, 226.37it/s]Tokenizing inputs:  14%|█▍        | 6899/47868 [00:24<02:56, 231.93it/s]Tokenizing inputs:  14%|█▍        | 6923/47868 [00:24<02:56, 231.59it/s]Tokenizing inputs:  15%|█▍        | 6947/47868 [00:24<02:56, 231.43it/s]Tokenizing inputs:  15%|█▍        | 6971/47868 [00:24<02:57, 230.55it/s]Tokenizing inputs:  15%|█▍        | 6995/47868 [00:24<02:55, 232.68it/s]Tokenizing inputs:  15%|█▍        | 7019/47868 [00:24<02:54, 234.40it/s]Tokenizing inputs:  15%|█▍        | 7044/47868 [00:24<02:52, 236.54it/s]Tokenizing inputs:  15%|█▍        | 7069/47868 [00:24<02:50, 239.67it/s]Tokenizing inputs:  15%|█▍        | 7093/47868 [00:25<02:50, 238.77it/s]Tokenizing inputs:  15%|█▍        | 7117/47868 [00:25<02:52, 236.13it/s]Tokenizing inputs:  15%|█▍        | 7141/47868 [00:25<02:56, 231.14it/s]Tokenizing inputs:  15%|█▍        | 7165/47868 [00:25<02:56, 230.62it/s]Tokenizing inputs:  15%|█▌        | 7189/47868 [00:25<02:55, 232.16it/s]Tokenizing inputs:  15%|█▌        | 7213/47868 [00:25<02:56, 230.79it/s]Tokenizing inputs:  15%|█▌        | 7237/47868 [00:25<02:57, 229.31it/s]Tokenizing inputs:  15%|█▌        | 7261/47868 [00:25<02:56, 230.36it/s]Tokenizing inputs:  15%|█▌        | 7286/47868 [00:25<02:53, 233.47it/s]Tokenizing inputs:  15%|█▌        | 7310/47868 [00:26<02:53, 233.19it/s]Tokenizing inputs:  15%|█▌        | 7334/47868 [00:26<02:53, 233.67it/s]Tokenizing inputs:  15%|█▌        | 7358/47868 [00:26<02:54, 232.44it/s]Tokenizing inputs:  15%|█▌        | 7382/47868 [00:26<02:54, 232.65it/s]Tokenizing inputs:  15%|█▌        | 7406/47868 [00:26<02:54, 232.43it/s]Tokenizing inputs:  16%|█▌        | 7430/47868 [00:26<02:53, 232.69it/s]Tokenizing inputs:  16%|█▌        | 7455/47868 [00:26<02:50, 236.80it/s]Tokenizing inputs:  16%|█▌        | 7479/47868 [00:26<02:51, 235.35it/s]Tokenizing inputs:  16%|█▌        | 7503/47868 [00:26<02:52, 234.40it/s]Tokenizing inputs:  16%|█▌        | 7527/47868 [00:26<02:53, 232.09it/s]Tokenizing inputs:  16%|█▌        | 7552/47868 [00:27<02:51, 234.89it/s]Tokenizing inputs:  16%|█▌        | 7576/47868 [00:27<02:51, 234.27it/s]Tokenizing inputs:  16%|█▌        | 7600/47868 [00:27<02:51, 234.86it/s]Tokenizing inputs:  16%|█▌        | 7624/47868 [00:27<02:51, 235.17it/s]Tokenizing inputs:  16%|█▌        | 7648/47868 [00:27<02:50, 236.26it/s]Tokenizing inputs:  16%|█▌        | 7672/47868 [00:27<02:51, 234.01it/s]Tokenizing inputs:  16%|█▌        | 7697/47868 [00:27<02:50, 236.20it/s]Tokenizing inputs:  16%|█▌        | 7721/47868 [00:27<02:50, 235.33it/s]Tokenizing inputs:  16%|█▌        | 7745/47868 [00:27<02:52, 232.95it/s]Tokenizing inputs:  16%|█▌        | 7770/47868 [00:27<02:49, 236.22it/s]Tokenizing inputs:  16%|█▋        | 7794/47868 [00:28<02:50, 235.41it/s]Tokenizing inputs:  16%|█▋        | 7819/47868 [00:28<02:48, 237.06it/s]Tokenizing inputs:  16%|█▋        | 7844/47868 [00:28<02:47, 238.72it/s]Tokenizing inputs:  16%|█▋        | 7868/47868 [00:28<02:49, 235.93it/s]Tokenizing inputs:  16%|█▋        | 7892/47868 [00:28<02:51, 232.47it/s]Tokenizing inputs:  17%|█▋        | 7916/47868 [00:28<02:50, 234.35it/s]Tokenizing inputs:  17%|█▋        | 7940/47868 [00:28<02:51, 232.70it/s]Tokenizing inputs:  17%|█▋        | 7964/47868 [00:28<02:51, 232.75it/s]Tokenizing inputs:  17%|█▋        | 7988/47868 [00:28<03:03, 217.34it/s]Tokenizing inputs:  17%|█▋        | 8019/47868 [00:29<02:44, 241.64it/s]Tokenizing inputs:  17%|█▋        | 8059/47868 [00:29<02:19, 285.37it/s]Tokenizing inputs:  17%|█▋        | 8099/47868 [00:29<02:05, 316.61it/s]Tokenizing inputs:  17%|█▋        | 8139/47868 [00:29<01:57, 339.04it/s]Tokenizing inputs:  17%|█▋        | 8179/47868 [00:29<01:51, 356.23it/s]Tokenizing inputs:  17%|█▋        | 8219/47868 [00:29<01:47, 368.58it/s]Tokenizing inputs:  17%|█▋        | 8259/47868 [00:29<01:45, 375.27it/s]Tokenizing inputs:  17%|█▋        | 8297/47868 [00:29<01:45, 375.87it/s]Tokenizing inputs:  17%|█▋        | 8337/47868 [00:29<01:43, 380.15it/s]Tokenizing inputs:  17%|█▋        | 8376/47868 [00:29<01:43, 380.28it/s]Tokenizing inputs:  18%|█▊        | 8416/47868 [00:30<01:42, 385.87it/s]Tokenizing inputs:  18%|█▊        | 8456/47868 [00:30<01:41, 389.96it/s]Tokenizing inputs:  18%|█▊        | 8496/47868 [00:30<01:41, 389.80it/s]Tokenizing inputs:  18%|█▊        | 8536/47868 [00:30<01:40, 392.01it/s]Tokenizing inputs:  18%|█▊        | 8576/47868 [00:30<01:39, 393.77it/s]Tokenizing inputs:  18%|█▊        | 8617/47868 [00:30<01:38, 397.13it/s]Tokenizing inputs:  18%|█▊        | 8657/47868 [00:30<01:38, 396.57it/s]Tokenizing inputs:  18%|█▊        | 8697/47868 [00:30<01:38, 396.20it/s]Tokenizing inputs:  18%|█▊        | 8737/47868 [00:30<01:38, 396.31it/s]Tokenizing inputs:  18%|█▊        | 8777/47868 [00:30<01:38, 395.10it/s]Tokenizing inputs:  18%|█▊        | 8817/47868 [00:31<01:38, 395.42it/s]Tokenizing inputs:  19%|█▊        | 8857/47868 [00:31<01:38, 394.16it/s]Tokenizing inputs:  19%|█▊        | 8897/47868 [00:31<01:39, 392.06it/s]Tokenizing inputs:  19%|█▊        | 8937/47868 [00:31<01:39, 392.86it/s]Tokenizing inputs:  19%|█▉        | 8977/47868 [00:31<01:40, 386.39it/s]Tokenizing inputs:  19%|█▉        | 9016/47868 [00:31<01:40, 384.91it/s]Tokenizing inputs:  19%|█▉        | 9055/47868 [00:31<01:41, 383.30it/s]Tokenizing inputs:  19%|█▉        | 9094/47868 [00:31<01:41, 382.35it/s]Tokenizing inputs:  19%|█▉        | 9134/47868 [00:31<01:40, 385.05it/s]Tokenizing inputs:  19%|█▉        | 9173/47868 [00:31<01:40, 384.68it/s]Tokenizing inputs:  19%|█▉        | 9212/47868 [00:32<01:40, 383.20it/s]Tokenizing inputs:  19%|█▉        | 9251/47868 [00:32<01:41, 379.49it/s]Tokenizing inputs:  19%|█▉        | 9291/47868 [00:32<01:40, 384.41it/s]Tokenizing inputs:  19%|█▉        | 9331/47868 [00:32<01:39, 386.34it/s]Tokenizing inputs:  20%|█▉        | 9370/47868 [00:32<01:40, 382.88it/s]Tokenizing inputs:  20%|█▉        | 9409/47868 [00:32<01:40, 384.20it/s]Tokenizing inputs:  20%|█▉        | 9448/47868 [00:32<01:39, 385.31it/s]Tokenizing inputs:  20%|█▉        | 9487/47868 [00:32<01:39, 383.88it/s]Tokenizing inputs:  20%|█▉        | 9526/47868 [00:32<01:40, 383.14it/s]Tokenizing inputs:  20%|█▉        | 9565/47868 [00:32<01:40, 381.09it/s]Tokenizing inputs:  20%|██        | 9604/47868 [00:33<01:40, 379.78it/s]Tokenizing inputs:  20%|██        | 9643/47868 [00:33<01:40, 380.53it/s]Tokenizing inputs:  20%|██        | 9682/47868 [00:33<01:41, 377.03it/s]Tokenizing inputs:  20%|██        | 9720/47868 [00:33<01:41, 376.73it/s]Tokenizing inputs:  20%|██        | 9759/47868 [00:33<01:40, 378.93it/s]Tokenizing inputs:  20%|██        | 9798/47868 [00:33<01:40, 379.41it/s]Tokenizing inputs:  21%|██        | 9837/47868 [00:33<01:39, 382.14it/s]Tokenizing inputs:  21%|██        | 9876/47868 [00:33<01:40, 376.44it/s]Tokenizing inputs:  21%|██        | 9914/47868 [00:33<01:41, 374.60it/s]Tokenizing inputs:  21%|██        | 9952/47868 [00:34<01:40, 375.70it/s]Tokenizing inputs:  21%|██        | 9990/47868 [00:34<01:41, 374.73it/s]Tokenizing inputs:  21%|██        | 10028/47868 [00:34<01:48, 348.58it/s]Tokenizing inputs:  21%|██        | 10064/47868 [00:34<01:50, 343.40it/s]Tokenizing inputs:  21%|██        | 10099/47868 [00:34<01:51, 339.41it/s]Tokenizing inputs:  21%|██        | 10134/47868 [00:34<01:52, 336.47it/s]Tokenizing inputs:  21%|██        | 10168/47868 [00:34<01:52, 335.95it/s]Tokenizing inputs:  21%|██▏       | 10202/47868 [00:34<01:52, 336.06it/s]Tokenizing inputs:  21%|██▏       | 10236/47868 [00:34<01:52, 333.45it/s]Tokenizing inputs:  21%|██▏       | 10270/47868 [00:34<01:54, 328.68it/s]Tokenizing inputs:  22%|██▏       | 10303/47868 [00:35<01:54, 327.12it/s]Tokenizing inputs:  22%|██▏       | 10336/47868 [00:35<01:54, 326.85it/s]Tokenizing inputs:  22%|██▏       | 10369/47868 [00:35<01:56, 322.30it/s]Tokenizing inputs:  22%|██▏       | 10402/47868 [00:35<01:55, 323.83it/s]Tokenizing inputs:  22%|██▏       | 10436/47868 [00:35<01:54, 326.96it/s]Tokenizing inputs:  22%|██▏       | 10470/47868 [00:35<01:53, 330.68it/s]Tokenizing inputs:  22%|██▏       | 10504/47868 [00:35<01:53, 329.10it/s]Tokenizing inputs:  22%|██▏       | 10537/47868 [00:35<01:53, 328.25it/s]Tokenizing inputs:  22%|██▏       | 10571/47868 [00:35<01:53, 329.36it/s]Tokenizing inputs:  22%|██▏       | 10605/47868 [00:36<01:52, 331.30it/s]Tokenizing inputs:  22%|██▏       | 10639/47868 [00:36<01:51, 332.57it/s]Tokenizing inputs:  22%|██▏       | 10673/47868 [00:36<01:52, 330.69it/s]Tokenizing inputs:  22%|██▏       | 10707/47868 [00:36<01:52, 330.45it/s]Tokenizing inputs:  22%|██▏       | 10741/47868 [00:36<01:53, 328.49it/s]Tokenizing inputs:  23%|██▎       | 10775/47868 [00:36<01:52, 329.02it/s]Tokenizing inputs:  23%|██▎       | 10809/47868 [00:36<01:51, 331.61it/s]Tokenizing inputs:  23%|██▎       | 10843/47868 [00:36<01:51, 332.53it/s]Tokenizing inputs:  23%|██▎       | 10877/47868 [00:36<01:52, 329.28it/s]Tokenizing inputs:  23%|██▎       | 10910/47868 [00:36<01:52, 329.39it/s]Tokenizing inputs:  23%|██▎       | 10944/47868 [00:37<01:51, 330.77it/s]Tokenizing inputs:  23%|██▎       | 10978/47868 [00:37<01:50, 332.92it/s]Tokenizing inputs:  23%|██▎       | 11012/47868 [00:37<01:50, 332.66it/s]Tokenizing inputs:  23%|██▎       | 11046/47868 [00:37<01:52, 328.35it/s]Tokenizing inputs:  23%|██▎       | 11080/47868 [00:37<01:51, 328.96it/s]Tokenizing inputs:  23%|██▎       | 11113/47868 [00:37<01:51, 329.26it/s]Tokenizing inputs:  23%|██▎       | 11146/47868 [00:37<01:51, 329.30it/s]Tokenizing inputs:  23%|██▎       | 11179/47868 [00:37<01:51, 329.48it/s]Tokenizing inputs:  23%|██▎       | 11213/47868 [00:37<01:51, 330.08it/s]Tokenizing inputs:  23%|██▎       | 11247/47868 [00:37<01:51, 328.56it/s]Tokenizing inputs:  24%|██▎       | 11280/47868 [00:38<01:51, 328.16it/s]Tokenizing inputs:  24%|██▎       | 11314/47868 [00:38<01:50, 331.12it/s]Tokenizing inputs:  24%|██▎       | 11348/47868 [00:38<01:51, 328.52it/s]Tokenizing inputs:  24%|██▍       | 11382/47868 [00:38<01:50, 329.00it/s]Tokenizing inputs:  24%|██▍       | 11415/47868 [00:38<01:50, 328.60it/s]Tokenizing inputs:  24%|██▍       | 11449/47868 [00:38<01:50, 329.16it/s]Tokenizing inputs:  24%|██▍       | 11483/47868 [00:38<01:50, 329.78it/s]Tokenizing inputs:  24%|██▍       | 11517/47868 [00:38<01:50, 329.82it/s]Tokenizing inputs:  24%|██▍       | 11550/47868 [00:38<01:51, 326.68it/s]Tokenizing inputs:  24%|██▍       | 11583/47868 [00:38<01:52, 322.16it/s]Tokenizing inputs:  24%|██▍       | 11616/47868 [00:39<01:52, 322.11it/s]Tokenizing inputs:  24%|██▍       | 11649/47868 [00:39<01:51, 323.53it/s]Tokenizing inputs:  24%|██▍       | 11682/47868 [00:39<01:52, 322.08it/s]Tokenizing inputs:  24%|██▍       | 11715/47868 [00:39<01:52, 322.63it/s]Tokenizing inputs:  25%|██▍       | 11748/47868 [00:39<01:51, 323.00it/s]Tokenizing inputs:  25%|██▍       | 11781/47868 [00:39<01:51, 323.04it/s]Tokenizing inputs:  25%|██▍       | 11814/47868 [00:39<01:51, 323.08it/s]Tokenizing inputs:  25%|██▍       | 11847/47868 [00:39<01:50, 325.02it/s]Tokenizing inputs:  25%|██▍       | 11880/47868 [00:39<01:50, 324.40it/s]Tokenizing inputs:  25%|██▍       | 11913/47868 [00:40<01:52, 320.28it/s]Tokenizing inputs:  25%|██▍       | 11946/47868 [00:40<01:51, 320.88it/s]Tokenizing inputs:  25%|██▌       | 11979/47868 [00:40<01:51, 320.57it/s]Tokenizing inputs:  25%|██▌       | 12012/47868 [00:40<01:52, 317.48it/s]Tokenizing inputs:  25%|██▌       | 12044/47868 [00:40<01:54, 312.83it/s]Tokenizing inputs:  25%|██▌       | 12076/47868 [00:40<02:02, 291.89it/s]Tokenizing inputs:  25%|██▌       | 12106/47868 [00:40<02:02, 292.67it/s]Tokenizing inputs:  25%|██▌       | 12136/47868 [00:40<02:01, 293.60it/s]Tokenizing inputs:  25%|██▌       | 12167/47868 [00:40<02:00, 297.08it/s]Tokenizing inputs:  25%|██▌       | 12198/47868 [00:40<01:59, 299.59it/s]Tokenizing inputs:  26%|██▌       | 12229/47868 [00:41<01:58, 300.78it/s]Tokenizing inputs:  26%|██▌       | 12260/47868 [00:41<01:58, 301.15it/s]Tokenizing inputs:  26%|██▌       | 12291/47868 [00:41<01:58, 301.38it/s]Tokenizing inputs:  26%|██▌       | 12322/47868 [00:41<01:58, 300.92it/s]Tokenizing inputs:  26%|██▌       | 12353/47868 [00:41<01:58, 300.17it/s]Tokenizing inputs:  26%|██▌       | 12384/47868 [00:41<01:58, 298.49it/s]Tokenizing inputs:  26%|██▌       | 12414/47868 [00:41<01:59, 297.25it/s]Tokenizing inputs:  26%|██▌       | 12444/47868 [00:41<01:59, 296.49it/s]Tokenizing inputs:  26%|██▌       | 12475/47868 [00:41<01:58, 297.61it/s]Tokenizing inputs:  26%|██▌       | 12505/47868 [00:41<01:59, 294.94it/s]Tokenizing inputs:  26%|██▌       | 12535/47868 [00:42<01:59, 296.03it/s]Tokenizing inputs:  26%|██▌       | 12565/47868 [00:42<01:58, 296.67it/s]Tokenizing inputs:  26%|██▋       | 12595/47868 [00:42<01:58, 296.42it/s]Tokenizing inputs:  26%|██▋       | 12625/47868 [00:42<01:58, 297.28it/s]Tokenizing inputs:  26%|██▋       | 12655/47868 [00:42<01:58, 297.88it/s]Tokenizing inputs:  27%|██▋       | 12686/47868 [00:42<01:57, 299.34it/s]Tokenizing inputs:  27%|██▋       | 12716/47868 [00:42<01:58, 296.29it/s]Tokenizing inputs:  27%|██▋       | 12746/47868 [00:42<01:59, 294.52it/s]Tokenizing inputs:  27%|██▋       | 12776/47868 [00:42<01:59, 294.23it/s]Tokenizing inputs:  27%|██▋       | 12806/47868 [00:43<01:58, 294.76it/s]Tokenizing inputs:  27%|██▋       | 12836/47868 [00:43<01:58, 294.40it/s]Tokenizing inputs:  27%|██▋       | 12866/47868 [00:43<01:59, 292.57it/s]Tokenizing inputs:  27%|██▋       | 12896/47868 [00:43<01:59, 292.90it/s]Tokenizing inputs:  27%|██▋       | 12926/47868 [00:43<02:01, 287.17it/s]Tokenizing inputs:  27%|██▋       | 12956/47868 [00:43<02:00, 289.17it/s]Tokenizing inputs:  27%|██▋       | 12986/47868 [00:43<01:59, 291.01it/s]Tokenizing inputs:  27%|██▋       | 13016/47868 [00:43<02:00, 289.66it/s]Tokenizing inputs:  27%|██▋       | 13046/47868 [00:43<01:59, 292.56it/s]Tokenizing inputs:  27%|██▋       | 13077/47868 [00:43<01:57, 296.12it/s]Tokenizing inputs:  27%|██▋       | 13107/47868 [00:44<01:57, 296.70it/s]Tokenizing inputs:  27%|██▋       | 13137/47868 [00:44<01:57, 296.23it/s]Tokenizing inputs:  28%|██▊       | 13167/47868 [00:44<01:56, 297.17it/s]Tokenizing inputs:  28%|██▊       | 13198/47868 [00:44<01:56, 298.10it/s]Tokenizing inputs:  28%|██▊       | 13229/47868 [00:44<01:55, 299.46it/s]Tokenizing inputs:  28%|██▊       | 13259/47868 [00:44<01:55, 299.20it/s]Tokenizing inputs:  28%|██▊       | 13290/47868 [00:44<01:55, 300.21it/s]Tokenizing inputs:  28%|██▊       | 13321/47868 [00:44<01:55, 299.42it/s]Tokenizing inputs:  28%|██▊       | 13352/47868 [00:44<01:55, 299.95it/s]Tokenizing inputs:  28%|██▊       | 13382/47868 [00:44<01:54, 299.95it/s]Tokenizing inputs:  28%|██▊       | 13412/47868 [00:45<01:54, 299.92it/s]Tokenizing inputs:  28%|██▊       | 13443/47868 [00:45<01:54, 300.83it/s]Tokenizing inputs:  28%|██▊       | 13474/47868 [00:45<01:54, 301.30it/s]Tokenizing inputs:  28%|██▊       | 13505/47868 [00:45<01:54, 299.18it/s]Tokenizing inputs:  28%|██▊       | 13535/47868 [00:45<01:54, 298.93it/s]Tokenizing inputs:  28%|██▊       | 13566/47868 [00:45<01:54, 300.13it/s]Tokenizing inputs:  28%|██▊       | 13597/47868 [00:45<01:53, 301.93it/s]Tokenizing inputs:  28%|██▊       | 13628/47868 [00:45<01:53, 302.20it/s]Tokenizing inputs:  29%|██▊       | 13659/47868 [00:45<01:54, 299.98it/s]Tokenizing inputs:  29%|██▊       | 13690/47868 [00:45<01:54, 298.24it/s]Tokenizing inputs:  29%|██▊       | 13720/47868 [00:46<01:54, 298.02it/s]Tokenizing inputs:  29%|██▊       | 13751/47868 [00:46<01:54, 299.15it/s]Tokenizing inputs:  29%|██▉       | 13781/47868 [00:46<01:54, 298.22it/s]Tokenizing inputs:  29%|██▉       | 13811/47868 [00:46<01:54, 298.07it/s]Tokenizing inputs:  29%|██▉       | 13841/47868 [00:46<01:54, 298.22it/s]Tokenizing inputs:  29%|██▉       | 13871/47868 [00:46<01:54, 297.22it/s]Tokenizing inputs:  29%|██▉       | 13901/47868 [00:46<01:54, 296.11it/s]Tokenizing inputs:  29%|██▉       | 13933/47868 [00:46<01:52, 300.40it/s]Tokenizing inputs:  29%|██▉       | 13964/47868 [00:46<01:53, 297.85it/s]Tokenizing inputs:  29%|██▉       | 13994/47868 [00:46<01:54, 296.83it/s]Tokenizing inputs:  29%|██▉       | 14078/47868 [00:47<01:14, 456.52it/s]Tokenizing inputs:  30%|██▉       | 14163/47868 [00:47<00:58, 571.45it/s]Tokenizing inputs:  30%|██▉       | 14282/47868 [00:47<00:44, 754.00it/s]Tokenizing inputs:  30%|███       | 14405/47868 [00:47<00:37, 893.69it/s]Tokenizing inputs:  30%|███       | 14504/47868 [00:47<00:36, 920.43it/s]Tokenizing inputs:  30%|███       | 14599/47868 [00:47<00:35, 927.04it/s]Tokenizing inputs:  31%|███       | 14692/47868 [00:47<00:36, 897.53it/s]Tokenizing inputs:  31%|███       | 14783/47868 [00:47<00:40, 825.38it/s]Tokenizing inputs:  31%|███       | 14867/47868 [00:48<00:50, 659.71it/s]Tokenizing inputs:  31%|███       | 14939/47868 [00:48<00:56, 586.16it/s]Tokenizing inputs:  31%|███▏      | 15014/47868 [00:48<00:52, 622.08it/s]Tokenizing inputs:  32%|███▏      | 15081/47868 [00:48<00:52, 625.58it/s]Tokenizing inputs:  32%|███▏      | 15171/47868 [00:48<00:47, 693.61it/s]Tokenizing inputs:  32%|███▏      | 15244/47868 [00:48<00:47, 689.01it/s]Tokenizing inputs:  32%|███▏      | 15316/47868 [00:48<00:50, 641.68it/s]Tokenizing inputs:  32%|███▏      | 15383/47868 [00:48<00:53, 609.87it/s]Tokenizing inputs:  32%|███▏      | 15456/47868 [00:48<00:50, 640.91it/s]Tokenizing inputs:  32%|███▏      | 15522/47868 [00:49<00:52, 619.42it/s]Tokenizing inputs:  33%|███▎      | 15586/47868 [00:49<00:51, 621.56it/s]Tokenizing inputs:  33%|███▎      | 15683/47868 [00:49<00:44, 717.52it/s]Tokenizing inputs:  33%|███▎      | 15757/47868 [00:49<00:44, 723.61it/s]Tokenizing inputs:  33%|███▎      | 15831/47868 [00:49<00:44, 717.80it/s]Tokenizing inputs:  33%|███▎      | 15967/47868 [00:49<00:35, 902.60it/s]Tokenizing inputs:  34%|███▎      | 16104/47868 [00:49<00:30, 1038.16it/s]Tokenizing inputs:  34%|███▍      | 16209/47868 [00:49<00:32, 977.56it/s] Tokenizing inputs:  34%|███▍      | 16309/47868 [00:50<00:40, 779.14it/s]Tokenizing inputs:  34%|███▍      | 16395/47868 [00:50<00:46, 676.07it/s]Tokenizing inputs:  34%|███▍      | 16470/47868 [00:50<00:54, 577.28it/s]Tokenizing inputs:  35%|███▍      | 16534/47868 [00:50<01:01, 510.36it/s]Tokenizing inputs:  35%|███▍      | 16602/47868 [00:50<00:57, 544.47it/s]Tokenizing inputs:  35%|███▍      | 16668/47868 [00:50<00:54, 569.38it/s]Tokenizing inputs:  35%|███▍      | 16737/47868 [00:50<00:51, 598.69it/s]Tokenizing inputs:  35%|███▌      | 16801/47868 [00:50<00:51, 599.76it/s]Tokenizing inputs:  35%|███▌      | 16864/47868 [00:51<00:53, 576.47it/s]Tokenizing inputs:  35%|███▌      | 16924/47868 [00:51<01:05, 471.28it/s]Tokenizing inputs:  35%|███▌      | 16976/47868 [00:51<01:18, 394.58it/s]Tokenizing inputs:  36%|███▌      | 17020/47868 [00:51<01:48, 284.66it/s]Tokenizing inputs:  36%|███▌      | 17067/47868 [00:51<01:37, 317.37it/s]Tokenizing inputs:  36%|███▌      | 17126/47868 [00:51<01:22, 372.12it/s]Tokenizing inputs:  36%|███▌      | 17194/47868 [00:52<01:09, 440.51it/s]Tokenizing inputs:  36%|███▌      | 17246/47868 [00:52<01:30, 338.64it/s]Tokenizing inputs:  36%|███▌      | 17289/47868 [00:52<01:50, 275.90it/s]Tokenizing inputs:  36%|███▌      | 17324/47868 [00:52<02:04, 245.12it/s]Tokenizing inputs:  36%|███▋      | 17354/47868 [00:52<02:02, 248.23it/s]Tokenizing inputs:  36%|███▋      | 17437/47868 [00:52<01:23, 364.71it/s]Tokenizing inputs:  37%|███▋      | 17519/47868 [00:53<01:05, 465.78it/s]Tokenizing inputs:  37%|███▋      | 17609/47868 [00:53<00:53, 570.17it/s]Tokenizing inputs:  37%|███▋      | 17678/47868 [00:53<00:50, 600.50it/s]Tokenizing inputs:  37%|███▋      | 17745/47868 [00:53<00:49, 606.57it/s]Tokenizing inputs:  37%|███▋      | 17811/47868 [00:53<00:49, 601.25it/s]Tokenizing inputs:  37%|███▋      | 17907/47868 [00:53<00:43, 691.90it/s]Tokenizing inputs:  38%|███▊      | 17980/47868 [00:53<00:44, 666.10it/s]Tokenizing inputs:  38%|███▊      | 18089/47868 [00:53<00:38, 781.74it/s]Tokenizing inputs:  38%|███▊      | 18171/47868 [00:53<00:37, 792.33it/s]Tokenizing inputs:  38%|███▊      | 18253/47868 [00:54<00:37, 792.99it/s]Tokenizing inputs:  38%|███▊      | 18394/47868 [00:54<00:30, 969.93it/s]Tokenizing inputs:  39%|███▊      | 18530/47868 [00:54<00:27, 1083.01it/s]Tokenizing inputs:  39%|███▉      | 18640/47868 [00:54<00:29, 980.21it/s] Tokenizing inputs:  39%|███▉      | 18741/47868 [00:54<00:36, 799.73it/s]Tokenizing inputs:  39%|███▉      | 18828/47868 [00:54<00:40, 710.80it/s]Tokenizing inputs:  39%|███▉      | 18905/47868 [00:54<00:50, 569.26it/s]Tokenizing inputs:  40%|███▉      | 18979/47868 [00:55<00:47, 603.38it/s]Tokenizing inputs:  40%|███▉      | 19051/47868 [00:55<00:45, 629.02it/s]Tokenizing inputs:  40%|███▉      | 19134/47868 [00:55<00:42, 677.17it/s]Tokenizing inputs:  40%|████      | 19207/47868 [00:55<00:42, 680.01it/s]Tokenizing inputs:  40%|████      | 19279/47868 [00:55<00:43, 658.67it/s]Tokenizing inputs:  40%|████      | 19348/47868 [00:55<00:51, 557.45it/s]Tokenizing inputs:  41%|████      | 19408/47868 [00:55<01:22, 343.00it/s]Tokenizing inputs:  41%|████      | 19455/47868 [00:56<01:20, 352.82it/s]Tokenizing inputs:  41%|████      | 19519/47868 [00:56<01:09, 407.37it/s]Tokenizing inputs:  41%|████      | 19591/47868 [00:56<00:59, 474.53it/s]Tokenizing inputs:  41%|████      | 19648/47868 [00:56<01:16, 367.26it/s]Tokenizing inputs:  41%|████      | 19695/47868 [00:56<01:35, 296.41it/s]Tokenizing inputs:  41%|████      | 19734/47868 [00:57<01:48, 259.65it/s]Tokenizing inputs:  41%|████▏     | 19800/47868 [00:57<01:25, 329.03it/s]Tokenizing inputs:  42%|████▏     | 19867/47868 [00:57<01:10, 396.24it/s]Tokenizing inputs:  42%|████▏     | 19966/47868 [00:57<00:53, 526.22it/s]Tokenizing inputs:  42%|████▏     | 20046/47868 [00:57<00:47, 591.82it/s]Tokenizing inputs:  42%|████▏     | 20115/47868 [00:57<00:46, 591.13it/s]Tokenizing inputs:  42%|████▏     | 20181/47868 [00:57<00:46, 593.77it/s]Tokenizing inputs:  42%|████▏     | 20254/47868 [00:57<00:43, 628.92it/s]Tokenizing inputs:  42%|████▏     | 20322/47868 [00:57<00:43, 638.75it/s]Tokenizing inputs:  43%|████▎     | 20395/47868 [00:57<00:41, 664.12it/s]Tokenizing inputs:  43%|████▎     | 20505/47868 [00:58<00:34, 788.27it/s]Tokenizing inputs:  43%|████▎     | 20586/47868 [00:58<00:34, 779.57it/s]Tokenizing inputs:  43%|████▎     | 20696/47868 [00:58<00:31, 870.96it/s]Tokenizing inputs:  44%|████▎     | 20840/47868 [00:58<00:26, 1036.10it/s]Tokenizing inputs:  44%|████▍     | 20975/47868 [00:58<00:23, 1127.97it/s]Tokenizing inputs:  44%|████▍     | 21089/47868 [00:58<00:30, 888.16it/s] Tokenizing inputs:  44%|████▍     | 21187/47868 [00:58<00:34, 763.58it/s]Tokenizing inputs:  44%|████▍     | 21272/47868 [00:59<00:41, 647.81it/s]Tokenizing inputs:  45%|████▍     | 21345/47868 [00:59<00:45, 589.04it/s]Tokenizing inputs:  45%|████▍     | 21418/47868 [00:59<00:42, 617.88it/s]Tokenizing inputs:  45%|████▍     | 21501/47868 [00:59<00:39, 666.27it/s]Tokenizing inputs:  45%|████▌     | 21573/47868 [00:59<00:38, 677.65it/s]Tokenizing inputs:  45%|████▌     | 21645/47868 [00:59<00:39, 661.66it/s]Tokenizing inputs:  45%|████▌     | 21714/47868 [00:59<00:47, 553.97it/s]Tokenizing inputs:  45%|████▌     | 21774/47868 [00:59<00:53, 485.68it/s]Tokenizing inputs:  46%|████▌     | 21827/47868 [01:00<01:18, 332.70it/s]Tokenizing inputs:  46%|████▌     | 21894/47868 [01:00<01:06, 392.59it/s]Tokenizing inputs:  46%|████▌     | 21967/47868 [01:00<00:56, 459.71it/s]Tokenizing inputs:  46%|████▌     | 22024/47868 [01:00<00:59, 432.84it/s]Tokenizing inputs:  46%|████▌     | 22075/47868 [01:00<01:18, 329.61it/s]Tokenizing inputs:  46%|████▌     | 22117/47868 [01:01<01:31, 282.45it/s]Tokenizing inputs:  46%|████▋     | 22152/47868 [01:01<01:33, 275.98it/s]Tokenizing inputs:  46%|████▋     | 22233/47868 [01:01<01:07, 379.54it/s]Tokenizing inputs:  47%|████▋     | 22306/47868 [01:01<00:56, 454.85it/s]Tokenizing inputs:  47%|████▋     | 22403/47868 [01:01<00:44, 576.32it/s]Tokenizing inputs:  47%|████▋     | 22472/47868 [01:01<00:42, 603.52it/s]Tokenizing inputs:  47%|████▋     | 22540/47868 [01:01<00:41, 605.48it/s]Tokenizing inputs:  47%|████▋     | 22606/47868 [01:01<00:43, 587.44it/s]Tokenizing inputs:  47%|████▋     | 22696/47868 [01:01<00:37, 669.64it/s]Tokenizing inputs:  48%|████▊     | 22767/47868 [01:02<00:40, 627.03it/s]Tokenizing inputs:  48%|████▊     | 22866/47868 [01:02<00:34, 723.28it/s]Tokenizing inputs:  48%|████▊     | 22955/47868 [01:02<00:32, 768.60it/s]Tokenizing inputs:  48%|████▊     | 23036/47868 [01:02<00:31, 778.41it/s]Tokenizing inputs:  48%|████▊     | 23168/47868 [01:02<00:26, 933.41it/s]Tokenizing inputs:  49%|████▊     | 23300/47868 [01:02<00:23, 1044.57it/s]Tokenizing inputs:  49%|████▉     | 23407/47868 [01:02<00:24, 1018.35it/s]Tokenizing inputs:  49%|████▉     | 23511/47868 [01:02<00:29, 815.60it/s] Tokenizing inputs:  49%|████▉     | 23600/47868 [01:03<00:33, 714.89it/s]Tokenizing inputs:  49%|████▉     | 23679/47868 [01:03<00:39, 609.16it/s]Tokenizing inputs:  50%|████▉     | 23747/47868 [01:03<00:41, 577.94it/s]Tokenizing inputs:  50%|████▉     | 23816/47868 [01:03<00:39, 601.44it/s]Tokenizing inputs:  50%|████▉     | 23893/47868 [01:03<00:37, 641.81it/s]Tokenizing inputs:  50%|█████     | 23964/47868 [01:03<00:36, 657.85it/s]Tokenizing inputs:  50%|█████     | 24033/47868 [01:03<00:37, 641.97it/s]Tokenizing inputs:  50%|█████     | 24100/47868 [01:03<00:42, 565.59it/s]Tokenizing inputs:  50%|█████     | 24160/47868 [01:04<00:44, 530.42it/s]Tokenizing inputs:  51%|█████     | 24216/47868 [01:04<01:18, 301.83it/s]Tokenizing inputs:  51%|█████     | 24259/47868 [01:04<01:13, 322.90it/s]Tokenizing inputs:  51%|█████     | 24318/47868 [01:04<01:03, 373.30it/s]Tokenizing inputs:  51%|█████     | 24389/47868 [01:04<00:52, 444.30it/s]Tokenizing inputs:  51%|█████     | 24444/47868 [01:05<01:04, 361.29it/s]Tokenizing inputs:  51%|█████     | 24490/47868 [01:05<01:19, 294.73it/s]Tokenizing inputs:  51%|█████     | 24528/47868 [01:05<01:29, 261.95it/s]Tokenizing inputs:  51%|█████▏    | 24567/47868 [01:05<01:21, 284.83it/s]Tokenizing inputs:  52%|█████▏    | 24657/47868 [01:05<00:56, 411.00it/s]Tokenizing inputs:  52%|█████▏    | 24751/47868 [01:05<00:43, 530.69it/s]Tokenizing inputs:  52%|█████▏    | 24842/47868 [01:05<00:37, 622.14it/s]Tokenizing inputs:  52%|█████▏    | 24934/47868 [01:06<00:32, 698.43it/s]Tokenizing inputs:  52%|█████▏    | 25027/47868 [01:06<00:30, 759.79it/s]Tokenizing inputs:  52%|█████▏    | 25119/47868 [01:06<00:28, 802.55it/s]Tokenizing inputs:  53%|█████▎    | 25212/47868 [01:06<00:27, 836.20it/s]Tokenizing inputs:  53%|█████▎    | 25304/47868 [01:06<00:26, 859.99it/s]Tokenizing inputs:  53%|█████▎    | 25394/47868 [01:06<00:25, 870.26it/s]Tokenizing inputs:  53%|█████▎    | 25487/47868 [01:06<00:25, 886.53it/s]Tokenizing inputs:  53%|█████▎    | 25579/47868 [01:06<00:24, 894.53it/s]Tokenizing inputs:  54%|█████▎    | 25673/47868 [01:06<00:24, 906.52it/s]Tokenizing inputs:  54%|█████▍    | 25765/47868 [01:06<00:24, 905.42it/s]Tokenizing inputs:  54%|█████▍    | 25859/47868 [01:07<00:24, 914.14it/s]Tokenizing inputs:  54%|█████▍    | 25951/47868 [01:07<00:24, 911.92it/s]Tokenizing inputs:  54%|█████▍    | 26043/47868 [01:07<00:24, 904.31it/s]Tokenizing inputs:  55%|█████▍    | 26137/47868 [01:07<00:23, 912.79it/s]Tokenizing inputs:  55%|█████▍    | 26230/47868 [01:07<00:23, 916.62it/s]Tokenizing inputs:  55%|█████▍    | 26326/47868 [01:07<00:23, 926.42it/s]Tokenizing inputs:  55%|█████▌    | 26419/47868 [01:07<00:23, 910.07it/s]Tokenizing inputs:  55%|█████▌    | 26514/47868 [01:07<00:23, 920.80it/s]Tokenizing inputs:  56%|█████▌    | 26607/47868 [01:07<00:27, 768.51it/s]Tokenizing inputs:  56%|█████▌    | 26689/47868 [01:08<00:31, 681.81it/s]Tokenizing inputs:  56%|█████▌    | 26762/47868 [01:08<00:33, 627.77it/s]Tokenizing inputs:  56%|█████▌    | 26829/47868 [01:08<00:35, 594.34it/s]Tokenizing inputs:  56%|█████▌    | 26891/47868 [01:08<00:37, 565.78it/s]Tokenizing inputs:  56%|█████▋    | 26949/47868 [01:08<00:38, 547.86it/s]Tokenizing inputs:  56%|█████▋    | 27005/47868 [01:08<00:38, 538.44it/s]Tokenizing inputs:  57%|█████▋    | 27060/47868 [01:08<00:38, 533.73it/s]Tokenizing inputs:  57%|█████▋    | 27114/47868 [01:08<00:38, 533.19it/s]Tokenizing inputs:  57%|█████▋    | 27168/47868 [01:08<00:39, 527.03it/s]Tokenizing inputs:  57%|█████▋    | 27221/47868 [01:09<00:39, 525.02it/s]Tokenizing inputs:  57%|█████▋    | 27275/47868 [01:09<00:38, 528.11it/s]Tokenizing inputs:  57%|█████▋    | 27328/47868 [01:09<00:38, 527.61it/s]Tokenizing inputs:  57%|█████▋    | 27381/47868 [01:09<00:38, 528.19it/s]Tokenizing inputs:  57%|█████▋    | 27435/47868 [01:09<00:38, 529.85it/s]Tokenizing inputs:  57%|█████▋    | 27489/47868 [01:09<00:38, 532.09it/s]Tokenizing inputs:  58%|█████▊    | 27543/47868 [01:09<00:38, 529.91it/s]Tokenizing inputs:  58%|█████▊    | 27597/47868 [01:09<00:38, 531.18it/s]Tokenizing inputs:  58%|█████▊    | 27651/47868 [01:09<00:38, 531.89it/s]Tokenizing inputs:  58%|█████▊    | 27705/47868 [01:10<00:37, 531.04it/s]Tokenizing inputs:  58%|█████▊    | 27760/47868 [01:10<00:37, 535.72it/s]Tokenizing inputs:  58%|█████▊    | 27814/47868 [01:10<00:37, 536.13it/s]Tokenizing inputs:  58%|█████▊    | 27869/47868 [01:10<00:37, 539.32it/s]Tokenizing inputs:  58%|█████▊    | 27923/47868 [01:10<00:37, 538.22it/s]Tokenizing inputs:  58%|█████▊    | 27979/47868 [01:10<00:36, 541.96it/s]Tokenizing inputs:  59%|█████▊    | 28034/47868 [01:10<00:36, 543.20it/s]Tokenizing inputs:  59%|█████▊    | 28089/47868 [01:10<00:36, 544.79it/s]Tokenizing inputs:  59%|█████▉    | 28144/47868 [01:10<00:36, 544.85it/s]Tokenizing inputs:  59%|█████▉    | 28200/47868 [01:10<00:35, 546.74it/s]Tokenizing inputs:  59%|█████▉    | 28255/47868 [01:11<00:36, 537.85it/s]Tokenizing inputs:  59%|█████▉    | 28309/47868 [01:11<00:36, 535.35it/s]Tokenizing inputs:  59%|█████▉    | 28363/47868 [01:11<00:36, 531.73it/s]Tokenizing inputs:  59%|█████▉    | 28417/47868 [01:11<00:37, 518.37it/s]Tokenizing inputs:  59%|█████▉    | 28469/47868 [01:11<00:37, 516.06it/s]Tokenizing inputs:  60%|█████▉    | 28521/47868 [01:11<00:37, 516.97it/s]Tokenizing inputs:  60%|█████▉    | 28574/47868 [01:11<00:37, 518.23it/s]Tokenizing inputs:  60%|█████▉    | 28627/47868 [01:11<00:36, 521.69it/s]Tokenizing inputs:  60%|█████▉    | 28680/47868 [01:11<00:37, 516.81it/s]Tokenizing inputs:  60%|██████    | 28747/47868 [01:11<00:34, 560.10it/s]Tokenizing inputs:  60%|██████    | 28839/47868 [01:12<00:28, 665.10it/s]Tokenizing inputs:  60%|██████    | 28930/47868 [01:12<00:25, 735.48it/s]Tokenizing inputs:  61%|██████    | 29021/47868 [01:12<00:23, 785.75it/s]Tokenizing inputs:  61%|██████    | 29111/47868 [01:12<00:22, 819.06it/s]Tokenizing inputs:  61%|██████    | 29201/47868 [01:12<00:22, 842.75it/s]Tokenizing inputs:  61%|██████    | 29290/47868 [01:12<00:21, 855.06it/s]Tokenizing inputs:  61%|██████▏   | 29378/47868 [01:12<00:21, 860.53it/s]Tokenizing inputs:  62%|██████▏   | 29465/47868 [01:12<00:21, 859.68it/s]Tokenizing inputs:  62%|██████▏   | 29554/47868 [01:12<00:21, 866.48it/s]Tokenizing inputs:  62%|██████▏   | 29642/47868 [01:12<00:20, 869.72it/s]Tokenizing inputs:  62%|██████▏   | 29730/47868 [01:13<00:20, 870.15it/s]Tokenizing inputs:  62%|██████▏   | 29818/47868 [01:13<00:20, 867.67it/s]Tokenizing inputs:  62%|██████▏   | 29908/47868 [01:13<00:20, 874.00it/s]Tokenizing inputs:  63%|██████▎   | 29996/47868 [01:13<00:20, 870.76it/s]Tokenizing inputs:  63%|██████▎   | 30084/47868 [01:13<00:20, 870.23it/s]Tokenizing inputs:  63%|██████▎   | 30172/47868 [01:13<00:20, 871.57it/s]Tokenizing inputs:  63%|██████▎   | 30260/47868 [01:13<00:20, 871.68it/s]Tokenizing inputs:  63%|██████▎   | 30349/47868 [01:13<00:20, 874.44it/s]Tokenizing inputs:  64%|██████▎   | 30437/47868 [01:13<00:20, 862.05it/s]Tokenizing inputs:  64%|██████▍   | 30525/47868 [01:13<00:20, 866.61it/s]Tokenizing inputs:  64%|██████▍   | 30612/47868 [01:14<00:19, 866.32it/s]Tokenizing inputs:  64%|██████▍   | 30699/47868 [01:14<00:19, 864.54it/s]Tokenizing inputs:  64%|██████▍   | 30786/47868 [01:14<00:21, 800.96it/s]Tokenizing inputs:  64%|██████▍   | 30868/47868 [01:14<00:22, 760.22it/s]Tokenizing inputs:  65%|██████▍   | 30945/47868 [01:14<00:23, 734.13it/s]Tokenizing inputs:  65%|██████▍   | 31020/47868 [01:14<00:23, 712.89it/s]Tokenizing inputs:  65%|██████▍   | 31092/47868 [01:14<00:23, 700.28it/s]Tokenizing inputs:  65%|██████▌   | 31163/47868 [01:14<00:24, 690.44it/s]Tokenizing inputs:  65%|██████▌   | 31233/47868 [01:14<00:24, 682.56it/s]Tokenizing inputs:  65%|██████▌   | 31302/47868 [01:15<00:24, 672.03it/s]Tokenizing inputs:  66%|██████▌   | 31370/47868 [01:15<00:24, 665.75it/s]Tokenizing inputs:  66%|██████▌   | 31437/47868 [01:15<00:24, 666.09it/s]Tokenizing inputs:  66%|██████▌   | 31505/47868 [01:15<00:24, 667.79it/s]Tokenizing inputs:  66%|██████▌   | 31572/47868 [01:15<00:24, 667.52it/s]Tokenizing inputs:  66%|██████▌   | 31639/47868 [01:15<00:24, 663.25it/s]Tokenizing inputs:  66%|██████▌   | 31706/47868 [01:15<00:24, 660.40it/s]Tokenizing inputs:  66%|██████▋   | 31774/47868 [01:15<00:24, 665.81it/s]Tokenizing inputs:  67%|██████▋   | 31841/47868 [01:15<00:24, 663.43it/s]Tokenizing inputs:  67%|██████▋   | 31908/47868 [01:15<00:24, 661.05it/s]Tokenizing inputs:  67%|██████▋   | 31975/47868 [01:16<00:24, 660.85it/s]Tokenizing inputs:  67%|██████▋   | 32043/47868 [01:16<00:23, 666.50it/s]Tokenizing inputs:  67%|██████▋   | 32113/47868 [01:16<00:23, 674.47it/s]Tokenizing inputs:  67%|██████▋   | 32181/47868 [01:16<00:23, 674.81it/s]Tokenizing inputs:  67%|██████▋   | 32250/47868 [01:16<00:23, 676.60it/s]Tokenizing inputs:  68%|██████▊   | 32318/47868 [01:16<00:22, 677.44it/s]Tokenizing inputs:  68%|██████▊   | 32386/47868 [01:16<00:23, 671.54it/s]Tokenizing inputs:  68%|██████▊   | 32454/47868 [01:16<00:22, 670.48it/s]Tokenizing inputs:  68%|██████▊   | 32522/47868 [01:16<00:23, 660.10it/s]Tokenizing inputs:  68%|██████▊   | 32591/47868 [01:17<00:22, 667.17it/s]Tokenizing inputs:  68%|██████▊   | 32658/47868 [01:17<00:22, 666.67it/s]Tokenizing inputs:  68%|██████▊   | 32726/47868 [01:17<00:22, 667.14it/s]Tokenizing inputs:  69%|██████▊   | 32793/47868 [01:17<00:22, 667.38it/s]Tokenizing inputs:  69%|██████▊   | 32862/47868 [01:17<00:22, 672.40it/s]Tokenizing inputs:  69%|██████▉   | 32951/47868 [01:17<00:20, 734.93it/s]Tokenizing inputs:  69%|██████▉   | 33038/47868 [01:17<00:19, 775.04it/s]Tokenizing inputs:  69%|██████▉   | 33128/47868 [01:17<00:18, 811.05it/s]Tokenizing inputs:  69%|██████▉   | 33213/47868 [01:17<00:17, 822.53it/s]Tokenizing inputs:  70%|██████▉   | 33304/47868 [01:17<00:17, 847.24it/s]Tokenizing inputs:  70%|██████▉   | 33398/47868 [01:18<00:16, 873.12it/s]Tokenizing inputs:  70%|██████▉   | 33486/47868 [01:18<00:16, 871.82it/s]Tokenizing inputs:  70%|███████   | 33578/47868 [01:18<00:16, 885.92it/s]Tokenizing inputs:  70%|███████   | 33667/47868 [01:18<00:16, 886.87it/s]Tokenizing inputs:  71%|███████   | 33759/47868 [01:18<00:15, 895.76it/s]Tokenizing inputs:  71%|███████   | 33849/47868 [01:18<00:15, 894.86it/s]Tokenizing inputs:  71%|███████   | 33941/47868 [01:18<00:15, 900.31it/s]Tokenizing inputs:  71%|███████   | 34035/47868 [01:18<00:15, 909.69it/s]Tokenizing inputs:  71%|███████▏  | 34131/47868 [01:18<00:14, 923.45it/s]Tokenizing inputs:  71%|███████▏  | 34224/47868 [01:18<00:14, 920.90it/s]Tokenizing inputs:  72%|███████▏  | 34317/47868 [01:19<00:14, 916.36it/s]Tokenizing inputs:  72%|███████▏  | 34423/47868 [01:19<00:14, 957.71it/s]Tokenizing inputs:  72%|███████▏  | 34519/47868 [01:19<00:13, 954.83it/s]Tokenizing inputs:  72%|███████▏  | 34618/47868 [01:19<00:13, 964.16it/s]Tokenizing inputs:  73%|███████▎  | 34719/47868 [01:19<00:13, 977.56it/s]Tokenizing inputs:  73%|███████▎  | 34825/47868 [01:19<00:13, 999.68it/s]Tokenizing inputs:  73%|███████▎  | 34926/47868 [01:19<00:12, 1001.03it/s]Tokenizing inputs:  73%|███████▎  | 35028/47868 [01:19<00:12, 1005.48it/s]Tokenizing inputs:  73%|███████▎  | 35132/47868 [01:19<00:12, 1013.37it/s]Tokenizing inputs:  74%|███████▎  | 35234/47868 [01:19<00:12, 1013.72it/s]Tokenizing inputs:  74%|███████▍  | 35337/47868 [01:20<00:12, 1016.08it/s]Tokenizing inputs:  74%|███████▍  | 35442/47868 [01:20<00:12, 1025.67it/s]Tokenizing inputs:  74%|███████▍  | 35550/47868 [01:20<00:11, 1039.84it/s]Tokenizing inputs:  74%|███████▍  | 35654/47868 [01:20<00:11, 1036.59it/s]Tokenizing inputs:  75%|███████▍  | 35760/47868 [01:20<00:11, 1043.18it/s]Tokenizing inputs:  75%|███████▍  | 35876/47868 [01:20<00:11, 1076.23it/s]Tokenizing inputs:  75%|███████▌  | 35989/47868 [01:20<00:10, 1090.11it/s]Tokenizing inputs:  75%|███████▌  | 36103/47868 [01:20<00:10, 1103.70it/s]Tokenizing inputs:  76%|███████▌  | 36219/47868 [01:20<00:10, 1119.07it/s]Tokenizing inputs:  76%|███████▌  | 36333/47868 [01:20<00:10, 1124.71it/s]Tokenizing inputs:  76%|███████▌  | 36446/47868 [01:21<00:10, 1118.43it/s]Tokenizing inputs:  76%|███████▋  | 36558/47868 [01:21<00:10, 1102.31it/s]Tokenizing inputs:  77%|███████▋  | 36671/47868 [01:21<00:10, 1109.04it/s]Tokenizing inputs:  77%|███████▋  | 36785/47868 [01:21<00:09, 1115.46it/s]Tokenizing inputs:  77%|███████▋  | 36902/47868 [01:21<00:09, 1129.35it/s]Tokenizing inputs:  77%|███████▋  | 37020/47868 [01:21<00:09, 1143.97it/s]Tokenizing inputs:  78%|███████▊  | 37136/47868 [01:21<00:09, 1147.55it/s]Tokenizing inputs:  78%|███████▊  | 37251/47868 [01:21<00:09, 1086.69it/s]Tokenizing inputs:  78%|███████▊  | 37361/47868 [01:21<00:10, 1026.72it/s]Tokenizing inputs:  78%|███████▊  | 37465/47868 [01:21<00:10, 978.14it/s] Tokenizing inputs:  78%|███████▊  | 37564/47868 [01:22<00:10, 960.61it/s]Tokenizing inputs:  79%|███████▊  | 37661/47868 [01:22<00:10, 946.76it/s]Tokenizing inputs:  79%|███████▉  | 37757/47868 [01:22<00:10, 926.60it/s]Tokenizing inputs:  79%|███████▉  | 37850/47868 [01:22<00:10, 915.29it/s]Tokenizing inputs:  79%|███████▉  | 37942/47868 [01:22<00:10, 904.32it/s]Tokenizing inputs:  79%|███████▉  | 38033/47868 [01:22<00:10, 896.25it/s]Tokenizing inputs:  80%|███████▉  | 38123/47868 [01:22<00:10, 895.42it/s]Tokenizing inputs:  80%|███████▉  | 38214/47868 [01:22<00:10, 898.02it/s]Tokenizing inputs:  80%|████████  | 38304/47868 [01:22<00:10, 896.83it/s]Tokenizing inputs:  80%|████████  | 38398/47868 [01:23<00:10, 909.55it/s]Tokenizing inputs:  80%|████████  | 38489/47868 [01:23<00:10, 907.56it/s]Tokenizing inputs:  81%|████████  | 38580/47868 [01:23<00:10, 896.41it/s]Tokenizing inputs:  81%|████████  | 38687/47868 [01:23<00:09, 946.28it/s]Tokenizing inputs:  81%|████████  | 38797/47868 [01:23<00:09, 991.27it/s]Tokenizing inputs:  81%|████████▏ | 38906/47868 [01:23<00:08, 1020.05it/s]Tokenizing inputs:  82%|████████▏ | 39017/47868 [01:23<00:08, 1046.61it/s]Tokenizing inputs:  82%|████████▏ | 39129/47868 [01:23<00:08, 1066.79it/s]Tokenizing inputs:  82%|████████▏ | 39236/47868 [01:23<00:08, 1057.96it/s]Tokenizing inputs:  82%|████████▏ | 39343/47868 [01:23<00:08, 1060.85it/s]Tokenizing inputs:  82%|████████▏ | 39453/47868 [01:24<00:07, 1071.51it/s]Tokenizing inputs:  83%|████████▎ | 39562/47868 [01:24<00:07, 1076.86it/s]Tokenizing inputs:  83%|████████▎ | 39672/47868 [01:24<00:07, 1083.12it/s]Tokenizing inputs:  83%|████████▎ | 39784/47868 [01:24<00:07, 1091.69it/s]Tokenizing inputs:  83%|████████▎ | 39896/47868 [01:24<00:07, 1097.78it/s]Tokenizing inputs:  84%|████████▎ | 40006/47868 [01:24<00:07, 1073.85it/s]Tokenizing inputs:  84%|████████▍ | 40114/47868 [01:24<00:07, 1066.79it/s]Tokenizing inputs:  84%|████████▍ | 40221/47868 [01:24<00:07, 1052.30it/s]Tokenizing inputs:  84%|████████▍ | 40327/47868 [01:24<00:07, 1043.44it/s]Tokenizing inputs:  84%|████████▍ | 40432/47868 [01:24<00:07, 1035.50it/s]Tokenizing inputs:  85%|████████▍ | 40536/47868 [01:25<00:07, 1026.56it/s]Tokenizing inputs:  85%|████████▍ | 40639/47868 [01:25<00:07, 1002.84it/s]Tokenizing inputs:  85%|████████▌ | 40740/47868 [01:25<00:07, 989.47it/s] Tokenizing inputs:  85%|████████▌ | 40840/47868 [01:25<00:07, 988.45it/s]Tokenizing inputs:  86%|████████▌ | 40941/47868 [01:25<00:06, 993.45it/s]Tokenizing inputs:  86%|████████▌ | 41041/47868 [01:25<00:07, 971.06it/s]Tokenizing inputs:  86%|████████▌ | 41145/47868 [01:25<00:06, 989.39it/s]Tokenizing inputs:  86%|████████▌ | 41252/47868 [01:25<00:06, 1012.93it/s]Tokenizing inputs:  86%|████████▋ | 41357/47868 [01:25<00:06, 1021.22it/s]Tokenizing inputs:  87%|████████▋ | 41460/47868 [01:26<00:06, 1018.07it/s]Tokenizing inputs:  87%|████████▋ | 41572/47868 [01:26<00:06, 1046.30it/s]Tokenizing inputs:  87%|████████▋ | 41678/47868 [01:26<00:05, 1048.63it/s]Tokenizing inputs:  87%|████████▋ | 41783/47868 [01:26<00:05, 1033.75it/s]Tokenizing inputs:  88%|████████▊ | 41890/47868 [01:26<00:05, 1044.04it/s]Tokenizing inputs:  88%|████████▊ | 42000/47868 [01:26<00:05, 1058.88it/s]Tokenizing inputs:  88%|████████▊ | 42107/47868 [01:26<00:05, 1061.29it/s]Tokenizing inputs:  88%|████████▊ | 42214/47868 [01:26<00:05, 1030.00it/s]Tokenizing inputs:  88%|████████▊ | 42318/47868 [01:26<00:05, 1018.96it/s]Tokenizing inputs:  89%|████████▊ | 42421/47868 [01:26<00:05, 1009.06it/s]Tokenizing inputs:  89%|████████▉ | 42523/47868 [01:27<00:05, 1003.03it/s]Tokenizing inputs:  89%|████████▉ | 42624/47868 [01:27<00:05, 980.52it/s] Tokenizing inputs:  89%|████████▉ | 42723/47868 [01:27<00:05, 980.94it/s]Tokenizing inputs:  89%|████████▉ | 42822/47868 [01:27<00:05, 976.34it/s]Tokenizing inputs:  90%|████████▉ | 42920/47868 [01:27<00:05, 876.05it/s]Tokenizing inputs:  90%|████████▉ | 43010/47868 [01:27<00:06, 754.75it/s]Tokenizing inputs:  90%|█████████ | 43090/47868 [01:27<00:06, 700.21it/s]Tokenizing inputs:  90%|█████████ | 43163/47868 [01:27<00:07, 668.84it/s]Tokenizing inputs:  90%|█████████ | 43232/47868 [01:28<00:07, 644.74it/s]Tokenizing inputs:  90%|█████████ | 43298/47868 [01:28<00:07, 633.92it/s]Tokenizing inputs:  91%|█████████ | 43363/47868 [01:28<00:07, 623.33it/s]Tokenizing inputs:  91%|█████████ | 43426/47868 [01:28<00:07, 622.66it/s]Tokenizing inputs:  91%|█████████ | 43489/47868 [01:28<00:07, 623.22it/s]Tokenizing inputs:  91%|█████████ | 43552/47868 [01:28<00:06, 622.92it/s]Tokenizing inputs:  91%|█████████ | 43618/47868 [01:28<00:06, 631.85it/s]Tokenizing inputs:  91%|█████████▏| 43684/47868 [01:28<00:06, 637.68it/s]Tokenizing inputs:  91%|█████████▏| 43749/47868 [01:28<00:06, 639.90it/s]Tokenizing inputs:  92%|█████████▏| 43814/47868 [01:28<00:06, 642.16it/s]Tokenizing inputs:  92%|█████████▏| 43879/47868 [01:29<00:06, 641.83it/s]Tokenizing inputs:  92%|█████████▏| 43949/47868 [01:29<00:05, 656.74it/s]Tokenizing inputs:  92%|█████████▏| 44025/47868 [01:29<00:05, 685.76it/s]Tokenizing inputs:  92%|█████████▏| 44102/47868 [01:29<00:05, 708.13it/s]Tokenizing inputs:  92%|█████████▏| 44180/47868 [01:29<00:05, 726.79it/s]Tokenizing inputs:  92%|█████████▏| 44257/47868 [01:29<00:04, 737.96it/s]Tokenizing inputs:  93%|█████████▎| 44335/47868 [01:29<00:04, 749.86it/s]Tokenizing inputs:  93%|█████████▎| 44413/47868 [01:29<00:04, 756.67it/s]Tokenizing inputs:  93%|█████████▎| 44489/47868 [01:29<00:04, 756.88it/s]Tokenizing inputs:  93%|█████████▎| 44566/47868 [01:29<00:04, 759.73it/s]Tokenizing inputs:  93%|█████████▎| 44645/47868 [01:30<00:04, 766.92it/s]Tokenizing inputs:  93%|█████████▎| 44722/47868 [01:30<00:04, 759.29it/s]Tokenizing inputs:  94%|█████████▎| 44798/47868 [01:30<00:04, 758.22it/s]Tokenizing inputs:  94%|█████████▎| 44874/47868 [01:30<00:03, 754.50it/s]Tokenizing inputs:  94%|█████████▍| 44950/47868 [01:30<00:03, 751.97it/s]Tokenizing inputs:  94%|█████████▍| 45026/47868 [01:30<00:03, 750.73it/s]Tokenizing inputs:  94%|█████████▍| 45106/47868 [01:30<00:03, 763.23it/s]Tokenizing inputs:  94%|█████████▍| 45191/47868 [01:30<00:03, 786.85it/s]Tokenizing inputs:  95%|█████████▍| 45274/47868 [01:30<00:03, 797.59it/s]Tokenizing inputs:  95%|█████████▍| 45356/47868 [01:30<00:03, 803.51it/s]Tokenizing inputs:  95%|█████████▍| 45440/47868 [01:31<00:02, 813.25it/s]Tokenizing inputs:  95%|█████████▌| 45524/47868 [01:31<00:02, 820.43it/s]Tokenizing inputs:  95%|█████████▌| 45607/47868 [01:31<00:02, 822.80it/s]Tokenizing inputs:  95%|█████████▌| 45691/47868 [01:31<00:02, 825.53it/s]Tokenizing inputs:  96%|█████████▌| 45774/47868 [01:31<00:02, 822.87it/s]Tokenizing inputs:  96%|█████████▌| 45857/47868 [01:31<00:02, 815.96it/s]Tokenizing inputs:  96%|█████████▌| 45939/47868 [01:31<00:02, 808.95it/s]Tokenizing inputs:  96%|█████████▌| 46021/47868 [01:31<00:02, 811.25it/s]Tokenizing inputs:  96%|█████████▋| 46103/47868 [01:31<00:02, 808.61it/s]Tokenizing inputs:  96%|█████████▋| 46184/47868 [01:31<00:02, 805.47it/s]Tokenizing inputs:  97%|█████████▋| 46265/47868 [01:32<00:02, 611.85it/s]Tokenizing inputs:  97%|█████████▋| 46334/47868 [01:32<00:02, 552.83it/s]Tokenizing inputs:  97%|█████████▋| 46395/47868 [01:32<00:02, 548.68it/s]Tokenizing inputs:  97%|█████████▋| 46454/47868 [01:32<00:02, 541.17it/s]Tokenizing inputs:  97%|█████████▋| 46511/47868 [01:32<00:02, 535.53it/s]Tokenizing inputs:  97%|█████████▋| 46567/47868 [01:32<00:02, 532.96it/s]Tokenizing inputs:  97%|█████████▋| 46622/47868 [01:32<00:02, 526.65it/s]Tokenizing inputs:  98%|█████████▊| 46676/47868 [01:33<00:02, 521.51it/s]Tokenizing inputs:  98%|█████████▊| 46729/47868 [01:33<00:02, 517.14it/s]Tokenizing inputs:  98%|█████████▊| 46782/47868 [01:33<00:02, 500.01it/s]Tokenizing inputs:  98%|█████████▊| 46833/47868 [01:33<00:02, 497.34it/s]Tokenizing inputs:  98%|█████████▊| 46883/47868 [01:33<00:01, 496.75it/s]Tokenizing inputs:  98%|█████████▊| 46933/47868 [01:33<00:01, 495.06it/s]Tokenizing inputs:  98%|█████████▊| 46983/47868 [01:33<00:01, 493.26it/s]Tokenizing inputs:  98%|█████████▊| 47033/47868 [01:33<00:01, 491.78it/s]Tokenizing inputs:  98%|█████████▊| 47085/47868 [01:33<00:01, 497.31it/s]Tokenizing inputs:  98%|█████████▊| 47139/47868 [01:33<00:01, 508.97it/s]Tokenizing inputs:  99%|█████████▊| 47195/47868 [01:34<00:01, 521.94it/s]Tokenizing inputs:  99%|█████████▊| 47250/47868 [01:34<00:01, 528.52it/s]Tokenizing inputs:  99%|█████████▉| 47304/47868 [01:34<00:01, 531.13it/s]Tokenizing inputs:  99%|█████████▉| 47358/47868 [01:34<00:00, 532.56it/s]Tokenizing inputs:  99%|█████████▉| 47415/47868 [01:34<00:00, 541.03it/s]Tokenizing inputs:  99%|█████████▉| 47472/47868 [01:34<00:00, 547.82it/s]Tokenizing inputs:  99%|█████████▉| 47528/47868 [01:34<00:00, 549.49it/s]Tokenizing inputs:  99%|█████████▉| 47584/47868 [01:34<00:00, 549.79it/s]Tokenizing inputs: 100%|█████████▉| 47639/47868 [01:34<00:00, 546.82it/s]Tokenizing inputs: 100%|█████████▉| 47695/47868 [01:34<00:00, 548.73it/s]Tokenizing inputs: 100%|█████████▉| 47751/47868 [01:35<00:00, 549.35it/s]Tokenizing inputs: 100%|█████████▉| 47806/47868 [01:35<00:00, 545.63it/s]Tokenizing inputs: 100%|█████████▉| 47861/47868 [01:35<00:00, 541.18it/s]Tokenizing inputs: 100%|██████████| 47868/47868 [01:35<00:00, 502.40it/s]
Running loglikelihood requests:   0%|          | 0/47868 [00:00<?, ?it/s]Running loglikelihood requests:   0%|          | 1/47868 [01:05<875:57:28, 65.88s/it]Running loglikelihood requests:   0%|          | 17/47868 [01:06<37:01:26,  2.79s/it]Running loglikelihood requests:   0%|          | 33/47868 [01:06<15:47:19,  1.19s/it]Running loglikelihood requests:   0%|          | 49/47868 [01:06<8:45:51,  1.52it/s] Running loglikelihood requests:   0%|          | 65/47868 [01:07<5:25:08,  2.45it/s]Running loglikelihood requests:   0%|          | 81/47868 [01:07<3:33:26,  3.73it/s]Running loglikelihood requests:   0%|          | 97/47868 [01:07<2:25:45,  5.46it/s]Running loglikelihood requests:   0%|          | 113/47868 [01:08<1:42:41,  7.75it/s]Running loglikelihood requests:   0%|          | 129/47868 [01:08<1:14:12, 10.72it/s]Running loglikelihood requests:   0%|          | 145/47868 [01:08<55:02, 14.45it/s]  Running loglikelihood requests:   0%|          | 161/47868 [01:08<41:57, 18.95it/s]Running loglikelihood requests:   0%|          | 177/47868 [01:09<32:58, 24.11it/s]Running loglikelihood requests:   0%|          | 193/47868 [01:09<26:45, 29.69it/s]Running loglikelihood requests:   0%|          | 209/47868 [01:09<22:26, 35.40it/s]Running loglikelihood requests:   0%|          | 225/47868 [01:09<19:25, 40.88it/s]Running loglikelihood requests:   1%|          | 241/47868 [01:10<17:18, 45.88it/s]Running loglikelihood requests:   1%|          | 257/47868 [01:10<15:48, 50.17it/s]Running loglikelihood requests:   1%|          | 273/47868 [01:10<14:46, 53.71it/s]Running loglikelihood requests:   1%|          | 289/47868 [01:10<14:00, 56.59it/s]Running loglikelihood requests:   1%|          | 305/47868 [01:11<13:30, 58.67it/s]Running loglikelihood requests:   1%|          | 321/47868 [01:11<13:09, 60.25it/s]Running loglikelihood requests:   1%|          | 337/47868 [01:11<12:53, 61.44it/s]Running loglikelihood requests:   1%|          | 353/47868 [01:11<12:42, 62.32it/s]Running loglikelihood requests:   1%|          | 369/47868 [01:12<12:34, 62.97it/s]Running loglikelihood requests:   1%|          | 385/47868 [01:12<12:25, 63.73it/s]Running loglikelihood requests:   1%|          | 401/47868 [01:12<12:21, 64.01it/s]Running loglikelihood requests:   1%|          | 417/47868 [01:12<12:15, 64.47it/s]Running loglikelihood requests:   1%|          | 433/47868 [01:13<12:11, 64.82it/s]Running loglikelihood requests:   1%|          | 449/47868 [01:13<12:08, 65.06it/s]Running loglikelihood requests:   1%|          | 465/47868 [01:13<12:06, 65.23it/s]Running loglikelihood requests:   1%|          | 481/47868 [01:13<12:04, 65.38it/s]Running loglikelihood requests:   1%|          | 497/47868 [01:14<12:03, 65.52it/s]Running loglikelihood requests:   1%|          | 513/47868 [01:14<12:01, 65.61it/s]Running loglikelihood requests:   1%|          | 529/47868 [01:14<12:00, 65.68it/s]Running loglikelihood requests:   1%|          | 545/47868 [01:14<11:59, 65.73it/s]Running loglikelihood requests:   1%|          | 561/47868 [01:15<11:58, 65.82it/s]Running loglikelihood requests:   1%|          | 577/47868 [01:15<11:58, 65.86it/s]Running loglikelihood requests:   1%|          | 593/47868 [01:15<11:57, 65.91it/s]Running loglikelihood requests:   1%|▏         | 609/47868 [01:15<11:56, 65.95it/s]Running loglikelihood requests:   1%|▏         | 625/47868 [01:16<11:56, 65.97it/s]Running loglikelihood requests:   1%|▏         | 641/47868 [01:16<11:55, 65.97it/s]Running loglikelihood requests:   1%|▏         | 657/47868 [01:16<11:55, 66.01it/s]Running loglikelihood requests:   1%|▏         | 673/47868 [01:16<11:53, 66.11it/s]Running loglikelihood requests:   1%|▏         | 689/47868 [01:16<11:52, 66.18it/s]Running loglikelihood requests:   1%|▏         | 705/47868 [01:17<11:51, 66.24it/s]Running loglikelihood requests:   2%|▏         | 721/47868 [01:17<11:51, 66.30it/s]Running loglikelihood requests:   2%|▏         | 737/47868 [01:17<11:50, 66.30it/s]Running loglikelihood requests:   2%|▏         | 753/47868 [01:17<11:50, 66.28it/s]Running loglikelihood requests:   2%|▏         | 769/47868 [01:18<11:50, 66.27it/s]Running loglikelihood requests:   2%|▏         | 785/47868 [01:18<11:45, 66.70it/s]Running loglikelihood requests:   2%|▏         | 801/47868 [01:18<11:45, 66.75it/s]Running loglikelihood requests:   2%|▏         | 817/47868 [01:18<11:44, 66.77it/s]Running loglikelihood requests:   2%|▏         | 833/47868 [01:19<11:44, 66.76it/s]Running loglikelihood requests:   2%|▏         | 849/47868 [01:19<11:44, 66.77it/s]Running loglikelihood requests:   2%|▏         | 865/47868 [01:19<11:42, 66.86it/s]Running loglikelihood requests:   2%|▏         | 881/47868 [01:19<11:42, 66.90it/s]Running loglikelihood requests:   2%|▏         | 897/47868 [01:20<11:41, 66.94it/s]Running loglikelihood requests:   2%|▏         | 913/47868 [01:20<11:41, 66.94it/s]Running loglikelihood requests:   2%|▏         | 929/47868 [01:20<11:40, 66.98it/s]Running loglikelihood requests:   2%|▏         | 945/47868 [01:20<11:40, 67.00it/s]Running loglikelihood requests:   2%|▏         | 961/47868 [01:21<11:39, 67.03it/s]Running loglikelihood requests:   2%|▏         | 977/47868 [01:21<11:36, 67.34it/s]Running loglikelihood requests:   2%|▏         | 993/47868 [01:21<11:36, 67.32it/s]Running loglikelihood requests:   2%|▏         | 1009/47868 [01:21<11:36, 67.26it/s]Running loglikelihood requests:   2%|▏         | 1025/47868 [01:21<11:37, 67.18it/s]Running loglikelihood requests:   2%|▏         | 1041/47868 [01:22<11:36, 67.25it/s]Running loglikelihood requests:   2%|▏         | 1057/47868 [01:22<11:34, 67.36it/s]Running loglikelihood requests:   2%|▏         | 1073/47868 [01:22<11:31, 67.67it/s]Running loglikelihood requests:   2%|▏         | 1089/47868 [01:22<11:31, 67.63it/s]Running loglikelihood requests:   2%|▏         | 1105/47868 [01:23<11:31, 67.62it/s]Running loglikelihood requests:   2%|▏         | 1121/47868 [01:23<11:32, 67.54it/s]Running loglikelihood requests:   2%|▏         | 1137/47868 [01:23<11:32, 67.48it/s]Running loglikelihood requests:   2%|▏         | 1153/47868 [01:23<11:31, 67.53it/s]Running loglikelihood requests:   2%|▏         | 1169/47868 [01:24<11:31, 67.49it/s]Running loglikelihood requests:   2%|▏         | 1185/47868 [01:24<11:28, 67.79it/s]Running loglikelihood requests:   3%|▎         | 1201/47868 [01:24<11:28, 67.78it/s]Running loglikelihood requests:   3%|▎         | 1217/47868 [01:24<11:29, 67.67it/s]Running loglikelihood requests:   3%|▎         | 1233/47868 [01:25<11:22, 68.28it/s]Running loglikelihood requests:   3%|▎         | 1249/47868 [01:25<11:21, 68.39it/s]Running loglikelihood requests:   3%|▎         | 1265/47868 [01:25<11:20, 68.49it/s]Running loglikelihood requests:   3%|▎         | 1281/47868 [01:25<11:19, 68.52it/s]Running loglikelihood requests:   3%|▎         | 1297/47868 [01:25<11:15, 68.90it/s]Running loglikelihood requests:   3%|▎         | 1313/47868 [01:26<11:16, 68.83it/s]Running loglikelihood requests:   3%|▎         | 1329/47868 [01:26<11:16, 68.81it/s]Running loglikelihood requests:   3%|▎         | 1345/47868 [01:26<11:16, 68.79it/s]Running loglikelihood requests:   3%|▎         | 1361/47868 [01:26<11:16, 68.78it/s]Running loglikelihood requests:   3%|▎         | 1377/47868 [01:27<11:15, 68.84it/s]Running loglikelihood requests:   3%|▎         | 1393/47868 [01:27<11:15, 68.85it/s]Running loglikelihood requests:   3%|▎         | 1409/47868 [01:27<11:14, 68.86it/s]Running loglikelihood requests:   3%|▎         | 1425/47868 [01:27<11:11, 69.16it/s]Running loglikelihood requests:   3%|▎         | 1441/47868 [01:28<11:12, 69.07it/s]Running loglikelihood requests:   3%|▎         | 1457/47868 [01:28<11:12, 69.05it/s]Running loglikelihood requests:   3%|▎         | 1473/47868 [01:28<11:12, 69.03it/s]Running loglikelihood requests:   3%|▎         | 1489/47868 [01:28<11:11, 69.03it/s]Running loglikelihood requests:   3%|▎         | 1505/47868 [01:28<11:04, 69.77it/s]Running loglikelihood requests:   3%|▎         | 1521/47868 [01:29<11:02, 69.96it/s]Running loglikelihood requests:   3%|▎         | 1537/47868 [01:29<11:01, 70.09it/s]Running loglikelihood requests:   3%|▎         | 1553/47868 [01:29<10:56, 70.52it/s]Running loglikelihood requests:   3%|▎         | 1569/47868 [01:29<10:56, 70.49it/s]Running loglikelihood requests:   3%|▎         | 1585/47868 [01:30<10:56, 70.50it/s]Running loglikelihood requests:   3%|▎         | 1601/47868 [01:30<10:56, 70.53it/s]Running loglikelihood requests:   3%|▎         | 1617/47868 [01:30<10:52, 70.90it/s]Running loglikelihood requests:   3%|▎         | 1633/47868 [01:30<10:52, 70.84it/s]Running loglikelihood requests:   3%|▎         | 1649/47868 [01:31<10:52, 70.79it/s]Running loglikelihood requests:   3%|▎         | 1665/47868 [01:31<10:53, 70.73it/s]Running loglikelihood requests:   4%|▎         | 1681/47868 [01:31<10:50, 71.00it/s]Running loglikelihood requests:   4%|▎         | 1697/47868 [01:31<10:51, 70.89it/s]Running loglikelihood requests:   4%|▎         | 1713/47868 [01:31<10:51, 70.83it/s]Running loglikelihood requests:   4%|▎         | 1729/47868 [01:32<10:51, 70.80it/s]Running loglikelihood requests:   4%|▎         | 1745/47868 [01:32<10:51, 70.80it/s]Running loglikelihood requests:   4%|▎         | 1761/47868 [01:32<10:48, 71.07it/s]Running loglikelihood requests:   4%|▎         | 1777/47868 [01:32<10:48, 71.08it/s]Running loglikelihood requests:   4%|▎         | 1793/47868 [01:33<10:48, 71.07it/s]Running loglikelihood requests:   4%|▍         | 1809/47868 [01:33<10:47, 71.11it/s]Running loglikelihood requests:   4%|▍         | 1825/47868 [01:33<10:47, 71.11it/s]Running loglikelihood requests:   4%|▍         | 1841/47868 [01:33<10:47, 71.06it/s]Running loglikelihood requests:   4%|▍         | 1857/47868 [01:33<10:47, 71.08it/s]Running loglikelihood requests:   4%|▍         | 1873/47868 [01:34<10:46, 71.12it/s]Running loglikelihood requests:   4%|▍         | 1889/47868 [01:34<10:46, 71.15it/s]Running loglikelihood requests:   4%|▍         | 1905/47868 [01:34<10:45, 71.19it/s]Running loglikelihood requests:   4%|▍         | 1921/47868 [01:34<10:41, 71.59it/s]Running loglikelihood requests:   4%|▍         | 1937/47868 [01:35<10:42, 71.51it/s]Running loglikelihood requests:   4%|▍         | 1953/47868 [01:35<10:42, 71.50it/s]Running loglikelihood requests:   4%|▍         | 1969/47868 [01:35<10:42, 71.49it/s]Running loglikelihood requests:   4%|▍         | 1985/47868 [01:35<10:42, 71.45it/s]Running loglikelihood requests:   4%|▍         | 2001/47868 [01:35<10:38, 71.80it/s]Running loglikelihood requests:   4%|▍         | 2017/47868 [01:36<10:39, 71.71it/s]Running loglikelihood requests:   4%|▍         | 2033/47868 [01:36<10:39, 71.70it/s]Running loglikelihood requests:   4%|▍         | 2049/47868 [01:36<10:38, 71.72it/s]Running loglikelihood requests:   4%|▍         | 2065/47868 [01:36<10:35, 72.05it/s]Running loglikelihood requests:   4%|▍         | 2081/47868 [01:37<10:37, 71.78it/s]Running loglikelihood requests:   4%|▍         | 2097/47868 [01:37<10:38, 71.69it/s]Running loglikelihood requests:   4%|▍         | 2113/47868 [01:37<10:37, 71.79it/s]Running loglikelihood requests:   4%|▍         | 2129/47868 [01:37<10:36, 71.81it/s]Running loglikelihood requests:   4%|▍         | 2145/47868 [01:37<10:36, 71.82it/s]Running loglikelihood requests:   5%|▍         | 2161/47868 [01:38<10:33, 72.13it/s]Running loglikelihood requests:   5%|▍         | 2177/47868 [01:38<10:34, 72.01it/s]Running loglikelihood requests:   5%|▍         | 2193/47868 [01:38<10:34, 71.97it/s]Running loglikelihood requests:   5%|▍         | 2209/47868 [01:38<10:34, 71.94it/s]Running loglikelihood requests:   5%|▍         | 2225/47868 [01:39<10:31, 72.25it/s]Running loglikelihood requests:   5%|▍         | 2241/47868 [01:39<10:29, 72.52it/s]Running loglikelihood requests:   5%|▍         | 2257/47868 [01:39<10:26, 72.79it/s]Running loglikelihood requests:   5%|▍         | 2273/47868 [01:39<10:24, 72.98it/s]Running loglikelihood requests:   5%|▍         | 2289/47868 [01:39<10:20, 73.47it/s]Running loglikelihood requests:   5%|▍         | 2305/47868 [01:40<10:19, 73.59it/s]Running loglikelihood requests:   5%|▍         | 2321/47868 [01:40<10:18, 73.65it/s]Running loglikelihood requests:   5%|▍         | 2337/47868 [01:40<10:18, 73.59it/s]Running loglikelihood requests:   5%|▍         | 2353/47868 [01:40<10:17, 73.71it/s]Running loglikelihood requests:   5%|▍         | 2369/47868 [01:41<10:14, 73.99it/s]Running loglikelihood requests:   5%|▍         | 2385/47868 [01:41<10:13, 74.11it/s]Running loglikelihood requests:   5%|▌         | 2401/47868 [01:41<10:11, 74.37it/s]Running loglikelihood requests:   5%|▌         | 2417/47868 [01:41<10:09, 74.56it/s]Running loglikelihood requests:   5%|▌         | 2433/47868 [01:41<10:07, 74.80it/s]Running loglikelihood requests:   5%|▌         | 2449/47868 [01:42<10:06, 74.93it/s]Running loglikelihood requests:   5%|▌         | 2465/47868 [01:42<10:04, 75.13it/s]Running loglikelihood requests:   5%|▌         | 2481/47868 [01:42<10:03, 75.20it/s]Running loglikelihood requests:   5%|▌         | 2497/47868 [01:42<10:02, 75.31it/s]Running loglikelihood requests:   5%|▌         | 2513/47868 [01:42<10:03, 75.17it/s]Running loglikelihood requests:   5%|▌         | 2529/47868 [01:43<09:59, 75.63it/s]Running loglikelihood requests:   5%|▌         | 2545/47868 [01:43<09:56, 75.95it/s]Running loglikelihood requests:   5%|▌         | 2561/47868 [01:43<09:55, 76.14it/s]Running loglikelihood requests:   5%|▌         | 2577/47868 [01:43<09:53, 76.29it/s]Running loglikelihood requests:   5%|▌         | 2593/47868 [01:43<09:52, 76.40it/s]Running loglikelihood requests:   5%|▌         | 2609/47868 [01:44<09:51, 76.56it/s]Running loglikelihood requests:   5%|▌         | 2625/47868 [01:44<09:50, 76.64it/s]Running loglikelihood requests:   6%|▌         | 2641/47868 [01:44<09:49, 76.76it/s]Running loglikelihood requests:   6%|▌         | 2657/47868 [01:44<09:48, 76.85it/s]Running loglikelihood requests:   6%|▌         | 2673/47868 [01:45<09:48, 76.82it/s]Running loglikelihood requests:   6%|▌         | 2689/47868 [01:45<09:47, 76.85it/s]Running loglikelihood requests:   6%|▌         | 2705/47868 [01:45<09:46, 76.94it/s]Running loglikelihood requests:   6%|▌         | 2721/47868 [01:45<09:46, 76.99it/s]Running loglikelihood requests:   6%|▌         | 2737/47868 [01:45<09:45, 77.07it/s]Running loglikelihood requests:   6%|▌         | 2753/47868 [01:46<09:44, 77.14it/s]Running loglikelihood requests:   6%|▌         | 2769/47868 [01:46<09:43, 77.23it/s]Running loglikelihood requests:   6%|▌         | 2785/47868 [01:46<09:42, 77.35it/s]Running loglikelihood requests:   6%|▌         | 2801/47868 [01:46<09:42, 77.39it/s]Running loglikelihood requests:   6%|▌         | 2817/47868 [01:46<09:41, 77.46it/s]Running loglikelihood requests:   6%|▌         | 2833/47868 [01:47<09:41, 77.51it/s]Running loglikelihood requests:   6%|▌         | 2849/47868 [01:47<09:40, 77.58it/s]Running loglikelihood requests:   6%|▌         | 2865/47868 [01:47<09:37, 77.98it/s]Running loglikelihood requests:   6%|▌         | 2881/47868 [01:47<09:37, 77.92it/s]Running loglikelihood requests:   6%|▌         | 2897/47868 [01:47<09:37, 77.87it/s]Running loglikelihood requests:   6%|▌         | 2913/47868 [01:48<09:37, 77.87it/s]Running loglikelihood requests:   6%|▌         | 2929/47868 [01:48<09:37, 77.88it/s]Running loglikelihood requests:   6%|▌         | 2945/47868 [01:48<09:37, 77.84it/s]Running loglikelihood requests:   6%|▌         | 2961/47868 [01:48<09:31, 78.52it/s]Running loglikelihood requests:   6%|▌         | 2977/47868 [01:48<09:28, 78.98it/s]Running loglikelihood requests:   6%|▋         | 2993/47868 [01:49<09:25, 79.30it/s]Running loglikelihood requests:   6%|▋         | 3009/47868 [01:49<09:23, 79.59it/s]Running loglikelihood requests:   6%|▋         | 3025/47868 [01:49<09:21, 79.82it/s]Running loglikelihood requests:   6%|▋         | 3041/47868 [01:49<09:20, 80.00it/s]Running loglikelihood requests:   6%|▋         | 3057/47868 [01:49<09:19, 80.10it/s]Running loglikelihood requests:   6%|▋         | 3073/47868 [01:50<09:19, 80.08it/s]Running loglikelihood requests:   6%|▋         | 3089/47868 [01:50<09:19, 80.06it/s]Running loglikelihood requests:   6%|▋         | 3105/47868 [01:50<09:18, 80.13it/s]Running loglikelihood requests:   7%|▋         | 3121/47868 [01:50<09:17, 80.23it/s]Running loglikelihood requests:   7%|▋         | 3137/47868 [01:50<09:17, 80.31it/s]Running loglikelihood requests:   7%|▋         | 3153/47868 [01:51<09:16, 80.33it/s]Running loglikelihood requests:   7%|▋         | 3169/47868 [01:51<09:16, 80.33it/s]Running loglikelihood requests:   7%|▋         | 3185/47868 [01:51<09:15, 80.37it/s]Running loglikelihood requests:   7%|▋         | 3201/47868 [01:51<09:15, 80.43it/s]Running loglikelihood requests:   7%|▋         | 3217/47868 [01:51<09:11, 80.93it/s]Running loglikelihood requests:   7%|▋         | 3233/47868 [01:52<09:11, 80.90it/s]Running loglikelihood requests:   7%|▋         | 3249/47868 [01:52<09:10, 80.98it/s]Running loglikelihood requests:   7%|▋         | 3265/47868 [01:52<09:10, 81.02it/s]Running loglikelihood requests:   7%|▋         | 3281/47868 [01:52<09:08, 81.35it/s]Running loglikelihood requests:   7%|▋         | 3297/47868 [01:52<09:06, 81.55it/s]Running loglikelihood requests:   7%|▋         | 3313/47868 [01:53<09:07, 81.42it/s]Running loglikelihood requests:   7%|▋         | 3329/47868 [01:53<09:07, 81.35it/s]Running loglikelihood requests:   7%|▋         | 3345/47868 [01:53<09:07, 81.26it/s]Running loglikelihood requests:   7%|▋         | 3361/47868 [01:53<09:05, 81.60it/s]Running loglikelihood requests:   7%|▋         | 3377/47868 [01:53<09:05, 81.50it/s]Running loglikelihood requests:   7%|▋         | 3393/47868 [01:54<09:06, 81.36it/s]Running loglikelihood requests:   7%|▋         | 3409/47868 [01:54<09:06, 81.30it/s]Running loglikelihood requests:   7%|▋         | 3425/47868 [01:54<09:06, 81.32it/s]Running loglikelihood requests:   7%|▋         | 3441/47868 [01:54<09:07, 81.22it/s]Running loglikelihood requests:   7%|▋         | 3457/47868 [01:54<09:06, 81.20it/s]Running loglikelihood requests:   7%|▋         | 3473/47868 [01:55<09:03, 81.76it/s]Running loglikelihood requests:   7%|▋         | 3489/47868 [01:55<09:02, 81.78it/s]Running loglikelihood requests:   7%|▋         | 3505/47868 [01:55<09:01, 81.91it/s]Running loglikelihood requests:   7%|▋         | 3521/47868 [01:55<09:00, 81.98it/s]Running loglikelihood requests:   7%|▋         | 3537/47868 [01:55<08:58, 82.33it/s]Running loglikelihood requests:   7%|▋         | 3553/47868 [01:56<08:58, 82.32it/s]Running loglikelihood requests:   7%|▋         | 3569/47868 [01:56<08:58, 82.23it/s]Running loglikelihood requests:   7%|▋         | 3585/47868 [01:56<08:58, 82.31it/s]Running loglikelihood requests:   8%|▊         | 3601/47868 [01:56<08:56, 82.57it/s]Running loglikelihood requests:   8%|▊         | 3617/47868 [01:56<08:56, 82.54it/s]Running loglikelihood requests:   8%|▊         | 3633/47868 [01:57<08:56, 82.46it/s]Running loglikelihood requests:   8%|▊         | 3649/47868 [01:57<08:56, 82.44it/s]Running loglikelihood requests:   8%|▊         | 3665/47868 [01:57<08:55, 82.47it/s]Running loglikelihood requests:   8%|▊         | 3681/47868 [01:57<08:54, 82.68it/s]Running loglikelihood requests:   8%|▊         | 3697/47868 [01:57<08:54, 82.61it/s]Running loglikelihood requests:   8%|▊         | 3713/47868 [01:57<08:55, 82.51it/s]Running loglikelihood requests:   8%|▊         | 3729/47868 [01:58<08:54, 82.51it/s]Running loglikelihood requests:   8%|▊         | 3745/47868 [01:58<08:55, 82.45it/s]Running loglikelihood requests:   8%|▊         | 3761/47868 [01:58<08:50, 83.14it/s]Running loglikelihood requests:   8%|▊         | 3777/47868 [01:58<08:49, 83.20it/s]Running loglikelihood requests:   8%|▊         | 3793/47868 [01:58<08:49, 83.30it/s]Running loglikelihood requests:   8%|▊         | 3809/47868 [01:59<08:50, 82.99it/s]Running loglikelihood requests:   8%|▊         | 3825/47868 [01:59<08:49, 83.20it/s]Running loglikelihood requests:   8%|▊         | 3841/47868 [01:59<08:49, 83.21it/s]Running loglikelihood requests:   8%|▊         | 3857/47868 [01:59<08:48, 83.29it/s]Running loglikelihood requests:   8%|▊         | 3873/47868 [01:59<08:47, 83.42it/s]Running loglikelihood requests:   8%|▊         | 3889/47868 [02:00<08:47, 83.44it/s]Running loglikelihood requests:   8%|▊         | 3905/47868 [02:00<08:45, 83.59it/s]Running loglikelihood requests:   8%|▊         | 3921/47868 [02:00<08:45, 83.61it/s]Running loglikelihood requests:   8%|▊         | 3937/47868 [02:00<08:44, 83.68it/s]Running loglikelihood requests:   8%|▊         | 3953/47868 [02:00<08:44, 83.78it/s]Running loglikelihood requests:   8%|▊         | 3969/47868 [02:01<08:43, 83.78it/s]Running loglikelihood requests:   8%|▊         | 3985/47868 [02:01<08:43, 83.86it/s]Running loglikelihood requests:   8%|▊         | 4001/47868 [02:01<08:43, 83.80it/s]Running loglikelihood requests:   8%|▊         | 4017/47868 [02:01<08:43, 83.78it/s]Running loglikelihood requests:   8%|▊         | 4033/47868 [02:01<08:42, 83.83it/s]Running loglikelihood requests:   8%|▊         | 4049/47868 [02:01<08:39, 84.34it/s]Running loglikelihood requests:   8%|▊         | 4065/47868 [02:02<08:38, 84.43it/s]Running loglikelihood requests:   9%|▊         | 4081/47868 [02:02<08:37, 84.53it/s]Running loglikelihood requests:   9%|▊         | 4097/47868 [02:02<08:37, 84.52it/s]Running loglikelihood requests:   9%|▊         | 4113/47868 [02:02<08:37, 84.60it/s]Running loglikelihood requests:   9%|▊         | 4129/47868 [02:02<08:34, 85.01it/s]Running loglikelihood requests:   9%|▊         | 4145/47868 [02:03<08:34, 84.94it/s]Running loglikelihood requests:   9%|▊         | 4161/47868 [02:03<08:35, 84.85it/s]Running loglikelihood requests:   9%|▊         | 4177/47868 [02:03<08:34, 84.90it/s]Running loglikelihood requests:   9%|▉         | 4193/47868 [02:03<08:34, 84.88it/s]Running loglikelihood requests:   9%|▉         | 4209/47868 [02:03<08:34, 84.87it/s]Running loglikelihood requests:   9%|▉         | 4225/47868 [02:04<08:33, 84.91it/s]Running loglikelihood requests:   9%|▉         | 4241/47868 [02:04<08:33, 84.96it/s]Running loglikelihood requests:   9%|▉         | 4257/47868 [02:04<08:33, 84.88it/s]Running loglikelihood requests:   9%|▉         | 4273/47868 [02:04<08:33, 84.94it/s]Running loglikelihood requests:   9%|▉         | 4289/47868 [02:04<08:32, 85.04it/s]Running loglikelihood requests:   9%|▉         | 4305/47868 [02:05<08:29, 85.43it/s]Running loglikelihood requests:   9%|▉         | 4321/47868 [02:05<08:30, 85.31it/s]Running loglikelihood requests:   9%|▉         | 4337/47868 [02:05<08:30, 85.33it/s]Running loglikelihood requests:   9%|▉         | 4353/47868 [02:05<08:29, 85.37it/s]Running loglikelihood requests:   9%|▉         | 4369/47868 [02:05<08:28, 85.48it/s]Running loglikelihood requests:   9%|▉         | 4385/47868 [02:05<08:28, 85.49it/s]Running loglikelihood requests:   9%|▉         | 4401/47868 [02:06<08:28, 85.50it/s]Running loglikelihood requests:   9%|▉         | 4417/47868 [02:06<08:27, 85.56it/s]Running loglikelihood requests:   9%|▉         | 4433/47868 [02:06<08:24, 86.10it/s]Running loglikelihood requests:   9%|▉         | 4449/47868 [02:06<08:23, 86.25it/s]Running loglikelihood requests:   9%|▉         | 4465/47868 [02:06<08:22, 86.44it/s]Running loglikelihood requests:   9%|▉         | 4481/47868 [02:07<08:21, 86.56it/s]Running loglikelihood requests:   9%|▉         | 4497/47868 [02:07<08:20, 86.59it/s]Running loglikelihood requests:   9%|▉         | 4513/47868 [02:07<08:20, 86.62it/s]Running loglikelihood requests:   9%|▉         | 4529/47868 [02:07<08:20, 86.67it/s]Running loglikelihood requests:   9%|▉         | 4545/47868 [02:07<08:17, 87.01it/s]Running loglikelihood requests:  10%|▉         | 4561/47868 [02:07<08:15, 87.40it/s]Running loglikelihood requests:  10%|▉         | 4577/47868 [02:08<08:12, 87.97it/s]Running loglikelihood requests:  10%|▉         | 4593/47868 [02:08<08:08, 88.59it/s]Running loglikelihood requests:  10%|▉         | 4609/47868 [02:08<08:04, 89.21it/s]Running loglikelihood requests:  10%|▉         | 4625/47868 [02:08<08:01, 89.72it/s]Running loglikelihood requests:  10%|▉         | 4641/47868 [02:08<08:00, 89.92it/s]Running loglikelihood requests:  10%|▉         | 4657/47868 [02:09<07:59, 90.13it/s]Running loglikelihood requests:  10%|▉         | 4673/47868 [02:09<07:54, 90.98it/s]Running loglikelihood requests:  10%|▉         | 4689/47868 [02:09<07:54, 91.06it/s]Running loglikelihood requests:  10%|▉         | 4705/47868 [02:09<07:52, 91.39it/s]Running loglikelihood requests:  10%|▉         | 4721/47868 [02:09<07:51, 91.52it/s]Running loglikelihood requests:  10%|▉         | 4737/47868 [02:09<07:50, 91.61it/s]Running loglikelihood requests:  10%|▉         | 4753/47868 [02:10<07:49, 91.78it/s]Running loglikelihood requests:  10%|▉         | 4769/47868 [02:10<07:49, 91.72it/s]Running loglikelihood requests:  10%|▉         | 4785/47868 [02:10<07:48, 91.92it/s]Running loglikelihood requests:  10%|█         | 4801/47868 [02:10<07:48, 91.89it/s]Running loglikelihood requests:  10%|█         | 4817/47868 [02:10<07:47, 92.00it/s]Running loglikelihood requests:  10%|█         | 4833/47868 [02:10<07:45, 92.37it/s]Running loglikelihood requests:  10%|█         | 4849/47868 [02:11<07:45, 92.41it/s]Running loglikelihood requests:  10%|█         | 4865/47868 [02:11<07:45, 92.29it/s]Running loglikelihood requests:  10%|█         | 4881/47868 [02:11<07:45, 92.35it/s]Running loglikelihood requests:  10%|█         | 4897/47868 [02:11<07:45, 92.39it/s]Running loglikelihood requests:  10%|█         | 4913/47868 [02:11<07:44, 92.44it/s]Running loglikelihood requests:  10%|█         | 4929/47868 [02:11<07:44, 92.52it/s]Running loglikelihood requests:  10%|█         | 4945/47868 [02:12<07:42, 92.90it/s]Running loglikelihood requests:  10%|█         | 4961/47868 [02:12<07:42, 92.84it/s]Running loglikelihood requests:  10%|█         | 4977/47868 [02:12<07:41, 92.93it/s]Running loglikelihood requests:  10%|█         | 4993/47868 [02:12<07:40, 93.19it/s]Running loglikelihood requests:  10%|█         | 5009/47868 [02:12<07:39, 93.20it/s]Running loglikelihood requests:  10%|█         | 5025/47868 [02:13<07:40, 92.98it/s]Running loglikelihood requests:  11%|█         | 5041/47868 [02:13<07:38, 93.38it/s]Running loglikelihood requests:  11%|█         | 5057/47868 [02:13<07:37, 93.63it/s]Running loglikelihood requests:  11%|█         | 5073/47868 [02:13<07:36, 93.70it/s]Running loglikelihood requests:  11%|█         | 5089/47868 [02:13<07:35, 93.87it/s]Running loglikelihood requests:  11%|█         | 5105/47868 [02:13<07:35, 93.95it/s]Running loglikelihood requests:  11%|█         | 5121/47868 [02:14<07:30, 94.88it/s]Running loglikelihood requests:  11%|█         | 5137/47868 [02:14<07:28, 95.24it/s]Running loglikelihood requests:  11%|█         | 5153/47868 [02:14<07:26, 95.58it/s]Running loglikelihood requests:  11%|█         | 5169/47868 [02:14<07:25, 95.78it/s]Running loglikelihood requests:  11%|█         | 5185/47868 [02:14<07:25, 95.86it/s]Running loglikelihood requests:  11%|█         | 5201/47868 [02:14<07:24, 95.98it/s]Running loglikelihood requests:  11%|█         | 5217/47868 [02:15<07:24, 95.99it/s]Running loglikelihood requests:  11%|█         | 5233/47868 [02:15<07:21, 96.49it/s]Running loglikelihood requests:  11%|█         | 5249/47868 [02:15<07:21, 96.45it/s]Running loglikelihood requests:  11%|█         | 5265/47868 [02:15<07:21, 96.59it/s]Running loglikelihood requests:  11%|█         | 5281/47868 [02:15<07:21, 96.55it/s]Running loglikelihood requests:  11%|█         | 5297/47868 [02:15<07:21, 96.44it/s]Running loglikelihood requests:  11%|█         | 5313/47868 [02:16<07:21, 96.42it/s]Running loglikelihood requests:  11%|█         | 5329/47868 [02:16<07:21, 96.38it/s]Running loglikelihood requests:  11%|█         | 5345/47868 [02:16<07:19, 96.84it/s]Running loglikelihood requests:  11%|█         | 5361/47868 [02:16<07:18, 96.83it/s]Running loglikelihood requests:  11%|█         | 5377/47868 [02:16<07:18, 96.87it/s]Running loglikelihood requests:  11%|█▏        | 5393/47868 [02:16<07:18, 96.90it/s]Running loglikelihood requests:  11%|█▏        | 5409/47868 [02:17<07:18, 96.91it/s]Running loglikelihood requests:  11%|█▏        | 5425/47868 [02:17<07:16, 97.13it/s]Running loglikelihood requests:  11%|█▏        | 5441/47868 [02:17<07:17, 97.00it/s]Running loglikelihood requests:  11%|█▏        | 5457/47868 [02:17<07:17, 96.91it/s]Running loglikelihood requests:  11%|█▏        | 5473/47868 [02:17<07:18, 96.75it/s]Running loglikelihood requests:  11%|█▏        | 5489/47868 [02:17<07:17, 96.81it/s]Running loglikelihood requests:  12%|█▏        | 5505/47868 [02:17<07:17, 96.87it/s]Running loglikelihood requests:  12%|█▏        | 5521/47868 [02:18<07:14, 97.38it/s]Running loglikelihood requests:  12%|█▏        | 5537/47868 [02:18<07:14, 97.36it/s]Running loglikelihood requests:  12%|█▏        | 5553/47868 [02:18<07:14, 97.35it/s]Running loglikelihood requests:  12%|█▏        | 5569/47868 [02:18<07:14, 97.39it/s]Running loglikelihood requests:  12%|█▏        | 5585/47868 [02:18<07:14, 97.39it/s]Running loglikelihood requests:  12%|█▏        | 5601/47868 [02:18<07:14, 97.24it/s]Running loglikelihood requests:  12%|█▏        | 5617/47868 [02:19<07:14, 97.14it/s]Running loglikelihood requests:  12%|█▏        | 5633/47868 [02:19<07:15, 97.05it/s]Running loglikelihood requests:  12%|█▏        | 5649/47868 [02:19<07:14, 97.08it/s]Running loglikelihood requests:  12%|█▏        | 5665/47868 [02:19<07:14, 97.09it/s]Running loglikelihood requests:  12%|█▏        | 5681/47868 [02:19<07:13, 97.29it/s]Running loglikelihood requests:  12%|█▏        | 5697/47868 [02:19<07:13, 97.37it/s]Running loglikelihood requests:  12%|█▏        | 5713/47868 [02:20<07:12, 97.44it/s]Running loglikelihood requests:  12%|█▏        | 5729/47868 [02:20<07:12, 97.54it/s]Running loglikelihood requests:  12%|█▏        | 5745/47868 [02:20<07:11, 97.60it/s]Running loglikelihood requests:  12%|█▏        | 5761/47868 [02:20<07:11, 97.69it/s]Running loglikelihood requests:  12%|█▏        | 5777/47868 [02:20<07:10, 97.79it/s]Running loglikelihood requests:  12%|█▏        | 5793/47868 [02:20<07:09, 97.93it/s]Running loglikelihood requests:  12%|█▏        | 5809/47868 [02:21<07:09, 97.98it/s]Running loglikelihood requests:  12%|█▏        | 5825/47868 [02:21<07:09, 97.93it/s]Running loglikelihood requests:  12%|█▏        | 5841/47868 [02:21<07:09, 97.88it/s]Running loglikelihood requests:  12%|█▏        | 5857/47868 [02:21<07:09, 97.90it/s]Running loglikelihood requests:  12%|█▏        | 5873/47868 [02:21<07:09, 97.88it/s]Running loglikelihood requests:  12%|█▏        | 5889/47868 [02:21<07:06, 98.39it/s]Running loglikelihood requests:  12%|█▏        | 5905/47868 [02:22<07:06, 98.42it/s]Running loglikelihood requests:  12%|█▏        | 5921/47868 [02:22<07:05, 98.53it/s]Running loglikelihood requests:  12%|█▏        | 5937/47868 [02:22<07:04, 98.67it/s]Running loglikelihood requests:  12%|█▏        | 5953/47868 [02:22<07:04, 98.69it/s]Running loglikelihood requests:  12%|█▏        | 5969/47868 [02:22<07:04, 98.75it/s]Running loglikelihood requests:  13%|█▎        | 5985/47868 [02:22<07:02, 99.12it/s]Running loglikelihood requests:  13%|█▎        | 6001/47868 [02:23<07:02, 99.04it/s]Running loglikelihood requests:  13%|█▎        | 6017/47868 [02:23<07:02, 98.98it/s]Running loglikelihood requests:  13%|█▎        | 6033/47868 [02:23<07:02, 98.98it/s]Running loglikelihood requests:  13%|█▎        | 6049/47868 [02:23<07:02, 98.97it/s]Running loglikelihood requests:  13%|█▎        | 6065/47868 [02:23<07:02, 98.94it/s]Running loglikelihood requests:  13%|█▎        | 6081/47868 [02:23<07:00, 99.34it/s]Running loglikelihood requests:  13%|█▎        | 6097/47868 [02:24<07:01, 99.18it/s]Running loglikelihood requests:  13%|█▎        | 6113/47868 [02:24<07:01, 99.06it/s]Running loglikelihood requests:  13%|█▎        | 6129/47868 [02:24<07:01, 99.02it/s]Running loglikelihood requests:  13%|█▎        | 6145/47868 [02:24<07:01, 99.00it/s]Running loglikelihood requests:  13%|█▎        | 6161/47868 [02:24<07:01, 98.93it/s]Running loglikelihood requests:  13%|█▎        | 6177/47868 [02:24<07:01, 98.88it/s]Running loglikelihood requests:  13%|█▎        | 6193/47868 [02:24<07:02, 98.74it/s]Running loglikelihood requests:  13%|█▎        | 6209/47868 [02:25<07:00, 99.08it/s]Running loglikelihood requests:  13%|█▎        | 6225/47868 [02:25<07:00, 99.13it/s]Running loglikelihood requests:  13%|█▎        | 6241/47868 [02:25<06:59, 99.19it/s]Running loglikelihood requests:  13%|█▎        | 6257/47868 [02:25<06:59, 99.26it/s]Running loglikelihood requests:  13%|█▎        | 6273/47868 [02:25<06:58, 99.38it/s]Running loglikelihood requests:  13%|█▎        | 6289/47868 [02:25<06:56, 99.89it/s]Running loglikelihood requests:  13%|█▎        | 6305/47868 [02:26<06:56, 99.87it/s]Running loglikelihood requests:  13%|█▎        | 6321/47868 [02:26<06:56, 99.73it/s]Running loglikelihood requests:  13%|█▎        | 6337/47868 [02:26<06:56, 99.65it/s]Running loglikelihood requests:  13%|█▎        | 6353/47868 [02:26<06:57, 99.54it/s]Running loglikelihood requests:  13%|█▎        | 6369/47868 [02:26<06:57, 99.40it/s]Running loglikelihood requests:  13%|█▎        | 6385/47868 [02:26<06:57, 99.29it/s]Running loglikelihood requests:  13%|█▎        | 6401/47868 [02:27<06:57, 99.27it/s]Running loglikelihood requests:  13%|█▎        | 6417/47868 [02:27<06:57, 99.40it/s]Running loglikelihood requests:  13%|█▎        | 6433/47868 [02:27<06:55, 99.61it/s]Running loglikelihood requests:  13%|█▎        | 6449/47868 [02:27<06:55, 99.79it/s]Running loglikelihood requests:  14%|█▎        | 6465/47868 [02:27<06:54, 99.89it/s]Running loglikelihood requests:  14%|█▎        | 6481/47868 [02:27<06:53, 99.97it/s]Running loglikelihood requests:  14%|█▎        | 6497/47868 [02:28<06:53, 100.00it/s]Running loglikelihood requests:  14%|█▎        | 6513/47868 [02:28<06:53, 99.96it/s] Running loglikelihood requests:  14%|█▎        | 6529/47868 [02:28<06:53, 99.92it/s]Running loglikelihood requests:  14%|█▎        | 6545/47868 [02:28<06:52, 100.24it/s]Running loglikelihood requests:  14%|█▎        | 6561/47868 [02:28<06:52, 100.17it/s]Running loglikelihood requests:  14%|█▎        | 6577/47868 [02:28<06:51, 100.26it/s]Running loglikelihood requests:  14%|█▍        | 6593/47868 [02:29<06:51, 100.28it/s]Running loglikelihood requests:  14%|█▍        | 6609/47868 [02:29<06:51, 100.30it/s]Running loglikelihood requests:  14%|█▍        | 6625/47868 [02:29<06:48, 101.03it/s]Running loglikelihood requests:  14%|█▍        | 6641/47868 [02:29<06:46, 101.52it/s]Running loglikelihood requests:  14%|█▍        | 6657/47868 [02:29<06:43, 102.07it/s]Running loglikelihood requests:  14%|█▍        | 6673/47868 [02:29<06:42, 102.43it/s]Running loglikelihood requests:  14%|█▍        | 6689/47868 [02:29<06:40, 102.87it/s]Running loglikelihood requests:  14%|█▍        | 6705/47868 [02:30<06:39, 103.10it/s]Running loglikelihood requests:  14%|█▍        | 6721/47868 [02:30<06:39, 103.10it/s]Running loglikelihood requests:  14%|█▍        | 6737/47868 [02:30<06:37, 103.40it/s]Running loglikelihood requests:  14%|█▍        | 6753/47868 [02:30<06:37, 103.41it/s]Running loglikelihood requests:  14%|█▍        | 6769/47868 [02:30<06:36, 103.55it/s]Running loglikelihood requests:  14%|█▍        | 6785/47868 [02:30<06:35, 103.82it/s]Running loglikelihood requests:  14%|█▍        | 6801/47868 [02:31<06:35, 103.90it/s]Running loglikelihood requests:  14%|█▍        | 6817/47868 [02:31<06:31, 104.99it/s]Running loglikelihood requests:  14%|█▍        | 6833/47868 [02:31<06:28, 105.76it/s]Running loglikelihood requests:  14%|█▍        | 6849/47868 [02:31<06:24, 106.70it/s]Running loglikelihood requests:  14%|█▍        | 6865/47868 [02:31<06:17, 108.63it/s]Running loglikelihood requests:  14%|█▍        | 6881/47868 [02:31<06:10, 110.54it/s]Running loglikelihood requests:  14%|█▍        | 6897/47868 [02:31<06:05, 111.97it/s]Running loglikelihood requests:  14%|█▍        | 6913/47868 [02:32<06:02, 113.00it/s]Running loglikelihood requests:  14%|█▍        | 6929/47868 [02:32<05:59, 113.86it/s]Running loglikelihood requests:  15%|█▍        | 6945/47868 [02:32<05:51, 116.51it/s]Running loglikelihood requests:  15%|█▍        | 6961/47868 [02:32<05:45, 118.51it/s]Running loglikelihood requests:  15%|█▍        | 6977/47868 [02:32<05:39, 120.32it/s]Running loglikelihood requests:  15%|█▍        | 6993/47868 [02:32<05:37, 121.09it/s]Running loglikelihood requests:  15%|█▍        | 7009/47868 [02:32<05:34, 122.24it/s]Running loglikelihood requests:  15%|█▍        | 7025/47868 [02:32<05:31, 123.17it/s]Running loglikelihood requests:  15%|█▍        | 7041/47868 [02:33<05:29, 123.92it/s]Running loglikelihood requests:  15%|█▍        | 7057/47868 [02:33<05:28, 124.31it/s]Running loglikelihood requests:  15%|█▍        | 7073/47868 [02:33<05:26, 124.84it/s]Running loglikelihood requests:  15%|█▍        | 7089/47868 [02:33<05:24, 125.60it/s]Running loglikelihood requests:  15%|█▍        | 7105/47868 [02:33<05:23, 125.94it/s]Running loglikelihood requests:  15%|█▍        | 7121/47868 [02:33<05:22, 126.30it/s]Running loglikelihood requests:  15%|█▍        | 7137/47868 [02:33<05:21, 126.70it/s]Running loglikelihood requests:  15%|█▍        | 7153/47868 [02:33<05:19, 127.31it/s]Running loglikelihood requests:  15%|█▍        | 7169/47868 [02:34<05:18, 127.71it/s]Running loglikelihood requests:  15%|█▌        | 7185/47868 [02:34<05:18, 127.75it/s]Running loglikelihood requests:  15%|█▌        | 7201/47868 [02:34<05:18, 127.66it/s]Running loglikelihood requests:  15%|█▌        | 7217/47868 [02:34<05:18, 127.77it/s]Running loglikelihood requests:  15%|█▌        | 7233/47868 [02:34<05:17, 128.11it/s]Running loglikelihood requests:  15%|█▌        | 7249/47868 [02:34<05:16, 128.40it/s]Running loglikelihood requests:  15%|█▌        | 7265/47868 [02:34<05:14, 128.97it/s]Running loglikelihood requests:  15%|█▌        | 7281/47868 [02:34<05:13, 129.44it/s]Running loglikelihood requests:  15%|█▌        | 7297/47868 [02:35<05:13, 129.45it/s]Running loglikelihood requests:  15%|█▌        | 7313/47868 [02:35<05:13, 129.46it/s]Running loglikelihood requests:  15%|█▌        | 7329/47868 [02:35<05:13, 129.35it/s]Running loglikelihood requests:  15%|█▌        | 7345/47868 [02:35<05:13, 129.14it/s]Running loglikelihood requests:  15%|█▌        | 7361/47868 [02:35<05:13, 129.08it/s]Running loglikelihood requests:  15%|█▌        | 7377/47868 [02:35<05:12, 129.48it/s]Running loglikelihood requests:  15%|█▌        | 7393/47868 [02:35<05:12, 129.46it/s]Running loglikelihood requests:  15%|█▌        | 7409/47868 [02:35<05:12, 129.64it/s]Running loglikelihood requests:  16%|█▌        | 7425/47868 [02:36<05:11, 129.98it/s]Running loglikelihood requests:  16%|█▌        | 7441/47868 [02:36<05:10, 130.25it/s]Running loglikelihood requests:  16%|█▌        | 7457/47868 [02:36<05:09, 130.57it/s]Running loglikelihood requests:  16%|█▌        | 7473/47868 [02:36<05:08, 130.76it/s]Running loglikelihood requests:  16%|█▌        | 7489/47868 [02:36<05:08, 130.68it/s]Running loglikelihood requests:  16%|█▌        | 7505/47868 [02:36<05:08, 130.66it/s]Running loglikelihood requests:  16%|█▌        | 7521/47868 [02:36<05:09, 130.54it/s]Running loglikelihood requests:  16%|█▌        | 7537/47868 [02:36<05:09, 130.34it/s]Running loglikelihood requests:  16%|█▌        | 7553/47868 [02:37<05:09, 130.13it/s]Running loglikelihood requests:  16%|█▌        | 7569/47868 [02:37<05:07, 131.26it/s]Running loglikelihood requests:  16%|█▌        | 7585/47868 [02:37<05:05, 131.82it/s]Running loglikelihood requests:  16%|█▌        | 7601/47868 [02:37<05:04, 132.27it/s]Running loglikelihood requests:  16%|█▌        | 7617/47868 [02:37<05:03, 132.67it/s]Running loglikelihood requests:  16%|█▌        | 7633/47868 [02:37<05:01, 133.26it/s]Running loglikelihood requests:  16%|█▌        | 7649/47868 [02:37<05:00, 133.72it/s]Running loglikelihood requests:  16%|█▌        | 7665/47868 [02:37<05:00, 133.98it/s]Running loglikelihood requests:  16%|█▌        | 7681/47868 [02:37<04:59, 133.96it/s]Running loglikelihood requests:  16%|█▌        | 7697/47868 [02:38<05:00, 133.88it/s]Running loglikelihood requests:  16%|█▌        | 7713/47868 [02:38<05:00, 133.70it/s]Running loglikelihood requests:  16%|█▌        | 7729/47868 [02:38<04:59, 133.93it/s]Running loglikelihood requests:  16%|█▌        | 7745/47868 [02:38<04:59, 133.93it/s]Running loglikelihood requests:  16%|█▌        | 7761/47868 [02:38<04:59, 134.10it/s]Running loglikelihood requests:  16%|█▌        | 7777/47868 [02:38<04:58, 134.49it/s]Running loglikelihood requests:  16%|█▋        | 7793/47868 [02:38<04:57, 134.76it/s]Running loglikelihood requests:  16%|█▋        | 7809/47868 [02:38<04:57, 134.69it/s]Running loglikelihood requests:  16%|█▋        | 7825/47868 [02:39<04:57, 134.42it/s]Running loglikelihood requests:  16%|█▋        | 7841/47868 [02:39<04:58, 134.29it/s]Running loglikelihood requests:  16%|█▋        | 7857/47868 [02:39<04:58, 134.06it/s]Running loglikelihood requests:  16%|█▋        | 7873/47868 [02:39<04:58, 134.09it/s]Running loglikelihood requests:  16%|█▋        | 7889/47868 [02:39<04:57, 134.57it/s]Running loglikelihood requests:  17%|█▋        | 7905/47868 [02:39<04:56, 134.94it/s]Running loglikelihood requests:  17%|█▋        | 7921/47868 [02:39<04:55, 134.97it/s]Running loglikelihood requests:  17%|█▋        | 7937/47868 [02:39<04:56, 134.84it/s]Running loglikelihood requests:  17%|█▋        | 7953/47868 [02:40<04:56, 134.73it/s]Running loglikelihood requests:  17%|█▋        | 7969/47868 [02:40<04:56, 134.41it/s]Running loglikelihood requests:  17%|█▋        | 7985/47868 [02:40<04:56, 134.33it/s]Running loglikelihood requests:  17%|█▋        | 8001/47868 [02:40<04:56, 134.46it/s]Running loglikelihood requests:  17%|█▋        | 8017/47868 [02:40<04:55, 134.93it/s]Running loglikelihood requests:  17%|█▋        | 8033/47868 [02:40<04:54, 135.09it/s]Running loglikelihood requests:  17%|█▋        | 8049/47868 [02:40<04:55, 134.92it/s]Running loglikelihood requests:  17%|█▋        | 8065/47868 [02:40<04:54, 135.20it/s]Running loglikelihood requests:  17%|█▋        | 8081/47868 [02:40<04:54, 135.24it/s]Running loglikelihood requests:  17%|█▋        | 8097/47868 [02:41<04:54, 135.26it/s]Running loglikelihood requests:  17%|█▋        | 8113/47868 [02:41<04:53, 135.58it/s]Running loglikelihood requests:  17%|█▋        | 8129/47868 [02:41<04:53, 135.53it/s]Running loglikelihood requests:  17%|█▋        | 8145/47868 [02:41<04:53, 135.31it/s]Running loglikelihood requests:  17%|█▋        | 8161/47868 [02:41<04:54, 135.02it/s]Running loglikelihood requests:  17%|█▋        | 8177/47868 [02:41<04:54, 134.93it/s]Running loglikelihood requests:  17%|█▋        | 8193/47868 [02:41<04:53, 135.05it/s]Running loglikelihood requests:  17%|█▋        | 8209/47868 [02:41<04:52, 135.43it/s]Running loglikelihood requests:  17%|█▋        | 8225/47868 [02:42<04:52, 135.59it/s]Running loglikelihood requests:  17%|█▋        | 8241/47868 [02:42<04:52, 135.39it/s]Running loglikelihood requests:  17%|█▋        | 8257/47868 [02:42<04:53, 135.13it/s]Running loglikelihood requests:  17%|█▋        | 8273/47868 [02:42<04:53, 135.10it/s]Running loglikelihood requests:  17%|█▋        | 8289/47868 [02:42<04:51, 135.73it/s]Running loglikelihood requests:  17%|█▋        | 8305/47868 [02:42<04:50, 136.14it/s]Running loglikelihood requests:  17%|█▋        | 8321/47868 [02:42<04:50, 136.02it/s]Running loglikelihood requests:  17%|█▋        | 8337/47868 [02:42<04:50, 135.88it/s]Running loglikelihood requests:  17%|█▋        | 8353/47868 [02:42<04:50, 135.87it/s]Running loglikelihood requests:  17%|█▋        | 8369/47868 [02:43<04:50, 136.08it/s]Running loglikelihood requests:  18%|█▊        | 8385/47868 [02:43<04:49, 136.34it/s]Running loglikelihood requests:  18%|█▊        | 8401/47868 [02:43<04:49, 136.37it/s]Running loglikelihood requests:  18%|█▊        | 8417/47868 [02:43<04:49, 136.21it/s]Running loglikelihood requests:  18%|█▊        | 8433/47868 [02:43<04:50, 135.94it/s]Running loglikelihood requests:  18%|█▊        | 8449/47868 [02:43<04:49, 136.08it/s]Running loglikelihood requests:  18%|█▊        | 8465/47868 [02:43<04:48, 136.41it/s]Running loglikelihood requests:  18%|█▊        | 8481/47868 [02:43<04:48, 136.36it/s]Running loglikelihood requests:  18%|█▊        | 8497/47868 [02:44<04:48, 136.24it/s]Running loglikelihood requests:  18%|█▊        | 8513/47868 [02:44<04:49, 136.07it/s]Running loglikelihood requests:  18%|█▊        | 8529/47868 [02:44<04:48, 136.25it/s]Running loglikelihood requests:  18%|█▊        | 8545/47868 [02:44<04:46, 137.03it/s]Running loglikelihood requests:  18%|█▊        | 8561/47868 [02:44<04:46, 137.00it/s]Running loglikelihood requests:  18%|█▊        | 8577/47868 [02:44<04:47, 136.72it/s]Running loglikelihood requests:  18%|█▊        | 8593/47868 [02:44<04:47, 136.77it/s]Running loglikelihood requests:  18%|█▊        | 8609/47868 [02:44<04:46, 136.96it/s]Running loglikelihood requests:  18%|█▊        | 8625/47868 [02:44<04:46, 136.79it/s]Running loglikelihood requests:  18%|█▊        | 8641/47868 [02:45<04:47, 136.56it/s]Running loglikelihood requests:  18%|█▊        | 8657/47868 [02:45<04:47, 136.54it/s]Running loglikelihood requests:  18%|█▊        | 8673/47868 [02:45<04:46, 136.78it/s]Running loglikelihood requests:  18%|█▊        | 8689/47868 [02:45<04:46, 136.90it/s]Running loglikelihood requests:  18%|█▊        | 8705/47868 [02:45<04:46, 136.71it/s]Running loglikelihood requests:  18%|█▊        | 8721/47868 [02:45<04:46, 136.50it/s]Running loglikelihood requests:  18%|█▊        | 8737/47868 [02:45<04:45, 137.06it/s]Running loglikelihood requests:  18%|█▊        | 8753/47868 [02:45<04:44, 137.48it/s]Running loglikelihood requests:  18%|█▊        | 8769/47868 [02:46<04:45, 137.07it/s]Running loglikelihood requests:  18%|█▊        | 8785/47868 [02:46<04:45, 136.77it/s]Running loglikelihood requests:  18%|█▊        | 8801/47868 [02:46<04:45, 136.93it/s]Running loglikelihood requests:  18%|█▊        | 8817/47868 [02:46<04:44, 137.23it/s]Running loglikelihood requests:  18%|█▊        | 8833/47868 [02:46<04:44, 137.12it/s]Running loglikelihood requests:  18%|█▊        | 8849/47868 [02:46<04:45, 136.85it/s]Running loglikelihood requests:  19%|█▊        | 8865/47868 [02:46<04:44, 136.92it/s]Running loglikelihood requests:  19%|█▊        | 8881/47868 [02:46<04:44, 137.19it/s]Running loglikelihood requests:  19%|█▊        | 8897/47868 [02:46<04:43, 137.24it/s]Running loglikelihood requests:  19%|█▊        | 8913/47868 [02:47<04:44, 137.02it/s]Running loglikelihood requests:  19%|█▊        | 8929/47868 [02:47<04:44, 136.93it/s]Running loglikelihood requests:  19%|█▊        | 8945/47868 [02:47<04:42, 137.70it/s]Running loglikelihood requests:  19%|█▊        | 8961/47868 [02:47<04:42, 137.92it/s]Running loglikelihood requests:  19%|█▉        | 8977/47868 [02:47<04:42, 137.79it/s]Running loglikelihood requests:  19%|█▉        | 8993/47868 [02:47<04:42, 137.64it/s]Running loglikelihood requests:  19%|█▉        | 9009/47868 [02:47<04:41, 137.82it/s]Running loglikelihood requests:  19%|█▉        | 9025/47868 [02:47<04:42, 137.57it/s]Running loglikelihood requests:  19%|█▉        | 9041/47868 [02:47<04:43, 137.17it/s]Running loglikelihood requests:  19%|█▉        | 9057/47868 [02:48<04:42, 137.20it/s]Running loglikelihood requests:  19%|█▉        | 9073/47868 [02:48<04:41, 137.61it/s]Running loglikelihood requests:  19%|█▉        | 9089/47868 [02:48<04:42, 137.48it/s]Running loglikelihood requests:  19%|█▉        | 9105/47868 [02:48<04:42, 137.24it/s]Running loglikelihood requests:  19%|█▉        | 9121/47868 [02:48<04:42, 137.32it/s]Running loglikelihood requests:  19%|█▉        | 9137/47868 [02:48<04:41, 137.67it/s]Running loglikelihood requests:  19%|█▉        | 9153/47868 [02:48<04:41, 137.61it/s]Running loglikelihood requests:  19%|█▉        | 9169/47868 [02:48<04:41, 137.36it/s]Running loglikelihood requests:  19%|█▉        | 9185/47868 [02:49<04:41, 137.58it/s]Running loglikelihood requests:  19%|█▉        | 9201/47868 [02:49<04:38, 138.64it/s]Running loglikelihood requests:  19%|█▉        | 9217/47868 [02:49<04:38, 139.01it/s]Running loglikelihood requests:  19%|█▉        | 9233/47868 [02:49<04:37, 139.12it/s]Running loglikelihood requests:  19%|█▉        | 9249/47868 [02:49<04:37, 139.36it/s]Running loglikelihood requests:  19%|█▉        | 9265/47868 [02:49<04:37, 139.07it/s]Running loglikelihood requests:  19%|█▉        | 9281/47868 [02:49<04:37, 139.20it/s]Running loglikelihood requests:  19%|█▉        | 9297/47868 [02:49<04:36, 139.42it/s]Running loglikelihood requests:  19%|█▉        | 9313/47868 [02:49<04:37, 139.12it/s]Running loglikelihood requests:  19%|█▉        | 9329/47868 [02:50<04:36, 139.32it/s]Running loglikelihood requests:  20%|█▉        | 9345/47868 [02:50<04:36, 139.56it/s]Running loglikelihood requests:  20%|█▉        | 9361/47868 [02:50<04:36, 139.25it/s]Running loglikelihood requests:  20%|█▉        | 9377/47868 [02:50<04:36, 139.43it/s]Running loglikelihood requests:  20%|█▉        | 9393/47868 [02:50<04:35, 139.63it/s]Running loglikelihood requests:  20%|█▉        | 9409/47868 [02:50<04:36, 139.29it/s]Running loglikelihood requests:  20%|█▉        | 9425/47868 [02:50<04:35, 139.43it/s]Running loglikelihood requests:  20%|█▉        | 9441/47868 [02:50<04:34, 140.05it/s]Running loglikelihood requests:  20%|█▉        | 9457/47868 [02:50<04:34, 139.77it/s]Running loglikelihood requests:  20%|█▉        | 9473/47868 [02:51<04:33, 140.15it/s]Running loglikelihood requests:  20%|█▉        | 9489/47868 [02:51<04:34, 139.93it/s]Running loglikelihood requests:  20%|█▉        | 9505/47868 [02:51<04:34, 139.80it/s]Running loglikelihood requests:  20%|█▉        | 9521/47868 [02:51<04:33, 140.21it/s]Running loglikelihood requests:  20%|█▉        | 9537/47868 [02:51<04:33, 140.02it/s]Running loglikelihood requests:  20%|█▉        | 9553/47868 [02:51<04:33, 140.04it/s]Running loglikelihood requests:  20%|█▉        | 9569/47868 [02:51<04:33, 140.13it/s]Running loglikelihood requests:  20%|██        | 9585/47868 [02:51<04:33, 139.98it/s]Running loglikelihood requests:  20%|██        | 9601/47868 [02:52<04:33, 140.16it/s]Running loglikelihood requests:  20%|██        | 9617/47868 [02:52<04:32, 140.17it/s]Running loglikelihood requests:  20%|██        | 9633/47868 [02:52<04:33, 140.03it/s]Running loglikelihood requests:  20%|██        | 9649/47868 [02:52<04:31, 140.68it/s]Running loglikelihood requests:  20%|██        | 9665/47868 [02:52<04:31, 140.67it/s]Running loglikelihood requests:  20%|██        | 9681/47868 [02:52<04:31, 140.58it/s]Running loglikelihood requests:  20%|██        | 9697/47868 [02:52<04:31, 140.53it/s]Running loglikelihood requests:  20%|██        | 9713/47868 [02:52<04:32, 140.10it/s]Running loglikelihood requests:  20%|██        | 9729/47868 [02:52<04:31, 140.32it/s]Running loglikelihood requests:  20%|██        | 9745/47868 [02:53<04:31, 140.20it/s]Running loglikelihood requests:  20%|██        | 9761/47868 [02:53<04:32, 140.04it/s]Running loglikelihood requests:  20%|██        | 9777/47868 [02:53<04:31, 140.44it/s]Running loglikelihood requests:  20%|██        | 9793/47868 [02:53<04:31, 140.40it/s]Running loglikelihood requests:  20%|██        | 9809/47868 [02:53<04:31, 140.27it/s]Running loglikelihood requests:  21%|██        | 9825/47868 [02:53<04:30, 140.42it/s]Running loglikelihood requests:  21%|██        | 9841/47868 [02:53<04:31, 140.27it/s]Running loglikelihood requests:  21%|██        | 9857/47868 [02:53<04:30, 140.36it/s]Running loglikelihood requests:  21%|██        | 9873/47868 [02:53<04:30, 140.48it/s]Running loglikelihood requests:  21%|██        | 9889/47868 [02:54<04:30, 140.30it/s]Running loglikelihood requests:  21%|██        | 9905/47868 [02:54<04:29, 141.00it/s]Running loglikelihood requests:  21%|██        | 9921/47868 [02:54<04:28, 141.12it/s]Running loglikelihood requests:  21%|██        | 9937/47868 [02:54<04:29, 140.98it/s]Running loglikelihood requests:  21%|██        | 9953/47868 [02:54<04:29, 140.92it/s]Running loglikelihood requests:  21%|██        | 9969/47868 [02:54<04:29, 140.65it/s]Running loglikelihood requests:  21%|██        | 9985/47868 [02:54<04:28, 140.88it/s]Running loglikelihood requests:  21%|██        | 10001/47868 [02:54<04:29, 140.59it/s]Running loglikelihood requests:  21%|██        | 10017/47868 [02:54<04:28, 140.72it/s]Running loglikelihood requests:  21%|██        | 10033/47868 [02:55<04:28, 140.78it/s]Running loglikelihood requests:  21%|██        | 10049/47868 [02:55<04:29, 140.59it/s]Running loglikelihood requests:  21%|██        | 10065/47868 [02:55<04:28, 140.94it/s]Running loglikelihood requests:  21%|██        | 10081/47868 [02:55<04:28, 140.74it/s]Running loglikelihood requests:  21%|██        | 10097/47868 [02:55<04:28, 140.83it/s]Running loglikelihood requests:  21%|██        | 10113/47868 [02:55<04:26, 141.46it/s]Running loglikelihood requests:  21%|██        | 10129/47868 [02:55<04:26, 141.60it/s]Running loglikelihood requests:  21%|██        | 10145/47868 [02:55<04:25, 141.86it/s]Running loglikelihood requests:  21%|██        | 10161/47868 [02:55<04:26, 141.42it/s]Running loglikelihood requests:  21%|██▏       | 10177/47868 [02:56<04:26, 141.67it/s]Running loglikelihood requests:  21%|██▏       | 10193/47868 [02:56<04:26, 141.57it/s]Running loglikelihood requests:  21%|██▏       | 10209/47868 [02:56<04:25, 141.68it/s]Running loglikelihood requests:  21%|██▏       | 10225/47868 [02:56<04:25, 141.87it/s]Running loglikelihood requests:  21%|██▏       | 10241/47868 [02:56<04:25, 141.68it/s]Running loglikelihood requests:  21%|██▏       | 10257/47868 [02:56<04:24, 142.08it/s]Running loglikelihood requests:  21%|██▏       | 10273/47868 [02:56<04:25, 141.80it/s]Running loglikelihood requests:  21%|██▏       | 10289/47868 [02:56<04:24, 142.14it/s]Running loglikelihood requests:  22%|██▏       | 10305/47868 [02:56<04:23, 142.30it/s]Running loglikelihood requests:  22%|██▏       | 10321/47868 [02:57<04:23, 142.32it/s]Running loglikelihood requests:  22%|██▏       | 10337/47868 [02:57<04:23, 142.30it/s]Running loglikelihood requests:  22%|██▏       | 10353/47868 [02:57<04:23, 142.32it/s]Running loglikelihood requests:  22%|██▏       | 10369/47868 [02:57<04:23, 142.27it/s]Running loglikelihood requests:  22%|██▏       | 10385/47868 [02:57<04:23, 142.24it/s]Running loglikelihood requests:  22%|██▏       | 10401/47868 [02:57<04:23, 142.43it/s]Running loglikelihood requests:  22%|██▏       | 10417/47868 [02:57<04:23, 142.29it/s]Running loglikelihood requests:  22%|██▏       | 10433/47868 [02:57<04:22, 142.53it/s]Running loglikelihood requests:  22%|██▏       | 10449/47868 [02:58<04:23, 142.13it/s]Running loglikelihood requests:  22%|██▏       | 10465/47868 [02:58<04:21, 142.81it/s]Running loglikelihood requests:  22%|██▏       | 10481/47868 [02:58<04:22, 142.58it/s]Running loglikelihood requests:  22%|██▏       | 10497/47868 [02:58<04:21, 142.92it/s]Running loglikelihood requests:  22%|██▏       | 10513/47868 [02:58<04:21, 142.61it/s]Running loglikelihood requests:  22%|██▏       | 10529/47868 [02:58<04:21, 142.77it/s]Running loglikelihood requests:  22%|██▏       | 10545/47868 [02:58<04:21, 142.64it/s]Running loglikelihood requests:  22%|██▏       | 10561/47868 [02:58<04:21, 142.73it/s]Running loglikelihood requests:  22%|██▏       | 10577/47868 [02:58<04:21, 142.78it/s]Running loglikelihood requests:  22%|██▏       | 10593/47868 [02:59<04:20, 142.83it/s]Running loglikelihood requests:  22%|██▏       | 10609/47868 [02:59<04:20, 142.85it/s]Running loglikelihood requests:  22%|██▏       | 10625/47868 [02:59<04:20, 142.87it/s]Running loglikelihood requests:  22%|██▏       | 10640/47868 [02:59<04:29, 138.38it/s]Running loglikelihood requests:  22%|██▏       | 10654/47868 [02:59<04:36, 134.70it/s]Running loglikelihood requests:  22%|██▏       | 10668/47868 [02:59<04:41, 132.14it/s]Running loglikelihood requests:  22%|██▏       | 10684/47868 [02:59<04:34, 135.26it/s]Running loglikelihood requests:  22%|██▏       | 10700/47868 [02:59<04:29, 137.80it/s]Running loglikelihood requests:  22%|██▏       | 10716/47868 [02:59<04:26, 139.17it/s]Running loglikelihood requests:  22%|██▏       | 10730/47868 [03:00<04:34, 135.15it/s]Running loglikelihood requests:  22%|██▏       | 10745/47868 [03:00<04:35, 134.84it/s]Running loglikelihood requests:  22%|██▏       | 10759/47868 [03:00<04:40, 132.14it/s]Running loglikelihood requests:  23%|██▎       | 10775/47868 [03:00<04:32, 136.06it/s]Running loglikelihood requests:  23%|██▎       | 10791/47868 [03:00<04:24, 140.20it/s]Running loglikelihood requests:  23%|██▎       | 10807/47868 [03:00<04:19, 142.71it/s]Running loglikelihood requests:  23%|██▎       | 10823/47868 [03:00<04:16, 144.50it/s]Running loglikelihood requests:  23%|██▎       | 10838/47868 [03:00<04:17, 143.56it/s]Running loglikelihood requests:  23%|██▎       | 10853/47868 [03:00<04:19, 142.73it/s]Running loglikelihood requests:  23%|██▎       | 10868/47868 [03:01<04:21, 141.74it/s]Running loglikelihood requests:  23%|██▎       | 10883/47868 [03:01<04:21, 141.36it/s]Running loglikelihood requests:  23%|██▎       | 10898/47868 [03:01<04:20, 141.82it/s]Running loglikelihood requests:  23%|██▎       | 10913/47868 [03:01<04:20, 141.77it/s]Running loglikelihood requests:  23%|██▎       | 10928/47868 [03:01<04:21, 141.25it/s]Running loglikelihood requests:  23%|██▎       | 10943/47868 [03:01<04:21, 141.01it/s]Running loglikelihood requests:  23%|██▎       | 10958/47868 [03:01<04:21, 141.19it/s]Running loglikelihood requests:  23%|██▎       | 10973/47868 [03:01<04:20, 141.47it/s]Running loglikelihood requests:  23%|██▎       | 10988/47868 [03:01<04:21, 141.02it/s]Running loglikelihood requests:  23%|██▎       | 11003/47868 [03:01<04:21, 141.07it/s]Running loglikelihood requests:  23%|██▎       | 11018/47868 [03:02<04:20, 141.48it/s]Running loglikelihood requests:  23%|██▎       | 11033/47868 [03:02<04:20, 141.41it/s]Running loglikelihood requests:  23%|██▎       | 11048/47868 [03:02<04:20, 141.58it/s]Running loglikelihood requests:  23%|██▎       | 11063/47868 [03:02<04:20, 141.43it/s]Running loglikelihood requests:  23%|██▎       | 11078/47868 [03:02<05:35, 109.67it/s]Running loglikelihood requests:  23%|██▎       | 11092/47868 [03:02<05:18, 115.44it/s]Running loglikelihood requests:  23%|██▎       | 11108/47868 [03:02<04:54, 124.71it/s]Running loglikelihood requests:  23%|██▎       | 11122/47868 [03:02<04:49, 127.06it/s]Running loglikelihood requests:  23%|██▎       | 11136/47868 [03:03<04:45, 128.77it/s]Running loglikelihood requests:  23%|██▎       | 11150/47868 [03:03<04:41, 130.22it/s]Running loglikelihood requests:  23%|██▎       | 11164/47868 [03:03<04:39, 131.19it/s]Running loglikelihood requests:  23%|██▎       | 11178/47868 [03:03<04:38, 131.72it/s]Running loglikelihood requests:  23%|██▎       | 11192/47868 [03:03<04:37, 132.15it/s]Running loglikelihood requests:  23%|██▎       | 11206/47868 [03:03<04:36, 132.65it/s]Running loglikelihood requests:  23%|██▎       | 11220/47868 [03:03<05:54, 103.52it/s]Running loglikelihood requests:  23%|██▎       | 11232/47868 [03:03<05:43, 106.70it/s]Running loglikelihood requests:  23%|██▎       | 11244/47868 [03:03<05:35, 109.23it/s]Running loglikelihood requests:  24%|██▎       | 11256/47868 [03:04<05:29, 111.02it/s]Running loglikelihood requests:  24%|██▎       | 11268/47868 [03:04<05:24, 112.74it/s]Running loglikelihood requests:  24%|██▎       | 11280/47868 [03:04<06:51, 88.93it/s] Running loglikelihood requests:  24%|██▎       | 11290/47868 [03:04<06:42, 90.95it/s]Running loglikelihood requests:  24%|██▎       | 11300/47868 [03:04<06:33, 92.83it/s]Running loglikelihood requests:  24%|██▎       | 11315/47868 [03:04<05:41, 107.02it/s]Running loglikelihood requests:  24%|██▎       | 11328/47868 [03:04<05:24, 112.45it/s]Running loglikelihood requests:  24%|██▎       | 11342/47868 [03:04<05:05, 119.63it/s]Running loglikelihood requests:  24%|██▎       | 11355/47868 [03:04<04:59, 121.86it/s]Running loglikelihood requests:  24%|██▎       | 11368/47868 [03:05<04:55, 123.60it/s]Running loglikelihood requests:  24%|██▍       | 11381/47868 [03:05<04:51, 125.13it/s]Running loglikelihood requests:  24%|██▍       | 11394/47868 [03:05<04:49, 125.87it/s]Running loglikelihood requests:  24%|██▍       | 11407/47868 [03:05<04:48, 126.53it/s]Running loglikelihood requests:  24%|██▍       | 11420/47868 [03:05<04:46, 127.19it/s]Running loglikelihood requests:  24%|██▍       | 11433/47868 [03:05<04:45, 127.52it/s]Running loglikelihood requests:  24%|██▍       | 11446/47868 [03:05<04:44, 128.08it/s]Running loglikelihood requests:  24%|██▍       | 11459/47868 [03:05<04:44, 128.09it/s]Running loglikelihood requests:  24%|██▍       | 11472/47868 [03:05<04:43, 128.29it/s]Running loglikelihood requests:  24%|██▍       | 11485/47868 [03:05<04:43, 128.41it/s]Running loglikelihood requests:  24%|██▍       | 11499/47868 [03:06<04:36, 131.56it/s]Running loglikelihood requests:  24%|██▍       | 11515/47868 [03:06<04:20, 139.43it/s]Running loglikelihood requests:  24%|██▍       | 11529/47868 [03:06<04:21, 139.13it/s]Running loglikelihood requests:  24%|██▍       | 11543/47868 [03:06<05:38, 107.36it/s]Running loglikelihood requests:  24%|██▍       | 11555/47868 [03:06<05:29, 110.22it/s]Running loglikelihood requests:  24%|██▍       | 11569/47868 [03:06<05:08, 117.69it/s]Running loglikelihood requests:  24%|██▍       | 11582/47868 [03:06<05:00, 120.74it/s]Running loglikelihood requests:  24%|██▍       | 11596/47868 [03:06<04:48, 125.83it/s]Running loglikelihood requests:  24%|██▍       | 11612/47868 [03:06<04:28, 135.16it/s]Running loglikelihood requests:  24%|██▍       | 11628/47868 [03:07<04:14, 142.21it/s]Running loglikelihood requests:  24%|██▍       | 11643/47868 [03:07<04:11, 144.27it/s]Running loglikelihood requests:  24%|██▍       | 11658/47868 [03:07<04:08, 145.60it/s]Running loglikelihood requests:  24%|██▍       | 11673/47868 [03:07<04:06, 146.72it/s]Running loglikelihood requests:  24%|██▍       | 11693/47868 [03:07<03:42, 162.43it/s]Running loglikelihood requests:  24%|██▍       | 11713/47868 [03:07<04:26, 135.57it/s]Running loglikelihood requests:  25%|██▍       | 11745/47868 [03:07<04:06, 146.83it/s]Running loglikelihood requests:  25%|██▍       | 11771/47868 [03:08<04:14, 142.06it/s]Running loglikelihood requests:  25%|██▍       | 11803/47868 [03:08<04:00, 150.05it/s]Running loglikelihood requests:  25%|██▍       | 11835/47868 [03:08<03:52, 154.82it/s]Running loglikelihood requests:  25%|██▍       | 11861/47868 [03:08<04:02, 148.55it/s]Running loglikelihood requests:  25%|██▍       | 11887/47868 [03:08<04:09, 144.11it/s]Running loglikelihood requests:  25%|██▍       | 11919/47868 [03:09<03:58, 150.87it/s]Running loglikelihood requests:  25%|██▍       | 11951/47868 [03:09<03:51, 155.20it/s]Running loglikelihood requests:  25%|██▌       | 11983/47868 [03:09<03:46, 158.26it/s]Running loglikelihood requests:  25%|██▌       | 12012/47868 [03:09<03:49, 156.19it/s]Running loglikelihood requests:  25%|██▌       | 12044/47868 [03:09<03:44, 159.23it/s]Running loglikelihood requests:  25%|██▌       | 12073/47868 [03:10<03:48, 156.76it/s]Running loglikelihood requests:  25%|██▌       | 12100/47868 [03:10<03:55, 151.87it/s]Running loglikelihood requests:  25%|██▌       | 12132/47868 [03:10<03:48, 156.16it/s]Running loglikelihood requests:  25%|██▌       | 12164/47868 [03:10<03:44, 159.34it/s]Running loglikelihood requests:  25%|██▌       | 12196/47868 [03:10<03:39, 162.33it/s]Running loglikelihood requests:  26%|██▌       | 12228/47868 [03:10<03:36, 164.49it/s]Running loglikelihood requests:  26%|██▌       | 12260/47868 [03:11<03:34, 165.88it/s]Running loglikelihood requests:  26%|██▌       | 12292/47868 [03:11<03:32, 167.19it/s]Running loglikelihood requests:  26%|██▌       | 12324/47868 [03:11<03:31, 168.07it/s]Running loglikelihood requests:  26%|██▌       | 12356/47868 [03:11<03:30, 168.59it/s]Running loglikelihood requests:  26%|██▌       | 12388/47868 [03:11<03:30, 168.89it/s]Running loglikelihood requests:  26%|██▌       | 12420/47868 [03:12<03:29, 169.37it/s]Running loglikelihood requests:  26%|██▌       | 12452/47868 [03:12<03:28, 169.93it/s]Running loglikelihood requests:  26%|██▌       | 12484/47868 [03:12<03:28, 170.09it/s]Running loglikelihood requests:  26%|██▌       | 12510/47868 [03:12<03:39, 160.88it/s]Running loglikelihood requests:  26%|██▌       | 12542/47868 [03:12<03:35, 163.84it/s]Running loglikelihood requests:  26%|██▋       | 12571/47868 [03:13<03:38, 161.39it/s]Running loglikelihood requests:  26%|██▋       | 12600/47868 [03:13<03:40, 159.76it/s]Running loglikelihood requests:  26%|██▋       | 12632/47868 [03:13<03:36, 163.06it/s]Running loglikelihood requests:  26%|██▋       | 12664/47868 [03:13<03:32, 165.48it/s]Running loglikelihood requests:  27%|██▋       | 12693/47868 [03:13<03:36, 162.65it/s]Running loglikelihood requests:  27%|██▋       | 12725/47868 [03:13<03:32, 165.38it/s]Running loglikelihood requests:  27%|██▋       | 12754/47868 [03:14<03:36, 162.43it/s]Running loglikelihood requests:  27%|██▋       | 12786/47868 [03:14<03:32, 165.33it/s]Running loglikelihood requests:  27%|██▋       | 12818/47868 [03:14<03:29, 167.19it/s]Running loglikelihood requests:  27%|██▋       | 12850/47868 [03:14<03:27, 168.78it/s]Running loglikelihood requests:  27%|██▋       | 12876/47868 [03:14<03:38, 160.41it/s]Running loglikelihood requests:  27%|██▋       | 12905/47868 [03:15<03:39, 159.24it/s]Running loglikelihood requests:  27%|██▋       | 12937/47868 [03:15<03:34, 163.18it/s]Running loglikelihood requests:  27%|██▋       | 12969/47868 [03:15<03:30, 165.77it/s]Running loglikelihood requests:  27%|██▋       | 12998/47868 [03:15<03:34, 162.63it/s]Running loglikelihood requests:  27%|██▋       | 13030/47868 [03:15<03:30, 165.19it/s]Running loglikelihood requests:  27%|██▋       | 13062/47868 [03:16<03:28, 167.02it/s]Running loglikelihood requests:  27%|██▋       | 13094/47868 [03:16<03:26, 168.51it/s]Running loglikelihood requests:  27%|██▋       | 13126/47868 [03:16<03:24, 169.63it/s]Running loglikelihood requests:  27%|██▋       | 13158/47868 [03:16<03:23, 170.29it/s]Running loglikelihood requests:  28%|██▊       | 13187/47868 [03:16<03:28, 166.09it/s]Running loglikelihood requests:  28%|██▊       | 13216/47868 [03:16<03:32, 163.19it/s]Running loglikelihood requests:  28%|██▊       | 13248/47868 [03:17<03:28, 165.82it/s]Running loglikelihood requests:  28%|██▊       | 13280/47868 [03:17<03:25, 167.96it/s]Running loglikelihood requests:  28%|██▊       | 13306/47868 [03:17<03:36, 159.69it/s]Running loglikelihood requests:  28%|██▊       | 13338/47868 [03:17<03:31, 163.50it/s]Running loglikelihood requests:  28%|██▊       | 13364/47868 [03:17<03:40, 156.78it/s]Running loglikelihood requests:  28%|██▊       | 13396/47868 [03:18<03:33, 161.62it/s]Running loglikelihood requests:  28%|██▊       | 13425/47868 [03:18<03:34, 160.49it/s]Running loglikelihood requests:  28%|██▊       | 13455/47868 [03:18<03:33, 161.26it/s]Running loglikelihood requests:  28%|██▊       | 13484/47868 [03:18<03:34, 159.93it/s]Running loglikelihood requests:  28%|██▊       | 13513/47868 [03:18<03:35, 159.08it/s]Running loglikelihood requests:  28%|██▊       | 13545/47868 [03:18<03:30, 163.42it/s]Running loglikelihood requests:  28%|██▊       | 13574/47868 [03:19<03:31, 162.03it/s]Running loglikelihood requests:  28%|██▊       | 13597/47868 [03:19<03:46, 151.27it/s]Running loglikelihood requests:  28%|██▊       | 13629/47868 [03:19<03:36, 157.98it/s]Running loglikelihood requests:  29%|██▊       | 13658/47868 [03:19<03:36, 158.03it/s]Running loglikelihood requests:  29%|██▊       | 13684/47868 [03:19<03:43, 153.24it/s]Running loglikelihood requests:  29%|██▊       | 13713/47868 [03:20<03:40, 154.65it/s]Running loglikelihood requests:  29%|██▊       | 13745/47868 [03:20<03:32, 160.62it/s]Running loglikelihood requests:  29%|██▉       | 13777/47868 [03:20<03:26, 164.78it/s]Running loglikelihood requests:  29%|██▉       | 13804/47868 [03:20<03:33, 159.87it/s]Running loglikelihood requests:  29%|██▉       | 13833/47868 [03:20<03:32, 159.82it/s]Running loglikelihood requests:  29%|██▉       | 13857/47868 [03:20<03:44, 151.72it/s]Running loglikelihood requests:  29%|██▉       | 13889/47868 [03:21<03:33, 159.10it/s]Running loglikelihood requests:  29%|██▉       | 13918/47868 [03:21<03:31, 160.20it/s]Running loglikelihood requests:  29%|██▉       | 13944/47868 [03:21<03:36, 156.76it/s]Running loglikelihood requests:  29%|██▉       | 13976/47868 [03:21<03:26, 163.93it/s]Running loglikelihood requests:  29%|██▉       | 14005/47868 [03:21<03:25, 164.49it/s]Running loglikelihood requests:  29%|██▉       | 14037/47868 [03:22<03:19, 169.78it/s]Running loglikelihood requests:  29%|██▉       | 14066/47868 [03:22<03:20, 168.43it/s]Running loglikelihood requests:  29%|██▉       | 14089/47868 [03:22<03:34, 157.79it/s]Running loglikelihood requests:  29%|██▉       | 14113/47868 [03:22<03:42, 151.79it/s]Running loglikelihood requests:  30%|██▉       | 14145/47868 [03:22<03:29, 160.91it/s]Running loglikelihood requests:  30%|██▉       | 14177/47868 [03:22<03:20, 167.71it/s]Running loglikelihood requests:  30%|██▉       | 14206/47868 [03:23<03:21, 167.12it/s]Running loglikelihood requests:  30%|██▉       | 14238/47868 [03:23<03:15, 171.91it/s]Running loglikelihood requests:  30%|██▉       | 14267/47868 [03:23<03:17, 170.25it/s]Running loglikelihood requests:  30%|██▉       | 14293/47868 [03:23<03:24, 163.99it/s]Running loglikelihood requests:  30%|██▉       | 14322/47868 [03:23<03:23, 164.85it/s]Running loglikelihood requests:  30%|██▉       | 14346/47868 [03:23<03:33, 156.90it/s]Running loglikelihood requests:  30%|███       | 14372/47868 [03:24<03:35, 155.09it/s]Running loglikelihood requests:  30%|███       | 14402/47868 [03:24<03:28, 160.29it/s]Running loglikelihood requests:  30%|███       | 14431/47868 [03:24<03:25, 162.38it/s]Running loglikelihood requests:  30%|███       | 14458/47868 [03:24<03:28, 160.41it/s]Running loglikelihood requests:  30%|███       | 14481/47868 [03:24<03:39, 152.32it/s]Running loglikelihood requests:  30%|███       | 14513/47868 [03:24<03:25, 162.34it/s]Running loglikelihood requests:  30%|███       | 14545/47868 [03:25<03:17, 169.04it/s]Running loglikelihood requests:  30%|███       | 14577/47868 [03:25<03:11, 173.84it/s]Running loglikelihood requests:  30%|███       | 14595/47868 [03:25<03:36, 153.47it/s]Running loglikelihood requests:  31%|███       | 14619/47868 [03:25<03:43, 149.08it/s]Running loglikelihood requests:  31%|███       | 14640/47868 [03:25<03:55, 141.32it/s]Running loglikelihood requests:  31%|███       | 14665/47868 [03:26<03:53, 142.43it/s]Running loglikelihood requests:  31%|███       | 14691/47868 [03:26<03:48, 145.49it/s]Running loglikelihood requests:  31%|███       | 14721/47868 [03:26<03:35, 153.96it/s]Running loglikelihood requests:  31%|███       | 14753/47868 [03:26<03:22, 163.64it/s]Running loglikelihood requests:  31%|███       | 14782/47868 [03:26<03:20, 165.12it/s]Running loglikelihood requests:  31%|███       | 14805/47868 [03:26<03:31, 156.12it/s]Running loglikelihood requests:  31%|███       | 14837/47868 [03:27<03:20, 165.12it/s]Running loglikelihood requests:  31%|███       | 14869/47868 [03:27<03:12, 171.52it/s]Running loglikelihood requests:  31%|███       | 14895/47868 [03:27<03:19, 165.52it/s]Running loglikelihood requests:  31%|███       | 14919/47868 [03:27<03:28, 157.93it/s]Running loglikelihood requests:  31%|███       | 14948/47868 [03:27<03:24, 161.27it/s]Running loglikelihood requests:  31%|███▏      | 14980/47868 [03:27<03:14, 168.77it/s]Running loglikelihood requests:  31%|███▏      | 15006/47868 [03:28<03:20, 163.99it/s]Running loglikelihood requests:  31%|███▏      | 15032/47868 [03:28<03:25, 160.16it/s]Running loglikelihood requests:  31%|███▏      | 15059/47868 [03:28<03:25, 159.73it/s]Running loglikelihood requests:  32%|███▏      | 15086/47868 [03:28<03:26, 159.04it/s]Running loglikelihood requests:  32%|███▏      | 15118/47868 [03:28<03:15, 167.59it/s]Running loglikelihood requests:  32%|███▏      | 15144/47868 [03:28<03:20, 162.94it/s]Running loglikelihood requests:  32%|███▏      | 15170/47868 [03:29<03:23, 161.06it/s]Running loglikelihood requests:  32%|███▏      | 15190/47868 [03:29<03:38, 149.54it/s]Running loglikelihood requests:  32%|███▏      | 15222/47868 [03:29<03:20, 162.73it/s]Running loglikelihood requests:  32%|███▏      | 15254/47868 [03:29<03:09, 171.96it/s]Running loglikelihood requests:  32%|███▏      | 15286/47868 [03:29<03:02, 178.28it/s]Running loglikelihood requests:  32%|███▏      | 15315/47868 [03:29<03:03, 177.34it/s]Running loglikelihood requests:  32%|███▏      | 15344/47868 [03:30<03:03, 177.11it/s]Running loglikelihood requests:  32%|███▏      | 15373/47868 [03:30<03:03, 177.23it/s]Running loglikelihood requests:  32%|███▏      | 15396/47868 [03:30<03:14, 166.62it/s]Running loglikelihood requests:  32%|███▏      | 15421/47868 [03:30<03:19, 162.64it/s]Running loglikelihood requests:  32%|███▏      | 15447/47868 [03:30<03:20, 161.77it/s]Running loglikelihood requests:  32%|███▏      | 15479/47868 [03:30<03:08, 171.79it/s]Running loglikelihood requests:  32%|███▏      | 15508/47868 [03:31<03:06, 173.44it/s]Running loglikelihood requests:  32%|███▏      | 15537/47868 [03:31<03:05, 174.47it/s]Running loglikelihood requests:  33%|███▎      | 15563/47868 [03:31<03:10, 169.54it/s]Running loglikelihood requests:  33%|███▎      | 15589/47868 [03:31<03:14, 166.17it/s]Running loglikelihood requests:  33%|███▎      | 15618/47868 [03:31<03:10, 169.16it/s]Running loglikelihood requests:  33%|███▎      | 15647/47868 [03:31<03:08, 171.38it/s]Running loglikelihood requests:  33%|███▎      | 15676/47868 [03:32<03:05, 173.41it/s]Running loglikelihood requests:  33%|███▎      | 15708/47868 [03:32<02:58, 180.18it/s]Running loglikelihood requests:  33%|███▎      | 15734/47868 [03:32<03:04, 174.25it/s]Running loglikelihood requests:  33%|███▎      | 15754/47868 [03:32<03:21, 159.31it/s]Running loglikelihood requests:  33%|███▎      | 15786/47868 [03:32<03:08, 170.51it/s]Running loglikelihood requests:  33%|███▎      | 15812/47868 [03:32<03:11, 167.43it/s]Running loglikelihood requests:  33%|███▎      | 15844/47868 [03:33<03:01, 176.57it/s]Running loglikelihood requests:  33%|███▎      | 15867/47868 [03:33<03:11, 166.83it/s]Running loglikelihood requests:  33%|███▎      | 15896/47868 [03:33<03:07, 170.93it/s]Running loglikelihood requests:  33%|███▎      | 15916/47868 [03:33<03:22, 157.41it/s]Running loglikelihood requests:  33%|███▎      | 15948/47868 [03:33<03:07, 169.92it/s]Running loglikelihood requests:  33%|███▎      | 15977/47868 [03:33<03:04, 172.91it/s]Running loglikelihood requests:  33%|███▎      | 16003/47868 [03:33<03:07, 169.97it/s]Running loglikelihood requests:  33%|███▎      | 16026/47868 [03:34<03:16, 162.11it/s]Running loglikelihood requests:  34%|███▎      | 16052/47868 [03:34<03:16, 162.07it/s]Running loglikelihood requests:  34%|███▎      | 16073/47868 [03:34<03:28, 152.81it/s]Running loglikelihood requests:  34%|███▎      | 16102/47868 [03:34<03:17, 160.96it/s]Running loglikelihood requests:  34%|███▎      | 16131/47868 [03:34<03:10, 166.81it/s]Running loglikelihood requests:  34%|███▎      | 16151/47868 [03:34<03:24, 154.88it/s]Running loglikelihood requests:  34%|███▍      | 16179/47868 [03:35<03:16, 161.23it/s]Running loglikelihood requests:  34%|███▍      | 16208/47868 [03:35<03:09, 167.44it/s]Running loglikelihood requests:  34%|███▍      | 16225/47868 [03:35<03:31, 149.57it/s]Running loglikelihood requests:  34%|███▍      | 16253/47868 [03:35<03:19, 158.26it/s]Running loglikelihood requests:  34%|███▍      | 16276/47868 [03:35<03:23, 155.57it/s]Running loglikelihood requests:  34%|███▍      | 16297/47868 [03:35<03:29, 150.42it/s]Running loglikelihood requests:  34%|███▍      | 16317/47868 [03:36<03:38, 144.51it/s]Running loglikelihood requests:  34%|███▍      | 16337/47868 [03:36<03:44, 140.71it/s]Running loglikelihood requests:  34%|███▍      | 16357/47868 [03:36<03:48, 138.00it/s]Running loglikelihood requests:  34%|███▍      | 16374/47868 [03:36<04:01, 130.42it/s]Running loglikelihood requests:  34%|███▍      | 16393/47868 [03:36<04:04, 128.91it/s]Running loglikelihood requests:  34%|███▍      | 16414/47868 [03:36<03:58, 131.95it/s]Running loglikelihood requests:  34%|███▍      | 16432/47868 [03:36<04:05, 127.93it/s]Running loglikelihood requests:  34%|███▍      | 16448/47868 [03:37<04:18, 121.58it/s]Running loglikelihood requests:  34%|███▍      | 16464/47868 [03:37<04:28, 117.01it/s]Running loglikelihood requests:  34%|███▍      | 16482/47868 [03:37<04:26, 117.83it/s]Running loglikelihood requests:  34%|███▍      | 16504/47868 [03:37<04:08, 126.19it/s]Running loglikelihood requests:  35%|███▍      | 16517/47868 [03:37<04:33, 114.46it/s]Running loglikelihood requests:  35%|███▍      | 16532/47868 [03:37<04:44, 110.21it/s]Running loglikelihood requests:  35%|███▍      | 16548/47868 [03:38<04:47, 109.12it/s]Running loglikelihood requests:  35%|███▍      | 16567/47868 [03:38<04:33, 114.45it/s]Running loglikelihood requests:  35%|███▍      | 16579/47868 [03:38<05:00, 104.16it/s]Running loglikelihood requests:  35%|███▍      | 16593/47868 [03:38<05:08, 101.35it/s]Running loglikelihood requests:  35%|███▍      | 16607/47868 [03:38<05:13, 99.79it/s] Running loglikelihood requests:  35%|███▍      | 16621/47868 [03:38<05:17, 98.39it/s]Running loglikelihood requests:  35%|███▍      | 16631/47868 [03:38<05:49, 89.48it/s]Running loglikelihood requests:  35%|███▍      | 16649/47868 [03:39<05:14, 99.28it/s]Running loglikelihood requests:  35%|███▍      | 16673/47868 [03:39<04:23, 118.34it/s]Running loglikelihood requests:  35%|███▍      | 16690/47868 [03:39<04:25, 117.48it/s]Running loglikelihood requests:  35%|███▍      | 16716/47868 [03:39<03:50, 135.18it/s]Running loglikelihood requests:  35%|███▍      | 16737/47868 [03:39<03:46, 137.56it/s]Running loglikelihood requests:  35%|███▌      | 16755/47868 [03:39<03:53, 133.17it/s]Running loglikelihood requests:  35%|███▌      | 16779/47868 [03:39<03:38, 141.96it/s]Running loglikelihood requests:  35%|███▌      | 16795/47868 [03:40<03:54, 132.41it/s]Running loglikelihood requests:  35%|███▌      | 16809/47868 [03:40<04:15, 121.44it/s]Running loglikelihood requests:  35%|███▌      | 16822/47868 [03:40<04:37, 111.94it/s]Running loglikelihood requests:  35%|███▌      | 16845/47868 [03:40<04:07, 125.29it/s]Running loglikelihood requests:  35%|███▌      | 16864/47868 [03:40<04:05, 126.52it/s]Running loglikelihood requests:  35%|███▌      | 16884/47868 [03:40<03:59, 129.58it/s]Running loglikelihood requests:  35%|███▌      | 16899/47868 [03:40<04:14, 121.80it/s]Running loglikelihood requests:  35%|███▌      | 16917/47868 [03:41<04:12, 122.47it/s]Running loglikelihood requests:  35%|███▌      | 16930/47868 [03:41<04:35, 112.50it/s]Running loglikelihood requests:  35%|███▌      | 16949/47868 [03:41<04:22, 117.99it/s]Running loglikelihood requests:  35%|███▌      | 16962/47868 [03:41<04:42, 109.54it/s]Running loglikelihood requests:  35%|███▌      | 16981/47868 [03:41<04:26, 115.84it/s]Running loglikelihood requests:  36%|███▌      | 16998/47868 [03:41<04:25, 116.42it/s]Running loglikelihood requests:  36%|███▌      | 17011/47868 [03:41<04:44, 108.38it/s]Running loglikelihood requests:  36%|███▌      | 17029/47868 [03:42<04:33, 112.94it/s]Running loglikelihood requests:  36%|███▌      | 17045/47868 [03:42<04:34, 112.21it/s]Running loglikelihood requests:  36%|███▌      | 17069/47868 [03:42<04:00, 127.93it/s]Running loglikelihood requests:  36%|███▌      | 17093/47868 [03:42<03:40, 139.54it/s]Running loglikelihood requests:  36%|███▌      | 17109/47868 [03:42<03:53, 131.65it/s]Running loglikelihood requests:  36%|███▌      | 17129/47868 [03:42<03:49, 134.22it/s]Running loglikelihood requests:  36%|███▌      | 17147/47868 [03:42<03:53, 131.72it/s]Running loglikelihood requests:  36%|███▌      | 17171/47868 [03:43<03:35, 142.31it/s]Running loglikelihood requests:  36%|███▌      | 17190/47868 [03:43<03:39, 139.66it/s]Running loglikelihood requests:  36%|███▌      | 17204/47868 [03:43<04:00, 127.39it/s]Running loglikelihood requests:  36%|███▌      | 17222/47868 [03:43<04:01, 127.00it/s]Running loglikelihood requests:  36%|███▌      | 17243/47868 [03:43<03:50, 133.11it/s]Running loglikelihood requests:  36%|███▌      | 17262/47868 [03:43<03:49, 133.25it/s]Running loglikelihood requests:  36%|███▌      | 17280/47868 [03:43<03:52, 131.50it/s]Running loglikelihood requests:  36%|███▌      | 17299/47868 [03:44<03:51, 132.25it/s]Running loglikelihood requests:  36%|███▌      | 17320/47868 [03:44<03:43, 136.96it/s]Running loglikelihood requests:  36%|███▌      | 17344/47868 [03:44<03:28, 146.62it/s]Running loglikelihood requests:  36%|███▋      | 17363/47868 [03:44<03:32, 143.32it/s]Running loglikelihood requests:  36%|███▋      | 17385/47868 [03:44<03:26, 147.44it/s]Running loglikelihood requests:  36%|███▋      | 17405/47868 [03:44<03:29, 145.58it/s]Running loglikelihood requests:  36%|███▋      | 17421/47868 [03:44<03:43, 136.12it/s]Running loglikelihood requests:  36%|███▋      | 17444/47868 [03:45<03:31, 143.99it/s]Running loglikelihood requests:  36%|███▋      | 17465/47868 [03:45<03:29, 145.29it/s]Running loglikelihood requests:  37%|███▋      | 17481/47868 [03:45<03:43, 136.02it/s]Running loglikelihood requests:  37%|███▋      | 17507/47868 [03:45<03:21, 150.34it/s]Running loglikelihood requests:  37%|███▋      | 17524/47868 [03:45<03:34, 141.69it/s]Running loglikelihood requests:  37%|███▋      | 17544/47868 [03:45<03:33, 142.13it/s]Running loglikelihood requests:  37%|███▋      | 17564/47868 [03:45<03:32, 142.56it/s]Running loglikelihood requests:  37%|███▋      | 17579/47868 [03:46<03:48, 132.29it/s]Running loglikelihood requests:  37%|███▋      | 17600/47868 [03:46<03:39, 137.61it/s]Running loglikelihood requests:  37%|███▋      | 17616/47868 [03:46<03:51, 130.92it/s]Running loglikelihood requests:  37%|███▋      | 17633/47868 [03:46<03:55, 128.44it/s]Running loglikelihood requests:  37%|███▋      | 17648/47868 [03:46<04:06, 122.57it/s]Running loglikelihood requests:  37%|███▋      | 17669/47868 [03:46<03:50, 131.05it/s]Running loglikelihood requests:  37%|███▋      | 17684/47868 [03:46<04:02, 124.35it/s]Running loglikelihood requests:  37%|███▋      | 17704/47868 [03:47<03:51, 130.18it/s]Running loglikelihood requests:  37%|███▋      | 17723/47868 [03:47<03:48, 132.13it/s]Running loglikelihood requests:  37%|███▋      | 17743/47868 [03:47<03:42, 135.65it/s]Running loglikelihood requests:  37%|███▋      | 17765/47868 [03:47<03:31, 142.59it/s]Running loglikelihood requests:  37%|███▋      | 17783/47868 [03:47<03:36, 139.14it/s]Running loglikelihood requests:  37%|███▋      | 17808/47868 [03:47<03:18, 151.22it/s]Running loglikelihood requests:  37%|███▋      | 17827/47868 [03:47<03:24, 147.08it/s]Running loglikelihood requests:  37%|███▋      | 17844/47868 [03:48<03:34, 139.89it/s]Running loglikelihood requests:  37%|███▋      | 17858/47868 [03:48<03:53, 128.38it/s]Running loglikelihood requests:  37%|███▋      | 17884/47868 [03:48<03:25, 146.22it/s]Running loglikelihood requests:  37%|███▋      | 17906/47868 [03:48<03:19, 150.34it/s]Running loglikelihood requests:  37%|███▋      | 17930/47868 [03:48<03:05, 161.41it/s]Running loglikelihood requests:  38%|███▊      | 17953/47868 [03:48<02:58, 167.30it/s]Running loglikelihood requests:  38%|███▊      | 17973/47868 [03:48<03:01, 165.01it/s]Running loglikelihood requests:  38%|███▊      | 17990/47868 [03:48<03:11, 156.30it/s]Running loglikelihood requests:  38%|███▊      | 18015/47868 [03:49<02:57, 168.16it/s]Running loglikelihood requests:  38%|███▊      | 18039/47868 [03:49<02:50, 174.95it/s]Running loglikelihood requests:  38%|███▊      | 18071/47868 [03:49<02:30, 198.05it/s]Running loglikelihood requests:  38%|███▊      | 18098/47868 [03:49<02:26, 202.70it/s]Running loglikelihood requests:  38%|███▊      | 18122/47868 [03:49<02:29, 198.78it/s]Running loglikelihood requests:  38%|███▊      | 18142/47868 [03:49<02:38, 187.43it/s]Running loglikelihood requests:  38%|███▊      | 18170/47868 [03:49<02:30, 197.89it/s]Running loglikelihood requests:  38%|███▊      | 18200/47868 [03:49<02:21, 209.69it/s]Running loglikelihood requests:  38%|███▊      | 18226/47868 [03:50<02:22, 208.22it/s]Running loglikelihood requests:  38%|███▊      | 18247/47868 [03:50<02:30, 196.47it/s]Running loglikelihood requests:  38%|███▊      | 18271/47868 [03:50<02:31, 194.88it/s]Running loglikelihood requests:  38%|███▊      | 18292/47868 [03:50<02:38, 186.96it/s]Running loglikelihood requests:  38%|███▊      | 18312/47868 [03:50<02:45, 178.75it/s]Running loglikelihood requests:  38%|███▊      | 18334/47868 [03:50<02:46, 177.61it/s]Running loglikelihood requests:  38%|███▊      | 18352/47868 [03:50<02:55, 168.08it/s]Running loglikelihood requests:  38%|███▊      | 18377/47868 [03:50<02:44, 178.90it/s]Running loglikelihood requests:  38%|███▊      | 18395/47868 [03:51<02:53, 169.39it/s]Running loglikelihood requests:  38%|███▊      | 18413/47868 [03:51<03:01, 162.73it/s]Running loglikelihood requests:  39%|███▊      | 18430/47868 [03:51<03:09, 155.67it/s]Running loglikelihood requests:  39%|███▊      | 18446/47868 [03:51<03:18, 148.43it/s]Running loglikelihood requests:  39%|███▊      | 18462/47868 [03:51<03:25, 143.29it/s]Running loglikelihood requests:  39%|███▊      | 18480/47868 [03:51<03:23, 144.50it/s]Running loglikelihood requests:  39%|███▊      | 18501/47868 [03:51<03:12, 152.50it/s]Running loglikelihood requests:  39%|███▊      | 18525/47868 [03:51<02:57, 165.40it/s]Running loglikelihood requests:  39%|███▊      | 18542/47868 [03:52<03:06, 157.43it/s]Running loglikelihood requests:  39%|███▉      | 18563/47868 [03:52<03:01, 161.75it/s]Running loglikelihood requests:  39%|███▉      | 18592/47868 [03:52<02:39, 183.29it/s]Running loglikelihood requests:  39%|███▉      | 18616/47868 [03:52<02:36, 186.83it/s]Running loglikelihood requests:  39%|███▉      | 18637/47868 [03:52<02:40, 182.29it/s]Running loglikelihood requests:  39%|███▉      | 18656/47868 [03:52<02:47, 174.34it/s]Running loglikelihood requests:  39%|███▉      | 18675/47868 [03:52<02:52, 168.88it/s]Running loglikelihood requests:  39%|███▉      | 18695/47868 [03:52<02:54, 167.43it/s]Running loglikelihood requests:  39%|███▉      | 18720/47868 [03:53<02:43, 178.48it/s]Running loglikelihood requests:  39%|███▉      | 18741/47868 [03:53<02:44, 176.53it/s]Running loglikelihood requests:  39%|███▉      | 18765/47868 [03:53<02:39, 182.82it/s]Running loglikelihood requests:  39%|███▉      | 18784/47868 [03:53<02:46, 175.20it/s]Running loglikelihood requests:  39%|███▉      | 18802/47868 [03:53<02:54, 166.76it/s]Running loglikelihood requests:  39%|███▉      | 18822/47868 [03:53<02:54, 166.11it/s]Running loglikelihood requests:  39%|███▉      | 18839/47868 [03:53<03:03, 158.38it/s]Running loglikelihood requests:  39%|███▉      | 18858/47868 [03:53<03:03, 157.78it/s]Running loglikelihood requests:  39%|███▉      | 18879/47868 [03:54<02:58, 162.13it/s]Running loglikelihood requests:  39%|███▉      | 18899/47868 [03:54<02:57, 162.79it/s]Running loglikelihood requests:  40%|███▉      | 18916/47868 [03:54<03:05, 156.10it/s]Running loglikelihood requests:  40%|███▉      | 18932/47868 [03:54<03:14, 148.96it/s]Running loglikelihood requests:  40%|███▉      | 18956/47868 [03:54<02:56, 163.45it/s]Running loglikelihood requests:  40%|███▉      | 18976/47868 [03:54<02:56, 163.90it/s]Running loglikelihood requests:  40%|███▉      | 18993/47868 [03:54<03:04, 156.87it/s]Running loglikelihood requests:  40%|███▉      | 19012/47868 [03:54<03:03, 156.84it/s]Running loglikelihood requests:  40%|███▉      | 19028/47868 [03:54<03:13, 149.31it/s]Running loglikelihood requests:  40%|███▉      | 19051/47868 [03:55<02:58, 161.67it/s]Running loglikelihood requests:  40%|███▉      | 19070/47868 [03:55<02:59, 160.35it/s]Running loglikelihood requests:  40%|███▉      | 19094/47868 [03:55<02:47, 171.45it/s]Running loglikelihood requests:  40%|███▉      | 19117/47868 [03:55<02:42, 176.75it/s]Running loglikelihood requests:  40%|███▉      | 19138/47868 [03:55<02:43, 175.71it/s]Running loglikelihood requests:  40%|████      | 19157/47868 [03:55<02:48, 170.10it/s]Running loglikelihood requests:  40%|████      | 19189/47868 [03:55<02:25, 197.38it/s]Running loglikelihood requests:  40%|████      | 19209/47868 [03:55<02:32, 187.32it/s]Running loglikelihood requests:  40%|████      | 19228/47868 [03:56<02:40, 178.25it/s]Running loglikelihood requests:  40%|████      | 19246/47868 [03:56<02:48, 169.57it/s]Running loglikelihood requests:  40%|████      | 19263/47868 [03:56<03:23, 140.44it/s]Running loglikelihood requests:  40%|████      | 19281/47868 [03:56<03:20, 142.70it/s]Running loglikelihood requests:  40%|████      | 19299/47868 [03:56<03:17, 144.46it/s]Running loglikelihood requests:  40%|████      | 19319/47868 [03:56<03:09, 151.04it/s]Running loglikelihood requests:  40%|████      | 19337/47868 [03:56<03:08, 151.74it/s]Running loglikelihood requests:  40%|████      | 19353/47868 [03:56<03:13, 147.07it/s]Running loglikelihood requests:  40%|████      | 19371/47868 [03:57<03:12, 148.19it/s]Running loglikelihood requests:  40%|████      | 19386/47868 [03:57<03:20, 141.76it/s]Running loglikelihood requests:  41%|████      | 19409/47868 [03:57<03:01, 156.86it/s]Running loglikelihood requests:  41%|████      | 19425/47868 [03:57<03:37, 130.99it/s]Running loglikelihood requests:  41%|████      | 19451/47868 [03:57<03:04, 154.41it/s]Running loglikelihood requests:  41%|████      | 19469/47868 [03:57<03:04, 153.62it/s]Running loglikelihood requests:  41%|████      | 19485/47868 [03:57<03:11, 148.41it/s]Running loglikelihood requests:  41%|████      | 19502/47868 [03:57<03:12, 147.15it/s]Running loglikelihood requests:  41%|████      | 19517/47868 [03:58<03:20, 141.22it/s]Running loglikelihood requests:  41%|████      | 19547/47868 [03:58<02:43, 173.49it/s]Running loglikelihood requests:  41%|████      | 19565/47868 [03:58<02:49, 166.97it/s]Running loglikelihood requests:  41%|████      | 19586/47868 [03:58<02:46, 169.58it/s]Running loglikelihood requests:  41%|████      | 19604/47868 [03:58<02:52, 164.22it/s]Running loglikelihood requests:  41%|████      | 19633/47868 [03:58<02:30, 187.62it/s]Running loglikelihood requests:  41%|████      | 19652/47868 [03:58<02:59, 157.02it/s]Running loglikelihood requests:  41%|████      | 19684/47868 [03:58<02:30, 187.53it/s]Running loglikelihood requests:  41%|████      | 19704/47868 [03:59<02:34, 182.77it/s]Running loglikelihood requests:  41%|████      | 19723/47868 [03:59<02:39, 176.58it/s]Running loglikelihood requests:  41%|████▏     | 19746/47868 [03:59<02:35, 181.25it/s]Running loglikelihood requests:  41%|████▏     | 19765/47868 [03:59<02:40, 175.02it/s]Running loglikelihood requests:  41%|████▏     | 19783/47868 [03:59<03:10, 147.20it/s]Running loglikelihood requests:  41%|████▏     | 19808/47868 [03:59<02:50, 164.16it/s]Running loglikelihood requests:  41%|████▏     | 19826/47868 [03:59<02:54, 160.94it/s]Running loglikelihood requests:  41%|████▏     | 19847/47868 [03:59<02:49, 165.71it/s]Running loglikelihood requests:  41%|████▏     | 19864/47868 [04:00<02:55, 159.34it/s]Running loglikelihood requests:  42%|████▏     | 19884/47868 [04:00<02:52, 162.13it/s]Running loglikelihood requests:  42%|████▏     | 19902/47868 [04:00<02:55, 159.42it/s]Running loglikelihood requests:  42%|████▏     | 19919/47868 [04:00<03:00, 154.96it/s]Running loglikelihood requests:  42%|████▏     | 19945/47868 [04:00<02:40, 173.83it/s]Running loglikelihood requests:  42%|████▏     | 19967/47868 [04:00<02:37, 177.52it/s]Running loglikelihood requests:  42%|████▏     | 19986/47868 [04:00<02:41, 172.72it/s]Running loglikelihood requests:  42%|████▏     | 20018/47868 [04:00<02:18, 200.89it/s]Running loglikelihood requests:  42%|████▏     | 20042/47868 [04:01<02:18, 201.00it/s]Running loglikelihood requests:  42%|████▏     | 20064/47868 [04:01<02:21, 196.71it/s]Running loglikelihood requests:  42%|████▏     | 20084/47868 [04:01<02:26, 189.04it/s]Running loglikelihood requests:  42%|████▏     | 20103/47868 [04:01<02:33, 180.91it/s]Running loglikelihood requests:  42%|████▏     | 20128/47868 [04:01<02:25, 190.03it/s]Running loglikelihood requests:  42%|████▏     | 20147/47868 [04:01<02:32, 181.22it/s]Running loglikelihood requests:  42%|████▏     | 20166/47868 [04:01<02:38, 174.82it/s]Running loglikelihood requests:  42%|████▏     | 20184/47868 [04:01<02:44, 167.93it/s]Running loglikelihood requests:  42%|████▏     | 20213/47868 [04:02<02:25, 190.61it/s]Running loglikelihood requests:  42%|████▏     | 20233/47868 [04:02<02:29, 184.35it/s]Running loglikelihood requests:  42%|████▏     | 20260/47868 [04:02<02:19, 197.38it/s]Running loglikelihood requests:  42%|████▏     | 20280/47868 [04:02<02:25, 189.14it/s]Running loglikelihood requests:  42%|████▏     | 20306/47868 [04:02<02:19, 198.07it/s]Running loglikelihood requests:  42%|████▏     | 20326/47868 [04:02<02:25, 189.21it/s]Running loglikelihood requests:  43%|████▎     | 20358/47868 [04:02<02:09, 212.22it/s]Running loglikelihood requests:  43%|████▎     | 20380/47868 [04:02<02:14, 203.73it/s]Running loglikelihood requests:  43%|████▎     | 20403/47868 [04:02<02:16, 200.75it/s]Running loglikelihood requests:  43%|████▎     | 20424/47868 [04:03<02:21, 193.90it/s]Running loglikelihood requests:  43%|████▎     | 20446/47868 [04:03<02:22, 192.29it/s]Running loglikelihood requests:  43%|████▎     | 20467/47868 [04:03<02:25, 188.22it/s]Running loglikelihood requests:  43%|████▎     | 20499/47868 [04:03<02:08, 212.23it/s]Running loglikelihood requests:  43%|████▎     | 20521/47868 [04:03<02:13, 204.25it/s]Running loglikelihood requests:  43%|████▎     | 20545/47868 [04:03<02:14, 203.34it/s]Running loglikelihood requests:  43%|████▎     | 20575/47868 [04:03<02:05, 217.28it/s]Running loglikelihood requests:  43%|████▎     | 20597/47868 [04:03<02:11, 207.94it/s]Running loglikelihood requests:  43%|████▎     | 20631/47868 [04:04<01:57, 230.95it/s]Running loglikelihood requests:  43%|████▎     | 20656/47868 [04:04<02:00, 225.13it/s]Running loglikelihood requests:  43%|████▎     | 20680/47868 [04:04<02:04, 218.71it/s]Running loglikelihood requests:  43%|████▎     | 20702/47868 [04:04<02:09, 209.00it/s]Running loglikelihood requests:  43%|████▎     | 20725/47868 [04:04<02:12, 204.68it/s]Running loglikelihood requests:  43%|████▎     | 20746/47868 [04:04<02:17, 196.56it/s]Running loglikelihood requests:  43%|████▎     | 20773/47868 [04:04<02:11, 205.76it/s]Running loglikelihood requests:  43%|████▎     | 20794/47868 [04:04<02:16, 197.69it/s]Running loglikelihood requests:  43%|████▎     | 20820/47868 [04:04<02:12, 204.40it/s]Running loglikelihood requests:  44%|████▎     | 20841/47868 [04:05<02:37, 171.55it/s]Running loglikelihood requests:  44%|████▎     | 20867/47868 [04:05<02:25, 185.39it/s]Running loglikelihood requests:  44%|████▎     | 20894/47868 [04:05<02:16, 198.09it/s]Running loglikelihood requests:  44%|████▎     | 20915/47868 [04:05<02:19, 193.00it/s]Running loglikelihood requests:  44%|████▎     | 20942/47868 [04:05<02:12, 203.72it/s]Running loglikelihood requests:  44%|████▍     | 20968/47868 [04:05<02:08, 208.98it/s]Running loglikelihood requests:  44%|████▍     | 20993/47868 [04:05<02:08, 209.95it/s]Running loglikelihood requests:  44%|████▍     | 21025/47868 [04:05<01:57, 227.59it/s]Running loglikelihood requests:  44%|████▍     | 21048/47868 [04:06<02:02, 218.41it/s]Running loglikelihood requests:  44%|████▍     | 21074/47868 [04:06<02:02, 219.51it/s]Running loglikelihood requests:  44%|████▍     | 21103/47868 [04:06<01:57, 227.64it/s]Running loglikelihood requests:  44%|████▍     | 21126/47868 [04:06<02:02, 218.29it/s]Running loglikelihood requests:  44%|████▍     | 21148/47868 [04:06<02:07, 209.25it/s]Running loglikelihood requests:  44%|████▍     | 21175/47868 [04:06<02:03, 215.61it/s]Running loglikelihood requests:  44%|████▍     | 21197/47868 [04:06<02:08, 207.43it/s]Running loglikelihood requests:  44%|████▍     | 21221/47868 [04:06<02:08, 206.85it/s]Running loglikelihood requests:  44%|████▍     | 21252/47868 [04:07<01:58, 223.95it/s]Running loglikelihood requests:  44%|████▍     | 21275/47868 [04:07<02:03, 215.36it/s]Running loglikelihood requests:  44%|████▍     | 21300/47868 [04:07<02:03, 214.71it/s]Running loglikelihood requests:  45%|████▍     | 21332/47868 [04:07<01:54, 231.86it/s]Running loglikelihood requests:  45%|████▍     | 21356/47868 [04:07<01:58, 224.01it/s]Running loglikelihood requests:  45%|████▍     | 21379/47868 [04:07<02:02, 215.90it/s]Running loglikelihood requests:  45%|████▍     | 21401/47868 [04:07<02:07, 206.88it/s]Running loglikelihood requests:  45%|████▍     | 21425/47868 [04:07<02:08, 206.35it/s]Running loglikelihood requests:  45%|████▍     | 21446/47868 [04:07<02:13, 198.51it/s]Running loglikelihood requests:  45%|████▍     | 21466/47868 [04:08<02:18, 191.25it/s]Running loglikelihood requests:  45%|████▍     | 21491/47868 [04:08<02:12, 198.53it/s]Running loglikelihood requests:  45%|████▍     | 21511/47868 [04:08<02:18, 190.80it/s]Running loglikelihood requests:  45%|████▍     | 21536/47868 [04:08<02:13, 197.66it/s]Running loglikelihood requests:  45%|████▌     | 21560/47868 [04:08<02:11, 200.13it/s]Running loglikelihood requests:  45%|████▌     | 21581/47868 [04:08<02:15, 193.94it/s]Running loglikelihood requests:  45%|████▌     | 21607/47868 [04:08<02:09, 202.18it/s]Running loglikelihood requests:  45%|████▌     | 21628/47868 [04:08<02:14, 195.80it/s]Running loglikelihood requests:  45%|████▌     | 21660/47868 [04:09<01:59, 218.74it/s]Running loglikelihood requests:  45%|████▌     | 21682/47868 [04:09<02:23, 182.95it/s]Running loglikelihood requests:  45%|████▌     | 21710/47868 [04:09<02:11, 198.27it/s]Running loglikelihood requests:  45%|████▌     | 21742/47868 [04:09<01:59, 219.02it/s]Running loglikelihood requests:  45%|████▌     | 21770/47868 [04:09<01:56, 224.87it/s]Running loglikelihood requests:  46%|████▌     | 21793/47868 [04:09<02:00, 217.00it/s]Running loglikelihood requests:  46%|████▌     | 21816/47868 [04:09<02:03, 210.75it/s]Running loglikelihood requests:  46%|████▌     | 21838/47868 [04:09<02:07, 204.25it/s]Running loglikelihood requests:  46%|████▌     | 21859/47868 [04:09<02:11, 197.44it/s]Running loglikelihood requests:  46%|████▌     | 21884/47868 [04:10<02:08, 202.57it/s]Running loglikelihood requests:  46%|████▌     | 21906/47868 [04:10<02:10, 198.65it/s]Running loglikelihood requests:  46%|████▌     | 21938/47868 [04:10<01:57, 220.66it/s]Running loglikelihood requests:  46%|████▌     | 21967/47868 [04:10<01:53, 229.08it/s]Running loglikelihood requests:  46%|████▌     | 21999/47868 [04:10<01:46, 242.96it/s]Running loglikelihood requests:  46%|████▌     | 22029/47868 [04:10<01:44, 247.40it/s]Running loglikelihood requests:  46%|████▌     | 22058/47868 [04:10<01:44, 247.14it/s]Running loglikelihood requests:  46%|████▌     | 22087/47868 [04:10<01:44, 247.39it/s]Running loglikelihood requests:  46%|████▌     | 22112/47868 [04:11<01:48, 237.74it/s]Running loglikelihood requests:  46%|████▌     | 22136/47868 [04:11<01:52, 228.42it/s]Running loglikelihood requests:  46%|████▋     | 22159/47868 [04:11<01:57, 219.09it/s]Running loglikelihood requests:  46%|████▋     | 22181/47868 [04:11<02:02, 210.30it/s]Running loglikelihood requests:  46%|████▋     | 22203/47868 [04:11<02:05, 204.20it/s]Running loglikelihood requests:  46%|████▋     | 22224/47868 [04:11<02:09, 197.46it/s]Running loglikelihood requests:  46%|████▋     | 22245/47868 [04:11<02:12, 192.67it/s]Running loglikelihood requests:  47%|████▋     | 22273/47868 [04:11<02:03, 207.06it/s]Running loglikelihood requests:  47%|████▋     | 22297/47868 [04:11<02:03, 207.10it/s]Running loglikelihood requests:  47%|████▋     | 22326/47868 [04:12<01:56, 219.57it/s]Running loglikelihood requests:  47%|████▋     | 22351/47868 [04:12<01:56, 218.52it/s]Running loglikelihood requests:  47%|████▋     | 22380/47868 [04:12<01:51, 227.78it/s]Running loglikelihood requests:  47%|████▋     | 22403/47868 [04:12<01:56, 219.08it/s]Running loglikelihood requests:  47%|████▋     | 22432/47868 [04:12<01:51, 228.26it/s]Running loglikelihood requests:  47%|████▋     | 22463/47868 [04:12<01:46, 239.56it/s]Running loglikelihood requests:  47%|████▋     | 22487/47868 [04:12<01:50, 229.97it/s]Running loglikelihood requests:  47%|████▋     | 22510/47868 [04:12<02:11, 192.69it/s]Running loglikelihood requests:  47%|████▋     | 22532/47868 [04:13<02:11, 192.17it/s]Running loglikelihood requests:  47%|████▋     | 22552/47868 [04:13<02:15, 187.12it/s]Running loglikelihood requests:  47%|████▋     | 22575/47868 [04:13<02:12, 191.00it/s]Running loglikelihood requests:  47%|████▋     | 22607/47868 [04:13<01:56, 216.49it/s]Running loglikelihood requests:  47%|████▋     | 22632/47868 [04:13<01:56, 216.79it/s]Running loglikelihood requests:  47%|████▋     | 22654/47868 [04:13<01:58, 212.53it/s]Running loglikelihood requests:  47%|████▋     | 22676/47868 [04:13<02:00, 208.94it/s]Running loglikelihood requests:  47%|████▋     | 22704/47868 [04:13<01:53, 222.24it/s]Running loglikelihood requests:  47%|████▋     | 22727/47868 [04:13<01:54, 218.65it/s]Running loglikelihood requests:  48%|████▊     | 22753/47868 [04:14<01:52, 224.04it/s]Running loglikelihood requests:  48%|████▊     | 22785/47868 [04:14<01:42, 243.72it/s]Running loglikelihood requests:  48%|████▊     | 22810/47868 [04:14<01:44, 238.89it/s]Running loglikelihood requests:  48%|████▊     | 22834/47868 [04:14<01:47, 232.92it/s]Running loglikelihood requests:  48%|████▊     | 22860/47868 [04:14<01:46, 234.23it/s]Running loglikelihood requests:  48%|████▊     | 22886/47868 [04:14<01:46, 235.08it/s]Running loglikelihood requests:  48%|████▊     | 22922/47868 [04:14<01:35, 261.80it/s]Running loglikelihood requests:  48%|████▊     | 22949/47868 [04:14<01:36, 257.54it/s]Running loglikelihood requests:  48%|████▊     | 22975/47868 [04:14<01:38, 252.27it/s]Running loglikelihood requests:  48%|████▊     | 23003/47868 [04:15<01:38, 253.16it/s]Running loglikelihood requests:  48%|████▊     | 23029/47868 [04:15<01:39, 248.58it/s]Running loglikelihood requests:  48%|████▊     | 23061/47868 [04:15<01:34, 261.25it/s]Running loglikelihood requests:  48%|████▊     | 23088/47868 [04:15<01:36, 256.67it/s]Running loglikelihood requests:  48%|████▊     | 23114/47868 [04:15<01:38, 250.49it/s]Running loglikelihood requests:  48%|████▊     | 23140/47868 [04:15<01:40, 246.65it/s]Running loglikelihood requests:  48%|████▊     | 23165/47868 [04:15<01:42, 241.24it/s]Running loglikelihood requests:  48%|████▊     | 23192/47868 [04:15<01:41, 242.68it/s]Running loglikelihood requests:  49%|████▊     | 23217/47868 [04:15<01:43, 238.35it/s]Running loglikelihood requests:  49%|████▊     | 23241/47868 [04:16<01:45, 233.07it/s]Running loglikelihood requests:  49%|████▊     | 23265/47868 [04:16<01:47, 229.21it/s]Running loglikelihood requests:  49%|████▊     | 23292/47868 [04:16<01:44, 234.58it/s]Running loglikelihood requests:  49%|████▊     | 23322/47868 [04:16<01:39, 246.81it/s]Running loglikelihood requests:  49%|████▉     | 23355/47868 [04:16<01:33, 263.44it/s]Running loglikelihood requests:  49%|████▉     | 23384/47868 [04:16<01:32, 264.17it/s]Running loglikelihood requests:  49%|████▉     | 23417/47868 [04:16<01:28, 274.97it/s]Running loglikelihood requests:  49%|████▉     | 23445/47868 [04:16<01:30, 269.41it/s]Running loglikelihood requests:  49%|████▉     | 23472/47868 [04:16<01:32, 262.89it/s]Running loglikelihood requests:  49%|████▉     | 23499/47868 [04:17<01:34, 258.27it/s]Running loglikelihood requests:  49%|████▉     | 23526/47868 [04:17<01:35, 254.99it/s]Running loglikelihood requests:  49%|████▉     | 23562/47868 [04:17<01:27, 276.55it/s]Running loglikelihood requests:  49%|████▉     | 23590/47868 [04:17<01:29, 270.58it/s]Running loglikelihood requests:  49%|████▉     | 23618/47868 [04:17<01:31, 266.45it/s]Running loglikelihood requests:  49%|████▉     | 23648/47868 [04:17<01:30, 268.94it/s]Running loglikelihood requests:  49%|████▉     | 23676/47868 [04:17<01:31, 265.32it/s]Running loglikelihood requests:  50%|████▉     | 23703/47868 [04:17<01:32, 260.09it/s]Running loglikelihood requests:  50%|████▉     | 23734/47868 [04:17<01:30, 267.91it/s]Running loglikelihood requests:  50%|████▉     | 23766/47868 [04:18<01:27, 275.85it/s]Running loglikelihood requests:  50%|████▉     | 23798/47868 [04:18<01:25, 281.15it/s]Running loglikelihood requests:  50%|████▉     | 23834/47868 [04:18<01:21, 295.05it/s]Running loglikelihood requests:  50%|████▉     | 23866/47868 [04:18<01:21, 294.34it/s]Running loglikelihood requests:  50%|████▉     | 23896/47868 [04:18<01:23, 288.58it/s]Running loglikelihood requests:  50%|████▉     | 23925/47868 [04:18<01:24, 282.15it/s]Running loglikelihood requests:  50%|█████     | 23954/47868 [04:18<01:38, 242.62it/s]Running loglikelihood requests:  50%|█████     | 23983/47868 [04:18<01:35, 249.28it/s]Running loglikelihood requests:  50%|█████     | 24021/47868 [04:18<01:26, 276.64it/s]Running loglikelihood requests:  50%|█████     | 24055/47868 [04:19<01:23, 286.72it/s]Running loglikelihood requests:  50%|█████     | 24093/47868 [04:19<01:18, 304.12it/s]Running loglikelihood requests:  50%|█████     | 24124/47868 [04:19<01:19, 298.33it/s]Running loglikelihood requests:  50%|█████     | 24155/47868 [04:19<01:20, 294.25it/s]Running loglikelihood requests:  51%|█████     | 24185/47868 [04:19<01:21, 288.95it/s]Running loglikelihood requests:  51%|█████     | 24215/47868 [04:19<01:22, 286.09it/s]Running loglikelihood requests:  51%|█████     | 24244/47868 [04:19<01:24, 281.06it/s]Running loglikelihood requests:  51%|█████     | 24273/47868 [04:19<01:25, 277.15it/s]Running loglikelihood requests:  51%|█████     | 24301/47868 [04:19<01:26, 271.46it/s]Running loglikelihood requests:  51%|█████     | 24330/47868 [04:20<01:27, 270.33it/s]Running loglikelihood requests:  51%|█████     | 24366/47868 [04:20<01:21, 288.35it/s]Running loglikelihood requests:  51%|█████     | 24395/47868 [04:20<01:23, 282.14it/s]Running loglikelihood requests:  51%|█████     | 24424/47868 [04:20<01:24, 277.49it/s]Running loglikelihood requests:  51%|█████     | 24453/47868 [04:20<01:25, 274.63it/s]Running loglikelihood requests:  51%|█████     | 24485/47868 [04:20<01:23, 280.84it/s]Running loglikelihood requests:  51%|█████     | 24521/47868 [04:20<01:18, 295.86it/s]Running loglikelihood requests:  51%|█████▏    | 24553/47868 [04:20<01:18, 295.50it/s]Running loglikelihood requests:  51%|█████▏    | 24584/47868 [04:20<01:19, 292.76it/s]Running loglikelihood requests:  51%|█████▏    | 24614/47868 [04:21<01:20, 288.41it/s]Running loglikelihood requests:  51%|█████▏    | 24643/47868 [04:21<01:21, 283.54it/s]Running loglikelihood requests:  52%|█████▏    | 24672/47868 [04:21<01:23, 279.01it/s]Running loglikelihood requests:  52%|█████▏    | 24700/47868 [04:21<01:24, 273.22it/s]Running loglikelihood requests:  52%|█████▏    | 24740/47868 [04:21<01:16, 301.24it/s]Running loglikelihood requests:  52%|█████▏    | 24772/47868 [04:21<01:17, 299.46it/s]Running loglikelihood requests:  52%|█████▏    | 24802/47868 [04:21<01:30, 256.06it/s]Running loglikelihood requests:  52%|█████▏    | 24834/47868 [04:21<01:26, 266.54it/s]Running loglikelihood requests:  52%|█████▏    | 24868/47868 [04:21<01:22, 279.59it/s]Running loglikelihood requests:  52%|█████▏    | 24900/47868 [04:22<01:20, 284.11it/s]Running loglikelihood requests:  52%|█████▏    | 24933/47868 [04:22<01:19, 290.13it/s]Running loglikelihood requests:  52%|█████▏    | 24970/47868 [04:22<01:15, 304.77it/s]Running loglikelihood requests:  52%|█████▏    | 25002/47868 [04:22<01:15, 302.08it/s]Running loglikelihood requests:  52%|█████▏    | 25034/47868 [04:22<01:16, 300.06it/s]Running loglikelihood requests:  52%|█████▏    | 25066/47868 [04:22<01:16, 298.88it/s]Running loglikelihood requests:  52%|█████▏    | 25098/47868 [04:22<01:16, 298.15it/s]Running loglikelihood requests:  53%|█████▎    | 25131/47868 [04:22<01:15, 300.19it/s]Running loglikelihood requests:  53%|█████▎    | 25163/47868 [04:22<01:15, 299.07it/s]Running loglikelihood requests:  53%|█████▎    | 25193/47868 [04:23<01:17, 292.87it/s]Running loglikelihood requests:  53%|█████▎    | 25223/47868 [04:23<01:18, 289.52it/s]Running loglikelihood requests:  53%|█████▎    | 25252/47868 [04:23<01:19, 284.00it/s]Running loglikelihood requests:  53%|█████▎    | 25281/47868 [04:23<01:20, 279.71it/s]Running loglikelihood requests:  53%|█████▎    | 25316/47868 [04:23<01:17, 292.65it/s]Running loglikelihood requests:  53%|█████▎    | 25346/47868 [04:23<01:18, 288.56it/s]Running loglikelihood requests:  53%|█████▎    | 25377/47868 [04:23<01:18, 288.29it/s]Running loglikelihood requests:  53%|█████▎    | 25408/47868 [04:23<01:17, 288.16it/s]Running loglikelihood requests:  53%|█████▎    | 25438/47868 [04:23<01:18, 285.34it/s]Running loglikelihood requests:  53%|█████▎    | 25472/47868 [04:23<01:16, 294.20it/s]Running loglikelihood requests:  53%|█████▎    | 25502/47868 [04:24<01:17, 289.70it/s]Running loglikelihood requests:  53%|█████▎    | 25532/47868 [04:24<01:17, 286.51it/s]Running loglikelihood requests:  53%|█████▎    | 25561/47868 [04:24<01:19, 281.42it/s]Running loglikelihood requests:  53%|█████▎    | 25590/47868 [04:24<01:20, 278.18it/s]Running loglikelihood requests:  54%|█████▎    | 25618/47868 [04:24<01:21, 273.21it/s]Running loglikelihood requests:  54%|█████▎    | 25649/47868 [04:24<01:19, 277.78it/s]Running loglikelihood requests:  54%|█████▎    | 25683/47868 [04:24<01:16, 289.08it/s]Running loglikelihood requests:  54%|█████▎    | 25712/47868 [04:24<01:18, 283.56it/s]Running loglikelihood requests:  54%|█████▍    | 25743/47868 [04:24<01:17, 285.98it/s]Running loglikelihood requests:  54%|█████▍    | 25777/47868 [04:25<01:14, 295.16it/s]Running loglikelihood requests:  54%|█████▍    | 25807/47868 [04:25<01:15, 290.56it/s]Running loglikelihood requests:  54%|█████▍    | 25837/47868 [04:25<01:27, 251.09it/s]Running loglikelihood requests:  54%|█████▍    | 25867/47868 [04:25<01:24, 258.95it/s]Running loglikelihood requests:  54%|█████▍    | 25894/47868 [04:25<01:25, 256.99it/s]Running loglikelihood requests:  54%|█████▍    | 25921/47868 [04:25<01:25, 256.08it/s]Running loglikelihood requests:  54%|█████▍    | 25949/47868 [04:25<01:25, 257.77it/s]Running loglikelihood requests:  54%|█████▍    | 25976/47868 [04:25<01:25, 256.34it/s]Running loglikelihood requests:  54%|█████▍    | 26002/47868 [04:25<01:26, 252.82it/s]Running loglikelihood requests:  54%|█████▍    | 26029/47868 [04:26<01:26, 252.95it/s]Running loglikelihood requests:  54%|█████▍    | 26055/47868 [04:26<01:26, 250.89it/s]Running loglikelihood requests:  54%|█████▍    | 26081/47868 [04:26<01:26, 250.64it/s]Running loglikelihood requests:  55%|█████▍    | 26107/47868 [04:26<01:39, 218.22it/s]Running loglikelihood requests:  55%|█████▍    | 26130/47868 [04:26<01:39, 218.74it/s]Running loglikelihood requests:  55%|█████▍    | 26153/47868 [04:26<01:39, 219.08it/s]Running loglikelihood requests:  55%|█████▍    | 26176/47868 [04:26<01:38, 219.24it/s]Running loglikelihood requests:  55%|█████▍    | 26199/47868 [04:26<01:52, 192.45it/s]Running loglikelihood requests:  55%|█████▍    | 26228/47868 [04:27<01:40, 214.75it/s]Running loglikelihood requests:  55%|█████▍    | 26251/47868 [04:27<01:39, 216.18it/s]Running loglikelihood requests:  55%|█████▍    | 26276/47868 [04:27<01:37, 222.54it/s]Running loglikelihood requests:  55%|█████▍    | 26300/47868 [04:27<01:36, 224.44it/s]Running loglikelihood requests:  55%|█████▍    | 26323/47868 [04:27<01:36, 223.10it/s]Running loglikelihood requests:  55%|█████▌    | 26350/47868 [04:27<01:32, 233.34it/s]Running loglikelihood requests:  55%|█████▌    | 26374/47868 [04:27<01:45, 202.94it/s]Running loglikelihood requests:  55%|█████▌    | 26396/47868 [04:27<01:58, 181.37it/s]Running loglikelihood requests:  55%|█████▌    | 26417/47868 [04:27<01:54, 187.00it/s]Running loglikelihood requests:  55%|█████▌    | 26441/47868 [04:28<01:47, 199.07it/s]Running loglikelihood requests:  55%|█████▌    | 26462/47868 [04:28<01:46, 200.35it/s]Running loglikelihood requests:  55%|█████▌    | 26486/47868 [04:28<01:42, 208.65it/s]Running loglikelihood requests:  55%|█████▌    | 26514/47868 [04:28<01:34, 225.47it/s]Running loglikelihood requests:  55%|█████▌    | 26537/47868 [04:28<01:35, 223.75it/s]Running loglikelihood requests:  55%|█████▌    | 26560/47868 [04:28<01:35, 223.12it/s]Running loglikelihood requests:  56%|█████▌    | 26583/47868 [04:28<01:49, 194.36it/s]Running loglikelihood requests:  56%|█████▌    | 26604/47868 [04:28<01:48, 196.43it/s]Running loglikelihood requests:  56%|█████▌    | 26625/47868 [04:28<02:01, 174.36it/s]Running loglikelihood requests:  56%|█████▌    | 26644/47868 [04:29<02:15, 156.96it/s]Running loglikelihood requests:  56%|█████▌    | 26661/47868 [04:29<02:13, 158.81it/s]Running loglikelihood requests:  56%|█████▌    | 26679/47868 [04:29<02:10, 162.66it/s]Running loglikelihood requests:  56%|█████▌    | 26696/47868 [04:29<02:09, 163.18it/s]Running loglikelihood requests:  56%|█████▌    | 26713/47868 [04:29<02:09, 163.65it/s]Running loglikelihood requests:  56%|█████▌    | 26742/47868 [04:29<01:47, 196.27it/s]Running loglikelihood requests:  56%|█████▌    | 26762/47868 [04:29<01:48, 195.31it/s]Running loglikelihood requests:  56%|█████▌    | 26782/47868 [04:29<01:48, 194.56it/s]Running loglikelihood requests:  56%|█████▌    | 26802/47868 [04:30<02:19, 150.87it/s]Running loglikelihood requests:  56%|█████▌    | 26824/47868 [04:30<02:06, 165.97it/s]Running loglikelihood requests:  56%|█████▌    | 26843/47868 [04:30<02:03, 170.48it/s]Running loglikelihood requests:  56%|█████▌    | 26862/47868 [04:30<02:16, 153.81it/s]Running loglikelihood requests:  56%|█████▌    | 26879/47868 [04:30<02:14, 156.51it/s]Running loglikelihood requests:  56%|█████▌    | 26896/47868 [04:30<02:11, 159.05it/s]Running loglikelihood requests:  56%|█████▌    | 26913/47868 [04:30<02:10, 161.13it/s]Running loglikelihood requests:  56%|█████▋    | 26930/47868 [04:30<02:26, 143.02it/s]Running loglikelihood requests:  56%|█████▋    | 26949/47868 [04:30<02:16, 153.77it/s]Running loglikelihood requests:  56%|█████▋    | 26965/47868 [04:31<02:15, 154.05it/s]Running loglikelihood requests:  56%|█████▋    | 26981/47868 [04:31<02:15, 154.47it/s]Running loglikelihood requests:  56%|█████▋    | 26997/47868 [04:31<02:14, 154.76it/s]Running loglikelihood requests:  56%|█████▋    | 27013/47868 [04:31<02:14, 154.78it/s]Running loglikelihood requests:  56%|█████▋    | 27029/47868 [04:31<02:33, 135.63it/s]Running loglikelihood requests:  56%|█████▋    | 27044/47868 [04:31<02:30, 138.36it/s]Running loglikelihood requests:  57%|█████▋    | 27072/47868 [04:31<01:59, 174.60it/s]Running loglikelihood requests:  57%|█████▋    | 27090/47868 [04:31<01:58, 174.62it/s]Running loglikelihood requests:  57%|█████▋    | 27108/47868 [04:32<02:15, 153.05it/s]Running loglikelihood requests:  57%|█████▋    | 27141/47868 [04:32<01:45, 196.34it/s]Running loglikelihood requests:  57%|█████▋    | 27162/47868 [04:32<01:58, 174.89it/s]Running loglikelihood requests:  57%|█████▋    | 27181/47868 [04:32<01:56, 177.11it/s]Running loglikelihood requests:  57%|█████▋    | 27200/47868 [04:32<01:55, 178.60it/s]Running loglikelihood requests:  57%|█████▋    | 27219/47868 [04:32<02:10, 158.66it/s]Running loglikelihood requests:  57%|█████▋    | 27236/47868 [04:32<02:08, 160.27it/s]Running loglikelihood requests:  57%|█████▋    | 27253/47868 [04:32<02:24, 142.94it/s]Running loglikelihood requests:  57%|█████▋    | 27270/47868 [04:32<02:18, 148.57it/s]Running loglikelihood requests:  57%|█████▋    | 27293/47868 [04:33<02:02, 168.07it/s]Running loglikelihood requests:  57%|█████▋    | 27311/47868 [04:33<02:17, 149.88it/s]Running loglikelihood requests:  57%|█████▋    | 27330/47868 [04:33<02:08, 159.24it/s]Running loglikelihood requests:  57%|█████▋    | 27354/47868 [04:33<01:54, 179.24it/s]Running loglikelihood requests:  57%|█████▋    | 27373/47868 [04:33<02:08, 159.46it/s]Running loglikelihood requests:  57%|█████▋    | 27393/47868 [04:33<02:01, 168.36it/s]Running loglikelihood requests:  57%|█████▋    | 27411/47868 [04:33<02:16, 150.39it/s]Running loglikelihood requests:  57%|█████▋    | 27432/47868 [04:33<02:04, 163.83it/s]Running loglikelihood requests:  57%|█████▋    | 27452/47868 [04:34<01:58, 171.96it/s]Running loglikelihood requests:  57%|█████▋    | 27470/47868 [04:34<01:58, 172.53it/s]Running loglikelihood requests:  57%|█████▋    | 27488/47868 [04:34<01:57, 173.14it/s]Running loglikelihood requests:  57%|█████▋    | 27506/47868 [04:34<02:13, 152.44it/s]Running loglikelihood requests:  57%|█████▋    | 27522/47868 [04:34<02:29, 135.90it/s]Running loglikelihood requests:  58%|█████▊    | 27541/47868 [04:34<02:17, 148.18it/s]Running loglikelihood requests:  58%|█████▊    | 27563/47868 [04:34<02:02, 165.22it/s]Running loglikelihood requests:  58%|█████▊    | 27581/47868 [04:34<02:00, 168.07it/s]Running loglikelihood requests:  58%|█████▊    | 27599/47868 [04:34<01:59, 170.17it/s]Running loglikelihood requests:  58%|█████▊    | 27617/47868 [04:35<01:57, 171.63it/s]Running loglikelihood requests:  58%|█████▊    | 27648/47868 [04:35<01:37, 208.45it/s]Running loglikelihood requests:  58%|█████▊    | 27670/47868 [04:35<01:49, 183.64it/s]Running loglikelihood requests:  58%|█████▊    | 27705/47868 [04:35<01:29, 224.37it/s]Running loglikelihood requests:  58%|█████▊    | 27729/47868 [04:35<01:28, 226.58it/s]Running loglikelihood requests:  58%|█████▊    | 27753/47868 [04:35<01:28, 227.99it/s]Running loglikelihood requests:  58%|█████▊    | 27777/47868 [04:35<01:27, 228.93it/s]Running loglikelihood requests:  58%|█████▊    | 27801/47868 [04:35<01:39, 201.89it/s]Running loglikelihood requests:  58%|█████▊    | 27822/47868 [04:36<01:38, 202.95it/s]Running loglikelihood requests:  58%|█████▊    | 27844/47868 [04:36<01:37, 205.58it/s]Running loglikelihood requests:  58%|█████▊    | 27865/47868 [04:36<01:37, 205.13it/s]Running loglikelihood requests:  58%|█████▊    | 27895/47868 [04:36<01:27, 229.16it/s]Running loglikelihood requests:  58%|█████▊    | 27919/47868 [04:36<01:26, 229.73it/s]Running loglikelihood requests:  58%|█████▊    | 27943/47868 [04:36<01:26, 230.82it/s]Running loglikelihood requests:  58%|█████▊    | 27967/47868 [04:36<01:38, 202.50it/s]Running loglikelihood requests:  58%|█████▊    | 27988/47868 [04:36<01:37, 202.90it/s]Running loglikelihood requests:  59%|█████▊    | 28009/47868 [04:36<01:37, 203.40it/s]Running loglikelihood requests:  59%|█████▊    | 28036/47868 [04:37<01:30, 219.94it/s]Running loglikelihood requests:  59%|█████▊    | 28063/47868 [04:37<01:25, 231.83it/s]Running loglikelihood requests:  59%|█████▊    | 28090/47868 [04:37<01:22, 240.76it/s]Running loglikelihood requests:  59%|█████▉    | 28123/47868 [04:37<01:14, 263.86it/s]Running loglikelihood requests:  59%|█████▉    | 28161/47868 [04:37<01:07, 293.36it/s]Running loglikelihood requests:  59%|█████▉    | 28191/47868 [04:37<01:07, 292.02it/s]Running loglikelihood requests:  59%|█████▉    | 28221/47868 [04:37<01:17, 254.32it/s]Running loglikelihood requests:  59%|█████▉    | 28248/47868 [04:37<01:16, 255.77it/s]Running loglikelihood requests:  59%|█████▉    | 28275/47868 [04:37<01:16, 256.96it/s]Running loglikelihood requests:  59%|█████▉    | 28302/47868 [04:37<01:15, 257.69it/s]Running loglikelihood requests:  59%|█████▉    | 28329/47868 [04:38<01:15, 258.54it/s]Running loglikelihood requests:  59%|█████▉    | 28357/47868 [04:38<01:14, 261.92it/s]Running loglikelihood requests:  59%|█████▉    | 28384/47868 [04:38<01:14, 261.65it/s]Running loglikelihood requests:  59%|█████▉    | 28411/47868 [04:38<01:14, 262.39it/s]Running loglikelihood requests:  59%|█████▉    | 28438/47868 [04:38<01:14, 262.28it/s]Running loglikelihood requests:  59%|█████▉    | 28465/47868 [04:38<01:24, 228.86it/s]Running loglikelihood requests:  60%|█████▉    | 28497/47868 [04:38<01:17, 250.37it/s]Running loglikelihood requests:  60%|█████▉    | 28523/47868 [04:38<01:17, 250.65it/s]Running loglikelihood requests:  60%|█████▉    | 28555/47868 [04:38<01:12, 266.87it/s]Running loglikelihood requests:  60%|█████▉    | 28583/47868 [04:39<01:11, 267.98it/s]Running loglikelihood requests:  60%|█████▉    | 28611/47868 [04:39<01:11, 268.75it/s]Running loglikelihood requests:  60%|█████▉    | 28639/47868 [04:39<01:11, 268.85it/s]Running loglikelihood requests:  60%|█████▉    | 28667/47868 [04:39<01:21, 235.91it/s]Running loglikelihood requests:  60%|█████▉    | 28692/47868 [04:39<01:20, 237.91it/s]Running loglikelihood requests:  60%|█████▉    | 28717/47868 [04:39<01:20, 238.53it/s]Running loglikelihood requests:  60%|██████    | 28742/47868 [04:39<01:41, 189.26it/s]Running loglikelihood requests:  60%|██████    | 28763/47868 [04:39<01:38, 193.25it/s]Running loglikelihood requests:  60%|██████    | 28784/47868 [04:40<01:37, 196.30it/s]Running loglikelihood requests:  60%|██████    | 28805/47868 [04:40<01:36, 198.57it/s]Running loglikelihood requests:  60%|██████    | 28826/47868 [04:40<01:35, 200.38it/s]Running loglikelihood requests:  60%|██████    | 28848/47868 [04:40<01:33, 204.45it/s]Running loglikelihood requests:  60%|██████    | 28869/47868 [04:40<01:32, 204.62it/s]Running loglikelihood requests:  60%|██████    | 28895/47868 [04:40<01:26, 218.56it/s]Running loglikelihood requests:  60%|██████    | 28921/47868 [04:40<01:22, 228.65it/s]Running loglikelihood requests:  60%|██████    | 28945/47868 [04:40<01:22, 230.31it/s]Running loglikelihood requests:  61%|██████    | 28969/47868 [04:40<01:21, 231.19it/s]Running loglikelihood requests:  61%|██████    | 28993/47868 [04:40<01:21, 231.41it/s]Running loglikelihood requests:  61%|██████    | 29017/47868 [04:41<01:32, 202.94it/s]Running loglikelihood requests:  61%|██████    | 29040/47868 [04:41<01:30, 208.87it/s]Running loglikelihood requests:  61%|██████    | 29062/47868 [04:41<01:41, 185.51it/s]Running loglikelihood requests:  61%|██████    | 29089/47868 [04:41<01:31, 205.37it/s]Running loglikelihood requests:  61%|██████    | 29111/47868 [04:41<01:42, 183.87it/s]Running loglikelihood requests:  61%|██████    | 29135/47868 [04:41<01:35, 196.78it/s]Running loglikelihood requests:  61%|██████    | 29157/47868 [04:41<01:32, 201.81it/s]Running loglikelihood requests:  61%|██████    | 29178/47868 [04:41<01:32, 202.71it/s]Running loglikelihood requests:  61%|██████    | 29199/47868 [04:42<01:43, 179.78it/s]Running loglikelihood requests:  61%|██████    | 29232/47868 [04:42<01:34, 197.08it/s]Running loglikelihood requests:  61%|██████    | 29267/47868 [04:42<01:26, 214.86it/s]Running loglikelihood requests:  61%|██████    | 29289/47868 [04:42<01:43, 180.24it/s]Running loglikelihood requests:  61%|██████    | 29317/47868 [04:42<01:39, 187.06it/s]Running loglikelihood requests:  61%|██████▏   | 29351/47868 [04:42<01:30, 204.23it/s]Running loglikelihood requests:  61%|██████▏   | 29373/47868 [04:42<01:36, 191.73it/s]Running loglikelihood requests:  61%|██████▏   | 29396/47868 [04:43<01:39, 184.85it/s]Running loglikelihood requests:  61%|██████▏   | 29424/47868 [04:43<01:36, 190.43it/s]Running loglikelihood requests:  62%|██████▏   | 29444/47868 [04:43<01:43, 177.62it/s]Running loglikelihood requests:  62%|██████▏   | 29489/47868 [04:43<01:22, 221.63it/s]Running loglikelihood requests:  62%|██████▏   | 29512/47868 [04:43<01:29, 205.88it/s]Running loglikelihood requests:  62%|██████▏   | 29540/47868 [04:43<01:29, 205.34it/s]Running loglikelihood requests:  62%|██████▏   | 29561/47868 [04:43<01:36, 190.18it/s]Running loglikelihood requests:  62%|██████▏   | 29597/47868 [04:44<01:26, 211.59it/s]Running loglikelihood requests:  62%|██████▏   | 29627/47868 [04:44<01:25, 213.66it/s]Running loglikelihood requests:  62%|██████▏   | 29649/47868 [04:44<01:31, 198.10it/s]Running loglikelihood requests:  62%|██████▏   | 29671/47868 [04:44<01:37, 187.42it/s]Running loglikelihood requests:  62%|██████▏   | 29696/47868 [04:44<01:37, 186.19it/s]Running loglikelihood requests:  62%|██████▏   | 29727/47868 [04:44<01:31, 198.08it/s]Running loglikelihood requests:  62%|██████▏   | 29747/47868 [04:44<01:48, 166.76it/s]Running loglikelihood requests:  62%|██████▏   | 29769/47868 [04:45<01:49, 165.46it/s]Running loglikelihood requests:  62%|██████▏   | 29811/47868 [04:45<01:27, 205.36it/s]Running loglikelihood requests:  62%|██████▏   | 29833/47868 [04:45<01:33, 192.79it/s]Running loglikelihood requests:  62%|██████▏   | 29853/47868 [04:45<01:40, 179.72it/s]Running loglikelihood requests:  62%|██████▏   | 29892/47868 [04:45<01:25, 210.32it/s]Running loglikelihood requests:  63%|██████▎   | 29926/47868 [04:45<01:21, 221.39it/s]Running loglikelihood requests:  63%|██████▎   | 29949/47868 [04:45<01:27, 205.86it/s]Running loglikelihood requests:  63%|██████▎   | 29981/47868 [04:46<01:23, 214.27it/s]Running loglikelihood requests:  63%|██████▎   | 30003/47868 [04:46<01:38, 181.30it/s]Running loglikelihood requests:  63%|██████▎   | 30041/47868 [04:46<01:25, 207.84it/s]Running loglikelihood requests:  63%|██████▎   | 30063/47868 [04:46<01:31, 194.81it/s]Running loglikelihood requests:  63%|██████▎   | 30083/47868 [04:46<01:38, 181.27it/s]Running loglikelihood requests:  63%|██████▎   | 30121/47868 [04:46<01:25, 208.45it/s]Running loglikelihood requests:  63%|██████▎   | 30149/47868 [04:46<01:25, 207.43it/s]Running loglikelihood requests:  63%|██████▎   | 30170/47868 [04:47<01:32, 192.00it/s]Running loglikelihood requests:  63%|██████▎   | 30198/47868 [04:47<01:30, 196.00it/s]Running loglikelihood requests:  63%|██████▎   | 30238/47868 [04:47<01:18, 224.31it/s]Running loglikelihood requests:  63%|██████▎   | 30261/47868 [04:47<01:32, 189.55it/s]Running loglikelihood requests:  63%|██████▎   | 30289/47868 [04:47<01:30, 194.03it/s]Running loglikelihood requests:  63%|██████▎   | 30328/47868 [04:47<01:19, 219.69it/s]Running loglikelihood requests:  63%|██████▎   | 30351/47868 [04:47<01:25, 205.16it/s]Running loglikelihood requests:  63%|██████▎   | 30372/47868 [04:48<01:31, 190.56it/s]Running loglikelihood requests:  64%|██████▎   | 30403/47868 [04:48<01:26, 201.38it/s]Running loglikelihood requests:  64%|██████▎   | 30427/47868 [04:48<01:29, 194.14it/s]Running loglikelihood requests:  64%|██████▎   | 30450/47868 [04:48<01:33, 186.76it/s]Running loglikelihood requests:  64%|██████▎   | 30477/47868 [04:48<01:31, 190.14it/s]Running loglikelihood requests:  64%|██████▎   | 30512/47868 [04:48<01:22, 209.81it/s]Running loglikelihood requests:  64%|██████▍   | 30533/47868 [04:48<01:29, 193.58it/s]Running loglikelihood requests:  64%|██████▍   | 30559/47868 [04:48<01:29, 192.86it/s]Running loglikelihood requests:  64%|██████▍   | 30603/47868 [04:49<01:14, 230.66it/s]Running loglikelihood requests:  64%|██████▍   | 30630/47868 [04:49<01:17, 221.08it/s]Running loglikelihood requests:  64%|██████▍   | 30666/47868 [04:49<01:13, 233.49it/s]Running loglikelihood requests:  64%|██████▍   | 30709/47868 [04:49<01:06, 256.95it/s]Running loglikelihood requests:  64%|██████▍   | 30735/47868 [04:49<01:19, 216.47it/s]Running loglikelihood requests:  64%|██████▍   | 30764/47868 [04:49<01:19, 215.52it/s]Running loglikelihood requests:  64%|██████▍   | 30797/47868 [04:49<01:16, 222.94it/s]Running loglikelihood requests:  64%|██████▍   | 30827/47868 [04:50<01:16, 222.18it/s]Running loglikelihood requests:  64%|██████▍   | 30860/47868 [04:50<01:14, 227.99it/s]Running loglikelihood requests:  65%|██████▍   | 30887/47868 [04:50<01:17, 219.52it/s]Running loglikelihood requests:  65%|██████▍   | 30933/47868 [04:50<01:06, 253.61it/s]Running loglikelihood requests:  65%|██████▍   | 30959/47868 [04:50<01:18, 214.76it/s]Running loglikelihood requests:  65%|██████▍   | 30988/47868 [04:50<01:18, 214.61it/s]Running loglikelihood requests:  65%|██████▍   | 31010/47868 [04:50<01:24, 200.12it/s]Running loglikelihood requests:  65%|██████▍   | 31064/47868 [04:51<01:05, 255.58it/s]Running loglikelihood requests:  65%|██████▍   | 31090/47868 [04:51<01:10, 237.18it/s]Running loglikelihood requests:  65%|██████▌   | 31127/47868 [04:51<01:07, 247.30it/s]Running loglikelihood requests:  65%|██████▌   | 31158/47868 [04:51<01:09, 241.70it/s]Running loglikelihood requests:  65%|██████▌   | 31183/47868 [04:51<01:21, 205.28it/s]Running loglikelihood requests:  65%|██████▌   | 31217/47868 [04:51<01:16, 217.89it/s]Running loglikelihood requests:  65%|██████▌   | 31241/47868 [04:51<01:20, 206.61it/s]Running loglikelihood requests:  65%|██████▌   | 31265/47868 [04:52<01:23, 198.46it/s]Running loglikelihood requests:  65%|██████▌   | 31315/47868 [04:52<01:07, 246.93it/s]Running loglikelihood requests:  65%|██████▌   | 31350/47868 [04:52<01:06, 250.12it/s]Running loglikelihood requests:  66%|██████▌   | 31382/47868 [04:52<01:07, 245.93it/s]Running loglikelihood requests:  66%|██████▌   | 31422/47868 [04:52<01:03, 259.86it/s]Running loglikelihood requests:  66%|██████▌   | 31449/47868 [04:52<01:14, 220.85it/s]Running loglikelihood requests:  66%|██████▌   | 31483/47868 [04:52<01:11, 229.34it/s]Running loglikelihood requests:  66%|██████▌   | 31507/47868 [04:53<01:16, 214.85it/s]Running loglikelihood requests:  66%|██████▌   | 31540/47868 [04:53<01:13, 223.03it/s]Running loglikelihood requests:  66%|██████▌   | 31594/47868 [04:53<00:59, 272.74it/s]Running loglikelihood requests:  66%|██████▌   | 31622/47868 [04:53<01:04, 253.63it/s]Running loglikelihood requests:  66%|██████▌   | 31665/47868 [04:53<00:59, 271.72it/s]Running loglikelihood requests:  66%|██████▌   | 31696/47868 [04:53<01:02, 258.88it/s]Running loglikelihood requests:  66%|██████▋   | 31723/47868 [04:53<01:06, 241.43it/s]Running loglikelihood requests:  66%|██████▋   | 31748/47868 [04:54<01:11, 224.88it/s]Running loglikelihood requests:  66%|██████▋   | 31774/47868 [04:54<01:14, 215.25it/s]Running loglikelihood requests:  66%|██████▋   | 31822/47868 [04:54<01:02, 255.69it/s]Running loglikelihood requests:  67%|██████▋   | 31856/47868 [04:54<01:02, 254.24it/s]Running loglikelihood requests:  67%|██████▋   | 31893/47868 [04:54<01:01, 259.57it/s]Running loglikelihood requests:  67%|██████▋   | 31938/47868 [04:54<00:56, 280.24it/s]Running loglikelihood requests:  67%|██████▋   | 31966/47868 [04:54<01:01, 257.68it/s]Running loglikelihood requests:  67%|██████▋   | 32004/47868 [04:54<01:00, 264.21it/s]Running loglikelihood requests:  67%|██████▋   | 32047/47868 [04:55<00:56, 279.32it/s]Running loglikelihood requests:  67%|██████▋   | 32075/47868 [04:55<01:01, 257.77it/s]Running loglikelihood requests:  67%|██████▋   | 32114/47868 [04:55<00:59, 266.35it/s]Running loglikelihood requests:  67%|██████▋   | 32158/47868 [04:55<00:55, 282.89it/s]Running loglikelihood requests:  67%|██████▋   | 32187/47868 [04:55<00:59, 262.68it/s]Running loglikelihood requests:  67%|██████▋   | 32222/47868 [04:55<00:59, 261.49it/s]Running loglikelihood requests:  67%|██████▋   | 32249/47868 [04:55<01:04, 243.75it/s]Running loglikelihood requests:  67%|██████▋   | 32274/47868 [04:56<01:08, 226.90it/s]Running loglikelihood requests:  68%|██████▊   | 32312/47868 [04:56<01:03, 243.17it/s]Running loglikelihood requests:  68%|██████▊   | 32337/47868 [04:56<01:08, 226.31it/s]Running loglikelihood requests:  68%|██████▊   | 32360/47868 [04:56<01:20, 191.67it/s]Running loglikelihood requests:  68%|██████▊   | 32403/47868 [04:56<01:08, 227.14it/s]Running loglikelihood requests:  68%|██████▊   | 32435/47868 [04:56<01:07, 230.16it/s]Running loglikelihood requests:  68%|██████▊   | 32459/47868 [04:56<01:11, 215.22it/s]Running loglikelihood requests:  68%|██████▊   | 32488/47868 [04:57<01:11, 215.19it/s]Running loglikelihood requests:  68%|██████▊   | 32523/47868 [04:57<01:07, 228.06it/s]Running loglikelihood requests:  68%|██████▊   | 32546/47868 [04:57<01:12, 211.24it/s]Running loglikelihood requests:  68%|██████▊   | 32568/47868 [04:57<01:25, 179.90it/s]Running loglikelihood requests:  68%|██████▊   | 32609/47868 [04:57<01:11, 214.18it/s]Running loglikelihood requests:  68%|██████▊   | 32652/47868 [04:57<01:02, 243.26it/s]Running loglikelihood requests:  68%|██████▊   | 32677/47868 [04:57<01:06, 226.87it/s]Running loglikelihood requests:  68%|██████▊   | 32701/47868 [04:58<01:17, 194.60it/s]Running loglikelihood requests:  68%|██████▊   | 32733/47868 [04:58<01:13, 206.36it/s]Running loglikelihood requests:  68%|██████▊   | 32768/47868 [04:58<01:08, 221.21it/s]Running loglikelihood requests:  69%|██████▊   | 32791/47868 [04:58<01:12, 207.00it/s]Running loglikelihood requests:  69%|██████▊   | 32812/47868 [04:58<01:25, 175.93it/s]Running loglikelihood requests:  69%|██████▊   | 32862/47868 [04:58<01:05, 228.70it/s]Running loglikelihood requests:  69%|██████▊   | 32890/47868 [04:58<01:07, 223.07it/s]Running loglikelihood requests:  69%|██████▉   | 32913/47868 [04:59<01:11, 208.27it/s]Running loglikelihood requests:  69%|██████▉   | 32935/47868 [04:59<01:16, 195.78it/s]Running loglikelihood requests:  69%|██████▉   | 32976/47868 [04:59<01:05, 227.15it/s]Running loglikelihood requests:  69%|██████▉   | 33021/47868 [04:59<00:57, 257.71it/s]Running loglikelihood requests:  69%|██████▉   | 33047/47868 [04:59<01:13, 200.38it/s]Running loglikelihood requests:  69%|██████▉   | 33069/47868 [04:59<01:23, 176.20it/s]Running loglikelihood requests:  69%|██████▉   | 33106/47868 [05:00<01:13, 201.16it/s]Running loglikelihood requests:  69%|██████▉   | 33140/47868 [05:00<01:08, 214.77it/s]Running loglikelihood requests:  69%|██████▉   | 33163/47868 [05:00<01:18, 186.35it/s]Running loglikelihood requests:  69%|██████▉   | 33183/47868 [05:00<01:23, 176.78it/s]Running loglikelihood requests:  69%|██████▉   | 33202/47868 [05:00<01:27, 167.45it/s]Running loglikelihood requests:  69%|██████▉   | 33248/47868 [05:00<01:07, 215.95it/s]Running loglikelihood requests:  70%|██████▉   | 33290/47868 [05:00<01:00, 242.46it/s]Running loglikelihood requests:  70%|██████▉   | 33315/47868 [05:01<01:04, 226.35it/s]Running loglikelihood requests:  70%|██████▉   | 33338/47868 [05:01<01:15, 192.29it/s]Running loglikelihood requests:  70%|██████▉   | 33358/47868 [05:01<01:20, 180.72it/s]Running loglikelihood requests:  70%|██████▉   | 33398/47868 [05:01<01:07, 213.43it/s]Running loglikelihood requests:  70%|██████▉   | 33420/47868 [05:01<01:12, 199.51it/s]Running loglikelihood requests:  70%|██████▉   | 33441/47868 [05:01<01:17, 187.20it/s]Running loglikelihood requests:  70%|██████▉   | 33460/47868 [05:01<01:22, 174.26it/s]Running loglikelihood requests:  70%|██████▉   | 33488/47868 [05:01<01:17, 184.52it/s]Running loglikelihood requests:  70%|███████   | 33532/47868 [05:02<01:03, 226.12it/s]Running loglikelihood requests:  70%|███████   | 33555/47868 [05:02<01:08, 210.06it/s]Running loglikelihood requests:  70%|███████   | 33577/47868 [05:02<01:19, 179.29it/s]Running loglikelihood requests:  70%|███████   | 33596/47868 [05:02<01:24, 169.19it/s]Running loglikelihood requests:  70%|███████   | 33635/47868 [05:02<01:10, 203.25it/s]Running loglikelihood requests:  70%|███████   | 33680/47868 [05:02<00:59, 240.25it/s]Running loglikelihood requests:  70%|███████   | 33705/47868 [05:02<01:03, 224.77it/s]Running loglikelihood requests:  70%|███████   | 33728/47868 [05:03<01:13, 191.23it/s]Running loglikelihood requests:  71%|███████   | 33748/47868 [05:03<01:18, 179.85it/s]Running loglikelihood requests:  71%|███████   | 33779/47868 [05:03<01:12, 194.29it/s]Running loglikelihood requests:  71%|███████   | 33810/47868 [05:03<01:08, 204.82it/s]Running loglikelihood requests:  71%|███████   | 33831/47868 [05:03<01:13, 191.18it/s]Running loglikelihood requests:  71%|███████   | 33851/47868 [05:03<01:18, 179.17it/s]Running loglikelihood requests:  71%|███████   | 33869/47868 [05:03<01:24, 166.27it/s]Running loglikelihood requests:  71%|███████   | 33892/47868 [05:04<01:23, 168.13it/s]Running loglikelihood requests:  71%|███████   | 33941/47868 [05:04<01:01, 225.88it/s]Running loglikelihood requests:  71%|███████   | 33964/47868 [05:04<01:06, 210.06it/s]Running loglikelihood requests:  71%|███████   | 33985/47868 [05:04<01:11, 194.31it/s]Running loglikelihood requests:  71%|███████   | 34005/47868 [05:04<01:23, 165.27it/s]Running loglikelihood requests:  71%|███████   | 34022/47868 [05:04<01:29, 154.95it/s]Running loglikelihood requests:  71%|███████   | 34057/47868 [05:04<01:14, 185.08it/s]Running loglikelihood requests:  71%|███████   | 34099/47868 [05:05<01:02, 221.64it/s]Running loglikelihood requests:  71%|███████▏  | 34122/47868 [05:05<01:12, 189.45it/s]Running loglikelihood requests:  71%|███████▏  | 34144/47868 [05:05<01:15, 182.76it/s]Running loglikelihood requests:  71%|███████▏  | 34163/47868 [05:05<01:19, 171.54it/s]Running loglikelihood requests:  71%|███████▏  | 34188/47868 [05:05<01:17, 176.09it/s]Running loglikelihood requests:  72%|███████▏  | 34236/47868 [05:05<00:59, 228.14it/s]Running loglikelihood requests:  72%|███████▏  | 34260/47868 [05:05<01:03, 213.91it/s]Running loglikelihood requests:  72%|███████▏  | 34282/47868 [05:06<01:14, 182.06it/s]Running loglikelihood requests:  72%|███████▏  | 34301/47868 [05:06<01:19, 171.37it/s]Running loglikelihood requests:  72%|███████▏  | 34336/47868 [05:06<01:08, 196.74it/s]Running loglikelihood requests:  72%|███████▏  | 34378/47868 [05:06<00:58, 229.61it/s]Running loglikelihood requests:  72%|███████▏  | 34402/47868 [05:06<01:02, 215.19it/s]Running loglikelihood requests:  72%|███████▏  | 34424/47868 [05:06<01:13, 183.25it/s]Running loglikelihood requests:  72%|███████▏  | 34448/47868 [05:06<01:13, 182.42it/s]Running loglikelihood requests:  72%|███████▏  | 34498/47868 [05:07<00:56, 235.31it/s]Running loglikelihood requests:  72%|███████▏  | 34532/47868 [05:07<00:55, 240.43it/s]Running loglikelihood requests:  72%|███████▏  | 34557/47868 [05:07<01:04, 205.69it/s]Running loglikelihood requests:  72%|███████▏  | 34579/47868 [05:07<01:08, 194.63it/s]Running loglikelihood requests:  72%|███████▏  | 34618/47868 [05:07<00:59, 221.74it/s]Running loglikelihood requests:  72%|███████▏  | 34650/47868 [05:07<00:58, 227.00it/s]Running loglikelihood requests:  72%|███████▏  | 34674/47868 [05:07<01:07, 195.41it/s]Running loglikelihood requests:  72%|███████▏  | 34695/47868 [05:08<01:11, 185.38it/s]Running loglikelihood requests:  73%|███████▎  | 34741/47868 [05:08<00:57, 229.61it/s]Running loglikelihood requests:  73%|███████▎  | 34775/47868 [05:08<00:55, 236.86it/s]Running loglikelihood requests:  73%|███████▎  | 34800/47868 [05:08<01:04, 203.90it/s]Running loglikelihood requests:  73%|███████▎  | 34822/47868 [05:08<01:07, 193.68it/s]Running loglikelihood requests:  73%|███████▎  | 34862/47868 [05:08<00:58, 223.33it/s]Running loglikelihood requests:  73%|███████▎  | 34901/47868 [05:08<00:53, 242.90it/s]Running loglikelihood requests:  73%|███████▎  | 34926/47868 [05:09<01:02, 207.71it/s]Running loglikelihood requests:  73%|███████▎  | 34948/47868 [05:09<01:05, 196.43it/s]Running loglikelihood requests:  73%|███████▎  | 34987/47868 [05:09<00:57, 223.41it/s]Running loglikelihood requests:  73%|███████▎  | 35030/47868 [05:09<00:51, 251.18it/s]Running loglikelihood requests:  73%|███████▎  | 35056/47868 [05:09<00:59, 215.23it/s]Running loglikelihood requests:  73%|███████▎  | 35079/47868 [05:09<01:02, 204.07it/s]Running loglikelihood requests:  73%|███████▎  | 35112/47868 [05:09<00:58, 216.31it/s]Running loglikelihood requests:  73%|███████▎  | 35154/47868 [05:10<00:52, 244.20it/s]Running loglikelihood requests:  73%|███████▎  | 35179/47868 [05:10<00:55, 228.12it/s]Running loglikelihood requests:  74%|███████▎  | 35203/47868 [05:10<01:04, 196.05it/s]Running loglikelihood requests:  74%|███████▎  | 35245/47868 [05:10<00:55, 228.67it/s]Running loglikelihood requests:  74%|███████▎  | 35269/47868 [05:10<00:58, 215.32it/s]Running loglikelihood requests:  74%|███████▎  | 35295/47868 [05:10<00:59, 209.91it/s]Running loglikelihood requests:  74%|███████▍  | 35333/47868 [05:10<00:54, 231.86it/s]Running loglikelihood requests:  74%|███████▍  | 35360/47868 [05:11<00:55, 223.74it/s]Running loglikelihood requests:  74%|███████▍  | 35390/47868 [05:11<00:55, 224.58it/s]Running loglikelihood requests:  74%|███████▍  | 35421/47868 [05:11<00:54, 227.75it/s]Running loglikelihood requests:  74%|███████▍  | 35444/47868 [05:11<00:58, 212.47it/s]Running loglikelihood requests:  74%|███████▍  | 35486/47868 [05:11<00:50, 243.45it/s]Running loglikelihood requests:  74%|███████▍  | 35511/47868 [05:11<00:59, 207.64it/s]Running loglikelihood requests:  74%|███████▍  | 35560/47868 [05:11<00:48, 252.47it/s]Running loglikelihood requests:  74%|███████▍  | 35586/47868 [05:12<00:51, 237.17it/s]Running loglikelihood requests:  74%|███████▍  | 35612/47868 [05:12<00:54, 225.92it/s]Running loglikelihood requests:  74%|███████▍  | 35635/47868 [05:12<00:57, 211.30it/s]Running loglikelihood requests:  74%|███████▍  | 35658/47868 [05:12<01:00, 200.77it/s]Running loglikelihood requests:  75%|███████▍  | 35698/47868 [05:12<00:52, 230.72it/s]Running loglikelihood requests:  75%|███████▍  | 35741/47868 [05:12<00:46, 258.35it/s]Running loglikelihood requests:  75%|███████▍  | 35784/47868 [05:12<00:43, 277.57it/s]Running loglikelihood requests:  75%|███████▍  | 35813/47868 [05:12<00:46, 260.60it/s]Running loglikelihood requests:  75%|███████▍  | 35859/47868 [05:13<00:41, 285.98it/s]Running loglikelihood requests:  75%|███████▌  | 35901/47868 [05:13<00:40, 295.05it/s]Running loglikelihood requests:  75%|███████▌  | 35948/47868 [05:13<00:38, 312.09it/s]Running loglikelihood requests:  75%|███████▌  | 35994/47868 [05:13<00:36, 321.75it/s]Running loglikelihood requests:  75%|███████▌  | 36027/47868 [05:13<00:39, 300.61it/s]Running loglikelihood requests:  75%|███████▌  | 36061/47868 [05:13<00:41, 287.84it/s]Running loglikelihood requests:  75%|███████▌  | 36109/47868 [05:13<00:38, 309.31it/s]Running loglikelihood requests:  76%|███████▌  | 36146/47868 [05:14<00:39, 300.52it/s]Running loglikelihood requests:  76%|███████▌  | 36198/47868 [05:14<00:35, 327.13it/s]Running loglikelihood requests:  76%|███████▌  | 36239/47868 [05:14<00:36, 321.72it/s]Running loglikelihood requests:  76%|███████▌  | 36282/47868 [05:14<00:35, 322.18it/s]Running loglikelihood requests:  76%|███████▌  | 36323/47868 [05:14<00:36, 318.22it/s]Running loglikelihood requests:  76%|███████▌  | 36370/47868 [05:14<00:34, 328.82it/s]Running loglikelihood requests:  76%|███████▌  | 36412/47868 [05:14<00:35, 325.08it/s]Running loglikelihood requests:  76%|███████▌  | 36457/47868 [05:14<00:34, 329.19it/s]Running loglikelihood requests:  76%|███████▌  | 36490/47868 [05:15<00:37, 305.47it/s]Running loglikelihood requests:  76%|███████▋  | 36538/47868 [05:15<00:35, 321.76it/s]Running loglikelihood requests:  76%|███████▋  | 36589/47868 [05:15<00:33, 339.74it/s]Running loglikelihood requests:  77%|███████▋  | 36640/47868 [05:15<00:31, 352.53it/s]Running loglikelihood requests:  77%|███████▋  | 36679/47868 [05:15<00:33, 335.55it/s]Running loglikelihood requests:  77%|███████▋  | 36720/47868 [05:15<00:33, 328.37it/s]Running loglikelihood requests:  77%|███████▋  | 36762/47868 [05:15<00:34, 324.99it/s]Running loglikelihood requests:  77%|███████▋  | 36805/47868 [05:16<00:34, 324.91it/s]Running loglikelihood requests:  77%|███████▋  | 36842/47868 [05:16<00:35, 311.84it/s]Running loglikelihood requests:  77%|███████▋  | 36880/47868 [05:16<00:35, 305.24it/s]Running loglikelihood requests:  77%|███████▋  | 36922/47868 [05:16<00:35, 309.01it/s]Running loglikelihood requests:  77%|███████▋  | 36975/47868 [05:16<00:32, 335.51it/s]Running loglikelihood requests:  77%|███████▋  | 37019/47868 [05:16<00:32, 334.96it/s]Running loglikelihood requests:  77%|███████▋  | 37067/47868 [05:16<00:31, 343.53it/s]Running loglikelihood requests:  78%|███████▊  | 37102/47868 [05:16<00:33, 321.24it/s]Running loglikelihood requests:  78%|███████▊  | 37141/47868 [05:17<00:34, 313.97it/s]Running loglikelihood requests:  78%|███████▊  | 37189/47868 [05:17<00:32, 328.58it/s]Running loglikelihood requests:  78%|███████▊  | 37227/47868 [05:17<00:33, 317.32it/s]Running loglikelihood requests:  78%|███████▊  | 37275/47868 [05:17<00:31, 331.09it/s]Running loglikelihood requests:  78%|███████▊  | 37333/47868 [05:17<00:29, 362.49it/s]Running loglikelihood requests:  78%|███████▊  | 37370/47868 [05:17<00:30, 338.73it/s]Running loglikelihood requests:  78%|███████▊  | 37418/47868 [05:17<00:30, 346.31it/s]Running loglikelihood requests:  78%|███████▊  | 37465/47868 [05:17<00:29, 349.10it/s]Running loglikelihood requests:  78%|███████▊  | 37508/47868 [05:18<00:30, 342.48it/s]Running loglikelihood requests:  78%|███████▊  | 37556/47868 [05:18<00:29, 348.79it/s]Running loglikelihood requests:  79%|███████▊  | 37602/47868 [05:18<00:29, 349.11it/s]Running loglikelihood requests:  79%|███████▊  | 37649/47868 [05:18<00:29, 351.38it/s]Running loglikelihood requests:  79%|███████▊  | 37691/47868 [05:18<00:29, 341.27it/s]Running loglikelihood requests:  79%|███████▉  | 37735/47868 [05:18<00:29, 339.07it/s]Running loglikelihood requests:  79%|███████▉  | 37774/47868 [05:18<00:30, 327.18it/s]Running loglikelihood requests:  79%|███████▉  | 37817/47868 [05:19<00:30, 327.66it/s]Running loglikelihood requests:  79%|███████▉  | 37857/47868 [05:19<00:31, 321.20it/s]Running loglikelihood requests:  79%|███████▉  | 37906/47868 [05:19<00:29, 336.47it/s]Running loglikelihood requests:  79%|███████▉  | 37954/47868 [05:19<00:28, 345.29it/s]Running loglikelihood requests:  79%|███████▉  | 38002/47868 [05:19<00:28, 351.44it/s]Running loglikelihood requests:  79%|███████▉  | 38053/47868 [05:19<00:27, 362.08it/s]Running loglikelihood requests:  80%|███████▉  | 38091/47868 [05:19<00:28, 341.10it/s]Running loglikelihood requests:  80%|███████▉  | 38138/47868 [05:19<00:28, 346.48it/s]Running loglikelihood requests:  80%|███████▉  | 38178/47868 [05:20<00:28, 334.71it/s]Running loglikelihood requests:  80%|███████▉  | 38220/47868 [05:20<00:29, 330.68it/s]Running loglikelihood requests:  80%|███████▉  | 38266/47868 [05:20<00:28, 336.88it/s]Running loglikelihood requests:  80%|████████  | 38311/47868 [05:20<00:28, 339.27it/s]Running loglikelihood requests:  80%|████████  | 38354/47868 [05:20<00:28, 336.48it/s]Running loglikelihood requests:  80%|████████  | 38397/47868 [05:20<00:28, 334.28it/s]Running loglikelihood requests:  80%|████████  | 38443/47868 [05:20<00:27, 339.33it/s]Running loglikelihood requests:  80%|████████  | 38497/47868 [05:20<00:25, 360.72it/s]Running loglikelihood requests:  81%|████████  | 38535/47868 [05:21<00:27, 340.55it/s]Running loglikelihood requests:  81%|████████  | 38580/47868 [05:21<00:27, 341.58it/s]Running loglikelihood requests:  81%|████████  | 38626/47868 [05:21<00:26, 344.66it/s]Running loglikelihood requests:  81%|████████  | 38670/47868 [05:21<00:26, 342.68it/s]Running loglikelihood requests:  81%|████████  | 38714/47868 [05:21<00:26, 341.30it/s]Running loglikelihood requests:  81%|████████  | 38763/47868 [05:21<00:25, 350.92it/s]Running loglikelihood requests:  81%|████████  | 38809/47868 [05:21<00:25, 351.15it/s]Running loglikelihood requests:  81%|████████  | 38854/47868 [05:22<00:25, 349.46it/s]Running loglikelihood requests:  81%|████████▏ | 38905/47868 [05:22<00:24, 360.60it/s]Running loglikelihood requests:  81%|████████▏ | 38952/47868 [05:22<00:24, 359.71it/s]Running loglikelihood requests:  81%|████████▏ | 38999/47868 [05:22<00:24, 359.58it/s]Running loglikelihood requests:  82%|████████▏ | 39037/47868 [05:22<00:25, 340.17it/s]Running loglikelihood requests:  82%|████████▏ | 39073/47868 [05:22<00:27, 322.19it/s]Running loglikelihood requests:  82%|████████▏ | 39106/47868 [05:22<00:28, 302.54it/s]Running loglikelihood requests:  82%|████████▏ | 39148/47868 [05:22<00:28, 308.79it/s]Running loglikelihood requests:  82%|████████▏ | 39199/47868 [05:23<00:25, 333.47it/s]Running loglikelihood requests:  82%|████████▏ | 39238/47868 [05:23<00:26, 324.17it/s]Running loglikelihood requests:  82%|████████▏ | 39275/47868 [05:23<00:27, 313.03it/s]Running loglikelihood requests:  82%|████████▏ | 39308/47868 [05:23<00:28, 296.45it/s]Running loglikelihood requests:  82%|████████▏ | 39356/47868 [05:23<00:26, 318.29it/s]Running loglikelihood requests:  82%|████████▏ | 39406/47868 [05:23<00:25, 338.28it/s]Running loglikelihood requests:  82%|████████▏ | 39449/47868 [05:23<00:25, 336.60it/s]Running loglikelihood requests:  83%|████████▎ | 39492/47868 [05:23<00:24, 335.16it/s]Running loglikelihood requests:  83%|████████▎ | 39530/47868 [05:24<00:25, 323.22it/s]Running loglikelihood requests:  83%|████████▎ | 39574/47868 [05:24<00:25, 328.16it/s]Running loglikelihood requests:  83%|████████▎ | 39625/47868 [05:24<00:23, 347.30it/s]Running loglikelihood requests:  83%|████████▎ | 39676/47868 [05:24<00:22, 360.62it/s]Running loglikelihood requests:  83%|████████▎ | 39713/47868 [05:24<00:24, 339.28it/s]Running loglikelihood requests:  83%|████████▎ | 39747/47868 [05:24<00:27, 290.67it/s]Running loglikelihood requests:  83%|████████▎ | 39788/47868 [05:24<00:26, 301.59it/s]Running loglikelihood requests:  83%|████████▎ | 39841/47868 [05:25<00:23, 335.19it/s]Running loglikelihood requests:  83%|████████▎ | 39886/47868 [05:25<00:23, 342.54it/s]Running loglikelihood requests:  83%|████████▎ | 39922/47868 [05:25<00:24, 327.80it/s]Running loglikelihood requests:  83%|████████▎ | 39964/47868 [05:25<00:23, 330.65it/s]Running loglikelihood requests:  84%|████████▎ | 39998/47868 [05:25<00:25, 314.06it/s]Running loglikelihood requests:  84%|████████▎ | 40047/47868 [05:25<00:23, 336.98it/s]Running loglikelihood requests:  84%|████████▍ | 40090/47868 [05:25<00:22, 339.37it/s]Running loglikelihood requests:  84%|████████▍ | 40138/47868 [05:25<00:21, 352.69it/s]Running loglikelihood requests:  84%|████████▍ | 40177/47868 [05:26<00:22, 341.02it/s]Running loglikelihood requests:  84%|████████▍ | 40217/47868 [05:26<00:22, 335.43it/s]Running loglikelihood requests:  84%|████████▍ | 40277/47868 [05:26<00:20, 377.64it/s]Running loglikelihood requests:  84%|████████▍ | 40315/47868 [05:26<00:21, 356.89it/s]Running loglikelihood requests:  84%|████████▍ | 40351/47868 [05:26<00:24, 308.25it/s]Running loglikelihood requests:  84%|████████▍ | 40394/47868 [05:26<00:23, 318.42it/s]Running loglikelihood requests:  85%|████████▍ | 40451/47868 [05:26<00:20, 357.38it/s]Running loglikelihood requests:  85%|████████▍ | 40508/47868 [05:26<00:19, 384.82it/s]Running loglikelihood requests:  85%|████████▍ | 40547/47868 [05:27<00:20, 364.22it/s]Running loglikelihood requests:  85%|████████▍ | 40590/47868 [05:27<00:20, 357.93it/s]Running loglikelihood requests:  85%|████████▍ | 40626/47868 [05:27<00:21, 338.24it/s]Running loglikelihood requests:  85%|████████▍ | 40662/47868 [05:27<00:22, 324.29it/s]Running loglikelihood requests:  85%|████████▌ | 40705/47868 [05:27<00:21, 330.47it/s]Running loglikelihood requests:  85%|████████▌ | 40744/47868 [05:27<00:21, 325.73it/s]Running loglikelihood requests:  85%|████████▌ | 40784/47868 [05:27<00:21, 324.95it/s]Running loglikelihood requests:  85%|████████▌ | 40818/47868 [05:27<00:22, 310.67it/s]Running loglikelihood requests:  85%|████████▌ | 40862/47868 [05:28<00:21, 323.07it/s]Running loglikelihood requests:  85%|████████▌ | 40909/47868 [05:28<00:20, 339.16it/s]Running loglikelihood requests:  86%|████████▌ | 40949/47868 [05:28<00:20, 333.87it/s]Running loglikelihood requests:  86%|████████▌ | 40992/47868 [05:28<00:20, 337.70it/s]Running loglikelihood requests:  86%|████████▌ | 41045/47868 [05:28<00:18, 362.88it/s]Running loglikelihood requests:  86%|████████▌ | 41098/47868 [05:28<00:17, 380.47it/s]Running loglikelihood requests:  86%|████████▌ | 41137/47868 [05:28<00:18, 360.13it/s]Running loglikelihood requests:  86%|████████▌ | 41173/47868 [05:28<00:19, 340.07it/s]Running loglikelihood requests:  86%|████████▌ | 41207/47868 [05:29<00:20, 321.49it/s]Running loglikelihood requests:  86%|████████▌ | 41240/47868 [05:29<00:21, 305.62it/s]Running loglikelihood requests:  86%|████████▌ | 41283/47868 [05:29<00:20, 316.45it/s]Running loglikelihood requests:  86%|████████▋ | 41333/47868 [05:29<00:19, 341.92it/s]Running loglikelihood requests:  86%|████████▋ | 41386/47868 [05:29<00:17, 367.07it/s]Running loglikelihood requests:  87%|████████▋ | 41430/47868 [05:29<00:17, 363.80it/s]Running loglikelihood requests:  87%|████████▋ | 41467/47868 [05:29<00:18, 344.60it/s]Running loglikelihood requests:  87%|████████▋ | 41512/47868 [05:29<00:18, 350.54it/s]Running loglikelihood requests:  87%|████████▋ | 41557/47868 [05:30<00:17, 354.97it/s]Running loglikelihood requests:  87%|████████▋ | 41593/47868 [05:30<00:18, 336.39it/s]Running loglikelihood requests:  87%|████████▋ | 41633/47868 [05:30<00:18, 333.00it/s]Running loglikelihood requests:  87%|████████▋ | 41667/47868 [05:30<00:19, 316.96it/s]Running loglikelihood requests:  87%|████████▋ | 41699/47868 [05:30<00:20, 301.38it/s]Running loglikelihood requests:  87%|████████▋ | 41746/47868 [05:30<00:18, 325.10it/s]Running loglikelihood requests:  87%|████████▋ | 41779/47868 [05:30<00:19, 308.64it/s]Running loglikelihood requests:  87%|████████▋ | 41824/47868 [05:30<00:18, 325.71it/s]Running loglikelihood requests:  87%|████████▋ | 41863/47868 [05:31<00:18, 323.27it/s]Running loglikelihood requests:  88%|████████▊ | 41912/47868 [05:31<00:17, 344.94it/s]Running loglikelihood requests:  88%|████████▊ | 41957/47868 [05:31<00:16, 351.19it/s]Running loglikelihood requests:  88%|████████▊ | 41995/47868 [05:31<00:17, 338.74it/s]Running loglikelihood requests:  88%|████████▊ | 42036/47868 [05:31<00:17, 336.89it/s]Running loglikelihood requests:  88%|████████▊ | 42077/47868 [05:31<00:17, 336.50it/s]Running loglikelihood requests:  88%|████████▊ | 42117/47868 [05:31<00:17, 333.52it/s]Running loglikelihood requests:  88%|████████▊ | 42154/47868 [05:31<00:17, 323.76it/s]Running loglikelihood requests:  88%|████████▊ | 42187/47868 [05:32<00:18, 307.54it/s]Running loglikelihood requests:  88%|████████▊ | 42218/47868 [05:32<00:19, 292.32it/s]Running loglikelihood requests:  88%|████████▊ | 42254/47868 [05:32<00:19, 293.24it/s]Running loglikelihood requests:  88%|████████▊ | 42290/47868 [05:32<00:18, 293.78it/s]Running loglikelihood requests:  88%|████████▊ | 42328/47868 [05:32<00:18, 298.20it/s]Running loglikelihood requests:  88%|████████▊ | 42358/47868 [05:32<00:19, 282.92it/s]Running loglikelihood requests:  89%|████████▊ | 42403/47868 [05:32<00:17, 307.95it/s]Running loglikelihood requests:  89%|████████▊ | 42434/47868 [05:32<00:18, 292.03it/s]Running loglikelihood requests:  89%|████████▊ | 42474/47868 [05:33<00:17, 302.05it/s]Running loglikelihood requests:  89%|████████▉ | 42511/47868 [05:33<00:17, 302.21it/s]Running loglikelihood requests:  89%|████████▉ | 42546/47868 [05:33<00:17, 297.94it/s]Running loglikelihood requests:  89%|████████▉ | 42587/47868 [05:33<00:17, 308.74it/s]Running loglikelihood requests:  89%|████████▉ | 42618/47868 [05:33<00:19, 267.06it/s]Running loglikelihood requests:  89%|████████▉ | 42664/47868 [05:33<00:17, 296.92it/s]Running loglikelihood requests:  89%|████████▉ | 42714/47868 [05:33<00:15, 328.19it/s]Running loglikelihood requests:  89%|████████▉ | 42748/47868 [05:33<00:17, 287.42it/s]Running loglikelihood requests:  89%|████████▉ | 42778/47868 [05:34<00:18, 276.68it/s]Running loglikelihood requests:  89%|████████▉ | 42820/47868 [05:34<00:17, 295.33it/s]Running loglikelihood requests:  90%|████████▉ | 42859/47868 [05:34<00:16, 301.92it/s]Running loglikelihood requests:  90%|████████▉ | 42894/47868 [05:34<00:16, 297.58it/s]Running loglikelihood requests:  90%|████████▉ | 42945/47868 [05:34<00:14, 331.45it/s]Running loglikelihood requests:  90%|████████▉ | 42981/47868 [05:34<00:15, 320.23it/s]Running loglikelihood requests:  90%|████████▉ | 43024/47868 [05:34<00:14, 329.09it/s]Running loglikelihood requests:  90%|████████▉ | 43070/47868 [05:34<00:14, 342.21it/s]Running loglikelihood requests:  90%|█████████ | 43105/47868 [05:35<00:16, 297.34it/s]Running loglikelihood requests:  90%|█████████ | 43136/47868 [05:35<00:16, 285.79it/s]Running loglikelihood requests:  90%|█████████ | 43166/47868 [05:35<00:17, 275.18it/s]Running loglikelihood requests:  90%|█████████ | 43194/47868 [05:35<00:17, 262.52it/s]Running loglikelihood requests:  90%|█████████ | 43221/47868 [05:35<00:18, 250.91it/s]Running loglikelihood requests:  90%|█████████ | 43256/47868 [05:35<00:17, 261.50it/s]Running loglikelihood requests:  90%|█████████ | 43287/47868 [05:35<00:17, 260.15it/s]Running loglikelihood requests:  90%|█████████ | 43315/47868 [05:35<00:18, 251.94it/s]Running loglikelihood requests:  91%|█████████ | 43367/47868 [05:36<00:14, 302.84it/s]Running loglikelihood requests:  91%|█████████ | 43398/47868 [05:36<00:15, 288.12it/s]Running loglikelihood requests:  91%|█████████ | 43435/47868 [05:36<00:15, 292.97it/s]Running loglikelihood requests:  91%|█████████ | 43488/47868 [05:36<00:13, 334.59it/s]Running loglikelihood requests:  91%|█████████ | 43524/47868 [05:36<00:13, 323.76it/s]Running loglikelihood requests:  91%|█████████ | 43575/47868 [05:36<00:12, 350.98it/s]Running loglikelihood requests:  91%|█████████ | 43613/47868 [05:36<00:12, 339.40it/s]Running loglikelihood requests:  91%|█████████ | 43654/47868 [05:36<00:12, 338.76it/s]Running loglikelihood requests:  91%|█████████▏| 43693/47868 [05:37<00:12, 333.72it/s]Running loglikelihood requests:  91%|█████████▏| 43727/47868 [05:37<00:13, 318.21it/s]Running loglikelihood requests:  91%|█████████▏| 43769/47868 [05:37<00:12, 326.33it/s]Running loglikelihood requests:  92%|█████████▏| 43816/47868 [05:37<00:11, 343.45it/s]Running loglikelihood requests:  92%|█████████▏| 43873/47868 [05:37<00:10, 378.94it/s]Running loglikelihood requests:  92%|█████████▏| 43915/47868 [05:37<00:10, 368.50it/s]Running loglikelihood requests:  92%|█████████▏| 43952/47868 [05:37<00:11, 349.71it/s]Running loglikelihood requests:  92%|█████████▏| 43989/47868 [05:37<00:11, 336.67it/s]Running loglikelihood requests:  92%|█████████▏| 44023/47868 [05:38<00:11, 320.77it/s]Running loglikelihood requests:  92%|█████████▏| 44067/47868 [05:38<00:11, 332.65it/s]Running loglikelihood requests:  92%|█████████▏| 44107/47868 [05:38<00:11, 331.19it/s]Running loglikelihood requests:  92%|█████████▏| 44151/47868 [05:38<00:10, 339.61it/s]Running loglikelihood requests:  92%|█████████▏| 44201/47868 [05:38<00:10, 360.67it/s]Running loglikelihood requests:  92%|█████████▏| 44241/47868 [05:38<00:10, 351.59it/s]Running loglikelihood requests:  93%|█████████▎| 44296/47868 [05:38<00:09, 379.85it/s]Running loglikelihood requests:  93%|█████████▎| 44343/47868 [05:38<00:09, 380.42it/s]Running loglikelihood requests:  93%|█████████▎| 44382/47868 [05:38<00:09, 362.85it/s]Running loglikelihood requests:  93%|█████████▎| 44419/47868 [05:39<00:09, 346.03it/s]Running loglikelihood requests:  93%|█████████▎| 44454/47868 [05:39<00:11, 300.26it/s]Running loglikelihood requests:  93%|█████████▎| 44485/47868 [05:39<00:11, 288.51it/s]Running loglikelihood requests:  93%|█████████▎| 44540/47868 [05:39<00:09, 334.36it/s]Running loglikelihood requests:  93%|█████████▎| 44577/47868 [05:39<00:10, 326.17it/s]Running loglikelihood requests:  93%|█████████▎| 44626/47868 [05:39<00:09, 347.13it/s]Running loglikelihood requests:  93%|█████████▎| 44669/47868 [05:39<00:09, 348.90it/s]Running loglikelihood requests:  93%|█████████▎| 44721/47868 [05:39<00:08, 370.92it/s]Running loglikelihood requests:  94%|█████████▎| 44765/47868 [05:40<00:08, 367.92it/s]Running loglikelihood requests:  94%|█████████▎| 44809/47868 [05:40<00:08, 365.56it/s]Running loglikelihood requests:  94%|█████████▎| 44857/47868 [05:40<00:08, 373.46it/s]Running loglikelihood requests:  94%|█████████▍| 44912/47868 [05:40<00:07, 395.08it/s]Running loglikelihood requests:  94%|█████████▍| 44959/47868 [05:40<00:07, 392.05it/s]Running loglikelihood requests:  94%|█████████▍| 45006/47868 [05:40<00:07, 389.45it/s]Running loglikelihood requests:  94%|█████████▍| 45045/47868 [05:40<00:07, 369.24it/s]Running loglikelihood requests:  94%|█████████▍| 45082/47868 [05:40<00:07, 350.52it/s]Running loglikelihood requests:  94%|█████████▍| 45122/47868 [05:41<00:07, 344.72it/s]Running loglikelihood requests:  94%|█████████▍| 45168/47868 [05:41<00:07, 354.62it/s]Running loglikelihood requests:  94%|█████████▍| 45221/47868 [05:41<00:07, 377.34it/s]Running loglikelihood requests:  95%|█████████▍| 45269/47868 [05:41<00:06, 381.44it/s]Running loglikelihood requests:  95%|█████████▍| 45322/47868 [05:41<00:06, 396.52it/s]Running loglikelihood requests:  95%|█████████▍| 45362/47868 [05:41<00:07, 344.37it/s]Running loglikelihood requests:  95%|█████████▍| 45398/47868 [05:41<00:07, 331.58it/s]Running loglikelihood requests:  95%|█████████▍| 45439/47868 [05:41<00:07, 333.21it/s]Running loglikelihood requests:  95%|█████████▌| 45499/47868 [05:42<00:06, 377.38it/s]Running loglikelihood requests:  95%|█████████▌| 45546/47868 [05:42<00:06, 379.98it/s]Running loglikelihood requests:  95%|█████████▌| 45591/47868 [05:42<00:06, 377.01it/s]Running loglikelihood requests:  95%|█████████▌| 45643/47868 [05:42<00:05, 391.20it/s]Running loglikelihood requests:  95%|█████████▌| 45689/47868 [05:42<00:05, 386.39it/s]Running loglikelihood requests:  96%|█████████▌| 45728/47868 [05:42<00:05, 367.47it/s]Running loglikelihood requests:  96%|█████████▌| 45765/47868 [05:42<00:06, 349.12it/s]Running loglikelihood requests:  96%|█████████▌| 45800/47868 [05:42<00:06, 331.68it/s]Running loglikelihood requests:  96%|█████████▌| 45840/47868 [05:43<00:06, 331.26it/s]Running loglikelihood requests:  96%|█████████▌| 45881/47868 [05:43<00:05, 333.85it/s]Running loglikelihood requests:  96%|█████████▌| 45931/47868 [05:43<00:05, 357.05it/s]Running loglikelihood requests:  96%|█████████▌| 45977/47868 [05:43<00:05, 363.17it/s]Running loglikelihood requests:  96%|█████████▌| 46019/47868 [05:43<00:05, 356.95it/s]Running loglikelihood requests:  96%|█████████▌| 46062/47868 [05:43<00:05, 355.64it/s]Running loglikelihood requests:  96%|█████████▋| 46104/47868 [05:43<00:04, 353.34it/s]Running loglikelihood requests:  96%|█████████▋| 46150/47868 [05:43<00:04, 361.07it/s]Running loglikelihood requests:  97%|█████████▋| 46198/47868 [05:44<00:04, 371.59it/s]Running loglikelihood requests:  97%|█████████▋| 46245/47868 [05:44<00:04, 376.14it/s]Running loglikelihood requests:  97%|█████████▋| 46291/47868 [05:44<00:04, 377.42it/s]Running loglikelihood requests:  97%|█████████▋| 46339/47868 [05:44<00:03, 383.10it/s]Running loglikelihood requests:  97%|█████████▋| 46378/47868 [05:44<00:04, 365.27it/s]Running loglikelihood requests:  97%|█████████▋| 46423/47868 [05:44<00:03, 366.98it/s]Running loglikelihood requests:  97%|█████████▋| 46468/47868 [05:44<00:03, 368.92it/s]Running loglikelihood requests:  97%|█████████▋| 46513/47868 [05:44<00:03, 370.43it/s]Running loglikelihood requests:  97%|█████████▋| 46561/47868 [05:45<00:03, 378.53it/s]Running loglikelihood requests:  97%|█████████▋| 46603/47868 [05:45<00:03, 370.00it/s]Running loglikelihood requests:  97%|█████████▋| 46640/47868 [05:45<00:03, 351.87it/s]Running loglikelihood requests:  98%|█████████▊| 46677/47868 [05:45<00:03, 339.55it/s]Running loglikelihood requests:  98%|█████████▊| 46728/47868 [05:45<00:03, 364.00it/s]Running loglikelihood requests:  98%|█████████▊| 46772/47868 [05:45<00:03, 364.44it/s]Running loglikelihood requests:  98%|█████████▊| 46809/47868 [05:45<00:03, 347.90it/s]Running loglikelihood requests:  98%|█████████▊| 46857/47868 [05:45<00:02, 362.95it/s]Running loglikelihood requests:  98%|█████████▊| 46901/47868 [05:45<00:02, 364.17it/s]Running loglikelihood requests:  98%|█████████▊| 46941/47868 [05:46<00:02, 355.47it/s]Running loglikelihood requests:  98%|█████████▊| 46990/47868 [05:46<00:02, 370.61it/s]Running loglikelihood requests:  98%|█████████▊| 47035/47868 [05:46<00:02, 371.92it/s]Running loglikelihood requests:  98%|█████████▊| 47073/47868 [05:46<00:02, 325.56it/s]Running loglikelihood requests:  98%|█████████▊| 47112/47868 [05:46<00:02, 325.47it/s]Running loglikelihood requests:  98%|█████████▊| 47149/47868 [05:46<00:02, 320.74it/s]Running loglikelihood requests:  99%|█████████▊| 47189/47868 [05:46<00:02, 324.26it/s]Running loglikelihood requests:  99%|█████████▊| 47222/47868 [05:46<00:02, 310.88it/s]Running loglikelihood requests:  99%|█████████▊| 47254/47868 [05:47<00:02, 298.49it/s]Running loglikelihood requests:  99%|█████████▉| 47284/47868 [05:47<00:02, 285.31it/s]Running loglikelihood requests:  99%|█████████▉| 47315/47868 [05:47<00:01, 278.57it/s]Running loglikelihood requests:  99%|█████████▉| 47347/47868 [05:47<00:01, 276.31it/s]Running loglikelihood requests:  99%|█████████▉| 47375/47868 [05:47<00:01, 264.87it/s]Running loglikelihood requests:  99%|█████████▉| 47406/47868 [05:47<00:01, 263.89it/s]Running loglikelihood requests:  99%|█████████▉| 47443/47868 [05:47<00:01, 277.75it/s]Running loglikelihood requests:  99%|█████████▉| 47471/47868 [05:47<00:01, 265.89it/s]Running loglikelihood requests:  99%|█████████▉| 47498/47868 [05:48<00:01, 233.10it/s]Running loglikelihood requests:  99%|█████████▉| 47528/47868 [05:48<00:01, 238.79it/s]Running loglikelihood requests:  99%|█████████▉| 47553/47868 [05:48<00:01, 231.50it/s]Running loglikelihood requests:  99%|█████████▉| 47597/47868 [05:48<00:00, 271.50it/s]Running loglikelihood requests:  99%|█████████▉| 47625/47868 [05:48<00:00, 262.98it/s]Running loglikelihood requests: 100%|█████████▉| 47652/47868 [05:48<00:00, 253.70it/s]Running loglikelihood requests: 100%|█████████▉| 47681/47868 [05:48<00:00, 252.09it/s]Running loglikelihood requests: 100%|█████████▉| 47707/47868 [05:48<00:00, 243.56it/s]Running loglikelihood requests: 100%|█████████▉| 47732/47868 [05:49<00:00, 214.59it/s]Running loglikelihood requests: 100%|█████████▉| 47754/47868 [05:49<00:00, 208.10it/s]Running loglikelihood requests: 100%|█████████▉| 47777/47868 [05:49<00:00, 205.31it/s]Running loglikelihood requests: 100%|█████████▉| 47798/47868 [05:49<00:00, 167.09it/s]Running loglikelihood requests: 100%|█████████▉| 47819/47868 [05:49<00:00, 171.26it/s]Running loglikelihood requests: 100%|█████████▉| 47837/47868 [05:49<00:00, 153.90it/s]Running loglikelihood requests: 100%|█████████▉| 47857/47868 [05:49<00:00, 158.65it/s]Running loglikelihood requests: 100%|██████████| 47868/47868 [05:49<00:00, 136.82it/s]
