Loading weights:   0%|          | 0/340 [00:00<?, ?it/s]Loading weights:  49%|████▉     | 168/340 [00:00<00:00, 1671.61it/s]Loading weights: 100%|██████████| 340/340 [00:00<00:00, 1907.35it/s]
Using the latest cached version of the dataset since facebook/belebele couldn't be found on the Hugging Face Hub (offline mode is enabled).
Found the latest cached dataset configuration 'mya_Mymr' at /home/mai.chau/.cache/huggingface/datasets/facebook___belebele/mya_Mymr/0.0.0/7899cdfa4e1e0d733fd77c848e2c273cb1d32be2 (last modified on Thu Oct  8 00:18:48 2026).
Using the latest cached version of the dataset since facebook/belebele couldn't be found on the Hugging Face Hub (offline mode is enabled).
Found the latest cached dataset configuration 'tgl_Latn' at /home/mai.chau/.cache/huggingface/datasets/facebook___belebele/tgl_Latn/0.0.0/7899cdfa4e1e0d733fd77c848e2c273cb1d32be2 (last modified on Thu Oct  8 00:18:50 2026).
Using the latest cached version of the dataset since facebook/belebele couldn't be found on the Hugging Face Hub (offline mode is enabled).
Found the latest cached dataset configuration 'ind_Latn' at /home/mai.chau/.cache/huggingface/datasets/facebook___belebele/ind_Latn/0.0.0/7899cdfa4e1e0d733fd77c848e2c273cb1d32be2 (last modified on Thu Oct  8 00:18:52 2026).
Using the latest cached version of the dataset since facebook/belebele couldn't be found on the Hugging Face Hub (offline mode is enabled).
Found the latest cached dataset configuration 'khm_Khmr' at /home/mai.chau/.cache/huggingface/datasets/facebook___belebele/khm_Khmr/0.0.0/7899cdfa4e1e0d733fd77c848e2c273cb1d32be2 (last modified on Thu Oct  8 00:18:55 2026).
Using the latest cached version of the dataset since facebook/belebele couldn't be found on the Hugging Face Hub (offline mode is enabled).
Found the latest cached dataset configuration 'zsm_Latn' at /home/mai.chau/.cache/huggingface/datasets/facebook___belebele/zsm_Latn/0.0.0/7899cdfa4e1e0d733fd77c848e2c273cb1d32be2 (last modified on Thu Oct  8 00:18:57 2026).
Using the latest cached version of the dataset since facebook/belebele couldn't be found on the Hugging Face Hub (offline mode is enabled).
Found the latest cached dataset configuration 'tha_Thai' at /home/mai.chau/.cache/huggingface/datasets/facebook___belebele/tha_Thai/0.0.0/7899cdfa4e1e0d733fd77c848e2c273cb1d32be2 (last modified on Thu Oct  8 00:19:00 2026).
Using the latest cached version of the dataset since facebook/belebele couldn't be found on the Hugging Face Hub (offline mode is enabled).
Found the latest cached dataset configuration 'vie_Latn' at /home/mai.chau/.cache/huggingface/datasets/facebook___belebele/vie_Latn/0.0.0/7899cdfa4e1e0d733fd77c848e2c273cb1d32be2 (last modified on Thu Oct  8 00:05:31 2026).
Using the latest cached version of the dataset since mrlbenchmarks/global-piqa-nonparallel couldn't be found on the Hugging Face Hub (offline mode is enabled).
Found the latest cached dataset configuration 'tgl_latn' at /home/mai.chau/.cache/huggingface/datasets/mrlbenchmarks___global-piqa-nonparallel/tgl_latn/0.0.0/6777742fa3634c0583cda3b7f8a482ea7b1b0937 (last modified on Thu Oct  8 00:19:04 2026).
Using the latest cached version of the dataset since mrlbenchmarks/global-piqa-nonparallel couldn't be found on the Hugging Face Hub (offline mode is enabled).
Found the latest cached dataset configuration 'ind_latn' at /home/mai.chau/.cache/huggingface/datasets/mrlbenchmarks___global-piqa-nonparallel/ind_latn/0.0.0/6777742fa3634c0583cda3b7f8a482ea7b1b0937 (last modified on Thu Oct  8 00:19:06 2026).
Using the latest cached version of the dataset since mrlbenchmarks/global-piqa-nonparallel couldn't be found on the Hugging Face Hub (offline mode is enabled).
Found the latest cached dataset configuration 'zsm_latn' at /home/mai.chau/.cache/huggingface/datasets/mrlbenchmarks___global-piqa-nonparallel/zsm_latn/0.0.0/6777742fa3634c0583cda3b7f8a482ea7b1b0937 (last modified on Thu Oct  8 00:19:08 2026).
Using the latest cached version of the dataset since mrlbenchmarks/global-piqa-nonparallel couldn't be found on the Hugging Face Hub (offline mode is enabled).
Found the latest cached dataset configuration 'tha_thai' at /home/mai.chau/.cache/huggingface/datasets/mrlbenchmarks___global-piqa-nonparallel/tha_thai/0.0.0/6777742fa3634c0583cda3b7f8a482ea7b1b0937 (last modified on Thu Oct  8 00:19:12 2026).
Using the latest cached version of the dataset since mrlbenchmarks/global-piqa-nonparallel couldn't be found on the Hugging Face Hub (offline mode is enabled).
Found the latest cached dataset configuration 'vie_latn' at /home/mai.chau/.cache/huggingface/datasets/mrlbenchmarks___global-piqa-nonparallel/vie_latn/0.0.0/6777742fa3634c0583cda3b7f8a482ea7b1b0937 (last modified on Thu Oct  8 00:05:53 2026).
Using the latest cached version of the dataset since CohereForAI/Global-MMLU couldn't be found on the Hugging Face Hub (offline mode is enabled).
Found the latest cached dataset configuration 'fil' at /home/mai.chau/.cache/huggingface/datasets/CohereForAI___global-mmlu/fil/0.0.0/0e619dbeb34206cd48705a1a0ea7fb21cae09993 (last modified on Thu Oct  8 14:53:05 2026).
Using the latest cached version of the dataset since CohereForAI/Global-MMLU couldn't be found on the Hugging Face Hub (offline mode is enabled).
Found the latest cached dataset configuration 'fil' at /home/mai.chau/.cache/huggingface/datasets/CohereForAI___global-mmlu/fil/0.0.0/0e619dbeb34206cd48705a1a0ea7fb21cae09993 (last modified on Thu Oct  8 14:53:05 2026).
Using the latest cached version of the dataset since CohereForAI/Global-MMLU couldn't be found on the Hugging Face Hub (offline mode is enabled).
Found the latest cached dataset configuration 'fil' at /home/mai.chau/.cache/huggingface/datasets/CohereForAI___global-mmlu/fil/0.0.0/0e619dbeb34206cd48705a1a0ea7fb21cae09993 (last modified on Thu Oct  8 14:53:05 2026).
Using the latest cached version of the dataset since CohereForAI/Global-MMLU couldn't be found on the Hugging Face Hub (offline mode is enabled).
Found the latest cached dataset configuration 'fil' at /home/mai.chau/.cache/huggingface/datasets/CohereForAI___global-mmlu/fil/0.0.0/0e619dbeb34206cd48705a1a0ea7fb21cae09993 (last modified on Thu Oct  8 14:53:05 2026).
Using the latest cached version of the dataset since CohereForAI/Global-MMLU couldn't be found on the Hugging Face Hub (offline mode is enabled).
Found the latest cached dataset configuration 'fil' at /home/mai.chau/.cache/huggingface/datasets/CohereForAI___global-mmlu/fil/0.0.0/0e619dbeb34206cd48705a1a0ea7fb21cae09993 (last modified on Thu Oct  8 14:53:05 2026).
Using the latest cached version of the dataset since CohereForAI/Global-MMLU couldn't be found on the Hugging Face Hub (offline mode is enabled).
Found the latest cached dataset configuration 'fil' at /home/mai.chau/.cache/huggingface/datasets/CohereForAI___global-mmlu/fil/0.0.0/0e619dbeb34206cd48705a1a0ea7fb21cae09993 (last modified on Thu Oct  8 14:53:05 2026).
Using the latest cached version of the dataset since CohereForAI/Global-MMLU couldn't be found on the Hugging Face Hub (offline mode is enabled).
Found the latest cached dataset configuration 'fil' at /home/mai.chau/.cache/huggingface/datasets/CohereForAI___global-mmlu/fil/0.0.0/0e619dbeb34206cd48705a1a0ea7fb21cae09993 (last modified on Thu Oct  8 14:53:05 2026).
Using the latest cached version of the dataset since CohereForAI/Global-MMLU couldn't be found on the Hugging Face Hub (offline mode is enabled).
Found the latest cached dataset configuration 'fil' at /home/mai.chau/.cache/huggingface/datasets/CohereForAI___global-mmlu/fil/0.0.0/0e619dbeb34206cd48705a1a0ea7fb21cae09993 (last modified on Thu Oct  8 14:53:05 2026).
Using the latest cached version of the dataset since CohereForAI/Global-MMLU couldn't be found on the Hugging Face Hub (offline mode is enabled).
Found the latest cached dataset configuration 'fil' at /home/mai.chau/.cache/huggingface/datasets/CohereForAI___global-mmlu/fil/0.0.0/0e619dbeb34206cd48705a1a0ea7fb21cae09993 (last modified on Thu Oct  8 14:53:05 2026).
Using the latest cached version of the dataset since CohereForAI/Global-MMLU couldn't be found on the Hugging Face Hub (offline mode is enabled).
Found the latest cached dataset configuration 'fil' at /home/mai.chau/.cache/huggingface/datasets/CohereForAI___global-mmlu/fil/0.0.0/0e619dbeb34206cd48705a1a0ea7fb21cae09993 (last modified on Thu Oct  8 14:53:05 2026).
Using the latest cached version of the dataset since CohereForAI/Global-MMLU couldn't be found on the Hugging Face Hub (offline mode is enabled).
Found the latest cached dataset configuration 'fil' at /home/mai.chau/.cache/huggingface/datasets/CohereForAI___global-mmlu/fil/0.0.0/0e619dbeb34206cd48705a1a0ea7fb21cae09993 (last modified on Thu Oct  8 14:53:05 2026).
Using the latest cached version of the dataset since CohereForAI/Global-MMLU couldn't be found on the Hugging Face Hub (offline mode is enabled).
Found the latest cached dataset configuration 'fil' at /home/mai.chau/.cache/huggingface/datasets/CohereForAI___global-mmlu/fil/0.0.0/0e619dbeb34206cd48705a1a0ea7fb21cae09993 (last modified on Thu Oct  8 14:53:05 2026).
Using the latest cached version of the dataset since CohereForAI/Global-MMLU couldn't be found on the Hugging Face Hub (offline mode is enabled).
Found the latest cached dataset configuration 'fil' at /home/mai.chau/.cache/huggingface/datasets/CohereForAI___global-mmlu/fil/0.0.0/0e619dbeb34206cd48705a1a0ea7fb21cae09993 (last modified on Thu Oct  8 14:53:05 2026).
Using the latest cached version of the dataset since CohereForAI/Global-MMLU couldn't be found on the Hugging Face Hub (offline mode is enabled).
Found the latest cached dataset configuration 'fil' at /home/mai.chau/.cache/huggingface/datasets/CohereForAI___global-mmlu/fil/0.0.0/0e619dbeb34206cd48705a1a0ea7fb21cae09993 (last modified on Thu Oct  8 14:53:05 2026).
Using the latest cached version of the dataset since CohereForAI/Global-MMLU couldn't be found on the Hugging Face Hub (offline mode is enabled).
Found the latest cached dataset configuration 'fil' at /home/mai.chau/.cache/huggingface/datasets/CohereForAI___global-mmlu/fil/0.0.0/0e619dbeb34206cd48705a1a0ea7fb21cae09993 (last modified on Thu Oct  8 14:53:05 2026).
Using the latest cached version of the dataset since CohereForAI/Global-MMLU couldn't be found on the Hugging Face Hub (offline mode is enabled).
Found the latest cached dataset configuration 'fil' at /home/mai.chau/.cache/huggingface/datasets/CohereForAI___global-mmlu/fil/0.0.0/0e619dbeb34206cd48705a1a0ea7fb21cae09993 (last modified on Thu Oct  8 14:53:05 2026).
Using the latest cached version of the dataset since CohereForAI/Global-MMLU couldn't be found on the Hugging Face Hub (offline mode is enabled).
Found the latest cached dataset configuration 'fil' at /home/mai.chau/.cache/huggingface/datasets/CohereForAI___global-mmlu/fil/0.0.0/0e619dbeb34206cd48705a1a0ea7fb21cae09993 (last modified on Thu Oct  8 14:53:05 2026).
Using the latest cached version of the dataset since CohereForAI/Global-MMLU couldn't be found on the Hugging Face Hub (offline mode is enabled).
Found the latest cached dataset configuration 'fil' at /home/mai.chau/.cache/huggingface/datasets/CohereForAI___global-mmlu/fil/0.0.0/0e619dbeb34206cd48705a1a0ea7fb21cae09993 (last modified on Thu Oct  8 14:53:05 2026).
Using the latest cached version of the dataset since CohereForAI/Global-MMLU couldn't be found on the Hugging Face Hub (offline mode is enabled).
Found the latest cached dataset configuration 'fil' at /home/mai.chau/.cache/huggingface/datasets/CohereForAI___global-mmlu/fil/0.0.0/0e619dbeb34206cd48705a1a0ea7fb21cae09993 (last modified on Thu Oct  8 14:53:05 2026).
Using the latest cached version of the dataset since CohereForAI/Global-MMLU couldn't be found on the Hugging Face Hub (offline mode is enabled).
Found the latest cached dataset configuration 'fil' at /home/mai.chau/.cache/huggingface/datasets/CohereForAI___global-mmlu/fil/0.0.0/0e619dbeb34206cd48705a1a0ea7fb21cae09993 (last modified on Thu Oct  8 14:53:05 2026).
Using the latest cached version of the dataset since CohereForAI/Global-MMLU couldn't be found on the Hugging Face Hub (offline mode is enabled).
Found the latest cached dataset configuration 'fil' at /home/mai.chau/.cache/huggingface/datasets/CohereForAI___global-mmlu/fil/0.0.0/0e619dbeb34206cd48705a1a0ea7fb21cae09993 (last modified on Thu Oct  8 14:53:05 2026).
Using the latest cached version of the dataset since CohereForAI/Global-MMLU couldn't be found on the Hugging Face Hub (offline mode is enabled).
Found the latest cached dataset configuration 'fil' at /home/mai.chau/.cache/huggingface/datasets/CohereForAI___global-mmlu/fil/0.0.0/0e619dbeb34206cd48705a1a0ea7fb21cae09993 (last modified on Thu Oct  8 14:53:05 2026).
Using the latest cached version of the dataset since CohereForAI/Global-MMLU couldn't be found on the Hugging Face Hub (offline mode is enabled).
Found the latest cached dataset configuration 'fil' at /home/mai.chau/.cache/huggingface/datasets/CohereForAI___global-mmlu/fil/0.0.0/0e619dbeb34206cd48705a1a0ea7fb21cae09993 (last modified on Thu Oct  8 14:53:05 2026).
Using the latest cached version of the dataset since CohereForAI/Global-MMLU couldn't be found on the Hugging Face Hub (offline mode is enabled).
Found the latest cached dataset configuration 'fil' at /home/mai.chau/.cache/huggingface/datasets/CohereForAI___global-mmlu/fil/0.0.0/0e619dbeb34206cd48705a1a0ea7fb21cae09993 (last modified on Thu Oct  8 14:53:05 2026).
Using the latest cached version of the dataset since CohereForAI/Global-MMLU couldn't be found on the Hugging Face Hub (offline mode is enabled).
Found the latest cached dataset configuration 'fil' at /home/mai.chau/.cache/huggingface/datasets/CohereForAI___global-mmlu/fil/0.0.0/0e619dbeb34206cd48705a1a0ea7fb21cae09993 (last modified on Thu Oct  8 14:53:05 2026).
Using the latest cached version of the dataset since CohereForAI/Global-MMLU couldn't be found on the Hugging Face Hub (offline mode is enabled).
Found the latest cached dataset configuration 'fil' at /home/mai.chau/.cache/huggingface/datasets/CohereForAI___global-mmlu/fil/0.0.0/0e619dbeb34206cd48705a1a0ea7fb21cae09993 (last modified on Thu Oct  8 14:53:05 2026).
Using the latest cached version of the dataset since CohereForAI/Global-MMLU couldn't be found on the Hugging Face Hub (offline mode is enabled).
Found the latest cached dataset configuration 'fil' at /home/mai.chau/.cache/huggingface/datasets/CohereForAI___global-mmlu/fil/0.0.0/0e619dbeb34206cd48705a1a0ea7fb21cae09993 (last modified on Thu Oct  8 14:53:05 2026).
Using the latest cached version of the dataset since CohereForAI/Global-MMLU couldn't be found on the Hugging Face Hub (offline mode is enabled).
Found the latest cached dataset configuration 'fil' at /home/mai.chau/.cache/huggingface/datasets/CohereForAI___global-mmlu/fil/0.0.0/0e619dbeb34206cd48705a1a0ea7fb21cae09993 (last modified on Thu Oct  8 14:53:05 2026).
Using the latest cached version of the dataset since CohereForAI/Global-MMLU couldn't be found on the Hugging Face Hub (offline mode is enabled).
Found the latest cached dataset configuration 'fil' at /home/mai.chau/.cache/huggingface/datasets/CohereForAI___global-mmlu/fil/0.0.0/0e619dbeb34206cd48705a1a0ea7fb21cae09993 (last modified on Thu Oct  8 14:53:05 2026).
Using the latest cached version of the dataset since CohereForAI/Global-MMLU couldn't be found on the Hugging Face Hub (offline mode is enabled).
Found the latest cached dataset configuration 'fil' at /home/mai.chau/.cache/huggingface/datasets/CohereForAI___global-mmlu/fil/0.0.0/0e619dbeb34206cd48705a1a0ea7fb21cae09993 (last modified on Thu Oct  8 14:53:05 2026).
Using the latest cached version of the dataset since CohereForAI/Global-MMLU couldn't be found on the Hugging Face Hub (offline mode is enabled).
Found the latest cached dataset configuration 'fil' at /home/mai.chau/.cache/huggingface/datasets/CohereForAI___global-mmlu/fil/0.0.0/0e619dbeb34206cd48705a1a0ea7fb21cae09993 (last modified on Thu Oct  8 14:53:05 2026).
Using the latest cached version of the dataset since CohereForAI/Global-MMLU couldn't be found on the Hugging Face Hub (offline mode is enabled).
Found the latest cached dataset configuration 'fil' at /home/mai.chau/.cache/huggingface/datasets/CohereForAI___global-mmlu/fil/0.0.0/0e619dbeb34206cd48705a1a0ea7fb21cae09993 (last modified on Thu Oct  8 14:53:05 2026).
Using the latest cached version of the dataset since CohereForAI/Global-MMLU couldn't be found on the Hugging Face Hub (offline mode is enabled).
Found the latest cached dataset configuration 'fil' at /home/mai.chau/.cache/huggingface/datasets/CohereForAI___global-mmlu/fil/0.0.0/0e619dbeb34206cd48705a1a0ea7fb21cae09993 (last modified on Thu Oct  8 14:53:05 2026).
Using the latest cached version of the dataset since CohereForAI/Global-MMLU couldn't be found on the Hugging Face Hub (offline mode is enabled).
Found the latest cached dataset configuration 'fil' at /home/mai.chau/.cache/huggingface/datasets/CohereForAI___global-mmlu/fil/0.0.0/0e619dbeb34206cd48705a1a0ea7fb21cae09993 (last modified on Thu Oct  8 14:53:05 2026).
Using the latest cached version of the dataset since CohereForAI/Global-MMLU couldn't be found on the Hugging Face Hub (offline mode is enabled).
Found the latest cached dataset configuration 'fil' at /home/mai.chau/.cache/huggingface/datasets/CohereForAI___global-mmlu/fil/0.0.0/0e619dbeb34206cd48705a1a0ea7fb21cae09993 (last modified on Thu Oct  8 14:53:05 2026).
Using the latest cached version of the dataset since CohereForAI/Global-MMLU couldn't be found on the Hugging Face Hub (offline mode is enabled).
Found the latest cached dataset configuration 'fil' at /home/mai.chau/.cache/huggingface/datasets/CohereForAI___global-mmlu/fil/0.0.0/0e619dbeb34206cd48705a1a0ea7fb21cae09993 (last modified on Thu Oct  8 14:53:05 2026).
Using the latest cached version of the dataset since CohereForAI/Global-MMLU couldn't be found on the Hugging Face Hub (offline mode is enabled).
Found the latest cached dataset configuration 'fil' at /home/mai.chau/.cache/huggingface/datasets/CohereForAI___global-mmlu/fil/0.0.0/0e619dbeb34206cd48705a1a0ea7fb21cae09993 (last modified on Thu Oct  8 14:53:05 2026).
Using the latest cached version of the dataset since CohereForAI/Global-MMLU couldn't be found on the Hugging Face Hub (offline mode is enabled).
Found the latest cached dataset configuration 'fil' at /home/mai.chau/.cache/huggingface/datasets/CohereForAI___global-mmlu/fil/0.0.0/0e619dbeb34206cd48705a1a0ea7fb21cae09993 (last modified on Thu Oct  8 14:53:05 2026).
Using the latest cached version of the dataset since CohereForAI/Global-MMLU couldn't be found on the Hugging Face Hub (offline mode is enabled).
Found the latest cached dataset configuration 'fil' at /home/mai.chau/.cache/huggingface/datasets/CohereForAI___global-mmlu/fil/0.0.0/0e619dbeb34206cd48705a1a0ea7fb21cae09993 (last modified on Thu Oct  8 14:53:05 2026).
Using the latest cached version of the dataset since CohereForAI/Global-MMLU couldn't be found on the Hugging Face Hub (offline mode is enabled).
Found the latest cached dataset configuration 'fil' at /home/mai.chau/.cache/huggingface/datasets/CohereForAI___global-mmlu/fil/0.0.0/0e619dbeb34206cd48705a1a0ea7fb21cae09993 (last modified on Thu Oct  8 14:53:05 2026).
Using the latest cached version of the dataset since CohereForAI/Global-MMLU couldn't be found on the Hugging Face Hub (offline mode is enabled).
Found the latest cached dataset configuration 'fil' at /home/mai.chau/.cache/huggingface/datasets/CohereForAI___global-mmlu/fil/0.0.0/0e619dbeb34206cd48705a1a0ea7fb21cae09993 (last modified on Thu Oct  8 14:53:05 2026).
Using the latest cached version of the dataset since CohereForAI/Global-MMLU couldn't be found on the Hugging Face Hub (offline mode is enabled).
Found the latest cached dataset configuration 'fil' at /home/mai.chau/.cache/huggingface/datasets/CohereForAI___global-mmlu/fil/0.0.0/0e619dbeb34206cd48705a1a0ea7fb21cae09993 (last modified on Thu Oct  8 14:53:05 2026).
Using the latest cached version of the dataset since CohereForAI/Global-MMLU couldn't be found on the Hugging Face Hub (offline mode is enabled).
Found the latest cached dataset configuration 'fil' at /home/mai.chau/.cache/huggingface/datasets/CohereForAI___global-mmlu/fil/0.0.0/0e619dbeb34206cd48705a1a0ea7fb21cae09993 (last modified on Thu Oct  8 14:53:05 2026).
Using the latest cached version of the dataset since CohereForAI/Global-MMLU couldn't be found on the Hugging Face Hub (offline mode is enabled).
Found the latest cached dataset configuration 'fil' at /home/mai.chau/.cache/huggingface/datasets/CohereForAI___global-mmlu/fil/0.0.0/0e619dbeb34206cd48705a1a0ea7fb21cae09993 (last modified on Thu Oct  8 14:53:05 2026).
Using the latest cached version of the dataset since CohereForAI/Global-MMLU couldn't be found on the Hugging Face Hub (offline mode is enabled).
Found the latest cached dataset configuration 'fil' at /home/mai.chau/.cache/huggingface/datasets/CohereForAI___global-mmlu/fil/0.0.0/0e619dbeb34206cd48705a1a0ea7fb21cae09993 (last modified on Thu Oct  8 14:53:05 2026).
Using the latest cached version of the dataset since CohereForAI/Global-MMLU couldn't be found on the Hugging Face Hub (offline mode is enabled).
Found the latest cached dataset configuration 'fil' at /home/mai.chau/.cache/huggingface/datasets/CohereForAI___global-mmlu/fil/0.0.0/0e619dbeb34206cd48705a1a0ea7fb21cae09993 (last modified on Thu Oct  8 14:53:05 2026).
Using the latest cached version of the dataset since CohereForAI/Global-MMLU couldn't be found on the Hugging Face Hub (offline mode is enabled).
Found the latest cached dataset configuration 'fil' at /home/mai.chau/.cache/huggingface/datasets/CohereForAI___global-mmlu/fil/0.0.0/0e619dbeb34206cd48705a1a0ea7fb21cae09993 (last modified on Thu Oct  8 14:53:05 2026).
Using the latest cached version of the dataset since CohereForAI/Global-MMLU couldn't be found on the Hugging Face Hub (offline mode is enabled).
Found the latest cached dataset configuration 'fil' at /home/mai.chau/.cache/huggingface/datasets/CohereForAI___global-mmlu/fil/0.0.0/0e619dbeb34206cd48705a1a0ea7fb21cae09993 (last modified on Thu Oct  8 14:53:05 2026).
Using the latest cached version of the dataset since CohereForAI/Global-MMLU couldn't be found on the Hugging Face Hub (offline mode is enabled).
Found the latest cached dataset configuration 'fil' at /home/mai.chau/.cache/huggingface/datasets/CohereForAI___global-mmlu/fil/0.0.0/0e619dbeb34206cd48705a1a0ea7fb21cae09993 (last modified on Thu Oct  8 14:53:05 2026).
Using the latest cached version of the dataset since CohereForAI/Global-MMLU couldn't be found on the Hugging Face Hub (offline mode is enabled).
Found the latest cached dataset configuration 'fil' at /home/mai.chau/.cache/huggingface/datasets/CohereForAI___global-mmlu/fil/0.0.0/0e619dbeb34206cd48705a1a0ea7fb21cae09993 (last modified on Thu Oct  8 14:53:05 2026).
Using the latest cached version of the dataset since CohereForAI/Global-MMLU couldn't be found on the Hugging Face Hub (offline mode is enabled).
Found the latest cached dataset configuration 'fil' at /home/mai.chau/.cache/huggingface/datasets/CohereForAI___global-mmlu/fil/0.0.0/0e619dbeb34206cd48705a1a0ea7fb21cae09993 (last modified on Thu Oct  8 14:53:05 2026).
Using the latest cached version of the dataset since CohereForAI/Global-MMLU couldn't be found on the Hugging Face Hub (offline mode is enabled).
Found the latest cached dataset configuration 'fil' at /home/mai.chau/.cache/huggingface/datasets/CohereForAI___global-mmlu/fil/0.0.0/0e619dbeb34206cd48705a1a0ea7fb21cae09993 (last modified on Thu Oct  8 14:53:05 2026).
Using the latest cached version of the dataset since CohereForAI/Global-MMLU couldn't be found on the Hugging Face Hub (offline mode is enabled).
Found the latest cached dataset configuration 'fil' at /home/mai.chau/.cache/huggingface/datasets/CohereForAI___global-mmlu/fil/0.0.0/0e619dbeb34206cd48705a1a0ea7fb21cae09993 (last modified on Thu Oct  8 14:53:05 2026).
Using the latest cached version of the dataset since CohereForAI/Global-MMLU couldn't be found on the Hugging Face Hub (offline mode is enabled).
Found the latest cached dataset configuration 'fil' at /home/mai.chau/.cache/huggingface/datasets/CohereForAI___global-mmlu/fil/0.0.0/0e619dbeb34206cd48705a1a0ea7fb21cae09993 (last modified on Thu Oct  8 14:53:05 2026).
Using the latest cached version of the dataset since CohereForAI/Global-MMLU couldn't be found on the Hugging Face Hub (offline mode is enabled).
Found the latest cached dataset configuration 'fil' at /home/mai.chau/.cache/huggingface/datasets/CohereForAI___global-mmlu/fil/0.0.0/0e619dbeb34206cd48705a1a0ea7fb21cae09993 (last modified on Thu Oct  8 14:53:05 2026).
Using the latest cached version of the dataset since CohereForAI/Global-MMLU couldn't be found on the Hugging Face Hub (offline mode is enabled).
Found the latest cached dataset configuration 'fil' at /home/mai.chau/.cache/huggingface/datasets/CohereForAI___global-mmlu/fil/0.0.0/0e619dbeb34206cd48705a1a0ea7fb21cae09993 (last modified on Thu Oct  8 14:53:05 2026).
Using the latest cached version of the dataset since CohereForAI/Global-MMLU couldn't be found on the Hugging Face Hub (offline mode is enabled).
Found the latest cached dataset configuration 'fil' at /home/mai.chau/.cache/huggingface/datasets/CohereForAI___global-mmlu/fil/0.0.0/0e619dbeb34206cd48705a1a0ea7fb21cae09993 (last modified on Thu Oct  8 14:53:05 2026).
Using the latest cached version of the dataset since CohereForAI/Global-MMLU couldn't be found on the Hugging Face Hub (offline mode is enabled).
Found the latest cached dataset configuration 'id' at /home/mai.chau/.cache/huggingface/datasets/CohereForAI___global-mmlu/id/0.0.0/0e619dbeb34206cd48705a1a0ea7fb21cae09993 (last modified on Thu Oct  8 14:53:07 2026).
Using the latest cached version of the dataset since CohereForAI/Global-MMLU couldn't be found on the Hugging Face Hub (offline mode is enabled).
Found the latest cached dataset configuration 'id' at /home/mai.chau/.cache/huggingface/datasets/CohereForAI___global-mmlu/id/0.0.0/0e619dbeb34206cd48705a1a0ea7fb21cae09993 (last modified on Thu Oct  8 14:53:07 2026).
Using the latest cached version of the dataset since CohereForAI/Global-MMLU couldn't be found on the Hugging Face Hub (offline mode is enabled).
Found the latest cached dataset configuration 'id' at /home/mai.chau/.cache/huggingface/datasets/CohereForAI___global-mmlu/id/0.0.0/0e619dbeb34206cd48705a1a0ea7fb21cae09993 (last modified on Thu Oct  8 14:53:07 2026).
Using the latest cached version of the dataset since CohereForAI/Global-MMLU couldn't be found on the Hugging Face Hub (offline mode is enabled).
Found the latest cached dataset configuration 'id' at /home/mai.chau/.cache/huggingface/datasets/CohereForAI___global-mmlu/id/0.0.0/0e619dbeb34206cd48705a1a0ea7fb21cae09993 (last modified on Thu Oct  8 14:53:07 2026).
Using the latest cached version of the dataset since CohereForAI/Global-MMLU couldn't be found on the Hugging Face Hub (offline mode is enabled).
Found the latest cached dataset configuration 'id' at /home/mai.chau/.cache/huggingface/datasets/CohereForAI___global-mmlu/id/0.0.0/0e619dbeb34206cd48705a1a0ea7fb21cae09993 (last modified on Thu Oct  8 14:53:07 2026).
Using the latest cached version of the dataset since CohereForAI/Global-MMLU couldn't be found on the Hugging Face Hub (offline mode is enabled).
Found the latest cached dataset configuration 'id' at /home/mai.chau/.cache/huggingface/datasets/CohereForAI___global-mmlu/id/0.0.0/0e619dbeb34206cd48705a1a0ea7fb21cae09993 (last modified on Thu Oct  8 14:53:07 2026).
Using the latest cached version of the dataset since CohereForAI/Global-MMLU couldn't be found on the Hugging Face Hub (offline mode is enabled).
Found the latest cached dataset configuration 'id' at /home/mai.chau/.cache/huggingface/datasets/CohereForAI___global-mmlu/id/0.0.0/0e619dbeb34206cd48705a1a0ea7fb21cae09993 (last modified on Thu Oct  8 14:53:07 2026).
Using the latest cached version of the dataset since CohereForAI/Global-MMLU couldn't be found on the Hugging Face Hub (offline mode is enabled).
Found the latest cached dataset configuration 'id' at /home/mai.chau/.cache/huggingface/datasets/CohereForAI___global-mmlu/id/0.0.0/0e619dbeb34206cd48705a1a0ea7fb21cae09993 (last modified on Thu Oct  8 14:53:07 2026).
Using the latest cached version of the dataset since CohereForAI/Global-MMLU couldn't be found on the Hugging Face Hub (offline mode is enabled).
Found the latest cached dataset configuration 'id' at /home/mai.chau/.cache/huggingface/datasets/CohereForAI___global-mmlu/id/0.0.0/0e619dbeb34206cd48705a1a0ea7fb21cae09993 (last modified on Thu Oct  8 14:53:07 2026).
Using the latest cached version of the dataset since CohereForAI/Global-MMLU couldn't be found on the Hugging Face Hub (offline mode is enabled).
Found the latest cached dataset configuration 'id' at /home/mai.chau/.cache/huggingface/datasets/CohereForAI___global-mmlu/id/0.0.0/0e619dbeb34206cd48705a1a0ea7fb21cae09993 (last modified on Thu Oct  8 14:53:07 2026).
Using the latest cached version of the dataset since CohereForAI/Global-MMLU couldn't be found on the Hugging Face Hub (offline mode is enabled).
Found the latest cached dataset configuration 'id' at /home/mai.chau/.cache/huggingface/datasets/CohereForAI___global-mmlu/id/0.0.0/0e619dbeb34206cd48705a1a0ea7fb21cae09993 (last modified on Thu Oct  8 14:53:07 2026).
Using the latest cached version of the dataset since CohereForAI/Global-MMLU couldn't be found on the Hugging Face Hub (offline mode is enabled).
Found the latest cached dataset configuration 'id' at /home/mai.chau/.cache/huggingface/datasets/CohereForAI___global-mmlu/id/0.0.0/0e619dbeb34206cd48705a1a0ea7fb21cae09993 (last modified on Thu Oct  8 14:53:07 2026).
Using the latest cached version of the dataset since CohereForAI/Global-MMLU couldn't be found on the Hugging Face Hub (offline mode is enabled).
Found the latest cached dataset configuration 'id' at /home/mai.chau/.cache/huggingface/datasets/CohereForAI___global-mmlu/id/0.0.0/0e619dbeb34206cd48705a1a0ea7fb21cae09993 (last modified on Thu Oct  8 14:53:07 2026).
Using the latest cached version of the dataset since CohereForAI/Global-MMLU couldn't be found on the Hugging Face Hub (offline mode is enabled).
Found the latest cached dataset configuration 'id' at /home/mai.chau/.cache/huggingface/datasets/CohereForAI___global-mmlu/id/0.0.0/0e619dbeb34206cd48705a1a0ea7fb21cae09993 (last modified on Thu Oct  8 14:53:07 2026).
Using the latest cached version of the dataset since CohereForAI/Global-MMLU couldn't be found on the Hugging Face Hub (offline mode is enabled).
Found the latest cached dataset configuration 'id' at /home/mai.chau/.cache/huggingface/datasets/CohereForAI___global-mmlu/id/0.0.0/0e619dbeb34206cd48705a1a0ea7fb21cae09993 (last modified on Thu Oct  8 14:53:07 2026).
Using the latest cached version of the dataset since CohereForAI/Global-MMLU couldn't be found on the Hugging Face Hub (offline mode is enabled).
Found the latest cached dataset configuration 'id' at /home/mai.chau/.cache/huggingface/datasets/CohereForAI___global-mmlu/id/0.0.0/0e619dbeb34206cd48705a1a0ea7fb21cae09993 (last modified on Thu Oct  8 14:53:07 2026).
Using the latest cached version of the dataset since CohereForAI/Global-MMLU couldn't be found on the Hugging Face Hub (offline mode is enabled).
Found the latest cached dataset configuration 'id' at /home/mai.chau/.cache/huggingface/datasets/CohereForAI___global-mmlu/id/0.0.0/0e619dbeb34206cd48705a1a0ea7fb21cae09993 (last modified on Thu Oct  8 14:53:07 2026).
Using the latest cached version of the dataset since CohereForAI/Global-MMLU couldn't be found on the Hugging Face Hub (offline mode is enabled).
Found the latest cached dataset configuration 'id' at /home/mai.chau/.cache/huggingface/datasets/CohereForAI___global-mmlu/id/0.0.0/0e619dbeb34206cd48705a1a0ea7fb21cae09993 (last modified on Thu Oct  8 14:53:07 2026).
Using the latest cached version of the dataset since CohereForAI/Global-MMLU couldn't be found on the Hugging Face Hub (offline mode is enabled).
Found the latest cached dataset configuration 'id' at /home/mai.chau/.cache/huggingface/datasets/CohereForAI___global-mmlu/id/0.0.0/0e619dbeb34206cd48705a1a0ea7fb21cae09993 (last modified on Thu Oct  8 14:53:07 2026).
Using the latest cached version of the dataset since CohereForAI/Global-MMLU couldn't be found on the Hugging Face Hub (offline mode is enabled).
Found the latest cached dataset configuration 'id' at /home/mai.chau/.cache/huggingface/datasets/CohereForAI___global-mmlu/id/0.0.0/0e619dbeb34206cd48705a1a0ea7fb21cae09993 (last modified on Thu Oct  8 14:53:07 2026).
Using the latest cached version of the dataset since CohereForAI/Global-MMLU couldn't be found on the Hugging Face Hub (offline mode is enabled).
Found the latest cached dataset configuration 'id' at /home/mai.chau/.cache/huggingface/datasets/CohereForAI___global-mmlu/id/0.0.0/0e619dbeb34206cd48705a1a0ea7fb21cae09993 (last modified on Thu Oct  8 14:53:07 2026).
Using the latest cached version of the dataset since CohereForAI/Global-MMLU couldn't be found on the Hugging Face Hub (offline mode is enabled).
Found the latest cached dataset configuration 'id' at /home/mai.chau/.cache/huggingface/datasets/CohereForAI___global-mmlu/id/0.0.0/0e619dbeb34206cd48705a1a0ea7fb21cae09993 (last modified on Thu Oct  8 14:53:07 2026).
Using the latest cached version of the dataset since CohereForAI/Global-MMLU couldn't be found on the Hugging Face Hub (offline mode is enabled).
Found the latest cached dataset configuration 'id' at /home/mai.chau/.cache/huggingface/datasets/CohereForAI___global-mmlu/id/0.0.0/0e619dbeb34206cd48705a1a0ea7fb21cae09993 (last modified on Thu Oct  8 14:53:07 2026).
Using the latest cached version of the dataset since CohereForAI/Global-MMLU couldn't be found on the Hugging Face Hub (offline mode is enabled).
Found the latest cached dataset configuration 'id' at /home/mai.chau/.cache/huggingface/datasets/CohereForAI___global-mmlu/id/0.0.0/0e619dbeb34206cd48705a1a0ea7fb21cae09993 (last modified on Thu Oct  8 14:53:07 2026).
Using the latest cached version of the dataset since CohereForAI/Global-MMLU couldn't be found on the Hugging Face Hub (offline mode is enabled).
Found the latest cached dataset configuration 'id' at /home/mai.chau/.cache/huggingface/datasets/CohereForAI___global-mmlu/id/0.0.0/0e619dbeb34206cd48705a1a0ea7fb21cae09993 (last modified on Thu Oct  8 14:53:07 2026).
Using the latest cached version of the dataset since CohereForAI/Global-MMLU couldn't be found on the Hugging Face Hub (offline mode is enabled).
Found the latest cached dataset configuration 'id' at /home/mai.chau/.cache/huggingface/datasets/CohereForAI___global-mmlu/id/0.0.0/0e619dbeb34206cd48705a1a0ea7fb21cae09993 (last modified on Thu Oct  8 14:53:07 2026).
Using the latest cached version of the dataset since CohereForAI/Global-MMLU couldn't be found on the Hugging Face Hub (offline mode is enabled).
Found the latest cached dataset configuration 'id' at /home/mai.chau/.cache/huggingface/datasets/CohereForAI___global-mmlu/id/0.0.0/0e619dbeb34206cd48705a1a0ea7fb21cae09993 (last modified on Thu Oct  8 14:53:07 2026).
Using the latest cached version of the dataset since CohereForAI/Global-MMLU couldn't be found on the Hugging Face Hub (offline mode is enabled).
Found the latest cached dataset configuration 'id' at /home/mai.chau/.cache/huggingface/datasets/CohereForAI___global-mmlu/id/0.0.0/0e619dbeb34206cd48705a1a0ea7fb21cae09993 (last modified on Thu Oct  8 14:53:07 2026).
Using the latest cached version of the dataset since CohereForAI/Global-MMLU couldn't be found on the Hugging Face Hub (offline mode is enabled).
Found the latest cached dataset configuration 'id' at /home/mai.chau/.cache/huggingface/datasets/CohereForAI___global-mmlu/id/0.0.0/0e619dbeb34206cd48705a1a0ea7fb21cae09993 (last modified on Thu Oct  8 14:53:07 2026).
Using the latest cached version of the dataset since CohereForAI/Global-MMLU couldn't be found on the Hugging Face Hub (offline mode is enabled).
Found the latest cached dataset configuration 'id' at /home/mai.chau/.cache/huggingface/datasets/CohereForAI___global-mmlu/id/0.0.0/0e619dbeb34206cd48705a1a0ea7fb21cae09993 (last modified on Thu Oct  8 14:53:07 2026).
Using the latest cached version of the dataset since CohereForAI/Global-MMLU couldn't be found on the Hugging Face Hub (offline mode is enabled).
Found the latest cached dataset configuration 'id' at /home/mai.chau/.cache/huggingface/datasets/CohereForAI___global-mmlu/id/0.0.0/0e619dbeb34206cd48705a1a0ea7fb21cae09993 (last modified on Thu Oct  8 14:53:07 2026).
Using the latest cached version of the dataset since CohereForAI/Global-MMLU couldn't be found on the Hugging Face Hub (offline mode is enabled).
Found the latest cached dataset configuration 'id' at /home/mai.chau/.cache/huggingface/datasets/CohereForAI___global-mmlu/id/0.0.0/0e619dbeb34206cd48705a1a0ea7fb21cae09993 (last modified on Thu Oct  8 14:53:07 2026).
Using the latest cached version of the dataset since CohereForAI/Global-MMLU couldn't be found on the Hugging Face Hub (offline mode is enabled).
Found the latest cached dataset configuration 'id' at /home/mai.chau/.cache/huggingface/datasets/CohereForAI___global-mmlu/id/0.0.0/0e619dbeb34206cd48705a1a0ea7fb21cae09993 (last modified on Thu Oct  8 14:53:07 2026).
Using the latest cached version of the dataset since CohereForAI/Global-MMLU couldn't be found on the Hugging Face Hub (offline mode is enabled).
Found the latest cached dataset configuration 'id' at /home/mai.chau/.cache/huggingface/datasets/CohereForAI___global-mmlu/id/0.0.0/0e619dbeb34206cd48705a1a0ea7fb21cae09993 (last modified on Thu Oct  8 14:53:07 2026).
Using the latest cached version of the dataset since CohereForAI/Global-MMLU couldn't be found on the Hugging Face Hub (offline mode is enabled).
Found the latest cached dataset configuration 'id' at /home/mai.chau/.cache/huggingface/datasets/CohereForAI___global-mmlu/id/0.0.0/0e619dbeb34206cd48705a1a0ea7fb21cae09993 (last modified on Thu Oct  8 14:53:07 2026).
Using the latest cached version of the dataset since CohereForAI/Global-MMLU couldn't be found on the Hugging Face Hub (offline mode is enabled).
Found the latest cached dataset configuration 'id' at /home/mai.chau/.cache/huggingface/datasets/CohereForAI___global-mmlu/id/0.0.0/0e619dbeb34206cd48705a1a0ea7fb21cae09993 (last modified on Thu Oct  8 14:53:07 2026).
Using the latest cached version of the dataset since CohereForAI/Global-MMLU couldn't be found on the Hugging Face Hub (offline mode is enabled).
Found the latest cached dataset configuration 'id' at /home/mai.chau/.cache/huggingface/datasets/CohereForAI___global-mmlu/id/0.0.0/0e619dbeb34206cd48705a1a0ea7fb21cae09993 (last modified on Thu Oct  8 14:53:07 2026).
Using the latest cached version of the dataset since CohereForAI/Global-MMLU couldn't be found on the Hugging Face Hub (offline mode is enabled).
Found the latest cached dataset configuration 'id' at /home/mai.chau/.cache/huggingface/datasets/CohereForAI___global-mmlu/id/0.0.0/0e619dbeb34206cd48705a1a0ea7fb21cae09993 (last modified on Thu Oct  8 14:53:07 2026).
Using the latest cached version of the dataset since CohereForAI/Global-MMLU couldn't be found on the Hugging Face Hub (offline mode is enabled).
Found the latest cached dataset configuration 'id' at /home/mai.chau/.cache/huggingface/datasets/CohereForAI___global-mmlu/id/0.0.0/0e619dbeb34206cd48705a1a0ea7fb21cae09993 (last modified on Thu Oct  8 14:53:07 2026).
Using the latest cached version of the dataset since CohereForAI/Global-MMLU couldn't be found on the Hugging Face Hub (offline mode is enabled).
Found the latest cached dataset configuration 'id' at /home/mai.chau/.cache/huggingface/datasets/CohereForAI___global-mmlu/id/0.0.0/0e619dbeb34206cd48705a1a0ea7fb21cae09993 (last modified on Thu Oct  8 14:53:07 2026).
Using the latest cached version of the dataset since CohereForAI/Global-MMLU couldn't be found on the Hugging Face Hub (offline mode is enabled).
Found the latest cached dataset configuration 'id' at /home/mai.chau/.cache/huggingface/datasets/CohereForAI___global-mmlu/id/0.0.0/0e619dbeb34206cd48705a1a0ea7fb21cae09993 (last modified on Thu Oct  8 14:53:07 2026).
Using the latest cached version of the dataset since CohereForAI/Global-MMLU couldn't be found on the Hugging Face Hub (offline mode is enabled).
Found the latest cached dataset configuration 'id' at /home/mai.chau/.cache/huggingface/datasets/CohereForAI___global-mmlu/id/0.0.0/0e619dbeb34206cd48705a1a0ea7fb21cae09993 (last modified on Thu Oct  8 14:53:07 2026).
Using the latest cached version of the dataset since CohereForAI/Global-MMLU couldn't be found on the Hugging Face Hub (offline mode is enabled).
Found the latest cached dataset configuration 'id' at /home/mai.chau/.cache/huggingface/datasets/CohereForAI___global-mmlu/id/0.0.0/0e619dbeb34206cd48705a1a0ea7fb21cae09993 (last modified on Thu Oct  8 14:53:07 2026).
Using the latest cached version of the dataset since CohereForAI/Global-MMLU couldn't be found on the Hugging Face Hub (offline mode is enabled).
Found the latest cached dataset configuration 'id' at /home/mai.chau/.cache/huggingface/datasets/CohereForAI___global-mmlu/id/0.0.0/0e619dbeb34206cd48705a1a0ea7fb21cae09993 (last modified on Thu Oct  8 14:53:07 2026).
Using the latest cached version of the dataset since CohereForAI/Global-MMLU couldn't be found on the Hugging Face Hub (offline mode is enabled).
Found the latest cached dataset configuration 'id' at /home/mai.chau/.cache/huggingface/datasets/CohereForAI___global-mmlu/id/0.0.0/0e619dbeb34206cd48705a1a0ea7fb21cae09993 (last modified on Thu Oct  8 14:53:07 2026).
Using the latest cached version of the dataset since CohereForAI/Global-MMLU couldn't be found on the Hugging Face Hub (offline mode is enabled).
Found the latest cached dataset configuration 'id' at /home/mai.chau/.cache/huggingface/datasets/CohereForAI___global-mmlu/id/0.0.0/0e619dbeb34206cd48705a1a0ea7fb21cae09993 (last modified on Thu Oct  8 14:53:07 2026).
Using the latest cached version of the dataset since CohereForAI/Global-MMLU couldn't be found on the Hugging Face Hub (offline mode is enabled).
Found the latest cached dataset configuration 'id' at /home/mai.chau/.cache/huggingface/datasets/CohereForAI___global-mmlu/id/0.0.0/0e619dbeb34206cd48705a1a0ea7fb21cae09993 (last modified on Thu Oct  8 14:53:07 2026).
Using the latest cached version of the dataset since CohereForAI/Global-MMLU couldn't be found on the Hugging Face Hub (offline mode is enabled).
Found the latest cached dataset configuration 'id' at /home/mai.chau/.cache/huggingface/datasets/CohereForAI___global-mmlu/id/0.0.0/0e619dbeb34206cd48705a1a0ea7fb21cae09993 (last modified on Thu Oct  8 14:53:07 2026).
Using the latest cached version of the dataset since CohereForAI/Global-MMLU couldn't be found on the Hugging Face Hub (offline mode is enabled).
Found the latest cached dataset configuration 'id' at /home/mai.chau/.cache/huggingface/datasets/CohereForAI___global-mmlu/id/0.0.0/0e619dbeb34206cd48705a1a0ea7fb21cae09993 (last modified on Thu Oct  8 14:53:07 2026).
Using the latest cached version of the dataset since CohereForAI/Global-MMLU couldn't be found on the Hugging Face Hub (offline mode is enabled).
Found the latest cached dataset configuration 'id' at /home/mai.chau/.cache/huggingface/datasets/CohereForAI___global-mmlu/id/0.0.0/0e619dbeb34206cd48705a1a0ea7fb21cae09993 (last modified on Thu Oct  8 14:53:07 2026).
Using the latest cached version of the dataset since CohereForAI/Global-MMLU couldn't be found on the Hugging Face Hub (offline mode is enabled).
Found the latest cached dataset configuration 'id' at /home/mai.chau/.cache/huggingface/datasets/CohereForAI___global-mmlu/id/0.0.0/0e619dbeb34206cd48705a1a0ea7fb21cae09993 (last modified on Thu Oct  8 14:53:07 2026).
Using the latest cached version of the dataset since CohereForAI/Global-MMLU couldn't be found on the Hugging Face Hub (offline mode is enabled).
Found the latest cached dataset configuration 'id' at /home/mai.chau/.cache/huggingface/datasets/CohereForAI___global-mmlu/id/0.0.0/0e619dbeb34206cd48705a1a0ea7fb21cae09993 (last modified on Thu Oct  8 14:53:07 2026).
Using the latest cached version of the dataset since CohereForAI/Global-MMLU couldn't be found on the Hugging Face Hub (offline mode is enabled).
Found the latest cached dataset configuration 'id' at /home/mai.chau/.cache/huggingface/datasets/CohereForAI___global-mmlu/id/0.0.0/0e619dbeb34206cd48705a1a0ea7fb21cae09993 (last modified on Thu Oct  8 14:53:07 2026).
Using the latest cached version of the dataset since CohereForAI/Global-MMLU couldn't be found on the Hugging Face Hub (offline mode is enabled).
Found the latest cached dataset configuration 'id' at /home/mai.chau/.cache/huggingface/datasets/CohereForAI___global-mmlu/id/0.0.0/0e619dbeb34206cd48705a1a0ea7fb21cae09993 (last modified on Thu Oct  8 14:53:07 2026).
Using the latest cached version of the dataset since CohereForAI/Global-MMLU couldn't be found on the Hugging Face Hub (offline mode is enabled).
Found the latest cached dataset configuration 'id' at /home/mai.chau/.cache/huggingface/datasets/CohereForAI___global-mmlu/id/0.0.0/0e619dbeb34206cd48705a1a0ea7fb21cae09993 (last modified on Thu Oct  8 14:53:07 2026).
Using the latest cached version of the dataset since CohereForAI/Global-MMLU couldn't be found on the Hugging Face Hub (offline mode is enabled).
Found the latest cached dataset configuration 'id' at /home/mai.chau/.cache/huggingface/datasets/CohereForAI___global-mmlu/id/0.0.0/0e619dbeb34206cd48705a1a0ea7fb21cae09993 (last modified on Thu Oct  8 14:53:07 2026).
Using the latest cached version of the dataset since CohereForAI/Global-MMLU couldn't be found on the Hugging Face Hub (offline mode is enabled).
Found the latest cached dataset configuration 'id' at /home/mai.chau/.cache/huggingface/datasets/CohereForAI___global-mmlu/id/0.0.0/0e619dbeb34206cd48705a1a0ea7fb21cae09993 (last modified on Thu Oct  8 14:53:07 2026).
Using the latest cached version of the dataset since CohereForAI/Global-MMLU couldn't be found on the Hugging Face Hub (offline mode is enabled).
Found the latest cached dataset configuration 'ms' at /home/mai.chau/.cache/huggingface/datasets/CohereForAI___global-mmlu/ms/0.0.0/0e619dbeb34206cd48705a1a0ea7fb21cae09993 (last modified on Thu Oct  8 14:53:10 2026).
Using the latest cached version of the dataset since CohereForAI/Global-MMLU couldn't be found on the Hugging Face Hub (offline mode is enabled).
Found the latest cached dataset configuration 'ms' at /home/mai.chau/.cache/huggingface/datasets/CohereForAI___global-mmlu/ms/0.0.0/0e619dbeb34206cd48705a1a0ea7fb21cae09993 (last modified on Thu Oct  8 14:53:10 2026).
Using the latest cached version of the dataset since CohereForAI/Global-MMLU couldn't be found on the Hugging Face Hub (offline mode is enabled).
Found the latest cached dataset configuration 'ms' at /home/mai.chau/.cache/huggingface/datasets/CohereForAI___global-mmlu/ms/0.0.0/0e619dbeb34206cd48705a1a0ea7fb21cae09993 (last modified on Thu Oct  8 14:53:10 2026).
Using the latest cached version of the dataset since CohereForAI/Global-MMLU couldn't be found on the Hugging Face Hub (offline mode is enabled).
Found the latest cached dataset configuration 'ms' at /home/mai.chau/.cache/huggingface/datasets/CohereForAI___global-mmlu/ms/0.0.0/0e619dbeb34206cd48705a1a0ea7fb21cae09993 (last modified on Thu Oct  8 14:53:10 2026).
Using the latest cached version of the dataset since CohereForAI/Global-MMLU couldn't be found on the Hugging Face Hub (offline mode is enabled).
Found the latest cached dataset configuration 'ms' at /home/mai.chau/.cache/huggingface/datasets/CohereForAI___global-mmlu/ms/0.0.0/0e619dbeb34206cd48705a1a0ea7fb21cae09993 (last modified on Thu Oct  8 14:53:10 2026).
Using the latest cached version of the dataset since CohereForAI/Global-MMLU couldn't be found on the Hugging Face Hub (offline mode is enabled).
Found the latest cached dataset configuration 'ms' at /home/mai.chau/.cache/huggingface/datasets/CohereForAI___global-mmlu/ms/0.0.0/0e619dbeb34206cd48705a1a0ea7fb21cae09993 (last modified on Thu Oct  8 14:53:10 2026).
Using the latest cached version of the dataset since CohereForAI/Global-MMLU couldn't be found on the Hugging Face Hub (offline mode is enabled).
Found the latest cached dataset configuration 'ms' at /home/mai.chau/.cache/huggingface/datasets/CohereForAI___global-mmlu/ms/0.0.0/0e619dbeb34206cd48705a1a0ea7fb21cae09993 (last modified on Thu Oct  8 14:53:10 2026).
Using the latest cached version of the dataset since CohereForAI/Global-MMLU couldn't be found on the Hugging Face Hub (offline mode is enabled).
Found the latest cached dataset configuration 'ms' at /home/mai.chau/.cache/huggingface/datasets/CohereForAI___global-mmlu/ms/0.0.0/0e619dbeb34206cd48705a1a0ea7fb21cae09993 (last modified on Thu Oct  8 14:53:10 2026).
Using the latest cached version of the dataset since CohereForAI/Global-MMLU couldn't be found on the Hugging Face Hub (offline mode is enabled).
Found the latest cached dataset configuration 'ms' at /home/mai.chau/.cache/huggingface/datasets/CohereForAI___global-mmlu/ms/0.0.0/0e619dbeb34206cd48705a1a0ea7fb21cae09993 (last modified on Thu Oct  8 14:53:10 2026).
Using the latest cached version of the dataset since CohereForAI/Global-MMLU couldn't be found on the Hugging Face Hub (offline mode is enabled).
Found the latest cached dataset configuration 'ms' at /home/mai.chau/.cache/huggingface/datasets/CohereForAI___global-mmlu/ms/0.0.0/0e619dbeb34206cd48705a1a0ea7fb21cae09993 (last modified on Thu Oct  8 14:53:10 2026).
Using the latest cached version of the dataset since CohereForAI/Global-MMLU couldn't be found on the Hugging Face Hub (offline mode is enabled).
Found the latest cached dataset configuration 'ms' at /home/mai.chau/.cache/huggingface/datasets/CohereForAI___global-mmlu/ms/0.0.0/0e619dbeb34206cd48705a1a0ea7fb21cae09993 (last modified on Thu Oct  8 14:53:10 2026).
Using the latest cached version of the dataset since CohereForAI/Global-MMLU couldn't be found on the Hugging Face Hub (offline mode is enabled).
Found the latest cached dataset configuration 'ms' at /home/mai.chau/.cache/huggingface/datasets/CohereForAI___global-mmlu/ms/0.0.0/0e619dbeb34206cd48705a1a0ea7fb21cae09993 (last modified on Thu Oct  8 14:53:10 2026).
Using the latest cached version of the dataset since CohereForAI/Global-MMLU couldn't be found on the Hugging Face Hub (offline mode is enabled).
Found the latest cached dataset configuration 'ms' at /home/mai.chau/.cache/huggingface/datasets/CohereForAI___global-mmlu/ms/0.0.0/0e619dbeb34206cd48705a1a0ea7fb21cae09993 (last modified on Thu Oct  8 14:53:10 2026).
Using the latest cached version of the dataset since CohereForAI/Global-MMLU couldn't be found on the Hugging Face Hub (offline mode is enabled).
Found the latest cached dataset configuration 'ms' at /home/mai.chau/.cache/huggingface/datasets/CohereForAI___global-mmlu/ms/0.0.0/0e619dbeb34206cd48705a1a0ea7fb21cae09993 (last modified on Thu Oct  8 14:53:10 2026).
Using the latest cached version of the dataset since CohereForAI/Global-MMLU couldn't be found on the Hugging Face Hub (offline mode is enabled).
Found the latest cached dataset configuration 'ms' at /home/mai.chau/.cache/huggingface/datasets/CohereForAI___global-mmlu/ms/0.0.0/0e619dbeb34206cd48705a1a0ea7fb21cae09993 (last modified on Thu Oct  8 14:53:10 2026).
Using the latest cached version of the dataset since CohereForAI/Global-MMLU couldn't be found on the Hugging Face Hub (offline mode is enabled).
Found the latest cached dataset configuration 'ms' at /home/mai.chau/.cache/huggingface/datasets/CohereForAI___global-mmlu/ms/0.0.0/0e619dbeb34206cd48705a1a0ea7fb21cae09993 (last modified on Thu Oct  8 14:53:10 2026).
Using the latest cached version of the dataset since CohereForAI/Global-MMLU couldn't be found on the Hugging Face Hub (offline mode is enabled).
Found the latest cached dataset configuration 'ms' at /home/mai.chau/.cache/huggingface/datasets/CohereForAI___global-mmlu/ms/0.0.0/0e619dbeb34206cd48705a1a0ea7fb21cae09993 (last modified on Thu Oct  8 14:53:10 2026).
Using the latest cached version of the dataset since CohereForAI/Global-MMLU couldn't be found on the Hugging Face Hub (offline mode is enabled).
Found the latest cached dataset configuration 'ms' at /home/mai.chau/.cache/huggingface/datasets/CohereForAI___global-mmlu/ms/0.0.0/0e619dbeb34206cd48705a1a0ea7fb21cae09993 (last modified on Thu Oct  8 14:53:10 2026).
Using the latest cached version of the dataset since CohereForAI/Global-MMLU couldn't be found on the Hugging Face Hub (offline mode is enabled).
Found the latest cached dataset configuration 'ms' at /home/mai.chau/.cache/huggingface/datasets/CohereForAI___global-mmlu/ms/0.0.0/0e619dbeb34206cd48705a1a0ea7fb21cae09993 (last modified on Thu Oct  8 14:53:10 2026).
Using the latest cached version of the dataset since CohereForAI/Global-MMLU couldn't be found on the Hugging Face Hub (offline mode is enabled).
Found the latest cached dataset configuration 'ms' at /home/mai.chau/.cache/huggingface/datasets/CohereForAI___global-mmlu/ms/0.0.0/0e619dbeb34206cd48705a1a0ea7fb21cae09993 (last modified on Thu Oct  8 14:53:10 2026).
Using the latest cached version of the dataset since CohereForAI/Global-MMLU couldn't be found on the Hugging Face Hub (offline mode is enabled).
Found the latest cached dataset configuration 'ms' at /home/mai.chau/.cache/huggingface/datasets/CohereForAI___global-mmlu/ms/0.0.0/0e619dbeb34206cd48705a1a0ea7fb21cae09993 (last modified on Thu Oct  8 14:53:10 2026).
Using the latest cached version of the dataset since CohereForAI/Global-MMLU couldn't be found on the Hugging Face Hub (offline mode is enabled).
Found the latest cached dataset configuration 'ms' at /home/mai.chau/.cache/huggingface/datasets/CohereForAI___global-mmlu/ms/0.0.0/0e619dbeb34206cd48705a1a0ea7fb21cae09993 (last modified on Thu Oct  8 14:53:10 2026).
Using the latest cached version of the dataset since CohereForAI/Global-MMLU couldn't be found on the Hugging Face Hub (offline mode is enabled).
Found the latest cached dataset configuration 'ms' at /home/mai.chau/.cache/huggingface/datasets/CohereForAI___global-mmlu/ms/0.0.0/0e619dbeb34206cd48705a1a0ea7fb21cae09993 (last modified on Thu Oct  8 14:53:10 2026).
Using the latest cached version of the dataset since CohereForAI/Global-MMLU couldn't be found on the Hugging Face Hub (offline mode is enabled).
Found the latest cached dataset configuration 'ms' at /home/mai.chau/.cache/huggingface/datasets/CohereForAI___global-mmlu/ms/0.0.0/0e619dbeb34206cd48705a1a0ea7fb21cae09993 (last modified on Thu Oct  8 14:53:10 2026).
Using the latest cached version of the dataset since CohereForAI/Global-MMLU couldn't be found on the Hugging Face Hub (offline mode is enabled).
Found the latest cached dataset configuration 'ms' at /home/mai.chau/.cache/huggingface/datasets/CohereForAI___global-mmlu/ms/0.0.0/0e619dbeb34206cd48705a1a0ea7fb21cae09993 (last modified on Thu Oct  8 14:53:10 2026).
Using the latest cached version of the dataset since CohereForAI/Global-MMLU couldn't be found on the Hugging Face Hub (offline mode is enabled).
Found the latest cached dataset configuration 'ms' at /home/mai.chau/.cache/huggingface/datasets/CohereForAI___global-mmlu/ms/0.0.0/0e619dbeb34206cd48705a1a0ea7fb21cae09993 (last modified on Thu Oct  8 14:53:10 2026).
Using the latest cached version of the dataset since CohereForAI/Global-MMLU couldn't be found on the Hugging Face Hub (offline mode is enabled).
Found the latest cached dataset configuration 'ms' at /home/mai.chau/.cache/huggingface/datasets/CohereForAI___global-mmlu/ms/0.0.0/0e619dbeb34206cd48705a1a0ea7fb21cae09993 (last modified on Thu Oct  8 14:53:10 2026).
Using the latest cached version of the dataset since CohereForAI/Global-MMLU couldn't be found on the Hugging Face Hub (offline mode is enabled).
Found the latest cached dataset configuration 'ms' at /home/mai.chau/.cache/huggingface/datasets/CohereForAI___global-mmlu/ms/0.0.0/0e619dbeb34206cd48705a1a0ea7fb21cae09993 (last modified on Thu Oct  8 14:53:10 2026).
Using the latest cached version of the dataset since CohereForAI/Global-MMLU couldn't be found on the Hugging Face Hub (offline mode is enabled).
Found the latest cached dataset configuration 'ms' at /home/mai.chau/.cache/huggingface/datasets/CohereForAI___global-mmlu/ms/0.0.0/0e619dbeb34206cd48705a1a0ea7fb21cae09993 (last modified on Thu Oct  8 14:53:10 2026).
Using the latest cached version of the dataset since CohereForAI/Global-MMLU couldn't be found on the Hugging Face Hub (offline mode is enabled).
Found the latest cached dataset configuration 'ms' at /home/mai.chau/.cache/huggingface/datasets/CohereForAI___global-mmlu/ms/0.0.0/0e619dbeb34206cd48705a1a0ea7fb21cae09993 (last modified on Thu Oct  8 14:53:10 2026).
Using the latest cached version of the dataset since CohereForAI/Global-MMLU couldn't be found on the Hugging Face Hub (offline mode is enabled).
Found the latest cached dataset configuration 'ms' at /home/mai.chau/.cache/huggingface/datasets/CohereForAI___global-mmlu/ms/0.0.0/0e619dbeb34206cd48705a1a0ea7fb21cae09993 (last modified on Thu Oct  8 14:53:10 2026).
Using the latest cached version of the dataset since CohereForAI/Global-MMLU couldn't be found on the Hugging Face Hub (offline mode is enabled).
Found the latest cached dataset configuration 'ms' at /home/mai.chau/.cache/huggingface/datasets/CohereForAI___global-mmlu/ms/0.0.0/0e619dbeb34206cd48705a1a0ea7fb21cae09993 (last modified on Thu Oct  8 14:53:10 2026).
Using the latest cached version of the dataset since CohereForAI/Global-MMLU couldn't be found on the Hugging Face Hub (offline mode is enabled).
Found the latest cached dataset configuration 'ms' at /home/mai.chau/.cache/huggingface/datasets/CohereForAI___global-mmlu/ms/0.0.0/0e619dbeb34206cd48705a1a0ea7fb21cae09993 (last modified on Thu Oct  8 14:53:10 2026).
Using the latest cached version of the dataset since CohereForAI/Global-MMLU couldn't be found on the Hugging Face Hub (offline mode is enabled).
Found the latest cached dataset configuration 'ms' at /home/mai.chau/.cache/huggingface/datasets/CohereForAI___global-mmlu/ms/0.0.0/0e619dbeb34206cd48705a1a0ea7fb21cae09993 (last modified on Thu Oct  8 14:53:10 2026).
Using the latest cached version of the dataset since CohereForAI/Global-MMLU couldn't be found on the Hugging Face Hub (offline mode is enabled).
Found the latest cached dataset configuration 'ms' at /home/mai.chau/.cache/huggingface/datasets/CohereForAI___global-mmlu/ms/0.0.0/0e619dbeb34206cd48705a1a0ea7fb21cae09993 (last modified on Thu Oct  8 14:53:10 2026).
Using the latest cached version of the dataset since CohereForAI/Global-MMLU couldn't be found on the Hugging Face Hub (offline mode is enabled).
Found the latest cached dataset configuration 'ms' at /home/mai.chau/.cache/huggingface/datasets/CohereForAI___global-mmlu/ms/0.0.0/0e619dbeb34206cd48705a1a0ea7fb21cae09993 (last modified on Thu Oct  8 14:53:10 2026).
Using the latest cached version of the dataset since CohereForAI/Global-MMLU couldn't be found on the Hugging Face Hub (offline mode is enabled).
Found the latest cached dataset configuration 'ms' at /home/mai.chau/.cache/huggingface/datasets/CohereForAI___global-mmlu/ms/0.0.0/0e619dbeb34206cd48705a1a0ea7fb21cae09993 (last modified on Thu Oct  8 14:53:10 2026).
Using the latest cached version of the dataset since CohereForAI/Global-MMLU couldn't be found on the Hugging Face Hub (offline mode is enabled).
Found the latest cached dataset configuration 'ms' at /home/mai.chau/.cache/huggingface/datasets/CohereForAI___global-mmlu/ms/0.0.0/0e619dbeb34206cd48705a1a0ea7fb21cae09993 (last modified on Thu Oct  8 14:53:10 2026).
Using the latest cached version of the dataset since CohereForAI/Global-MMLU couldn't be found on the Hugging Face Hub (offline mode is enabled).
Found the latest cached dataset configuration 'ms' at /home/mai.chau/.cache/huggingface/datasets/CohereForAI___global-mmlu/ms/0.0.0/0e619dbeb34206cd48705a1a0ea7fb21cae09993 (last modified on Thu Oct  8 14:53:10 2026).
Using the latest cached version of the dataset since CohereForAI/Global-MMLU couldn't be found on the Hugging Face Hub (offline mode is enabled).
Found the latest cached dataset configuration 'ms' at /home/mai.chau/.cache/huggingface/datasets/CohereForAI___global-mmlu/ms/0.0.0/0e619dbeb34206cd48705a1a0ea7fb21cae09993 (last modified on Thu Oct  8 14:53:10 2026).
Using the latest cached version of the dataset since CohereForAI/Global-MMLU couldn't be found on the Hugging Face Hub (offline mode is enabled).
Found the latest cached dataset configuration 'ms' at /home/mai.chau/.cache/huggingface/datasets/CohereForAI___global-mmlu/ms/0.0.0/0e619dbeb34206cd48705a1a0ea7fb21cae09993 (last modified on Thu Oct  8 14:53:10 2026).
Using the latest cached version of the dataset since CohereForAI/Global-MMLU couldn't be found on the Hugging Face Hub (offline mode is enabled).
Found the latest cached dataset configuration 'ms' at /home/mai.chau/.cache/huggingface/datasets/CohereForAI___global-mmlu/ms/0.0.0/0e619dbeb34206cd48705a1a0ea7fb21cae09993 (last modified on Thu Oct  8 14:53:10 2026).
Using the latest cached version of the dataset since CohereForAI/Global-MMLU couldn't be found on the Hugging Face Hub (offline mode is enabled).
Found the latest cached dataset configuration 'ms' at /home/mai.chau/.cache/huggingface/datasets/CohereForAI___global-mmlu/ms/0.0.0/0e619dbeb34206cd48705a1a0ea7fb21cae09993 (last modified on Thu Oct  8 14:53:10 2026).
Using the latest cached version of the dataset since CohereForAI/Global-MMLU couldn't be found on the Hugging Face Hub (offline mode is enabled).
Found the latest cached dataset configuration 'ms' at /home/mai.chau/.cache/huggingface/datasets/CohereForAI___global-mmlu/ms/0.0.0/0e619dbeb34206cd48705a1a0ea7fb21cae09993 (last modified on Thu Oct  8 14:53:10 2026).
Using the latest cached version of the dataset since CohereForAI/Global-MMLU couldn't be found on the Hugging Face Hub (offline mode is enabled).
Found the latest cached dataset configuration 'ms' at /home/mai.chau/.cache/huggingface/datasets/CohereForAI___global-mmlu/ms/0.0.0/0e619dbeb34206cd48705a1a0ea7fb21cae09993 (last modified on Thu Oct  8 14:53:10 2026).
Using the latest cached version of the dataset since CohereForAI/Global-MMLU couldn't be found on the Hugging Face Hub (offline mode is enabled).
Found the latest cached dataset configuration 'ms' at /home/mai.chau/.cache/huggingface/datasets/CohereForAI___global-mmlu/ms/0.0.0/0e619dbeb34206cd48705a1a0ea7fb21cae09993 (last modified on Thu Oct  8 14:53:10 2026).
Using the latest cached version of the dataset since CohereForAI/Global-MMLU couldn't be found on the Hugging Face Hub (offline mode is enabled).
Found the latest cached dataset configuration 'ms' at /home/mai.chau/.cache/huggingface/datasets/CohereForAI___global-mmlu/ms/0.0.0/0e619dbeb34206cd48705a1a0ea7fb21cae09993 (last modified on Thu Oct  8 14:53:10 2026).
Using the latest cached version of the dataset since CohereForAI/Global-MMLU couldn't be found on the Hugging Face Hub (offline mode is enabled).
Found the latest cached dataset configuration 'ms' at /home/mai.chau/.cache/huggingface/datasets/CohereForAI___global-mmlu/ms/0.0.0/0e619dbeb34206cd48705a1a0ea7fb21cae09993 (last modified on Thu Oct  8 14:53:10 2026).
Using the latest cached version of the dataset since CohereForAI/Global-MMLU couldn't be found on the Hugging Face Hub (offline mode is enabled).
Found the latest cached dataset configuration 'ms' at /home/mai.chau/.cache/huggingface/datasets/CohereForAI___global-mmlu/ms/0.0.0/0e619dbeb34206cd48705a1a0ea7fb21cae09993 (last modified on Thu Oct  8 14:53:10 2026).
Using the latest cached version of the dataset since CohereForAI/Global-MMLU couldn't be found on the Hugging Face Hub (offline mode is enabled).
Found the latest cached dataset configuration 'ms' at /home/mai.chau/.cache/huggingface/datasets/CohereForAI___global-mmlu/ms/0.0.0/0e619dbeb34206cd48705a1a0ea7fb21cae09993 (last modified on Thu Oct  8 14:53:10 2026).
Using the latest cached version of the dataset since CohereForAI/Global-MMLU couldn't be found on the Hugging Face Hub (offline mode is enabled).
Found the latest cached dataset configuration 'ms' at /home/mai.chau/.cache/huggingface/datasets/CohereForAI___global-mmlu/ms/0.0.0/0e619dbeb34206cd48705a1a0ea7fb21cae09993 (last modified on Thu Oct  8 14:53:10 2026).
Using the latest cached version of the dataset since CohereForAI/Global-MMLU couldn't be found on the Hugging Face Hub (offline mode is enabled).
Found the latest cached dataset configuration 'ms' at /home/mai.chau/.cache/huggingface/datasets/CohereForAI___global-mmlu/ms/0.0.0/0e619dbeb34206cd48705a1a0ea7fb21cae09993 (last modified on Thu Oct  8 14:53:10 2026).
Using the latest cached version of the dataset since CohereForAI/Global-MMLU couldn't be found on the Hugging Face Hub (offline mode is enabled).
Found the latest cached dataset configuration 'ms' at /home/mai.chau/.cache/huggingface/datasets/CohereForAI___global-mmlu/ms/0.0.0/0e619dbeb34206cd48705a1a0ea7fb21cae09993 (last modified on Thu Oct  8 14:53:10 2026).
Using the latest cached version of the dataset since CohereForAI/Global-MMLU couldn't be found on the Hugging Face Hub (offline mode is enabled).
Found the latest cached dataset configuration 'ms' at /home/mai.chau/.cache/huggingface/datasets/CohereForAI___global-mmlu/ms/0.0.0/0e619dbeb34206cd48705a1a0ea7fb21cae09993 (last modified on Thu Oct  8 14:53:10 2026).
Using the latest cached version of the dataset since CohereForAI/Global-MMLU couldn't be found on the Hugging Face Hub (offline mode is enabled).
Found the latest cached dataset configuration 'ms' at /home/mai.chau/.cache/huggingface/datasets/CohereForAI___global-mmlu/ms/0.0.0/0e619dbeb34206cd48705a1a0ea7fb21cae09993 (last modified on Thu Oct  8 14:53:10 2026).
Using the latest cached version of the dataset since CohereForAI/Global-MMLU couldn't be found on the Hugging Face Hub (offline mode is enabled).
Found the latest cached dataset configuration 'ms' at /home/mai.chau/.cache/huggingface/datasets/CohereForAI___global-mmlu/ms/0.0.0/0e619dbeb34206cd48705a1a0ea7fb21cae09993 (last modified on Thu Oct  8 14:53:10 2026).
Using the latest cached version of the dataset since CohereForAI/Global-MMLU couldn't be found on the Hugging Face Hub (offline mode is enabled).
Found the latest cached dataset configuration 'ms' at /home/mai.chau/.cache/huggingface/datasets/CohereForAI___global-mmlu/ms/0.0.0/0e619dbeb34206cd48705a1a0ea7fb21cae09993 (last modified on Thu Oct  8 14:53:10 2026).
Using the latest cached version of the dataset since CohereForAI/Global-MMLU couldn't be found on the Hugging Face Hub (offline mode is enabled).
Found the latest cached dataset configuration 'vi' at /home/mai.chau/.cache/huggingface/datasets/CohereForAI___global-mmlu/vi/0.0.0/0e619dbeb34206cd48705a1a0ea7fb21cae09993 (last modified on Thu Oct  8 14:53:12 2026).
Using the latest cached version of the dataset since CohereForAI/Global-MMLU couldn't be found on the Hugging Face Hub (offline mode is enabled).
Found the latest cached dataset configuration 'vi' at /home/mai.chau/.cache/huggingface/datasets/CohereForAI___global-mmlu/vi/0.0.0/0e619dbeb34206cd48705a1a0ea7fb21cae09993 (last modified on Thu Oct  8 14:53:12 2026).
Using the latest cached version of the dataset since CohereForAI/Global-MMLU couldn't be found on the Hugging Face Hub (offline mode is enabled).
Found the latest cached dataset configuration 'vi' at /home/mai.chau/.cache/huggingface/datasets/CohereForAI___global-mmlu/vi/0.0.0/0e619dbeb34206cd48705a1a0ea7fb21cae09993 (last modified on Thu Oct  8 14:53:12 2026).
Using the latest cached version of the dataset since CohereForAI/Global-MMLU couldn't be found on the Hugging Face Hub (offline mode is enabled).
Found the latest cached dataset configuration 'vi' at /home/mai.chau/.cache/huggingface/datasets/CohereForAI___global-mmlu/vi/0.0.0/0e619dbeb34206cd48705a1a0ea7fb21cae09993 (last modified on Thu Oct  8 14:53:12 2026).
Using the latest cached version of the dataset since CohereForAI/Global-MMLU couldn't be found on the Hugging Face Hub (offline mode is enabled).
Found the latest cached dataset configuration 'vi' at /home/mai.chau/.cache/huggingface/datasets/CohereForAI___global-mmlu/vi/0.0.0/0e619dbeb34206cd48705a1a0ea7fb21cae09993 (last modified on Thu Oct  8 14:53:12 2026).
Using the latest cached version of the dataset since CohereForAI/Global-MMLU couldn't be found on the Hugging Face Hub (offline mode is enabled).
Found the latest cached dataset configuration 'vi' at /home/mai.chau/.cache/huggingface/datasets/CohereForAI___global-mmlu/vi/0.0.0/0e619dbeb34206cd48705a1a0ea7fb21cae09993 (last modified on Thu Oct  8 14:53:12 2026).
Using the latest cached version of the dataset since CohereForAI/Global-MMLU couldn't be found on the Hugging Face Hub (offline mode is enabled).
Found the latest cached dataset configuration 'vi' at /home/mai.chau/.cache/huggingface/datasets/CohereForAI___global-mmlu/vi/0.0.0/0e619dbeb34206cd48705a1a0ea7fb21cae09993 (last modified on Thu Oct  8 14:53:12 2026).
Using the latest cached version of the dataset since CohereForAI/Global-MMLU couldn't be found on the Hugging Face Hub (offline mode is enabled).
Found the latest cached dataset configuration 'vi' at /home/mai.chau/.cache/huggingface/datasets/CohereForAI___global-mmlu/vi/0.0.0/0e619dbeb34206cd48705a1a0ea7fb21cae09993 (last modified on Thu Oct  8 14:53:12 2026).
Using the latest cached version of the dataset since CohereForAI/Global-MMLU couldn't be found on the Hugging Face Hub (offline mode is enabled).
Found the latest cached dataset configuration 'vi' at /home/mai.chau/.cache/huggingface/datasets/CohereForAI___global-mmlu/vi/0.0.0/0e619dbeb34206cd48705a1a0ea7fb21cae09993 (last modified on Thu Oct  8 14:53:12 2026).
Using the latest cached version of the dataset since CohereForAI/Global-MMLU couldn't be found on the Hugging Face Hub (offline mode is enabled).
Found the latest cached dataset configuration 'vi' at /home/mai.chau/.cache/huggingface/datasets/CohereForAI___global-mmlu/vi/0.0.0/0e619dbeb34206cd48705a1a0ea7fb21cae09993 (last modified on Thu Oct  8 14:53:12 2026).
Using the latest cached version of the dataset since CohereForAI/Global-MMLU couldn't be found on the Hugging Face Hub (offline mode is enabled).
Found the latest cached dataset configuration 'vi' at /home/mai.chau/.cache/huggingface/datasets/CohereForAI___global-mmlu/vi/0.0.0/0e619dbeb34206cd48705a1a0ea7fb21cae09993 (last modified on Thu Oct  8 14:53:12 2026).
Using the latest cached version of the dataset since CohereForAI/Global-MMLU couldn't be found on the Hugging Face Hub (offline mode is enabled).
Found the latest cached dataset configuration 'vi' at /home/mai.chau/.cache/huggingface/datasets/CohereForAI___global-mmlu/vi/0.0.0/0e619dbeb34206cd48705a1a0ea7fb21cae09993 (last modified on Thu Oct  8 14:53:12 2026).
Using the latest cached version of the dataset since CohereForAI/Global-MMLU couldn't be found on the Hugging Face Hub (offline mode is enabled).
Found the latest cached dataset configuration 'vi' at /home/mai.chau/.cache/huggingface/datasets/CohereForAI___global-mmlu/vi/0.0.0/0e619dbeb34206cd48705a1a0ea7fb21cae09993 (last modified on Thu Oct  8 14:53:12 2026).
Using the latest cached version of the dataset since CohereForAI/Global-MMLU couldn't be found on the Hugging Face Hub (offline mode is enabled).
Found the latest cached dataset configuration 'vi' at /home/mai.chau/.cache/huggingface/datasets/CohereForAI___global-mmlu/vi/0.0.0/0e619dbeb34206cd48705a1a0ea7fb21cae09993 (last modified on Thu Oct  8 14:53:12 2026).
Using the latest cached version of the dataset since CohereForAI/Global-MMLU couldn't be found on the Hugging Face Hub (offline mode is enabled).
Found the latest cached dataset configuration 'vi' at /home/mai.chau/.cache/huggingface/datasets/CohereForAI___global-mmlu/vi/0.0.0/0e619dbeb34206cd48705a1a0ea7fb21cae09993 (last modified on Thu Oct  8 14:53:12 2026).
Using the latest cached version of the dataset since CohereForAI/Global-MMLU couldn't be found on the Hugging Face Hub (offline mode is enabled).
Found the latest cached dataset configuration 'vi' at /home/mai.chau/.cache/huggingface/datasets/CohereForAI___global-mmlu/vi/0.0.0/0e619dbeb34206cd48705a1a0ea7fb21cae09993 (last modified on Thu Oct  8 14:53:12 2026).
Using the latest cached version of the dataset since CohereForAI/Global-MMLU couldn't be found on the Hugging Face Hub (offline mode is enabled).
Found the latest cached dataset configuration 'vi' at /home/mai.chau/.cache/huggingface/datasets/CohereForAI___global-mmlu/vi/0.0.0/0e619dbeb34206cd48705a1a0ea7fb21cae09993 (last modified on Thu Oct  8 14:53:12 2026).
Using the latest cached version of the dataset since CohereForAI/Global-MMLU couldn't be found on the Hugging Face Hub (offline mode is enabled).
Found the latest cached dataset configuration 'vi' at /home/mai.chau/.cache/huggingface/datasets/CohereForAI___global-mmlu/vi/0.0.0/0e619dbeb34206cd48705a1a0ea7fb21cae09993 (last modified on Thu Oct  8 14:53:12 2026).
Using the latest cached version of the dataset since CohereForAI/Global-MMLU couldn't be found on the Hugging Face Hub (offline mode is enabled).
Found the latest cached dataset configuration 'vi' at /home/mai.chau/.cache/huggingface/datasets/CohereForAI___global-mmlu/vi/0.0.0/0e619dbeb34206cd48705a1a0ea7fb21cae09993 (last modified on Thu Oct  8 14:53:12 2026).
Using the latest cached version of the dataset since CohereForAI/Global-MMLU couldn't be found on the Hugging Face Hub (offline mode is enabled).
Found the latest cached dataset configuration 'vi' at /home/mai.chau/.cache/huggingface/datasets/CohereForAI___global-mmlu/vi/0.0.0/0e619dbeb34206cd48705a1a0ea7fb21cae09993 (last modified on Thu Oct  8 14:53:12 2026).
Using the latest cached version of the dataset since CohereForAI/Global-MMLU couldn't be found on the Hugging Face Hub (offline mode is enabled).
Found the latest cached dataset configuration 'vi' at /home/mai.chau/.cache/huggingface/datasets/CohereForAI___global-mmlu/vi/0.0.0/0e619dbeb34206cd48705a1a0ea7fb21cae09993 (last modified on Thu Oct  8 14:53:12 2026).
Using the latest cached version of the dataset since CohereForAI/Global-MMLU couldn't be found on the Hugging Face Hub (offline mode is enabled).
Found the latest cached dataset configuration 'vi' at /home/mai.chau/.cache/huggingface/datasets/CohereForAI___global-mmlu/vi/0.0.0/0e619dbeb34206cd48705a1a0ea7fb21cae09993 (last modified on Thu Oct  8 14:53:12 2026).
Using the latest cached version of the dataset since CohereForAI/Global-MMLU couldn't be found on the Hugging Face Hub (offline mode is enabled).
Found the latest cached dataset configuration 'vi' at /home/mai.chau/.cache/huggingface/datasets/CohereForAI___global-mmlu/vi/0.0.0/0e619dbeb34206cd48705a1a0ea7fb21cae09993 (last modified on Thu Oct  8 14:53:12 2026).
Using the latest cached version of the dataset since CohereForAI/Global-MMLU couldn't be found on the Hugging Face Hub (offline mode is enabled).
Found the latest cached dataset configuration 'vi' at /home/mai.chau/.cache/huggingface/datasets/CohereForAI___global-mmlu/vi/0.0.0/0e619dbeb34206cd48705a1a0ea7fb21cae09993 (last modified on Thu Oct  8 14:53:12 2026).
Using the latest cached version of the dataset since CohereForAI/Global-MMLU couldn't be found on the Hugging Face Hub (offline mode is enabled).
Found the latest cached dataset configuration 'vi' at /home/mai.chau/.cache/huggingface/datasets/CohereForAI___global-mmlu/vi/0.0.0/0e619dbeb34206cd48705a1a0ea7fb21cae09993 (last modified on Thu Oct  8 14:53:12 2026).
Using the latest cached version of the dataset since CohereForAI/Global-MMLU couldn't be found on the Hugging Face Hub (offline mode is enabled).
Found the latest cached dataset configuration 'vi' at /home/mai.chau/.cache/huggingface/datasets/CohereForAI___global-mmlu/vi/0.0.0/0e619dbeb34206cd48705a1a0ea7fb21cae09993 (last modified on Thu Oct  8 14:53:12 2026).
Using the latest cached version of the dataset since CohereForAI/Global-MMLU couldn't be found on the Hugging Face Hub (offline mode is enabled).
Found the latest cached dataset configuration 'vi' at /home/mai.chau/.cache/huggingface/datasets/CohereForAI___global-mmlu/vi/0.0.0/0e619dbeb34206cd48705a1a0ea7fb21cae09993 (last modified on Thu Oct  8 14:53:12 2026).
Using the latest cached version of the dataset since CohereForAI/Global-MMLU couldn't be found on the Hugging Face Hub (offline mode is enabled).
Found the latest cached dataset configuration 'vi' at /home/mai.chau/.cache/huggingface/datasets/CohereForAI___global-mmlu/vi/0.0.0/0e619dbeb34206cd48705a1a0ea7fb21cae09993 (last modified on Thu Oct  8 14:53:12 2026).
Using the latest cached version of the dataset since CohereForAI/Global-MMLU couldn't be found on the Hugging Face Hub (offline mode is enabled).
Found the latest cached dataset configuration 'vi' at /home/mai.chau/.cache/huggingface/datasets/CohereForAI___global-mmlu/vi/0.0.0/0e619dbeb34206cd48705a1a0ea7fb21cae09993 (last modified on Thu Oct  8 14:53:12 2026).
Using the latest cached version of the dataset since CohereForAI/Global-MMLU couldn't be found on the Hugging Face Hub (offline mode is enabled).
Found the latest cached dataset configuration 'vi' at /home/mai.chau/.cache/huggingface/datasets/CohereForAI___global-mmlu/vi/0.0.0/0e619dbeb34206cd48705a1a0ea7fb21cae09993 (last modified on Thu Oct  8 14:53:12 2026).
Using the latest cached version of the dataset since CohereForAI/Global-MMLU couldn't be found on the Hugging Face Hub (offline mode is enabled).
Found the latest cached dataset configuration 'vi' at /home/mai.chau/.cache/huggingface/datasets/CohereForAI___global-mmlu/vi/0.0.0/0e619dbeb34206cd48705a1a0ea7fb21cae09993 (last modified on Thu Oct  8 14:53:12 2026).
Using the latest cached version of the dataset since CohereForAI/Global-MMLU couldn't be found on the Hugging Face Hub (offline mode is enabled).
Found the latest cached dataset configuration 'vi' at /home/mai.chau/.cache/huggingface/datasets/CohereForAI___global-mmlu/vi/0.0.0/0e619dbeb34206cd48705a1a0ea7fb21cae09993 (last modified on Thu Oct  8 14:53:12 2026).
Using the latest cached version of the dataset since CohereForAI/Global-MMLU couldn't be found on the Hugging Face Hub (offline mode is enabled).
Found the latest cached dataset configuration 'vi' at /home/mai.chau/.cache/huggingface/datasets/CohereForAI___global-mmlu/vi/0.0.0/0e619dbeb34206cd48705a1a0ea7fb21cae09993 (last modified on Thu Oct  8 14:53:12 2026).
Using the latest cached version of the dataset since CohereForAI/Global-MMLU couldn't be found on the Hugging Face Hub (offline mode is enabled).
Found the latest cached dataset configuration 'vi' at /home/mai.chau/.cache/huggingface/datasets/CohereForAI___global-mmlu/vi/0.0.0/0e619dbeb34206cd48705a1a0ea7fb21cae09993 (last modified on Thu Oct  8 14:53:12 2026).
Using the latest cached version of the dataset since CohereForAI/Global-MMLU couldn't be found on the Hugging Face Hub (offline mode is enabled).
Found the latest cached dataset configuration 'vi' at /home/mai.chau/.cache/huggingface/datasets/CohereForAI___global-mmlu/vi/0.0.0/0e619dbeb34206cd48705a1a0ea7fb21cae09993 (last modified on Thu Oct  8 14:53:12 2026).
Using the latest cached version of the dataset since CohereForAI/Global-MMLU couldn't be found on the Hugging Face Hub (offline mode is enabled).
Found the latest cached dataset configuration 'vi' at /home/mai.chau/.cache/huggingface/datasets/CohereForAI___global-mmlu/vi/0.0.0/0e619dbeb34206cd48705a1a0ea7fb21cae09993 (last modified on Thu Oct  8 14:53:12 2026).
Using the latest cached version of the dataset since CohereForAI/Global-MMLU couldn't be found on the Hugging Face Hub (offline mode is enabled).
Found the latest cached dataset configuration 'vi' at /home/mai.chau/.cache/huggingface/datasets/CohereForAI___global-mmlu/vi/0.0.0/0e619dbeb34206cd48705a1a0ea7fb21cae09993 (last modified on Thu Oct  8 14:53:12 2026).
Using the latest cached version of the dataset since CohereForAI/Global-MMLU couldn't be found on the Hugging Face Hub (offline mode is enabled).
Found the latest cached dataset configuration 'vi' at /home/mai.chau/.cache/huggingface/datasets/CohereForAI___global-mmlu/vi/0.0.0/0e619dbeb34206cd48705a1a0ea7fb21cae09993 (last modified on Thu Oct  8 14:53:12 2026).
Using the latest cached version of the dataset since CohereForAI/Global-MMLU couldn't be found on the Hugging Face Hub (offline mode is enabled).
Found the latest cached dataset configuration 'vi' at /home/mai.chau/.cache/huggingface/datasets/CohereForAI___global-mmlu/vi/0.0.0/0e619dbeb34206cd48705a1a0ea7fb21cae09993 (last modified on Thu Oct  8 14:53:12 2026).
Using the latest cached version of the dataset since CohereForAI/Global-MMLU couldn't be found on the Hugging Face Hub (offline mode is enabled).
Found the latest cached dataset configuration 'vi' at /home/mai.chau/.cache/huggingface/datasets/CohereForAI___global-mmlu/vi/0.0.0/0e619dbeb34206cd48705a1a0ea7fb21cae09993 (last modified on Thu Oct  8 14:53:12 2026).
Using the latest cached version of the dataset since CohereForAI/Global-MMLU couldn't be found on the Hugging Face Hub (offline mode is enabled).
Found the latest cached dataset configuration 'vi' at /home/mai.chau/.cache/huggingface/datasets/CohereForAI___global-mmlu/vi/0.0.0/0e619dbeb34206cd48705a1a0ea7fb21cae09993 (last modified on Thu Oct  8 14:53:12 2026).
Using the latest cached version of the dataset since CohereForAI/Global-MMLU couldn't be found on the Hugging Face Hub (offline mode is enabled).
Found the latest cached dataset configuration 'vi' at /home/mai.chau/.cache/huggingface/datasets/CohereForAI___global-mmlu/vi/0.0.0/0e619dbeb34206cd48705a1a0ea7fb21cae09993 (last modified on Thu Oct  8 14:53:12 2026).
Using the latest cached version of the dataset since CohereForAI/Global-MMLU couldn't be found on the Hugging Face Hub (offline mode is enabled).
Found the latest cached dataset configuration 'vi' at /home/mai.chau/.cache/huggingface/datasets/CohereForAI___global-mmlu/vi/0.0.0/0e619dbeb34206cd48705a1a0ea7fb21cae09993 (last modified on Thu Oct  8 14:53:12 2026).
Using the latest cached version of the dataset since CohereForAI/Global-MMLU couldn't be found on the Hugging Face Hub (offline mode is enabled).
Found the latest cached dataset configuration 'vi' at /home/mai.chau/.cache/huggingface/datasets/CohereForAI___global-mmlu/vi/0.0.0/0e619dbeb34206cd48705a1a0ea7fb21cae09993 (last modified on Thu Oct  8 14:53:12 2026).
Using the latest cached version of the dataset since CohereForAI/Global-MMLU couldn't be found on the Hugging Face Hub (offline mode is enabled).
Found the latest cached dataset configuration 'vi' at /home/mai.chau/.cache/huggingface/datasets/CohereForAI___global-mmlu/vi/0.0.0/0e619dbeb34206cd48705a1a0ea7fb21cae09993 (last modified on Thu Oct  8 14:53:12 2026).
Using the latest cached version of the dataset since CohereForAI/Global-MMLU couldn't be found on the Hugging Face Hub (offline mode is enabled).
Found the latest cached dataset configuration 'vi' at /home/mai.chau/.cache/huggingface/datasets/CohereForAI___global-mmlu/vi/0.0.0/0e619dbeb34206cd48705a1a0ea7fb21cae09993 (last modified on Thu Oct  8 14:53:12 2026).
Using the latest cached version of the dataset since CohereForAI/Global-MMLU couldn't be found on the Hugging Face Hub (offline mode is enabled).
Found the latest cached dataset configuration 'vi' at /home/mai.chau/.cache/huggingface/datasets/CohereForAI___global-mmlu/vi/0.0.0/0e619dbeb34206cd48705a1a0ea7fb21cae09993 (last modified on Thu Oct  8 14:53:12 2026).
Using the latest cached version of the dataset since CohereForAI/Global-MMLU couldn't be found on the Hugging Face Hub (offline mode is enabled).
Found the latest cached dataset configuration 'vi' at /home/mai.chau/.cache/huggingface/datasets/CohereForAI___global-mmlu/vi/0.0.0/0e619dbeb34206cd48705a1a0ea7fb21cae09993 (last modified on Thu Oct  8 14:53:12 2026).
Using the latest cached version of the dataset since CohereForAI/Global-MMLU couldn't be found on the Hugging Face Hub (offline mode is enabled).
Found the latest cached dataset configuration 'vi' at /home/mai.chau/.cache/huggingface/datasets/CohereForAI___global-mmlu/vi/0.0.0/0e619dbeb34206cd48705a1a0ea7fb21cae09993 (last modified on Thu Oct  8 14:53:12 2026).
Using the latest cached version of the dataset since CohereForAI/Global-MMLU couldn't be found on the Hugging Face Hub (offline mode is enabled).
Found the latest cached dataset configuration 'vi' at /home/mai.chau/.cache/huggingface/datasets/CohereForAI___global-mmlu/vi/0.0.0/0e619dbeb34206cd48705a1a0ea7fb21cae09993 (last modified on Thu Oct  8 14:53:12 2026).
Using the latest cached version of the dataset since CohereForAI/Global-MMLU couldn't be found on the Hugging Face Hub (offline mode is enabled).
Found the latest cached dataset configuration 'vi' at /home/mai.chau/.cache/huggingface/datasets/CohereForAI___global-mmlu/vi/0.0.0/0e619dbeb34206cd48705a1a0ea7fb21cae09993 (last modified on Thu Oct  8 14:53:12 2026).
Using the latest cached version of the dataset since CohereForAI/Global-MMLU couldn't be found on the Hugging Face Hub (offline mode is enabled).
Found the latest cached dataset configuration 'vi' at /home/mai.chau/.cache/huggingface/datasets/CohereForAI___global-mmlu/vi/0.0.0/0e619dbeb34206cd48705a1a0ea7fb21cae09993 (last modified on Thu Oct  8 14:53:12 2026).
Using the latest cached version of the dataset since CohereForAI/Global-MMLU couldn't be found on the Hugging Face Hub (offline mode is enabled).
Found the latest cached dataset configuration 'vi' at /home/mai.chau/.cache/huggingface/datasets/CohereForAI___global-mmlu/vi/0.0.0/0e619dbeb34206cd48705a1a0ea7fb21cae09993 (last modified on Thu Oct  8 14:53:12 2026).
Using the latest cached version of the dataset since CohereForAI/Global-MMLU couldn't be found on the Hugging Face Hub (offline mode is enabled).
Found the latest cached dataset configuration 'vi' at /home/mai.chau/.cache/huggingface/datasets/CohereForAI___global-mmlu/vi/0.0.0/0e619dbeb34206cd48705a1a0ea7fb21cae09993 (last modified on Thu Oct  8 14:53:12 2026).
Using the latest cached version of the dataset since CohereForAI/Global-MMLU couldn't be found on the Hugging Face Hub (offline mode is enabled).
Found the latest cached dataset configuration 'vi' at /home/mai.chau/.cache/huggingface/datasets/CohereForAI___global-mmlu/vi/0.0.0/0e619dbeb34206cd48705a1a0ea7fb21cae09993 (last modified on Thu Oct  8 14:53:12 2026).
Using the latest cached version of the dataset since CohereForAI/Global-MMLU couldn't be found on the Hugging Face Hub (offline mode is enabled).
Found the latest cached dataset configuration 'vi' at /home/mai.chau/.cache/huggingface/datasets/CohereForAI___global-mmlu/vi/0.0.0/0e619dbeb34206cd48705a1a0ea7fb21cae09993 (last modified on Thu Oct  8 14:53:12 2026).
Using the latest cached version of the dataset since CohereForAI/Global-MMLU couldn't be found on the Hugging Face Hub (offline mode is enabled).
Found the latest cached dataset configuration 'vi' at /home/mai.chau/.cache/huggingface/datasets/CohereForAI___global-mmlu/vi/0.0.0/0e619dbeb34206cd48705a1a0ea7fb21cae09993 (last modified on Thu Oct  8 14:53:12 2026).
Using the latest cached version of the dataset since CohereForAI/include-base-44 couldn't be found on the Hugging Face Hub (offline mode is enabled).
Found the latest cached dataset configuration 'Tagalog' at /home/mai.chau/.cache/huggingface/datasets/CohereForAI___include-base-44/Tagalog/0.0.0/d2e1f6015f67a43c02a9a68db98e2298e2d6a660 (last modified on Thu Oct  8 01:39:56 2026).
Using the latest cached version of the dataset since CohereForAI/include-base-44 couldn't be found on the Hugging Face Hub (offline mode is enabled).
Found the latest cached dataset configuration 'Tagalog' at /home/mai.chau/.cache/huggingface/datasets/CohereForAI___include-base-44/Tagalog/0.0.0/d2e1f6015f67a43c02a9a68db98e2298e2d6a660 (last modified on Thu Oct  8 01:39:56 2026).
Using the latest cached version of the dataset since CohereForAI/include-base-44 couldn't be found on the Hugging Face Hub (offline mode is enabled).
Found the latest cached dataset configuration 'Indonesian' at /home/mai.chau/.cache/huggingface/datasets/CohereForAI___include-base-44/Indonesian/0.0.0/d2e1f6015f67a43c02a9a68db98e2298e2d6a660 (last modified on Thu Oct  8 01:39:56 2026).
Using the latest cached version of the dataset since CohereForAI/include-base-44 couldn't be found on the Hugging Face Hub (offline mode is enabled).
Found the latest cached dataset configuration 'Indonesian' at /home/mai.chau/.cache/huggingface/datasets/CohereForAI___include-base-44/Indonesian/0.0.0/d2e1f6015f67a43c02a9a68db98e2298e2d6a660 (last modified on Thu Oct  8 01:39:56 2026).
Using the latest cached version of the dataset since CohereForAI/include-base-44 couldn't be found on the Hugging Face Hub (offline mode is enabled).
Found the latest cached dataset configuration 'Indonesian' at /home/mai.chau/.cache/huggingface/datasets/CohereForAI___include-base-44/Indonesian/0.0.0/d2e1f6015f67a43c02a9a68db98e2298e2d6a660 (last modified on Thu Oct  8 01:39:56 2026).
Using the latest cached version of the dataset since CohereForAI/include-base-44 couldn't be found on the Hugging Face Hub (offline mode is enabled).
Found the latest cached dataset configuration 'Indonesian' at /home/mai.chau/.cache/huggingface/datasets/CohereForAI___include-base-44/Indonesian/0.0.0/d2e1f6015f67a43c02a9a68db98e2298e2d6a660 (last modified on Thu Oct  8 01:39:56 2026).
Using the latest cached version of the dataset since CohereForAI/include-base-44 couldn't be found on the Hugging Face Hub (offline mode is enabled).
Found the latest cached dataset configuration 'Indonesian' at /home/mai.chau/.cache/huggingface/datasets/CohereForAI___include-base-44/Indonesian/0.0.0/d2e1f6015f67a43c02a9a68db98e2298e2d6a660 (last modified on Thu Oct  8 01:39:56 2026).
Using the latest cached version of the dataset since CohereForAI/include-base-44 couldn't be found on the Hugging Face Hub (offline mode is enabled).
Found the latest cached dataset configuration 'Malay' at /home/mai.chau/.cache/huggingface/datasets/CohereForAI___include-base-44/Malay/0.0.0/d2e1f6015f67a43c02a9a68db98e2298e2d6a660 (last modified on Thu Oct  8 01:39:56 2026).
Using the latest cached version of the dataset since CohereForAI/include-base-44 couldn't be found on the Hugging Face Hub (offline mode is enabled).
Found the latest cached dataset configuration 'Malay' at /home/mai.chau/.cache/huggingface/datasets/CohereForAI___include-base-44/Malay/0.0.0/d2e1f6015f67a43c02a9a68db98e2298e2d6a660 (last modified on Thu Oct  8 01:39:56 2026).
Using the latest cached version of the dataset since CohereForAI/include-base-44 couldn't be found on the Hugging Face Hub (offline mode is enabled).
Found the latest cached dataset configuration 'Malay' at /home/mai.chau/.cache/huggingface/datasets/CohereForAI___include-base-44/Malay/0.0.0/d2e1f6015f67a43c02a9a68db98e2298e2d6a660 (last modified on Thu Oct  8 01:39:56 2026).
Using the latest cached version of the dataset since CohereForAI/include-base-44 couldn't be found on the Hugging Face Hub (offline mode is enabled).
Found the latest cached dataset configuration 'Vietnamese' at /home/mai.chau/.cache/huggingface/datasets/CohereForAI___include-base-44/Vietnamese/0.0.0/d2e1f6015f67a43c02a9a68db98e2298e2d6a660 (last modified on Thu Oct  8 00:36:39 2026).
Using the latest cached version of the dataset since CohereForAI/include-base-44 couldn't be found on the Hugging Face Hub (offline mode is enabled).
Found the latest cached dataset configuration 'Vietnamese' at /home/mai.chau/.cache/huggingface/datasets/CohereForAI___include-base-44/Vietnamese/0.0.0/d2e1f6015f67a43c02a9a68db98e2298e2d6a660 (last modified on Thu Oct  8 00:36:39 2026).
Using the latest cached version of the dataset since CohereForAI/include-base-44 couldn't be found on the Hugging Face Hub (offline mode is enabled).
Found the latest cached dataset configuration 'Vietnamese' at /home/mai.chau/.cache/huggingface/datasets/CohereForAI___include-base-44/Vietnamese/0.0.0/d2e1f6015f67a43c02a9a68db98e2298e2d6a660 (last modified on Thu Oct  8 00:36:39 2026).
Using the latest cached version of the dataset since Davlan/sib200 couldn't be found on the Hugging Face Hub (offline mode is enabled).
Found the latest cached dataset configuration 'mya_Mymr' at /home/mai.chau/.cache/huggingface/datasets/Davlan___sib200/mya_Mymr/0.0.0/38977a667f6fc264d5c26ec57a01e16db040b358 (last modified on Thu Oct  8 11:16:14 2026).
Using the latest cached version of the dataset since Davlan/sib200 couldn't be found on the Hugging Face Hub (offline mode is enabled).
Found the latest cached dataset configuration 'tgl_Latn' at /home/mai.chau/.cache/huggingface/datasets/Davlan___sib200/tgl_Latn/0.0.0/38977a667f6fc264d5c26ec57a01e16db040b358 (last modified on Thu Oct  8 11:16:43 2026).
Using the latest cached version of the dataset since Davlan/sib200 couldn't be found on the Hugging Face Hub (offline mode is enabled).
Found the latest cached dataset configuration 'ind_Latn' at /home/mai.chau/.cache/huggingface/datasets/Davlan___sib200/ind_Latn/0.0.0/38977a667f6fc264d5c26ec57a01e16db040b358 (last modified on Thu Oct  8 11:15:12 2026).
Using the latest cached version of the dataset since Davlan/sib200 couldn't be found on the Hugging Face Hub (offline mode is enabled).
Found the latest cached dataset configuration 'khm_Khmr' at /home/mai.chau/.cache/huggingface/datasets/Davlan___sib200/khm_Khmr/0.0.0/38977a667f6fc264d5c26ec57a01e16db040b358 (last modified on Thu Oct  8 11:16:47 2026).
Using the latest cached version of the dataset since Davlan/sib200 couldn't be found on the Hugging Face Hub (offline mode is enabled).
Found the latest cached dataset configuration 'zsm_Latn' at /home/mai.chau/.cache/huggingface/datasets/Davlan___sib200/zsm_Latn/0.0.0/38977a667f6fc264d5c26ec57a01e16db040b358 (last modified on Thu Oct  8 11:24:24 2026).
Using the latest cached version of the dataset since Davlan/sib200 couldn't be found on the Hugging Face Hub (offline mode is enabled).
Found the latest cached dataset configuration 'tha_Thai' at /home/mai.chau/.cache/huggingface/datasets/Davlan___sib200/tha_Thai/0.0.0/38977a667f6fc264d5c26ec57a01e16db040b358 (last modified on Thu Oct  8 11:24:52 2026).
Using the latest cached version of the dataset since Davlan/sib200 couldn't be found on the Hugging Face Hub (offline mode is enabled).
Found the latest cached dataset configuration 'vie_Latn' at /home/mai.chau/.cache/huggingface/datasets/Davlan___sib200/vie_Latn/0.0.0/38977a667f6fc264d5c26ec57a01e16db040b358 (last modified on Thu Oct  8 11:16:51 2026).
Using the latest cached version of the dataset since aisingapore/SEA-NLI couldn't be found on the Hugging Face Hub (offline mode is enabled).
Found the latest cached dataset configuration 'normal' at /home/mai.chau/.cache/huggingface/datasets/aisingapore___sea-nli/normal/0.0.0/f3a73ccb4213ff995ef2bf8bcb903eaf53195713 (last modified on Thu Oct  8 11:27:41 2026).
Using the latest cached version of the dataset since aisingapore/SEA-NLI couldn't be found on the Hugging Face Hub (offline mode is enabled).
Found the latest cached dataset configuration 'normal' at /home/mai.chau/.cache/huggingface/datasets/aisingapore___sea-nli/normal/0.0.0/f3a73ccb4213ff995ef2bf8bcb903eaf53195713 (last modified on Thu Oct  8 11:27:41 2026).
Using the latest cached version of the dataset since aisingapore/SEA-NLI couldn't be found on the Hugging Face Hub (offline mode is enabled).
Found the latest cached dataset configuration 'normal' at /home/mai.chau/.cache/huggingface/datasets/aisingapore___sea-nli/normal/0.0.0/f3a73ccb4213ff995ef2bf8bcb903eaf53195713 (last modified on Thu Oct  8 11:27:41 2026).
Using the latest cached version of the dataset since aisingapore/SEA-NLI couldn't be found on the Hugging Face Hub (offline mode is enabled).
Found the latest cached dataset configuration 'normal' at /home/mai.chau/.cache/huggingface/datasets/aisingapore___sea-nli/normal/0.0.0/f3a73ccb4213ff995ef2bf8bcb903eaf53195713 (last modified on Thu Oct  8 11:27:41 2026).
Using the latest cached version of the dataset since aisingapore/SEA-NLI couldn't be found on the Hugging Face Hub (offline mode is enabled).
Found the latest cached dataset configuration 'normal' at /home/mai.chau/.cache/huggingface/datasets/aisingapore___sea-nli/normal/0.0.0/f3a73ccb4213ff995ef2bf8bcb903eaf53195713 (last modified on Thu Oct  8 11:27:41 2026).
Using the latest cached version of the dataset since aisingapore/SEA-NLI couldn't be found on the Hugging Face Hub (offline mode is enabled).
Found the latest cached dataset configuration 'normal' at /home/mai.chau/.cache/huggingface/datasets/aisingapore___sea-nli/normal/0.0.0/f3a73ccb4213ff995ef2bf8bcb903eaf53195713 (last modified on Thu Oct  8 11:27:41 2026).
Using the latest cached version of the dataset since aisingapore/SEA-NLI couldn't be found on the Hugging Face Hub (offline mode is enabled).
Found the latest cached dataset configuration 'normal' at /home/mai.chau/.cache/huggingface/datasets/aisingapore___sea-nli/normal/0.0.0/f3a73ccb4213ff995ef2bf8bcb903eaf53195713 (last modified on Thu Oct  8 11:27:41 2026).
Using the latest cached version of the dataset since aisingapore/SEA-NLI couldn't be found on the Hugging Face Hub (offline mode is enabled).
Found the latest cached dataset configuration 'hard' at /home/mai.chau/.cache/huggingface/datasets/aisingapore___sea-nli/hard/0.0.0/f3a73ccb4213ff995ef2bf8bcb903eaf53195713 (last modified on Thu Oct  8 11:27:51 2026).
Using the latest cached version of the dataset since aisingapore/SEA-NLI couldn't be found on the Hugging Face Hub (offline mode is enabled).
Found the latest cached dataset configuration 'hard' at /home/mai.chau/.cache/huggingface/datasets/aisingapore___sea-nli/hard/0.0.0/f3a73ccb4213ff995ef2bf8bcb903eaf53195713 (last modified on Thu Oct  8 11:27:51 2026).
Using the latest cached version of the dataset since aisingapore/SEA-NLI couldn't be found on the Hugging Face Hub (offline mode is enabled).
Found the latest cached dataset configuration 'hard' at /home/mai.chau/.cache/huggingface/datasets/aisingapore___sea-nli/hard/0.0.0/f3a73ccb4213ff995ef2bf8bcb903eaf53195713 (last modified on Thu Oct  8 11:27:51 2026).
Using the latest cached version of the dataset since aisingapore/SEA-NLI couldn't be found on the Hugging Face Hub (offline mode is enabled).
Found the latest cached dataset configuration 'hard' at /home/mai.chau/.cache/huggingface/datasets/aisingapore___sea-nli/hard/0.0.0/f3a73ccb4213ff995ef2bf8bcb903eaf53195713 (last modified on Thu Oct  8 11:27:51 2026).
Using the latest cached version of the dataset since aisingapore/SEA-NLI couldn't be found on the Hugging Face Hub (offline mode is enabled).
Found the latest cached dataset configuration 'hard' at /home/mai.chau/.cache/huggingface/datasets/aisingapore___sea-nli/hard/0.0.0/f3a73ccb4213ff995ef2bf8bcb903eaf53195713 (last modified on Thu Oct  8 11:27:51 2026).
Using the latest cached version of the dataset since aisingapore/SEA-NLI couldn't be found on the Hugging Face Hub (offline mode is enabled).
Found the latest cached dataset configuration 'hard' at /home/mai.chau/.cache/huggingface/datasets/aisingapore___sea-nli/hard/0.0.0/f3a73ccb4213ff995ef2bf8bcb903eaf53195713 (last modified on Thu Oct  8 11:27:51 2026).
Using the latest cached version of the dataset since aisingapore/SEA-NLI couldn't be found on the Hugging Face Hub (offline mode is enabled).
Found the latest cached dataset configuration 'hard' at /home/mai.chau/.cache/huggingface/datasets/aisingapore___sea-nli/hard/0.0.0/f3a73ccb4213ff995ef2bf8bcb903eaf53195713 (last modified on Thu Oct  8 11:27:51 2026).
  0%|          | 0/500 [00:00<?, ?it/s]  3%|▎         | 14/500 [00:00<00:03, 135.10it/s]  6%|▌         | 28/500 [00:00<00:03, 136.03it/s]  9%|▊         | 43/500 [00:00<00:03, 138.60it/s] 12%|█▏        | 58/500 [00:00<00:03, 140.38it/s] 15%|█▍        | 73/500 [00:00<00:03, 141.46it/s] 18%|█▊        | 88/500 [00:00<00:02, 142.18it/s] 21%|██        | 103/500 [00:00<00:02, 142.63it/s] 24%|██▎       | 118/500 [00:00<00:02, 142.88it/s] 27%|██▋       | 133/500 [00:00<00:02, 142.86it/s] 30%|██▉       | 148/500 [00:01<00:02, 143.23it/s] 33%|███▎      | 163/500 [00:01<00:02, 143.36it/s] 36%|███▌      | 178/500 [00:01<00:02, 143.44it/s] 39%|███▊      | 193/500 [00:01<00:02, 143.18it/s] 42%|████▏     | 208/500 [00:01<00:02, 143.06it/s] 45%|████▍     | 223/500 [00:01<00:01, 143.40it/s] 48%|████▊     | 238/500 [00:01<00:01, 143.56it/s] 51%|█████     | 253/500 [00:01<00:01, 143.20it/s] 54%|█████▎    | 268/500 [00:01<00:01, 143.39it/s] 57%|█████▋    | 283/500 [00:01<00:01, 143.66it/s] 60%|█████▉    | 298/500 [00:02<00:01, 143.76it/s] 63%|██████▎   | 313/500 [00:02<00:01, 143.88it/s] 66%|██████▌   | 328/500 [00:02<00:01, 143.98it/s] 69%|██████▊   | 343/500 [00:02<00:01, 144.05it/s] 72%|███████▏  | 358/500 [00:02<00:00, 144.15it/s] 75%|███████▍  | 373/500 [00:02<00:00, 144.29it/s] 78%|███████▊  | 388/500 [00:02<00:00, 144.05it/s] 81%|████████  | 403/500 [00:02<00:00, 144.19it/s] 84%|████████▎ | 418/500 [00:02<00:00, 144.34it/s] 87%|████████▋ | 433/500 [00:03<00:00, 144.22it/s] 90%|████████▉ | 448/500 [00:03<00:00, 144.06it/s] 93%|█████████▎| 463/500 [00:03<00:00, 144.03it/s] 96%|█████████▌| 478/500 [00:03<00:00, 144.44it/s] 99%|█████████▊| 493/500 [00:03<00:00, 144.80it/s]100%|██████████| 500/500 [00:03<00:00, 143.34it/s]
  0%|          | 0/500 [00:00<?, ?it/s]  3%|▎         | 15/500 [00:00<00:03, 142.05it/s]  6%|▌         | 30/500 [00:00<00:03, 143.09it/s]  9%|▉         | 45/500 [00:00<00:03, 143.59it/s] 12%|█▏        | 60/500 [00:00<00:03, 144.25it/s] 15%|█▌        | 75/500 [00:00<00:02, 144.26it/s] 18%|█▊        | 90/500 [00:00<00:02, 144.44it/s] 21%|██        | 105/500 [00:00<00:02, 144.61it/s] 24%|██▍       | 120/500 [00:00<00:02, 144.50it/s] 27%|██▋       | 135/500 [00:00<00:02, 144.65it/s] 30%|███       | 150/500 [00:01<00:02, 144.59it/s] 33%|███▎      | 165/500 [00:01<00:02, 144.39it/s] 36%|███▌      | 180/500 [00:01<00:02, 144.45it/s] 39%|███▉      | 195/500 [00:01<00:02, 144.56it/s] 42%|████▏     | 210/500 [00:01<00:02, 144.00it/s] 45%|████▌     | 225/500 [00:01<00:01, 143.55it/s] 48%|████▊     | 240/500 [00:01<00:01, 143.36it/s] 51%|█████     | 255/500 [00:01<00:01, 143.09it/s] 54%|█████▍    | 270/500 [00:01<00:01, 142.87it/s] 57%|█████▋    | 285/500 [00:01<00:01, 142.92it/s] 60%|██████    | 300/500 [00:02<00:01, 142.97it/s] 63%|██████▎   | 315/500 [00:02<00:01, 142.90it/s] 66%|██████▌   | 330/500 [00:02<00:01, 142.84it/s] 69%|██████▉   | 345/500 [00:02<00:01, 142.68it/s] 72%|███████▏  | 360/500 [00:02<00:00, 141.76it/s] 75%|███████▌  | 375/500 [00:02<00:00, 141.07it/s] 78%|███████▊  | 390/500 [00:02<00:00, 140.19it/s] 81%|████████  | 405/500 [00:02<00:00, 139.86it/s] 84%|████████▍ | 419/500 [00:02<00:00, 139.47it/s] 87%|████████▋ | 433/500 [00:03<00:00, 139.32it/s] 89%|████████▉ | 447/500 [00:03<00:00, 139.17it/s] 92%|█████████▏| 461/500 [00:03<00:00, 138.86it/s] 95%|█████████▌| 475/500 [00:03<00:00, 138.89it/s] 98%|█████████▊| 489/500 [00:03<00:00, 138.97it/s]100%|██████████| 500/500 [00:03<00:00, 142.12it/s]
  0%|          | 0/500 [00:00<?, ?it/s]  3%|▎         | 14/500 [00:00<00:03, 138.57it/s]  6%|▌         | 28/500 [00:00<00:03, 138.89it/s]  8%|▊         | 42/500 [00:00<00:03, 138.61it/s] 11%|█         | 56/500 [00:00<00:03, 138.36it/s] 14%|█▍        | 70/500 [00:00<00:03, 134.40it/s] 17%|█▋        | 84/500 [00:00<00:03, 135.75it/s] 20%|█▉        | 98/500 [00:00<00:02, 136.56it/s] 22%|██▏       | 112/500 [00:00<00:02, 137.34it/s] 25%|██▌       | 126/500 [00:00<00:02, 137.89it/s] 28%|██▊       | 140/500 [00:01<00:02, 138.20it/s] 31%|███       | 154/500 [00:01<00:02, 138.46it/s] 34%|███▎      | 168/500 [00:01<00:02, 138.53it/s] 36%|███▋      | 182/500 [00:01<00:02, 138.53it/s] 39%|███▉      | 196/500 [00:01<00:02, 138.63it/s] 42%|████▏     | 210/500 [00:01<00:02, 138.73it/s] 45%|████▍     | 224/500 [00:01<00:01, 138.77it/s] 48%|████▊     | 238/500 [00:01<00:01, 138.75it/s] 50%|█████     | 252/500 [00:01<00:01, 138.76it/s] 53%|█████▎    | 266/500 [00:01<00:01, 138.76it/s] 56%|█████▌    | 280/500 [00:02<00:01, 138.89it/s] 59%|█████▉    | 294/500 [00:02<00:01, 138.88it/s] 62%|██████▏   | 308/500 [00:02<00:01, 138.83it/s] 64%|██████▍   | 322/500 [00:02<00:01, 138.74it/s] 67%|██████▋   | 336/500 [00:02<00:01, 138.71it/s] 70%|███████   | 350/500 [00:02<00:01, 138.67it/s] 73%|███████▎  | 364/500 [00:02<00:00, 138.90it/s] 76%|███████▌  | 378/500 [00:02<00:00, 138.83it/s] 78%|███████▊  | 392/500 [00:02<00:00, 138.71it/s] 81%|████████  | 406/500 [00:02<00:00, 138.83it/s] 84%|████████▍ | 420/500 [00:03<00:00, 138.91it/s] 87%|████████▋ | 434/500 [00:03<00:00, 138.96it/s] 90%|████████▉ | 448/500 [00:03<00:00, 138.95it/s] 92%|█████████▏| 462/500 [00:03<00:00, 139.07it/s] 95%|█████████▌| 476/500 [00:03<00:00, 139.11it/s] 98%|█████████▊| 490/500 [00:03<00:00, 139.03it/s]100%|██████████| 500/500 [00:03<00:00, 138.50it/s]
  0%|          | 0/500 [00:00<?, ?it/s]  3%|▎         | 14/500 [00:00<00:03, 138.91it/s]  6%|▌         | 28/500 [00:00<00:03, 138.66it/s]  8%|▊         | 42/500 [00:00<00:03, 138.98it/s] 11%|█         | 56/500 [00:00<00:03, 138.79it/s] 14%|█▍        | 70/500 [00:00<00:03, 138.83it/s] 17%|█▋        | 84/500 [00:00<00:02, 138.92it/s] 20%|█▉        | 98/500 [00:00<00:02, 138.80it/s] 22%|██▏       | 112/500 [00:00<00:02, 138.69it/s] 25%|██▌       | 126/500 [00:00<00:02, 138.96it/s] 28%|██▊       | 140/500 [00:01<00:02, 138.97it/s] 31%|███       | 154/500 [00:01<00:02, 138.92it/s] 34%|███▎      | 168/500 [00:01<00:02, 138.24it/s] 36%|███▋      | 182/500 [00:01<00:02, 138.20it/s] 39%|███▉      | 196/500 [00:01<00:02, 138.46it/s] 42%|████▏     | 210/500 [00:01<00:02, 138.59it/s] 45%|████▍     | 224/500 [00:01<00:01, 138.62it/s] 48%|████▊     | 238/500 [00:01<00:01, 138.60it/s] 50%|█████     | 252/500 [00:01<00:01, 138.68it/s] 53%|█████▎    | 266/500 [00:01<00:01, 138.77it/s] 56%|█████▌    | 280/500 [00:02<00:01, 138.80it/s] 59%|█████▉    | 294/500 [00:02<00:01, 138.92it/s] 62%|██████▏   | 308/500 [00:02<00:01, 138.79it/s] 64%|██████▍   | 322/500 [00:02<00:01, 138.84it/s] 67%|██████▋   | 336/500 [00:02<00:01, 138.84it/s] 70%|███████   | 350/500 [00:02<00:01, 138.93it/s] 73%|███████▎  | 364/500 [00:02<00:00, 139.04it/s] 76%|███████▌  | 378/500 [00:02<00:00, 139.04it/s] 78%|███████▊  | 392/500 [00:02<00:00, 139.04it/s] 81%|████████  | 406/500 [00:02<00:00, 139.01it/s] 84%|████████▍ | 420/500 [00:03<00:00, 139.10it/s] 87%|████████▋ | 434/500 [00:03<00:00, 139.15it/s] 90%|████████▉ | 448/500 [00:03<00:00, 139.31it/s] 92%|█████████▏| 462/500 [00:03<00:00, 139.30it/s] 95%|█████████▌| 476/500 [00:03<00:00, 139.08it/s] 98%|█████████▊| 490/500 [00:03<00:00, 139.25it/s]100%|██████████| 500/500 [00:03<00:00, 138.89it/s]
  0%|          | 0/500 [00:00<?, ?it/s]  3%|▎         | 14/500 [00:00<00:03, 138.39it/s]  6%|▌         | 28/500 [00:00<00:03, 138.66it/s]  8%|▊         | 42/500 [00:00<00:03, 138.86it/s] 11%|█         | 56/500 [00:00<00:03, 138.89it/s] 14%|█▍        | 70/500 [00:00<00:03, 139.03it/s] 17%|█▋        | 84/500 [00:00<00:02, 139.11it/s] 20%|█▉        | 98/500 [00:00<00:02, 139.16it/s] 22%|██▏       | 112/500 [00:00<00:02, 139.41it/s] 25%|██▌       | 126/500 [00:00<00:02, 139.32it/s] 28%|██▊       | 140/500 [00:01<00:02, 139.12it/s] 31%|███       | 154/500 [00:01<00:02, 139.10it/s] 34%|███▎      | 168/500 [00:01<00:02, 139.15it/s] 36%|███▋      | 182/500 [00:01<00:02, 139.25it/s] 39%|███▉      | 196/500 [00:01<00:02, 139.39it/s] 42%|████▏     | 210/500 [00:01<00:02, 139.38it/s] 45%|████▍     | 224/500 [00:01<00:01, 139.33it/s] 48%|████▊     | 238/500 [00:01<00:01, 139.25it/s] 50%|█████     | 252/500 [00:01<00:01, 139.35it/s] 53%|█████▎    | 266/500 [00:01<00:01, 139.32it/s] 56%|█████▌    | 280/500 [00:02<00:01, 138.85it/s] 59%|█████▉    | 294/500 [00:02<00:01, 139.12it/s] 62%|██████▏   | 308/500 [00:02<00:01, 139.13it/s] 65%|██████▍   | 323/500 [00:02<00:01, 139.45it/s] 67%|██████▋   | 337/500 [00:02<00:01, 139.48it/s] 70%|███████   | 351/500 [00:02<00:01, 139.56it/s] 73%|███████▎  | 366/500 [00:02<00:00, 139.71it/s] 76%|███████▌  | 380/500 [00:02<00:00, 139.51it/s] 79%|███████▉  | 394/500 [00:02<00:00, 139.40it/s] 82%|████████▏ | 408/500 [00:02<00:00, 139.40it/s] 84%|████████▍ | 422/500 [00:03<00:00, 139.51it/s] 87%|████████▋ | 436/500 [00:03<00:00, 139.49it/s] 90%|█████████ | 450/500 [00:03<00:00, 139.33it/s] 93%|█████████▎| 464/500 [00:03<00:00, 139.50it/s] 96%|█████████▌| 478/500 [00:03<00:00, 139.63it/s] 98%|█████████▊| 492/500 [00:03<00:00, 139.39it/s]100%|██████████| 500/500 [00:03<00:00, 139.30it/s]
  0%|          | 0/500 [00:00<?, ?it/s]  3%|▎         | 15/500 [00:00<00:03, 140.90it/s]  6%|▌         | 30/500 [00:00<00:03, 140.74it/s]  9%|▉         | 45/500 [00:00<00:03, 140.87it/s] 12%|█▏        | 60/500 [00:00<00:03, 140.88it/s] 15%|█▌        | 75/500 [00:00<00:03, 140.75it/s] 18%|█▊        | 90/500 [00:00<00:02, 140.77it/s] 21%|██        | 105/500 [00:00<00:02, 140.74it/s] 24%|██▍       | 120/500 [00:00<00:02, 140.77it/s] 27%|██▋       | 135/500 [00:00<00:02, 140.76it/s] 30%|███       | 150/500 [00:01<00:02, 140.81it/s] 33%|███▎      | 165/500 [00:01<00:02, 140.80it/s] 36%|███▌      | 180/500 [00:01<00:02, 140.89it/s] 39%|███▉      | 195/500 [00:01<00:02, 140.98it/s] 42%|████▏     | 210/500 [00:01<00:02, 141.00it/s] 45%|████▌     | 225/500 [00:01<00:01, 140.96it/s] 48%|████▊     | 240/500 [00:01<00:01, 140.87it/s] 51%|█████     | 255/500 [00:01<00:01, 140.69it/s] 54%|█████▍    | 270/500 [00:01<00:01, 140.43it/s] 57%|█████▋    | 285/500 [00:02<00:01, 140.05it/s] 60%|██████    | 300/500 [00:02<00:01, 139.86it/s] 63%|██████▎   | 314/500 [00:02<00:01, 139.86it/s] 66%|██████▌   | 328/500 [00:02<00:01, 139.79it/s] 68%|██████▊   | 342/500 [00:02<00:01, 139.78it/s] 71%|███████   | 356/500 [00:02<00:01, 139.79it/s] 74%|███████▍  | 371/500 [00:02<00:00, 139.87it/s] 77%|███████▋  | 386/500 [00:02<00:00, 140.04it/s] 80%|████████  | 401/500 [00:02<00:00, 139.04it/s] 83%|████████▎ | 416/500 [00:02<00:00, 139.76it/s] 86%|████████▌ | 431/500 [00:03<00:00, 140.61it/s] 89%|████████▉ | 446/500 [00:03<00:00, 141.91it/s] 92%|█████████▏| 461/500 [00:03<00:00, 142.66it/s] 95%|█████████▌| 476/500 [00:03<00:00, 142.83it/s] 98%|█████████▊| 491/500 [00:03<00:00, 143.48it/s]100%|██████████| 500/500 [00:03<00:00, 140.98it/s]
  0%|          | 0/500 [00:00<?, ?it/s]  3%|▎         | 15/500 [00:00<00:03, 143.19it/s]  6%|▌         | 30/500 [00:00<00:03, 143.08it/s]  9%|▉         | 45/500 [00:00<00:03, 143.32it/s] 12%|█▏        | 60/500 [00:00<00:03, 143.38it/s] 15%|█▌        | 75/500 [00:00<00:02, 143.66it/s] 18%|█▊        | 90/500 [00:00<00:02, 144.00it/s] 21%|██        | 105/500 [00:00<00:02, 144.02it/s] 24%|██▍       | 120/500 [00:00<00:02, 144.10it/s] 27%|██▋       | 135/500 [00:00<00:02, 144.33it/s] 30%|███       | 150/500 [00:01<00:02, 144.45it/s] 33%|███▎      | 165/500 [00:01<00:02, 144.46it/s] 36%|███▌      | 180/500 [00:01<00:02, 144.53it/s] 39%|███▉      | 195/500 [00:01<00:02, 144.53it/s] 42%|████▏     | 210/500 [00:01<00:02, 144.59it/s] 45%|████▌     | 225/500 [00:01<00:01, 144.67it/s] 48%|████▊     | 240/500 [00:01<00:01, 144.63it/s] 51%|█████     | 255/500 [00:01<00:01, 144.36it/s] 54%|█████▍    | 270/500 [00:01<00:01, 143.74it/s] 57%|█████▋    | 285/500 [00:01<00:01, 143.87it/s] 60%|██████    | 300/500 [00:02<00:01, 144.05it/s] 63%|██████▎   | 315/500 [00:02<00:01, 144.31it/s] 66%|██████▌   | 330/500 [00:02<00:01, 144.40it/s] 69%|██████▉   | 345/500 [00:02<00:01, 144.46it/s] 72%|███████▏  | 360/500 [00:02<00:00, 144.50it/s] 75%|███████▌  | 375/500 [00:02<00:00, 144.42it/s] 78%|███████▊  | 390/500 [00:02<00:00, 144.20it/s] 81%|████████  | 405/500 [00:02<00:00, 144.49it/s] 84%|████████▍ | 420/500 [00:02<00:00, 144.58it/s] 87%|████████▋ | 435/500 [00:03<00:00, 144.09it/s] 90%|█████████ | 450/500 [00:03<00:00, 144.21it/s] 93%|█████████▎| 465/500 [00:03<00:00, 144.15it/s] 96%|█████████▌| 480/500 [00:03<00:00, 144.24it/s] 99%|█████████▉| 495/500 [00:03<00:00, 144.33it/s]100%|██████████| 500/500 [00:03<00:00, 144.20it/s]
  0%|          | 0/95 [00:00<?, ?it/s] 49%|████▉     | 47/95 [00:00<00:00, 460.67it/s] 99%|█████████▉| 94/95 [00:00<00:00, 464.48it/s]100%|██████████| 95/95 [00:00<00:00, 463.76it/s]
  0%|          | 0/95 [00:00<?, ?it/s] 49%|████▉     | 47/95 [00:00<00:00, 463.77it/s] 99%|█████████▉| 94/95 [00:00<00:00, 466.86it/s]100%|██████████| 95/95 [00:00<00:00, 466.38it/s]
  0%|          | 0/95 [00:00<?, ?it/s] 49%|████▉     | 47/95 [00:00<00:00, 468.00it/s] 99%|█████████▉| 94/95 [00:00<00:00, 467.59it/s]100%|██████████| 95/95 [00:00<00:00, 467.45it/s]
  0%|          | 0/95 [00:00<?, ?it/s] 48%|████▊     | 46/95 [00:00<00:00, 452.71it/s] 97%|█████████▋| 92/95 [00:00<00:00, 455.71it/s]100%|██████████| 95/95 [00:00<00:00, 455.21it/s]
  0%|          | 0/95 [00:00<?, ?it/s] 47%|████▋     | 45/95 [00:00<00:00, 444.83it/s] 95%|█████████▍| 90/95 [00:00<00:00, 444.59it/s]100%|██████████| 95/95 [00:00<00:00, 444.87it/s]
  0%|          | 0/4 [00:00<?, ?it/s]100%|██████████| 4/4 [00:00<00:00, 271.51it/s]
  0%|          | 0/6 [00:00<?, ?it/s]100%|██████████| 6/6 [00:00<00:00, 279.00it/s]
  0%|          | 0/6 [00:00<?, ?it/s]100%|██████████| 6/6 [00:00<00:00, 282.44it/s]
  0%|          | 0/4 [00:00<?, ?it/s]100%|██████████| 4/4 [00:00<00:00, 282.74it/s]
  0%|          | 0/6 [00:00<?, ?it/s]100%|██████████| 6/6 [00:00<00:00, 282.06it/s]
  0%|          | 0/2 [00:00<?, ?it/s]100%|██████████| 2/2 [00:00<00:00, 281.18it/s]
  0%|          | 0/3 [00:00<?, ?it/s]100%|██████████| 3/3 [00:00<00:00, 276.76it/s]
  0%|          | 0/5 [00:00<?, ?it/s]100%|██████████| 5/5 [00:00<00:00, 283.51it/s]
  0%|          | 0/2 [00:00<?, ?it/s]100%|██████████| 2/2 [00:00<00:00, 277.61it/s]
  0%|          | 0/8 [00:00<?, ?it/s]100%|██████████| 8/8 [00:00<00:00, 284.59it/s]
  0%|          | 0/4 [00:00<?, ?it/s]100%|██████████| 4/4 [00:00<00:00, 284.70it/s]
  0%|          | 0/11 [00:00<?, ?it/s]100%|██████████| 11/11 [00:00<00:00, 284.19it/s]
  0%|          | 0/12 [00:00<?, ?it/s]100%|██████████| 12/12 [00:00<00:00, 284.80it/s]
  0%|          | 0/5 [00:00<?, ?it/s]100%|██████████| 5/5 [00:00<00:00, 284.58it/s]
  0%|          | 0/7 [00:00<?, ?it/s]100%|██████████| 7/7 [00:00<00:00, 280.63it/s]
  0%|          | 0/7 [00:00<?, ?it/s]100%|██████████| 7/7 [00:00<00:00, 283.04it/s]
  0%|          | 0/3 [00:00<?, ?it/s]100%|██████████| 3/3 [00:00<00:00, 233.98it/s]
  0%|          | 0/4 [00:00<?, ?it/s]100%|██████████| 4/4 [00:00<00:00, 280.05it/s]
  0%|          | 0/1 [00:00<?, ?it/s]100%|██████████| 1/1 [00:00<00:00, 280.11it/s]
  0%|          | 0/15 [00:00<?, ?it/s]100%|██████████| 15/15 [00:00<00:00, 284.68it/s]
  0%|          | 0/21 [00:00<?, ?it/s]100%|██████████| 21/21 [00:00<00:00, 284.20it/s]
  0%|          | 0/14 [00:00<?, ?it/s]100%|██████████| 14/14 [00:00<00:00, 283.17it/s]
  0%|          | 0/16 [00:00<?, ?it/s]100%|██████████| 16/16 [00:00<00:00, 284.49it/s]
  0%|          | 0/10 [00:00<?, ?it/s]100%|██████████| 10/10 [00:00<00:00, 284.29it/s]
  0%|          | 0/12 [00:00<?, ?it/s]100%|██████████| 12/12 [00:00<00:00, 284.34it/s]
  0%|          | 0/28 [00:00<?, ?it/s]100%|██████████| 28/28 [00:00<00:00, 285.00it/s]
  0%|          | 0/6 [00:00<?, ?it/s]100%|██████████| 6/6 [00:00<00:00, 285.34it/s]
  0%|          | 0/84 [00:00<?, ?it/s] 35%|███▍      | 29/84 [00:00<00:00, 283.04it/s] 69%|██████▉   | 58/84 [00:00<00:00, 284.49it/s]100%|██████████| 84/84 [00:00<00:00, 285.14it/s]
  0%|          | 0/23 [00:00<?, ?it/s]100%|██████████| 23/23 [00:00<00:00, 285.23it/s]
  0%|          | 0/45 [00:00<?, ?it/s] 64%|██████▍   | 29/45 [00:00<00:00, 286.45it/s]100%|██████████| 45/45 [00:00<00:00, 286.13it/s]
  0%|          | 0/17 [00:00<?, ?it/s]100%|██████████| 17/17 [00:00<00:00, 285.22it/s]
  0%|          | 0/9 [00:00<?, ?it/s]100%|██████████| 9/9 [00:00<00:00, 286.77it/s]
  0%|          | 0/4 [00:00<?, ?it/s]100%|██████████| 4/4 [00:00<00:00, 285.64it/s]
  0%|          | 0/4 [00:00<?, ?it/s]100%|██████████| 4/4 [00:00<00:00, 284.48it/s]
  0%|          | 0/11 [00:00<?, ?it/s]100%|██████████| 11/11 [00:00<00:00, 285.82it/s]
  0%|          | 0/15 [00:00<?, ?it/s]100%|██████████| 15/15 [00:00<00:00, 285.71it/s]
  0%|          | 0/7 [00:00<?, ?it/s]100%|██████████| 7/7 [00:00<00:00, 281.37it/s]
  0%|          | 0/16 [00:00<?, ?it/s]100%|██████████| 16/16 [00:00<00:00, 284.52it/s]
  0%|          | 0/3 [00:00<?, ?it/s]100%|██████████| 3/3 [00:00<00:00, 279.01it/s]
  0%|          | 0/18 [00:00<?, ?it/s]100%|██████████| 18/18 [00:00<00:00, 285.72it/s]
  0%|          | 0/5 [00:00<?, ?it/s]100%|██████████| 5/5 [00:00<00:00, 286.17it/s]
  0%|          | 0/8 [00:00<?, ?it/s]100%|██████████| 8/8 [00:00<00:00, 283.53it/s]
  0%|          | 0/5 [00:00<?, ?it/s]100%|██████████| 5/5 [00:00<00:00, 281.29it/s]
  0%|          | 0/4 [00:00<?, ?it/s]100%|██████████| 4/4 [00:00<00:00, 282.71it/s]
  0%|          | 0/3 [00:00<?, ?it/s]100%|██████████| 3/3 [00:00<00:00, 282.74it/s]
  0%|          | 0/5 [00:00<?, ?it/s]100%|██████████| 5/5 [00:00<00:00, 279.99it/s]
  0%|          | 0/6 [00:00<?, ?it/s]100%|██████████| 6/6 [00:00<00:00, 279.03it/s]
  0%|          | 0/5 [00:00<?, ?it/s]100%|██████████| 5/5 [00:00<00:00, 282.06it/s]
  0%|          | 0/4 [00:00<?, ?it/s]100%|██████████| 4/4 [00:00<00:00, 278.70it/s]
  0%|          | 0/2 [00:00<?, ?it/s]100%|██████████| 2/2 [00:00<00:00, 278.62it/s]
  0%|          | 0/2 [00:00<?, ?it/s]100%|██████████| 2/2 [00:00<00:00, 282.75it/s]
  0%|          | 0/7 [00:00<?, ?it/s]100%|██████████| 7/7 [00:00<00:00, 283.72it/s]
  0%|          | 0/13 [00:00<?, ?it/s]100%|██████████| 13/13 [00:00<00:00, 285.00it/s]
  0%|          | 0/7 [00:00<?, ?it/s]100%|██████████| 7/7 [00:00<00:00, 286.55it/s]
  0%|          | 0/10 [00:00<?, ?it/s]100%|██████████| 10/10 [00:00<00:00, 284.94it/s]
  0%|          | 0/34 [00:00<?, ?it/s] 85%|████████▌ | 29/34 [00:00<00:00, 285.17it/s]100%|██████████| 34/34 [00:00<00:00, 284.90it/s]
  0%|          | 0/2 [00:00<?, ?it/s]100%|██████████| 2/2 [00:00<00:00, 279.14it/s]
  0%|          | 0/4 [00:00<?, ?it/s]100%|██████████| 4/4 [00:00<00:00, 284.53it/s]
  0%|          | 0/6 [00:00<?, ?it/s]100%|██████████| 6/6 [00:00<00:00, 281.70it/s]
  0%|          | 0/6 [00:00<?, ?it/s]100%|██████████| 6/6 [00:00<00:00, 282.98it/s]
  0%|          | 0/4 [00:00<?, ?it/s]100%|██████████| 4/4 [00:00<00:00, 280.08it/s]
  0%|          | 0/6 [00:00<?, ?it/s]100%|██████████| 6/6 [00:00<00:00, 283.57it/s]
  0%|          | 0/2 [00:00<?, ?it/s]100%|██████████| 2/2 [00:00<00:00, 282.96it/s]
  0%|          | 0/3 [00:00<?, ?it/s]100%|██████████| 3/3 [00:00<00:00, 279.16it/s]
  0%|          | 0/5 [00:00<?, ?it/s]100%|██████████| 5/5 [00:00<00:00, 283.34it/s]
  0%|          | 0/2 [00:00<?, ?it/s]100%|██████████| 2/2 [00:00<00:00, 276.78it/s]
  0%|          | 0/8 [00:00<?, ?it/s]100%|██████████| 8/8 [00:00<00:00, 284.63it/s]
  0%|          | 0/4 [00:00<?, ?it/s]100%|██████████| 4/4 [00:00<00:00, 280.04it/s]
  0%|          | 0/11 [00:00<?, ?it/s]100%|██████████| 11/11 [00:00<00:00, 284.20it/s]
  0%|          | 0/12 [00:00<?, ?it/s]100%|██████████| 12/12 [00:00<00:00, 285.06it/s]
  0%|          | 0/5 [00:00<?, ?it/s]100%|██████████| 5/5 [00:00<00:00, 282.42it/s]
  0%|          | 0/7 [00:00<?, ?it/s]100%|██████████| 7/7 [00:00<00:00, 282.46it/s]
  0%|          | 0/7 [00:00<?, ?it/s]100%|██████████| 7/7 [00:00<00:00, 285.65it/s]
  0%|          | 0/3 [00:00<?, ?it/s]100%|██████████| 3/3 [00:00<00:00, 279.42it/s]
  0%|          | 0/4 [00:00<?, ?it/s]100%|██████████| 4/4 [00:00<00:00, 280.11it/s]
  0%|          | 0/1 [00:00<?, ?it/s]100%|██████████| 1/1 [00:00<00:00, 278.12it/s]
  0%|          | 0/15 [00:00<?, ?it/s]100%|██████████| 15/15 [00:00<00:00, 286.67it/s]
  0%|          | 0/21 [00:00<?, ?it/s]100%|██████████| 21/21 [00:00<00:00, 286.92it/s]
  0%|          | 0/14 [00:00<?, ?it/s]100%|██████████| 14/14 [00:00<00:00, 286.75it/s]
  0%|          | 0/16 [00:00<?, ?it/s]100%|██████████| 16/16 [00:00<00:00, 286.23it/s]
  0%|          | 0/10 [00:00<?, ?it/s]100%|██████████| 10/10 [00:00<00:00, 284.19it/s]
  0%|          | 0/12 [00:00<?, ?it/s]100%|██████████| 12/12 [00:00<00:00, 278.51it/s]
  0%|          | 0/28 [00:00<?, ?it/s]100%|██████████| 28/28 [00:00<00:00, 280.60it/s]
  0%|          | 0/6 [00:00<?, ?it/s]100%|██████████| 6/6 [00:00<00:00, 284.77it/s]
  0%|          | 0/84 [00:00<?, ?it/s] 35%|███▍      | 29/84 [00:00<00:00, 281.72it/s] 69%|██████▉   | 58/84 [00:00<00:00, 284.53it/s]100%|██████████| 84/84 [00:00<00:00, 284.67it/s]
  0%|          | 0/23 [00:00<?, ?it/s]100%|██████████| 23/23 [00:00<00:00, 283.57it/s]
  0%|          | 0/45 [00:00<?, ?it/s] 64%|██████▍   | 29/45 [00:00<00:00, 284.69it/s]100%|██████████| 45/45 [00:00<00:00, 285.12it/s]
  0%|          | 0/17 [00:00<?, ?it/s]100%|██████████| 17/17 [00:00<00:00, 285.07it/s]
  0%|          | 0/9 [00:00<?, ?it/s]100%|██████████| 9/9 [00:00<00:00, 283.76it/s]
  0%|          | 0/4 [00:00<?, ?it/s]100%|██████████| 4/4 [00:00<00:00, 285.09it/s]
  0%|          | 0/4 [00:00<?, ?it/s]100%|██████████| 4/4 [00:00<00:00, 288.87it/s]
  0%|          | 0/11 [00:00<?, ?it/s]100%|██████████| 11/11 [00:00<00:00, 286.28it/s]
  0%|          | 0/15 [00:00<?, ?it/s]100%|██████████| 15/15 [00:00<00:00, 286.25it/s]
  0%|          | 0/7 [00:00<?, ?it/s]100%|██████████| 7/7 [00:00<00:00, 287.19it/s]
  0%|          | 0/16 [00:00<?, ?it/s]100%|██████████| 16/16 [00:00<00:00, 285.40it/s]
  0%|          | 0/3 [00:00<?, ?it/s]100%|██████████| 3/3 [00:00<00:00, 284.62it/s]
  0%|          | 0/18 [00:00<?, ?it/s]100%|██████████| 18/18 [00:00<00:00, 285.41it/s]
  0%|          | 0/5 [00:00<?, ?it/s]100%|██████████| 5/5 [00:00<00:00, 283.89it/s]
  0%|          | 0/8 [00:00<?, ?it/s]100%|██████████| 8/8 [00:00<00:00, 286.15it/s]
  0%|          | 0/5 [00:00<?, ?it/s]100%|██████████| 5/5 [00:00<00:00, 283.32it/s]
  0%|          | 0/4 [00:00<?, ?it/s]100%|██████████| 4/4 [00:00<00:00, 283.96it/s]
  0%|          | 0/3 [00:00<?, ?it/s]100%|██████████| 3/3 [00:00<00:00, 279.63it/s]
  0%|          | 0/5 [00:00<?, ?it/s]100%|██████████| 5/5 [00:00<00:00, 284.54it/s]
  0%|          | 0/6 [00:00<?, ?it/s]100%|██████████| 6/6 [00:00<00:00, 283.12it/s]
  0%|          | 0/5 [00:00<?, ?it/s]100%|██████████| 5/5 [00:00<00:00, 281.26it/s]
  0%|          | 0/4 [00:00<?, ?it/s]100%|██████████| 4/4 [00:00<00:00, 285.90it/s]
  0%|          | 0/2 [00:00<?, ?it/s]100%|██████████| 2/2 [00:00<00:00, 279.75it/s]
  0%|          | 0/2 [00:00<?, ?it/s]100%|██████████| 2/2 [00:00<00:00, 282.37it/s]
  0%|          | 0/7 [00:00<?, ?it/s]100%|██████████| 7/7 [00:00<00:00, 285.68it/s]
  0%|          | 0/13 [00:00<?, ?it/s]100%|██████████| 13/13 [00:00<00:00, 286.21it/s]
  0%|          | 0/7 [00:00<?, ?it/s]100%|██████████| 7/7 [00:00<00:00, 287.46it/s]
  0%|          | 0/10 [00:00<?, ?it/s]100%|██████████| 10/10 [00:00<00:00, 288.19it/s]
  0%|          | 0/34 [00:00<?, ?it/s] 85%|████████▌ | 29/34 [00:00<00:00, 286.15it/s]100%|██████████| 34/34 [00:00<00:00, 286.39it/s]
  0%|          | 0/2 [00:00<?, ?it/s]100%|██████████| 2/2 [00:00<00:00, 283.45it/s]
  0%|          | 0/4 [00:00<?, ?it/s]100%|██████████| 4/4 [00:00<00:00, 285.56it/s]
  0%|          | 0/6 [00:00<?, ?it/s]100%|██████████| 6/6 [00:00<00:00, 284.05it/s]
  0%|          | 0/6 [00:00<?, ?it/s]100%|██████████| 6/6 [00:00<00:00, 283.71it/s]
  0%|          | 0/4 [00:00<?, ?it/s]100%|██████████| 4/4 [00:00<00:00, 283.93it/s]
  0%|          | 0/6 [00:00<?, ?it/s]100%|██████████| 6/6 [00:00<00:00, 282.90it/s]
  0%|          | 0/2 [00:00<?, ?it/s]100%|██████████| 2/2 [00:00<00:00, 277.36it/s]
  0%|          | 0/3 [00:00<?, ?it/s]100%|██████████| 3/3 [00:00<00:00, 274.35it/s]
  0%|          | 0/5 [00:00<?, ?it/s]100%|██████████| 5/5 [00:00<00:00, 276.73it/s]
  0%|          | 0/2 [00:00<?, ?it/s]100%|██████████| 2/2 [00:00<00:00, 275.23it/s]
  0%|          | 0/8 [00:00<?, ?it/s]100%|██████████| 8/8 [00:00<00:00, 277.51it/s]
  0%|          | 0/4 [00:00<?, ?it/s]100%|██████████| 4/4 [00:00<00:00, 272.49it/s]
  0%|          | 0/11 [00:00<?, ?it/s]100%|██████████| 11/11 [00:00<00:00, 273.60it/s]
  0%|          | 0/12 [00:00<?, ?it/s]100%|██████████| 12/12 [00:00<00:00, 276.44it/s]
  0%|          | 0/5 [00:00<?, ?it/s]100%|██████████| 5/5 [00:00<00:00, 274.37it/s]
  0%|          | 0/7 [00:00<?, ?it/s]100%|██████████| 7/7 [00:00<00:00, 271.73it/s]
  0%|          | 0/7 [00:00<?, ?it/s]100%|██████████| 7/7 [00:00<00:00, 275.31it/s]
  0%|          | 0/3 [00:00<?, ?it/s]100%|██████████| 3/3 [00:00<00:00, 267.28it/s]
  0%|          | 0/4 [00:00<?, ?it/s]100%|██████████| 4/4 [00:00<00:00, 275.30it/s]
  0%|          | 0/1 [00:00<?, ?it/s]100%|██████████| 1/1 [00:00<00:00, 270.29it/s]
  0%|          | 0/15 [00:00<?, ?it/s]100%|██████████| 15/15 [00:00<00:00, 275.34it/s]
  0%|          | 0/21 [00:00<?, ?it/s]100%|██████████| 21/21 [00:00<00:00, 277.31it/s]
  0%|          | 0/14 [00:00<?, ?it/s]100%|██████████| 14/14 [00:00<00:00, 276.76it/s]
  0%|          | 0/16 [00:00<?, ?it/s]100%|██████████| 16/16 [00:00<00:00, 274.86it/s]
  0%|          | 0/10 [00:00<?, ?it/s]100%|██████████| 10/10 [00:00<00:00, 272.28it/s]
  0%|          | 0/12 [00:00<?, ?it/s]100%|██████████| 12/12 [00:00<00:00, 276.34it/s]
  0%|          | 0/28 [00:00<?, ?it/s]100%|██████████| 28/28 [00:00<00:00, 276.57it/s]100%|██████████| 28/28 [00:00<00:00, 276.36it/s]
  0%|          | 0/6 [00:00<?, ?it/s]100%|██████████| 6/6 [00:00<00:00, 275.61it/s]
  0%|          | 0/84 [00:00<?, ?it/s] 33%|███▎      | 28/84 [00:00<00:00, 277.09it/s] 67%|██████▋   | 56/84 [00:00<00:00, 277.38it/s]100%|██████████| 84/84 [00:00<00:00, 277.23it/s]100%|██████████| 84/84 [00:00<00:00, 277.17it/s]
  0%|          | 0/23 [00:00<?, ?it/s]100%|██████████| 23/23 [00:00<00:00, 275.57it/s]
  0%|          | 0/45 [00:00<?, ?it/s] 62%|██████▏   | 28/45 [00:00<00:00, 275.38it/s]100%|██████████| 45/45 [00:00<00:00, 276.30it/s]
  0%|          | 0/17 [00:00<?, ?it/s]100%|██████████| 17/17 [00:00<00:00, 271.20it/s]
  0%|          | 0/9 [00:00<?, ?it/s]100%|██████████| 9/9 [00:00<00:00, 274.46it/s]
  0%|          | 0/4 [00:00<?, ?it/s]100%|██████████| 4/4 [00:00<00:00, 276.94it/s]
  0%|          | 0/4 [00:00<?, ?it/s]100%|██████████| 4/4 [00:00<00:00, 277.30it/s]
  0%|          | 0/11 [00:00<?, ?it/s]100%|██████████| 11/11 [00:00<00:00, 274.28it/s]
  0%|          | 0/15 [00:00<?, ?it/s]100%|██████████| 15/15 [00:00<00:00, 275.48it/s]
  0%|          | 0/7 [00:00<?, ?it/s]100%|██████████| 7/7 [00:00<00:00, 277.92it/s]
  0%|          | 0/16 [00:00<?, ?it/s]100%|██████████| 16/16 [00:00<00:00, 273.40it/s]
  0%|          | 0/3 [00:00<?, ?it/s]100%|██████████| 3/3 [00:00<00:00, 271.82it/s]
  0%|          | 0/18 [00:00<?, ?it/s]100%|██████████| 18/18 [00:00<00:00, 275.36it/s]
  0%|          | 0/5 [00:00<?, ?it/s]100%|██████████| 5/5 [00:00<00:00, 274.81it/s]
  0%|          | 0/8 [00:00<?, ?it/s]100%|██████████| 8/8 [00:00<00:00, 276.92it/s]
  0%|          | 0/5 [00:00<?, ?it/s]100%|██████████| 5/5 [00:00<00:00, 276.01it/s]
  0%|          | 0/4 [00:00<?, ?it/s]100%|██████████| 4/4 [00:00<00:00, 276.21it/s]
  0%|          | 0/3 [00:00<?, ?it/s]100%|██████████| 3/3 [00:00<00:00, 274.29it/s]
  0%|          | 0/5 [00:00<?, ?it/s]100%|██████████| 5/5 [00:00<00:00, 272.81it/s]
  0%|          | 0/6 [00:00<?, ?it/s]100%|██████████| 6/6 [00:00<00:00, 271.12it/s]
  0%|          | 0/5 [00:00<?, ?it/s]100%|██████████| 5/5 [00:00<00:00, 272.18it/s]
  0%|          | 0/4 [00:00<?, ?it/s]100%|██████████| 4/4 [00:00<00:00, 274.03it/s]
  0%|          | 0/2 [00:00<?, ?it/s]100%|██████████| 2/2 [00:00<00:00, 270.84it/s]
  0%|          | 0/2 [00:00<?, ?it/s]100%|██████████| 2/2 [00:00<00:00, 268.10it/s]
  0%|          | 0/7 [00:00<?, ?it/s]100%|██████████| 7/7 [00:00<00:00, 274.98it/s]
  0%|          | 0/13 [00:00<?, ?it/s]100%|██████████| 13/13 [00:00<00:00, 277.91it/s]
  0%|          | 0/7 [00:00<?, ?it/s]100%|██████████| 7/7 [00:00<00:00, 278.02it/s]
  0%|          | 0/10 [00:00<?, ?it/s]100%|██████████| 10/10 [00:00<00:00, 277.94it/s]
  0%|          | 0/34 [00:00<?, ?it/s] 82%|████████▏ | 28/34 [00:00<00:00, 277.60it/s]100%|██████████| 34/34 [00:00<00:00, 277.79it/s]
  0%|          | 0/2 [00:00<?, ?it/s]100%|██████████| 2/2 [00:00<00:00, 271.70it/s]
  0%|          | 0/4 [00:00<?, ?it/s]100%|██████████| 4/4 [00:00<00:00, 277.82it/s]
  0%|          | 0/6 [00:00<?, ?it/s]100%|██████████| 6/6 [00:00<00:00, 273.37it/s]
  0%|          | 0/6 [00:00<?, ?it/s]100%|██████████| 6/6 [00:00<00:00, 274.73it/s]
  0%|          | 0/4 [00:00<?, ?it/s]100%|██████████| 4/4 [00:00<00:00, 274.05it/s]
  0%|          | 0/6 [00:00<?, ?it/s]100%|██████████| 6/6 [00:00<00:00, 269.80it/s]
  0%|          | 0/2 [00:00<?, ?it/s]100%|██████████| 2/2 [00:00<00:00, 268.85it/s]
  0%|          | 0/3 [00:00<?, ?it/s]100%|██████████| 3/3 [00:00<00:00, 268.19it/s]
  0%|          | 0/5 [00:00<?, ?it/s]100%|██████████| 5/5 [00:00<00:00, 274.52it/s]
  0%|          | 0/2 [00:00<?, ?it/s]100%|██████████| 2/2 [00:00<00:00, 267.36it/s]
  0%|          | 0/8 [00:00<?, ?it/s]100%|██████████| 8/8 [00:00<00:00, 271.78it/s]
  0%|          | 0/4 [00:00<?, ?it/s]100%|██████████| 4/4 [00:00<00:00, 265.83it/s]
  0%|          | 0/11 [00:00<?, ?it/s]100%|██████████| 11/11 [00:00<00:00, 270.10it/s]
  0%|          | 0/12 [00:00<?, ?it/s]100%|██████████| 12/12 [00:00<00:00, 273.98it/s]
  0%|          | 0/5 [00:00<?, ?it/s]100%|██████████| 5/5 [00:00<00:00, 271.30it/s]
  0%|          | 0/7 [00:00<?, ?it/s]100%|██████████| 7/7 [00:00<00:00, 272.60it/s]
  0%|          | 0/7 [00:00<?, ?it/s]100%|██████████| 7/7 [00:00<00:00, 275.53it/s]
  0%|          | 0/3 [00:00<?, ?it/s]100%|██████████| 3/3 [00:00<00:00, 270.89it/s]
  0%|          | 0/4 [00:00<?, ?it/s]100%|██████████| 4/4 [00:00<00:00, 270.77it/s]
  0%|          | 0/1 [00:00<?, ?it/s]100%|██████████| 1/1 [00:00<00:00, 264.21it/s]
  0%|          | 0/15 [00:00<?, ?it/s]100%|██████████| 15/15 [00:00<00:00, 271.62it/s]
  0%|          | 0/21 [00:00<?, ?it/s]100%|██████████| 21/21 [00:00<00:00, 276.14it/s]
  0%|          | 0/14 [00:00<?, ?it/s]100%|██████████| 14/14 [00:00<00:00, 272.68it/s]
  0%|          | 0/16 [00:00<?, ?it/s]100%|██████████| 16/16 [00:00<00:00, 275.17it/s]
  0%|          | 0/10 [00:00<?, ?it/s]100%|██████████| 10/10 [00:00<00:00, 273.73it/s]
  0%|          | 0/12 [00:00<?, ?it/s]100%|██████████| 12/12 [00:00<00:00, 275.26it/s]
  0%|          | 0/28 [00:00<?, ?it/s]100%|██████████| 28/28 [00:00<00:00, 274.14it/s]100%|██████████| 28/28 [00:00<00:00, 273.93it/s]
  0%|          | 0/6 [00:00<?, ?it/s]100%|██████████| 6/6 [00:00<00:00, 276.90it/s]
  0%|          | 0/84 [00:00<?, ?it/s] 33%|███▎      | 28/84 [00:00<00:00, 276.06it/s] 67%|██████▋   | 56/84 [00:00<00:00, 276.90it/s]100%|██████████| 84/84 [00:00<00:00, 277.19it/s]100%|██████████| 84/84 [00:00<00:00, 276.95it/s]
  0%|          | 0/23 [00:00<?, ?it/s]100%|██████████| 23/23 [00:00<00:00, 277.17it/s]
  0%|          | 0/45 [00:00<?, ?it/s] 62%|██████▏   | 28/45 [00:00<00:00, 274.86it/s]100%|██████████| 45/45 [00:00<00:00, 275.72it/s]
  0%|          | 0/17 [00:00<?, ?it/s]100%|██████████| 17/17 [00:00<00:00, 274.62it/s]
  0%|          | 0/9 [00:00<?, ?it/s]100%|██████████| 9/9 [00:00<00:00, 275.11it/s]
  0%|          | 0/4 [00:00<?, ?it/s]100%|██████████| 4/4 [00:00<00:00, 274.69it/s]
  0%|          | 0/4 [00:00<?, ?it/s]100%|██████████| 4/4 [00:00<00:00, 273.52it/s]
  0%|          | 0/11 [00:00<?, ?it/s]100%|██████████| 11/11 [00:00<00:00, 276.70it/s]
  0%|          | 0/15 [00:00<?, ?it/s]100%|██████████| 15/15 [00:00<00:00, 275.18it/s]
  0%|          | 0/7 [00:00<?, ?it/s]100%|██████████| 7/7 [00:00<00:00, 277.26it/s]
  0%|          | 0/16 [00:00<?, ?it/s]100%|██████████| 16/16 [00:00<00:00, 274.40it/s]
  0%|          | 0/3 [00:00<?, ?it/s]100%|██████████| 3/3 [00:00<00:00, 274.08it/s]
  0%|          | 0/18 [00:00<?, ?it/s]100%|██████████| 18/18 [00:00<00:00, 274.91it/s]
  0%|          | 0/5 [00:00<?, ?it/s]100%|██████████| 5/5 [00:00<00:00, 272.08it/s]
  0%|          | 0/8 [00:00<?, ?it/s]100%|██████████| 8/8 [00:00<00:00, 273.82it/s]
  0%|          | 0/5 [00:00<?, ?it/s]100%|██████████| 5/5 [00:00<00:00, 275.98it/s]
  0%|          | 0/4 [00:00<?, ?it/s]100%|██████████| 4/4 [00:00<00:00, 275.94it/s]
  0%|          | 0/3 [00:00<?, ?it/s]100%|██████████| 3/3 [00:00<00:00, 275.16it/s]
  0%|          | 0/5 [00:00<?, ?it/s]100%|██████████| 5/5 [00:00<00:00, 273.49it/s]
  0%|          | 0/6 [00:00<?, ?it/s]100%|██████████| 6/6 [00:00<00:00, 271.66it/s]
  0%|          | 0/5 [00:00<?, ?it/s]100%|██████████| 5/5 [00:00<00:00, 270.73it/s]
  0%|          | 0/4 [00:00<?, ?it/s]100%|██████████| 4/4 [00:00<00:00, 274.14it/s]
  0%|          | 0/2 [00:00<?, ?it/s]100%|██████████| 2/2 [00:00<00:00, 267.98it/s]
  0%|          | 0/2 [00:00<?, ?it/s]100%|██████████| 2/2 [00:00<00:00, 265.87it/s]
  0%|          | 0/7 [00:00<?, ?it/s]100%|██████████| 7/7 [00:00<00:00, 274.41it/s]
  0%|          | 0/13 [00:00<?, ?it/s]100%|██████████| 13/13 [00:00<00:00, 275.57it/s]
  0%|          | 0/7 [00:00<?, ?it/s]100%|██████████| 7/7 [00:00<00:00, 275.80it/s]
  0%|          | 0/10 [00:00<?, ?it/s]100%|██████████| 10/10 [00:00<00:00, 275.64it/s]
  0%|          | 0/34 [00:00<?, ?it/s] 82%|████████▏ | 28/34 [00:00<00:00, 276.97it/s]100%|██████████| 34/34 [00:00<00:00, 276.88it/s]
  0%|          | 0/2 [00:00<?, ?it/s]100%|██████████| 2/2 [00:00<00:00, 275.70it/s]
  0%|          | 0/422 [00:00<?, ?it/s]  6%|▋         | 27/422 [00:00<00:01, 263.37it/s] 13%|█▎        | 54/422 [00:00<00:01, 263.46it/s] 19%|█▉        | 81/422 [00:00<00:01, 263.06it/s] 26%|██▌       | 108/422 [00:00<00:01, 263.60it/s] 32%|███▏      | 135/422 [00:00<00:01, 263.33it/s] 38%|███▊      | 162/422 [00:00<00:00, 263.14it/s] 45%|████▍     | 189/422 [00:00<00:00, 263.36it/s] 51%|█████     | 216/422 [00:00<00:00, 263.30it/s] 58%|█████▊    | 243/422 [00:00<00:00, 263.71it/s] 64%|██████▍   | 270/422 [00:01<00:00, 263.64it/s] 70%|███████   | 297/422 [00:01<00:00, 263.61it/s] 77%|███████▋  | 324/422 [00:01<00:00, 264.09it/s] 83%|████████▎ | 351/422 [00:01<00:00, 263.86it/s] 90%|████████▉ | 378/422 [00:01<00:00, 264.22it/s] 96%|█████████▌| 405/422 [00:01<00:00, 264.35it/s]100%|██████████| 422/422 [00:01<00:00, 263.82it/s]
  0%|          | 0/73 [00:00<?, ?it/s] 37%|███▋      | 27/73 [00:00<00:00, 263.50it/s] 74%|███████▍  | 54/73 [00:00<00:00, 263.65it/s]100%|██████████| 73/73 [00:00<00:00, 263.60it/s]
  0%|          | 0/122 [00:00<?, ?it/s] 22%|██▏       | 27/122 [00:00<00:00, 262.83it/s] 44%|████▍     | 54/122 [00:00<00:00, 262.54it/s] 66%|██████▋   | 81/122 [00:00<00:00, 262.22it/s] 89%|████████▊ | 108/122 [00:00<00:00, 262.58it/s]100%|██████████| 122/122 [00:00<00:00, 262.81it/s]
  0%|          | 0/125 [00:00<?, ?it/s] 21%|██        | 26/125 [00:00<00:00, 258.67it/s] 42%|████▏     | 53/125 [00:00<00:00, 261.88it/s] 64%|██████▍   | 80/125 [00:00<00:00, 262.64it/s] 86%|████████▌ | 107/125 [00:00<00:00, 263.36it/s]100%|██████████| 125/125 [00:00<00:00, 262.62it/s]
  0%|          | 0/50 [00:00<?, ?it/s] 54%|█████▍    | 27/50 [00:00<00:00, 263.65it/s]100%|██████████| 50/50 [00:00<00:00, 263.53it/s]
  0%|          | 0/125 [00:00<?, ?it/s] 22%|██▏       | 27/125 [00:00<00:00, 262.72it/s] 43%|████▎     | 54/125 [00:00<00:00, 263.46it/s] 65%|██████▍   | 81/125 [00:00<00:00, 263.66it/s] 86%|████████▋ | 108/125 [00:00<00:00, 263.86it/s]100%|██████████| 125/125 [00:00<00:00, 263.86it/s]
  0%|          | 0/123 [00:00<?, ?it/s] 22%|██▏       | 27/123 [00:00<00:00, 262.49it/s] 44%|████▍     | 54/123 [00:00<00:00, 262.81it/s] 66%|██████▌   | 81/123 [00:00<00:00, 262.83it/s] 88%|████████▊ | 108/123 [00:00<00:00, 263.36it/s]100%|██████████| 123/123 [00:00<00:00, 263.33it/s]
  0%|          | 0/145 [00:00<?, ?it/s] 19%|█▊        | 27/145 [00:00<00:00, 264.15it/s] 37%|███▋      | 54/145 [00:00<00:00, 263.55it/s] 56%|█████▌    | 81/145 [00:00<00:00, 263.41it/s] 74%|███████▍  | 108/145 [00:00<00:00, 263.69it/s] 93%|█████████▎| 135/145 [00:00<00:00, 263.85it/s]100%|██████████| 145/145 [00:00<00:00, 263.69it/s]
  0%|          | 0/177 [00:00<?, ?it/s] 15%|█▌        | 27/177 [00:00<00:00, 263.97it/s] 31%|███       | 54/177 [00:00<00:00, 264.66it/s] 46%|████▌     | 81/177 [00:00<00:00, 265.17it/s] 61%|██████    | 108/177 [00:00<00:00, 265.34it/s] 76%|███████▋  | 135/177 [00:00<00:00, 265.28it/s] 92%|█████████▏| 162/177 [00:00<00:00, 264.97it/s]100%|██████████| 177/177 [00:00<00:00, 264.97it/s]
  0%|          | 0/174 [00:00<?, ?it/s] 16%|█▌        | 27/174 [00:00<00:00, 264.54it/s] 31%|███       | 54/174 [00:00<00:00, 264.87it/s] 47%|████▋     | 81/174 [00:00<00:00, 265.29it/s] 62%|██████▏   | 108/174 [00:00<00:00, 265.12it/s] 78%|███████▊  | 135/174 [00:00<00:00, 265.01it/s] 93%|█████████▎| 162/174 [00:00<00:00, 264.42it/s]100%|██████████| 174/174 [00:00<00:00, 264.74it/s]
  0%|          | 0/50 [00:00<?, ?it/s] 54%|█████▍    | 27/50 [00:00<00:00, 262.99it/s]100%|██████████| 50/50 [00:00<00:00, 263.00it/s]
  0%|          | 0/247 [00:00<?, ?it/s] 11%|█         | 27/247 [00:00<00:00, 262.89it/s] 22%|██▏       | 54/247 [00:00<00:00, 262.68it/s] 33%|███▎      | 81/247 [00:00<00:00, 263.52it/s] 44%|████▎     | 108/247 [00:00<00:00, 263.88it/s] 55%|█████▍    | 135/247 [00:00<00:00, 263.92it/s] 66%|██████▌   | 162/247 [00:00<00:00, 263.46it/s] 77%|███████▋  | 189/247 [00:00<00:00, 263.27it/s] 87%|████████▋ | 216/247 [00:00<00:00, 263.41it/s] 98%|█████████▊| 243/247 [00:00<00:00, 263.66it/s]100%|██████████| 247/247 [00:00<00:00, 263.54it/s]
  0%|          | 0/248 [00:00<?, ?it/s] 11%|█         | 27/248 [00:00<00:00, 264.01it/s] 22%|██▏       | 54/248 [00:00<00:00, 264.20it/s] 33%|███▎      | 81/248 [00:00<00:00, 264.14it/s] 44%|████▎     | 108/248 [00:00<00:00, 263.97it/s] 54%|█████▍    | 135/248 [00:00<00:00, 264.07it/s] 65%|██████▌   | 162/248 [00:00<00:00, 264.12it/s] 76%|███████▌  | 189/248 [00:00<00:00, 264.27it/s] 87%|████████▋ | 216/248 [00:00<00:00, 264.72it/s] 98%|█████████▊| 243/248 [00:00<00:00, 264.24it/s]100%|██████████| 248/248 [00:00<00:00, 264.22it/s]
  0%|          | 0/204 [00:00<?, ?it/s] 30%|██▉       | 61/204 [00:00<00:00, 603.34it/s] 60%|█████▉    | 122/204 [00:00<00:00, 605.16it/s] 90%|████████▉ | 183/204 [00:00<00:00, 605.19it/s]100%|██████████| 204/204 [00:00<00:00, 605.25it/s]
  0%|          | 0/204 [00:00<?, ?it/s] 30%|██▉       | 61/204 [00:00<00:00, 608.83it/s] 60%|██████    | 123/204 [00:00<00:00, 609.66it/s] 91%|█████████ | 185/204 [00:00<00:00, 610.20it/s]100%|██████████| 204/204 [00:00<00:00, 609.69it/s]
  0%|          | 0/204 [00:00<?, ?it/s] 30%|██▉       | 61/204 [00:00<00:00, 605.46it/s] 60%|█████▉    | 122/204 [00:00<00:00, 606.61it/s] 90%|█████████ | 184/204 [00:00<00:00, 608.37it/s]100%|██████████| 204/204 [00:00<00:00, 607.77it/s]
  0%|          | 0/204 [00:00<?, ?it/s] 30%|██▉       | 61/204 [00:00<00:00, 604.71it/s] 60%|█████▉    | 122/204 [00:00<00:00, 606.51it/s] 90%|█████████ | 184/204 [00:00<00:00, 608.23it/s]100%|██████████| 204/204 [00:00<00:00, 606.96it/s]
  0%|          | 0/204 [00:00<?, ?it/s] 30%|██▉       | 61/204 [00:00<00:00, 607.07it/s] 60%|█████▉    | 122/204 [00:00<00:00, 186.35it/s] 91%|█████████ | 185/204 [00:00<00:00, 276.41it/s]100%|██████████| 204/204 [00:00<00:00, 284.17it/s]
  0%|          | 0/204 [00:00<?, ?it/s] 31%|███       | 63/204 [00:00<00:00, 628.19it/s] 62%|██████▏   | 126/204 [00:00<00:00, 629.22it/s] 93%|█████████▎| 190/204 [00:00<00:00, 629.75it/s]100%|██████████| 204/204 [00:00<00:00, 629.32it/s]
  0%|          | 0/204 [00:00<?, ?it/s] 31%|███       | 63/204 [00:00<00:00, 625.87it/s] 62%|██████▏   | 126/204 [00:00<00:00, 626.65it/s] 93%|█████████▎| 189/204 [00:00<00:00, 627.60it/s]100%|██████████| 204/204 [00:00<00:00, 627.15it/s]
  0%|          | 0/136 [00:00<?, ?it/s] 36%|███▌      | 49/136 [00:00<00:00, 487.09it/s] 72%|███████▏  | 98/136 [00:00<00:00, 485.17it/s]100%|██████████| 136/136 [00:00<00:00, 486.84it/s]
  0%|          | 0/208 [00:00<?, ?it/s] 24%|██▎       | 49/208 [00:00<00:00, 481.52it/s] 47%|████▋     | 98/208 [00:00<00:00, 485.45it/s] 71%|███████   | 148/208 [00:00<00:00, 487.54it/s] 95%|█████████▍| 197/208 [00:00<00:00, 488.24it/s]100%|██████████| 208/208 [00:00<00:00, 487.22it/s]
  0%|          | 0/241 [00:00<?, ?it/s] 21%|██        | 50/241 [00:00<00:00, 491.11it/s] 41%|████▏     | 100/241 [00:00<00:00, 488.61it/s] 62%|██████▏   | 150/241 [00:00<00:00, 490.61it/s] 83%|████████▎ | 200/241 [00:00<00:00, 491.10it/s]100%|██████████| 241/241 [00:00<00:00, 491.05it/s]
  0%|          | 0/37 [00:00<?, ?it/s]100%|██████████| 37/37 [00:00<00:00, 490.32it/s]
  0%|          | 0/109 [00:00<?, ?it/s] 46%|████▌     | 50/109 [00:00<00:00, 492.24it/s] 92%|█████████▏| 100/109 [00:00<00:00, 492.03it/s]100%|██████████| 109/109 [00:00<00:00, 492.02it/s]
  0%|          | 0/232 [00:00<?, ?it/s] 21%|██        | 49/232 [00:00<00:00, 483.15it/s] 42%|████▏     | 98/232 [00:00<00:00, 486.88it/s] 64%|██████▍   | 148/232 [00:00<00:00, 488.46it/s] 85%|████████▍ | 197/232 [00:00<00:00, 488.68it/s]100%|██████████| 232/232 [00:00<00:00, 488.59it/s]
  0%|          | 0/142 [00:00<?, ?it/s] 35%|███▌      | 50/142 [00:00<00:00, 492.46it/s] 70%|███████   | 100/142 [00:00<00:00, 493.29it/s]100%|██████████| 142/142 [00:00<00:00, 491.95it/s]
  0%|          | 0/39 [00:00<?, ?it/s]100%|██████████| 39/39 [00:00<00:00, 482.71it/s]
  0%|          | 0/113 [00:00<?, ?it/s] 42%|████▏     | 48/113 [00:00<00:00, 473.06it/s] 86%|████████▌ | 97/113 [00:00<00:00, 482.55it/s]100%|██████████| 113/113 [00:00<00:00, 481.29it/s]
  0%|          | 0/139 [00:00<?, ?it/s] 35%|███▌      | 49/139 [00:00<00:00, 480.41it/s] 71%|███████   | 98/139 [00:00<00:00, 485.21it/s]100%|██████████| 139/139 [00:00<00:00, 486.66it/s]
  0%|          | 0/18 [00:00<?, ?it/s]100%|██████████| 18/18 [00:00<00:00, 487.05it/s]
  0%|          | 0/76 [00:00<?, ?it/s] 64%|██████▍   | 49/76 [00:00<00:00, 489.99it/s]100%|██████████| 76/76 [00:00<00:00, 489.10it/s]
  0%|          | 0/107 [00:00<?, ?it/s] 46%|████▌     | 49/107 [00:00<00:00, 484.49it/s] 92%|█████████▏| 98/107 [00:00<00:00, 482.75it/s]100%|██████████| 107/107 [00:00<00:00, 482.86it/s]
  0%|          | 0/69 [00:00<?, ?it/s] 71%|███████   | 49/69 [00:00<00:00, 481.47it/s]100%|██████████| 69/69 [00:00<00:00, 482.82it/s]
Tokenizing inputs:   0%|          | 0/47868 [00:00<?, ?it/s]Tokenizing inputs:   0%|          | 20/47868 [00:00<04:09, 192.07it/s]Tokenizing inputs:   0%|          | 41/47868 [00:00<03:59, 199.84it/s]Tokenizing inputs:   0%|          | 61/47868 [00:00<04:03, 196.48it/s]Tokenizing inputs:   0%|          | 82/47868 [00:00<03:58, 200.52it/s]Tokenizing inputs:   0%|          | 103/47868 [00:00<03:58, 200.68it/s]Tokenizing inputs:   0%|          | 124/47868 [00:00<03:56, 201.96it/s]Tokenizing inputs:   0%|          | 146/47868 [00:00<03:52, 205.26it/s]Tokenizing inputs:   0%|          | 167/47868 [00:00<03:51, 206.15it/s]Tokenizing inputs:   0%|          | 188/47868 [00:00<03:50, 206.63it/s]Tokenizing inputs:   0%|          | 209/47868 [00:01<03:49, 207.42it/s]Tokenizing inputs:   0%|          | 230/47868 [00:01<03:51, 205.91it/s]Tokenizing inputs:   1%|          | 251/47868 [00:01<03:51, 205.35it/s]Tokenizing inputs:   1%|          | 272/47868 [00:01<03:53, 203.97it/s]Tokenizing inputs:   1%|          | 293/47868 [00:01<03:58, 199.59it/s]Tokenizing inputs:   1%|          | 314/47868 [00:01<03:57, 200.30it/s]Tokenizing inputs:   1%|          | 335/47868 [00:01<03:56, 201.14it/s]Tokenizing inputs:   1%|          | 356/47868 [00:01<03:54, 202.67it/s]Tokenizing inputs:   1%|          | 377/47868 [00:01<03:57, 199.95it/s]Tokenizing inputs:   1%|          | 398/47868 [00:01<03:55, 201.28it/s]Tokenizing inputs:   1%|          | 419/47868 [00:02<03:53, 203.02it/s]Tokenizing inputs:   1%|          | 440/47868 [00:02<03:51, 204.72it/s]Tokenizing inputs:   1%|          | 461/47868 [00:02<03:50, 205.93it/s]Tokenizing inputs:   1%|          | 482/47868 [00:02<03:50, 205.46it/s]Tokenizing inputs:   1%|          | 503/47868 [00:02<03:50, 205.73it/s]Tokenizing inputs:   1%|          | 524/47868 [00:02<03:52, 203.97it/s]Tokenizing inputs:   1%|          | 545/47868 [00:02<03:51, 204.60it/s]Tokenizing inputs:   1%|          | 566/47868 [00:02<03:50, 205.37it/s]Tokenizing inputs:   1%|          | 587/47868 [00:02<03:49, 205.83it/s]Tokenizing inputs:   1%|▏         | 609/47868 [00:02<03:47, 207.42it/s]Tokenizing inputs:   1%|▏         | 630/47868 [00:03<03:47, 207.29it/s]Tokenizing inputs:   1%|▏         | 652/47868 [00:03<03:46, 208.80it/s]Tokenizing inputs:   1%|▏         | 673/47868 [00:03<03:48, 206.52it/s]Tokenizing inputs:   1%|▏         | 694/47868 [00:03<03:50, 204.51it/s]Tokenizing inputs:   1%|▏         | 716/47868 [00:03<03:47, 207.43it/s]Tokenizing inputs:   2%|▏         | 737/47868 [00:03<03:51, 203.47it/s]Tokenizing inputs:   2%|▏         | 758/47868 [00:03<03:50, 204.47it/s]Tokenizing inputs:   2%|▏         | 779/47868 [00:03<03:48, 205.73it/s]Tokenizing inputs:   2%|▏         | 801/47868 [00:03<03:46, 207.74it/s]Tokenizing inputs:   2%|▏         | 822/47868 [00:04<03:50, 204.39it/s]Tokenizing inputs:   2%|▏         | 843/47868 [00:04<03:49, 205.22it/s]Tokenizing inputs:   2%|▏         | 864/47868 [00:04<03:52, 201.97it/s]Tokenizing inputs:   2%|▏         | 885/47868 [00:04<03:52, 202.13it/s]Tokenizing inputs:   2%|▏         | 906/47868 [00:04<03:51, 203.18it/s]Tokenizing inputs:   2%|▏         | 927/47868 [00:04<03:51, 202.65it/s]Tokenizing inputs:   2%|▏         | 948/47868 [00:04<03:50, 203.87it/s]Tokenizing inputs:   2%|▏         | 969/47868 [00:04<03:50, 203.21it/s]Tokenizing inputs:   2%|▏         | 990/47868 [00:04<03:51, 202.13it/s]Tokenizing inputs:   2%|▏         | 1011/47868 [00:04<03:52, 201.14it/s]Tokenizing inputs:   2%|▏         | 1032/47868 [00:05<03:55, 199.15it/s]Tokenizing inputs:   2%|▏         | 1053/47868 [00:05<03:52, 201.73it/s]Tokenizing inputs:   2%|▏         | 1074/47868 [00:05<03:53, 200.71it/s]Tokenizing inputs:   2%|▏         | 1095/47868 [00:05<03:53, 199.94it/s]Tokenizing inputs:   2%|▏         | 1116/47868 [00:05<03:52, 200.92it/s]Tokenizing inputs:   2%|▏         | 1137/47868 [00:05<03:52, 201.04it/s]Tokenizing inputs:   2%|▏         | 1158/47868 [00:05<03:52, 200.77it/s]Tokenizing inputs:   2%|▏         | 1179/47868 [00:05<03:53, 200.03it/s]Tokenizing inputs:   3%|▎         | 1200/47868 [00:05<03:57, 196.80it/s]Tokenizing inputs:   3%|▎         | 1220/47868 [00:06<03:56, 197.57it/s]Tokenizing inputs:   3%|▎         | 1240/47868 [00:06<03:55, 197.72it/s]Tokenizing inputs:   3%|▎         | 1260/47868 [00:06<03:56, 197.27it/s]Tokenizing inputs:   3%|▎         | 1281/47868 [00:06<03:54, 198.90it/s]Tokenizing inputs:   3%|▎         | 1303/47868 [00:06<03:47, 204.62it/s]Tokenizing inputs:   3%|▎         | 1324/47868 [00:06<03:49, 202.59it/s]Tokenizing inputs:   3%|▎         | 1345/47868 [00:06<03:51, 200.82it/s]Tokenizing inputs:   3%|▎         | 1366/47868 [00:06<03:52, 200.05it/s]Tokenizing inputs:   3%|▎         | 1387/47868 [00:06<03:51, 201.12it/s]Tokenizing inputs:   3%|▎         | 1408/47868 [00:06<03:51, 200.53it/s]Tokenizing inputs:   3%|▎         | 1429/47868 [00:07<03:53, 198.52it/s]Tokenizing inputs:   3%|▎         | 1450/47868 [00:07<03:53, 199.12it/s]Tokenizing inputs:   3%|▎         | 1470/47868 [00:07<03:53, 198.60it/s]Tokenizing inputs:   3%|▎         | 1490/47868 [00:07<03:53, 198.64it/s]Tokenizing inputs:   3%|▎         | 1510/47868 [00:07<03:53, 198.12it/s]Tokenizing inputs:   3%|▎         | 1530/47868 [00:07<03:54, 197.75it/s]Tokenizing inputs:   3%|▎         | 1550/47868 [00:07<03:55, 196.42it/s]Tokenizing inputs:   3%|▎         | 1570/47868 [00:07<03:55, 196.60it/s]Tokenizing inputs:   3%|▎         | 1590/47868 [00:07<03:55, 196.50it/s]Tokenizing inputs:   3%|▎         | 1610/47868 [00:07<03:56, 195.63it/s]Tokenizing inputs:   3%|▎         | 1630/47868 [00:08<03:55, 196.15it/s]Tokenizing inputs:   3%|▎         | 1650/47868 [00:08<03:58, 194.05it/s]Tokenizing inputs:   3%|▎         | 1670/47868 [00:08<04:00, 192.12it/s]Tokenizing inputs:   4%|▎         | 1690/47868 [00:08<03:58, 193.67it/s]Tokenizing inputs:   4%|▎         | 1710/47868 [00:08<03:57, 194.15it/s]Tokenizing inputs:   4%|▎         | 1730/47868 [00:08<03:57, 194.55it/s]Tokenizing inputs:   4%|▎         | 1750/47868 [00:08<03:55, 195.50it/s]Tokenizing inputs:   4%|▎         | 1770/47868 [00:08<03:55, 195.97it/s]Tokenizing inputs:   4%|▎         | 1790/47868 [00:08<03:54, 196.09it/s]Tokenizing inputs:   4%|▍         | 1810/47868 [00:09<03:54, 196.03it/s]Tokenizing inputs:   4%|▍         | 1831/47868 [00:09<03:53, 197.48it/s]Tokenizing inputs:   4%|▍         | 1851/47868 [00:09<03:55, 195.76it/s]Tokenizing inputs:   4%|▍         | 1871/47868 [00:09<04:21, 176.13it/s]Tokenizing inputs:   4%|▍         | 1891/47868 [00:09<04:11, 182.47it/s]Tokenizing inputs:   4%|▍         | 1911/47868 [00:09<04:07, 185.77it/s]Tokenizing inputs:   4%|▍         | 1931/47868 [00:09<04:04, 187.88it/s]Tokenizing inputs:   4%|▍         | 1951/47868 [00:09<04:01, 190.43it/s]Tokenizing inputs:   4%|▍         | 1971/47868 [00:09<03:58, 192.27it/s]Tokenizing inputs:   4%|▍         | 1991/47868 [00:09<03:58, 192.66it/s]Tokenizing inputs:   4%|▍         | 2013/47868 [00:10<03:50, 198.81it/s]Tokenizing inputs:   4%|▍         | 2037/47868 [00:10<03:39, 208.83it/s]Tokenizing inputs:   4%|▍         | 2061/47868 [00:10<03:30, 217.68it/s]Tokenizing inputs:   4%|▍         | 2086/47868 [00:10<03:23, 224.95it/s]Tokenizing inputs:   4%|▍         | 2109/47868 [00:10<03:25, 222.45it/s]Tokenizing inputs:   4%|▍         | 2133/47868 [00:10<03:21, 227.07it/s]Tokenizing inputs:   5%|▍         | 2158/47868 [00:10<03:16, 233.03it/s]Tokenizing inputs:   5%|▍         | 2183/47868 [00:10<03:13, 235.75it/s]Tokenizing inputs:   5%|▍         | 2208/47868 [00:10<03:11, 238.02it/s]Tokenizing inputs:   5%|▍         | 2232/47868 [00:10<03:12, 236.93it/s]Tokenizing inputs:   5%|▍         | 2256/47868 [00:11<03:12, 237.40it/s]Tokenizing inputs:   5%|▍         | 2280/47868 [00:11<03:13, 235.48it/s]Tokenizing inputs:   5%|▍         | 2304/47868 [00:11<03:13, 235.15it/s]Tokenizing inputs:   5%|▍         | 2328/47868 [00:11<03:13, 235.09it/s]Tokenizing inputs:   5%|▍         | 2353/47868 [00:11<03:12, 236.63it/s]Tokenizing inputs:   5%|▍         | 2377/47868 [00:11<03:15, 232.31it/s]Tokenizing inputs:   5%|▌         | 2402/47868 [00:11<03:13, 235.44it/s]Tokenizing inputs:   5%|▌         | 2427/47868 [00:11<03:11, 237.78it/s]Tokenizing inputs:   5%|▌         | 2452/47868 [00:11<03:09, 239.34it/s]Tokenizing inputs:   5%|▌         | 2477/47868 [00:12<03:09, 239.46it/s]Tokenizing inputs:   5%|▌         | 2501/47868 [00:12<03:09, 239.47it/s]Tokenizing inputs:   5%|▌         | 2526/47868 [00:12<03:08, 240.46it/s]Tokenizing inputs:   5%|▌         | 2551/47868 [00:12<03:09, 239.10it/s]Tokenizing inputs:   5%|▌         | 2576/47868 [00:12<03:08, 240.10it/s]Tokenizing inputs:   5%|▌         | 2601/47868 [00:12<03:07, 241.35it/s]Tokenizing inputs:   5%|▌         | 2626/47868 [00:12<03:07, 241.21it/s]Tokenizing inputs:   6%|▌         | 2651/47868 [00:12<03:06, 242.00it/s]Tokenizing inputs:   6%|▌         | 2676/47868 [00:12<03:07, 240.86it/s]Tokenizing inputs:   6%|▌         | 2701/47868 [00:12<03:06, 242.16it/s]Tokenizing inputs:   6%|▌         | 2726/47868 [00:13<03:08, 240.04it/s]Tokenizing inputs:   6%|▌         | 2751/47868 [00:13<03:06, 241.73it/s]Tokenizing inputs:   6%|▌         | 2776/47868 [00:13<03:05, 242.85it/s]Tokenizing inputs:   6%|▌         | 2801/47868 [00:13<03:04, 244.78it/s]Tokenizing inputs:   6%|▌         | 2826/47868 [00:13<03:04, 244.33it/s]Tokenizing inputs:   6%|▌         | 2851/47868 [00:13<03:04, 244.42it/s]Tokenizing inputs:   6%|▌         | 2876/47868 [00:13<03:04, 243.35it/s]Tokenizing inputs:   6%|▌         | 2901/47868 [00:13<03:05, 242.07it/s]Tokenizing inputs:   6%|▌         | 2926/47868 [00:13<03:04, 243.70it/s]Tokenizing inputs:   6%|▌         | 2951/47868 [00:13<03:03, 244.84it/s]Tokenizing inputs:   6%|▌         | 2976/47868 [00:14<03:02, 246.05it/s]Tokenizing inputs:   6%|▋         | 3001/47868 [00:14<03:02, 246.48it/s]Tokenizing inputs:   6%|▋         | 3026/47868 [00:14<03:03, 244.49it/s]Tokenizing inputs:   6%|▋         | 3051/47868 [00:14<03:04, 243.31it/s]Tokenizing inputs:   6%|▋         | 3076/47868 [00:14<03:05, 241.81it/s]Tokenizing inputs:   6%|▋         | 3101/47868 [00:14<03:04, 243.29it/s]Tokenizing inputs:   7%|▋         | 3126/47868 [00:14<03:03, 243.40it/s]Tokenizing inputs:   7%|▋         | 3151/47868 [00:14<03:03, 243.72it/s]Tokenizing inputs:   7%|▋         | 3176/47868 [00:14<03:03, 243.08it/s]Tokenizing inputs:   7%|▋         | 3201/47868 [00:15<03:04, 241.86it/s]Tokenizing inputs:   7%|▋         | 3226/47868 [00:15<03:05, 240.36it/s]Tokenizing inputs:   7%|▋         | 3251/47868 [00:15<03:05, 240.69it/s]Tokenizing inputs:   7%|▋         | 3276/47868 [00:15<03:04, 241.92it/s]Tokenizing inputs:   7%|▋         | 3302/47868 [00:15<03:01, 244.97it/s]Tokenizing inputs:   7%|▋         | 3327/47868 [00:15<03:02, 244.11it/s]Tokenizing inputs:   7%|▋         | 3352/47868 [00:15<03:03, 242.87it/s]Tokenizing inputs:   7%|▋         | 3377/47868 [00:15<03:02, 244.20it/s]Tokenizing inputs:   7%|▋         | 3402/47868 [00:15<03:02, 243.74it/s]Tokenizing inputs:   7%|▋         | 3427/47868 [00:15<03:01, 244.25it/s]Tokenizing inputs:   7%|▋         | 3452/47868 [00:16<03:00, 245.44it/s]Tokenizing inputs:   7%|▋         | 3477/47868 [00:16<03:01, 245.19it/s]Tokenizing inputs:   7%|▋         | 3502/47868 [00:16<03:01, 244.04it/s]Tokenizing inputs:   7%|▋         | 3527/47868 [00:16<03:02, 242.79it/s]Tokenizing inputs:   7%|▋         | 3552/47868 [00:16<03:03, 242.16it/s]Tokenizing inputs:   7%|▋         | 3577/47868 [00:16<03:04, 239.50it/s]Tokenizing inputs:   8%|▊         | 3601/47868 [00:16<03:04, 239.46it/s]Tokenizing inputs:   8%|▊         | 3626/47868 [00:16<03:04, 240.26it/s]Tokenizing inputs:   8%|▊         | 3651/47868 [00:16<03:03, 240.81it/s]Tokenizing inputs:   8%|▊         | 3676/47868 [00:16<03:05, 238.39it/s]Tokenizing inputs:   8%|▊         | 3700/47868 [00:17<03:06, 236.87it/s]Tokenizing inputs:   8%|▊         | 3725/47868 [00:17<03:04, 239.28it/s]Tokenizing inputs:   8%|▊         | 3749/47868 [00:17<03:05, 238.40it/s]Tokenizing inputs:   8%|▊         | 3774/47868 [00:17<03:04, 239.08it/s]Tokenizing inputs:   8%|▊         | 3799/47868 [00:17<03:03, 239.51it/s]Tokenizing inputs:   8%|▊         | 3824/47868 [00:17<03:03, 240.50it/s]Tokenizing inputs:   8%|▊         | 3849/47868 [00:17<03:03, 239.81it/s]Tokenizing inputs:   8%|▊         | 3873/47868 [00:17<03:04, 238.66it/s]Tokenizing inputs:   8%|▊         | 3897/47868 [00:17<03:07, 234.59it/s]Tokenizing inputs:   8%|▊         | 3921/47868 [00:18<03:20, 219.62it/s]Tokenizing inputs:   8%|▊         | 3946/47868 [00:18<03:14, 226.15it/s]Tokenizing inputs:   8%|▊         | 3970/47868 [00:18<03:11, 229.73it/s]Tokenizing inputs:   8%|▊         | 3994/47868 [00:18<03:09, 231.81it/s]Tokenizing inputs:   8%|▊         | 4027/47868 [00:18<02:48, 259.59it/s]Tokenizing inputs:   8%|▊         | 4065/47868 [00:18<02:29, 293.06it/s]Tokenizing inputs:   9%|▊         | 4100/47868 [00:18<02:21, 309.66it/s]Tokenizing inputs:   9%|▊         | 4137/47868 [00:18<02:14, 325.88it/s]Tokenizing inputs:   9%|▊         | 4174/47868 [00:18<02:09, 337.89it/s]Tokenizing inputs:   9%|▉         | 4212/47868 [00:18<02:05, 348.61it/s]Tokenizing inputs:   9%|▉         | 4249/47868 [00:19<02:03, 352.64it/s]Tokenizing inputs:   9%|▉         | 4285/47868 [00:19<02:02, 354.63it/s]Tokenizing inputs:   9%|▉         | 4322/47868 [00:19<02:01, 357.56it/s]Tokenizing inputs:   9%|▉         | 4359/47868 [00:19<02:00, 360.65it/s]Tokenizing inputs:   9%|▉         | 4397/47868 [00:19<01:59, 363.88it/s]Tokenizing inputs:   9%|▉         | 4434/47868 [00:19<01:59, 364.96it/s]Tokenizing inputs:   9%|▉         | 4471/47868 [00:19<01:59, 361.98it/s]Tokenizing inputs:   9%|▉         | 4508/47868 [00:19<01:59, 361.64it/s]Tokenizing inputs:   9%|▉         | 4546/47868 [00:19<01:58, 364.61it/s]Tokenizing inputs:  10%|▉         | 4584/47868 [00:19<01:57, 367.46it/s]Tokenizing inputs:  10%|▉         | 4621/47868 [00:20<01:58, 365.34it/s]Tokenizing inputs:  10%|▉         | 4658/47868 [00:20<01:58, 364.04it/s]Tokenizing inputs:  10%|▉         | 4695/47868 [00:20<01:58, 363.75it/s]Tokenizing inputs:  10%|▉         | 4733/47868 [00:20<01:58, 365.42it/s]Tokenizing inputs:  10%|▉         | 4770/47868 [00:20<01:58, 364.84it/s]Tokenizing inputs:  10%|█         | 4807/47868 [00:20<01:57, 365.98it/s]Tokenizing inputs:  10%|█         | 4844/47868 [00:20<01:57, 365.12it/s]Tokenizing inputs:  10%|█         | 4881/47868 [00:20<01:58, 364.04it/s]Tokenizing inputs:  10%|█         | 4919/47868 [00:20<01:57, 366.93it/s]Tokenizing inputs:  10%|█         | 4956/47868 [00:20<01:58, 362.23it/s]Tokenizing inputs:  10%|█         | 4994/47868 [00:21<01:57, 365.58it/s]Tokenizing inputs:  11%|█         | 5031/47868 [00:21<01:56, 366.55it/s]Tokenizing inputs:  11%|█         | 5068/47868 [00:21<01:56, 366.67it/s]Tokenizing inputs:  11%|█         | 5105/47868 [00:21<01:57, 363.80it/s]Tokenizing inputs:  11%|█         | 5142/47868 [00:21<01:58, 361.11it/s]Tokenizing inputs:  11%|█         | 5179/47868 [00:21<01:58, 360.68it/s]Tokenizing inputs:  11%|█         | 5216/47868 [00:21<01:58, 360.72it/s]Tokenizing inputs:  11%|█         | 5253/47868 [00:21<01:58, 360.80it/s]Tokenizing inputs:  11%|█         | 5290/47868 [00:21<01:59, 357.47it/s]Tokenizing inputs:  11%|█         | 5326/47868 [00:22<01:59, 356.49it/s]Tokenizing inputs:  11%|█         | 5363/47868 [00:22<01:58, 358.91it/s]Tokenizing inputs:  11%|█▏        | 5399/47868 [00:22<01:58, 358.79it/s]Tokenizing inputs:  11%|█▏        | 5435/47868 [00:22<01:58, 358.46it/s]Tokenizing inputs:  11%|█▏        | 5472/47868 [00:22<01:57, 361.23it/s]Tokenizing inputs:  12%|█▏        | 5510/47868 [00:22<01:56, 364.25it/s]Tokenizing inputs:  12%|█▏        | 5547/47868 [00:22<01:56, 361.76it/s]Tokenizing inputs:  12%|█▏        | 5584/47868 [00:22<01:58, 358.14it/s]Tokenizing inputs:  12%|█▏        | 5620/47868 [00:22<01:58, 355.05it/s]Tokenizing inputs:  12%|█▏        | 5657/47868 [00:22<01:58, 356.90it/s]Tokenizing inputs:  12%|█▏        | 5693/47868 [00:23<01:59, 354.32it/s]Tokenizing inputs:  12%|█▏        | 5730/47868 [00:23<01:57, 357.84it/s]Tokenizing inputs:  12%|█▏        | 5767/47868 [00:23<01:57, 358.61it/s]Tokenizing inputs:  12%|█▏        | 5803/47868 [00:23<01:57, 357.74it/s]Tokenizing inputs:  12%|█▏        | 5840/47868 [00:23<01:56, 361.19it/s]Tokenizing inputs:  12%|█▏        | 5877/47868 [00:23<01:57, 358.01it/s]Tokenizing inputs:  12%|█▏        | 5913/47868 [00:23<01:57, 355.93it/s]Tokenizing inputs:  12%|█▏        | 5949/47868 [00:23<02:01, 343.60it/s]Tokenizing inputs:  13%|█▎        | 5985/47868 [00:23<02:00, 346.19it/s]Tokenizing inputs:  13%|█▎        | 6020/47868 [00:23<02:13, 312.44it/s]Tokenizing inputs:  13%|█▎        | 6052/47868 [00:24<02:32, 274.73it/s]Tokenizing inputs:  13%|█▎        | 6081/47868 [00:24<02:43, 255.21it/s]Tokenizing inputs:  13%|█▎        | 6108/47868 [00:24<02:53, 240.47it/s]Tokenizing inputs:  13%|█▎        | 6133/47868 [00:24<03:02, 228.30it/s]Tokenizing inputs:  13%|█▎        | 6157/47868 [00:24<03:06, 224.04it/s]Tokenizing inputs:  13%|█▎        | 6180/47868 [00:24<03:11, 218.05it/s]Tokenizing inputs:  13%|█▎        | 6202/47868 [00:24<03:14, 214.65it/s]Tokenizing inputs:  13%|█▎        | 6224/47868 [00:24<03:16, 211.77it/s]Tokenizing inputs:  13%|█▎        | 6246/47868 [00:25<03:18, 209.42it/s]Tokenizing inputs:  13%|█▎        | 6268/47868 [00:25<03:18, 209.59it/s]Tokenizing inputs:  13%|█▎        | 6289/47868 [00:25<03:26, 201.65it/s]Tokenizing inputs:  13%|█▎        | 6310/47868 [00:25<03:25, 202.36it/s]Tokenizing inputs:  13%|█▎        | 6331/47868 [00:25<03:24, 203.09it/s]Tokenizing inputs:  13%|█▎        | 6353/47868 [00:25<03:21, 206.28it/s]Tokenizing inputs:  13%|█▎        | 6374/47868 [00:25<03:20, 206.57it/s]Tokenizing inputs:  13%|█▎        | 6396/47868 [00:25<03:17, 209.48it/s]Tokenizing inputs:  13%|█▎        | 6417/47868 [00:25<03:19, 208.17it/s]Tokenizing inputs:  13%|█▎        | 6438/47868 [00:26<03:18, 208.37it/s]Tokenizing inputs:  13%|█▎        | 6459/47868 [00:26<03:18, 208.84it/s]Tokenizing inputs:  14%|█▎        | 6482/47868 [00:26<03:14, 212.94it/s]Tokenizing inputs:  14%|█▎        | 6504/47868 [00:26<03:17, 209.63it/s]Tokenizing inputs:  14%|█▎        | 6525/47868 [00:26<03:19, 207.24it/s]Tokenizing inputs:  14%|█▎        | 6547/47868 [00:26<03:18, 208.24it/s]Tokenizing inputs:  14%|█▎        | 6569/47868 [00:26<03:17, 209.10it/s]Tokenizing inputs:  14%|█▍        | 6591/47868 [00:26<03:14, 212.12it/s]Tokenizing inputs:  14%|█▍        | 6613/47868 [00:26<03:15, 211.39it/s]Tokenizing inputs:  14%|█▍        | 6635/47868 [00:26<03:18, 207.63it/s]Tokenizing inputs:  14%|█▍        | 6657/47868 [00:27<03:17, 209.04it/s]Tokenizing inputs:  14%|█▍        | 6678/47868 [00:27<03:18, 207.83it/s]Tokenizing inputs:  14%|█▍        | 6699/47868 [00:27<03:19, 206.83it/s]Tokenizing inputs:  14%|█▍        | 6720/47868 [00:27<03:20, 205.23it/s]Tokenizing inputs:  14%|█▍        | 6741/47868 [00:27<03:21, 204.28it/s]Tokenizing inputs:  14%|█▍        | 6762/47868 [00:27<03:20, 204.62it/s]Tokenizing inputs:  14%|█▍        | 6783/47868 [00:27<03:21, 203.80it/s]Tokenizing inputs:  14%|█▍        | 6804/47868 [00:27<03:23, 202.10it/s]Tokenizing inputs:  14%|█▍        | 6825/47868 [00:27<03:21, 203.56it/s]Tokenizing inputs:  14%|█▍        | 6846/47868 [00:28<03:23, 201.19it/s]Tokenizing inputs:  14%|█▍        | 6867/47868 [00:28<03:23, 201.62it/s]Tokenizing inputs:  14%|█▍        | 6888/47868 [00:28<03:21, 203.81it/s]Tokenizing inputs:  14%|█▍        | 6910/47868 [00:28<03:17, 207.38it/s]Tokenizing inputs:  14%|█▍        | 6931/47868 [00:28<03:17, 207.47it/s]Tokenizing inputs:  15%|█▍        | 6952/47868 [00:28<03:17, 206.69it/s]Tokenizing inputs:  15%|█▍        | 6973/47868 [00:28<03:19, 204.81it/s]Tokenizing inputs:  15%|█▍        | 6995/47868 [00:28<03:17, 207.42it/s]Tokenizing inputs:  15%|█▍        | 7017/47868 [00:28<03:15, 209.44it/s]Tokenizing inputs:  15%|█▍        | 7038/47868 [00:28<03:15, 209.36it/s]Tokenizing inputs:  15%|█▍        | 7060/47868 [00:29<03:13, 211.00it/s]Tokenizing inputs:  15%|█▍        | 7082/47868 [00:29<03:15, 208.52it/s]Tokenizing inputs:  15%|█▍        | 7103/47868 [00:29<03:16, 206.96it/s]Tokenizing inputs:  15%|█▍        | 7124/47868 [00:29<03:20, 202.78it/s]Tokenizing inputs:  15%|█▍        | 7145/47868 [00:29<03:24, 199.20it/s]Tokenizing inputs:  15%|█▍        | 7165/47868 [00:29<03:24, 198.56it/s]Tokenizing inputs:  15%|█▌        | 7185/47868 [00:29<03:24, 198.78it/s]Tokenizing inputs:  15%|█▌        | 7206/47868 [00:29<03:23, 199.36it/s]Tokenizing inputs:  15%|█▌        | 7226/47868 [00:29<03:27, 196.31it/s]Tokenizing inputs:  15%|█▌        | 7246/47868 [00:29<03:26, 196.61it/s]Tokenizing inputs:  15%|█▌        | 7267/47868 [00:30<03:23, 199.80it/s]Tokenizing inputs:  15%|█▌        | 7287/47868 [00:30<03:23, 199.65it/s]Tokenizing inputs:  15%|█▌        | 7307/47868 [00:30<03:24, 198.15it/s]Tokenizing inputs:  15%|█▌        | 7328/47868 [00:30<03:24, 198.48it/s]Tokenizing inputs:  15%|█▌        | 7348/47868 [00:30<03:24, 198.54it/s]Tokenizing inputs:  15%|█▌        | 7368/47868 [00:30<03:24, 198.13it/s]Tokenizing inputs:  15%|█▌        | 7388/47868 [00:30<03:24, 198.25it/s]Tokenizing inputs:  15%|█▌        | 7408/47868 [00:30<03:24, 198.17it/s]Tokenizing inputs:  16%|█▌        | 7428/47868 [00:30<03:24, 198.10it/s]Tokenizing inputs:  16%|█▌        | 7450/47868 [00:30<03:20, 202.01it/s]Tokenizing inputs:  16%|█▌        | 7471/47868 [00:31<03:20, 201.55it/s]Tokenizing inputs:  16%|█▌        | 7492/47868 [00:31<03:21, 200.63it/s]Tokenizing inputs:  16%|█▌        | 7513/47868 [00:31<03:22, 199.21it/s]Tokenizing inputs:  16%|█▌        | 7533/47868 [00:31<03:24, 197.30it/s]Tokenizing inputs:  16%|█▌        | 7555/47868 [00:31<03:19, 202.22it/s]Tokenizing inputs:  16%|█▌        | 7576/47868 [00:31<03:21, 199.69it/s]Tokenizing inputs:  16%|█▌        | 7597/47868 [00:31<03:20, 200.49it/s]Tokenizing inputs:  16%|█▌        | 7618/47868 [00:31<03:21, 199.59it/s]Tokenizing inputs:  16%|█▌        | 7639/47868 [00:31<03:18, 202.34it/s]Tokenizing inputs:  16%|█▌        | 7660/47868 [00:32<03:20, 200.80it/s]Tokenizing inputs:  16%|█▌        | 7681/47868 [00:32<03:19, 201.69it/s]Tokenizing inputs:  16%|█▌        | 7702/47868 [00:32<03:19, 201.64it/s]Tokenizing inputs:  16%|█▌        | 7723/47868 [00:32<03:20, 200.67it/s]Tokenizing inputs:  16%|█▌        | 7744/47868 [00:32<03:21, 199.39it/s]Tokenizing inputs:  16%|█▌        | 7765/47868 [00:32<03:19, 201.10it/s]Tokenizing inputs:  16%|█▋        | 7786/47868 [00:32<03:17, 203.30it/s]Tokenizing inputs:  16%|█▋        | 7807/47868 [00:32<03:15, 205.19it/s]Tokenizing inputs:  16%|█▋        | 7828/47868 [00:32<03:19, 201.06it/s]Tokenizing inputs:  16%|█▋        | 7850/47868 [00:32<03:16, 203.71it/s]Tokenizing inputs:  16%|█▋        | 7871/47868 [00:33<03:18, 201.91it/s]Tokenizing inputs:  16%|█▋        | 7892/47868 [00:33<03:20, 199.21it/s]Tokenizing inputs:  17%|█▋        | 7913/47868 [00:33<03:18, 201.72it/s]Tokenizing inputs:  17%|█▋        | 7934/47868 [00:33<03:20, 199.65it/s]Tokenizing inputs:  17%|█▋        | 7954/47868 [00:33<03:20, 199.32it/s]Tokenizing inputs:  17%|█▋        | 7974/47868 [00:33<03:21, 198.33it/s]Tokenizing inputs:  17%|█▋        | 7994/47868 [00:33<03:39, 181.91it/s]Tokenizing inputs:  17%|█▋        | 8023/47868 [00:33<03:08, 211.25it/s]Tokenizing inputs:  17%|█▋        | 8057/47868 [00:33<02:41, 246.51it/s]Tokenizing inputs:  17%|█▋        | 8091/47868 [00:34<02:26, 271.22it/s]Tokenizing inputs:  17%|█▋        | 8124/47868 [00:34<02:18, 287.74it/s]Tokenizing inputs:  17%|█▋        | 8158/47868 [00:34<02:12, 300.76it/s]Tokenizing inputs:  17%|█▋        | 8192/47868 [00:34<02:07, 311.88it/s]Tokenizing inputs:  17%|█▋        | 8226/47868 [00:34<02:04, 317.46it/s]Tokenizing inputs:  17%|█▋        | 8259/47868 [00:34<02:03, 320.54it/s]Tokenizing inputs:  17%|█▋        | 8292/47868 [00:34<02:04, 318.27it/s]Tokenizing inputs:  17%|█▋        | 8325/47868 [00:34<02:03, 319.78it/s]Tokenizing inputs:  17%|█▋        | 8358/47868 [00:34<02:02, 322.21it/s]Tokenizing inputs:  18%|█▊        | 8391/47868 [00:34<02:02, 322.05it/s]Tokenizing inputs:  18%|█▊        | 8425/47868 [00:35<02:00, 326.05it/s]Tokenizing inputs:  18%|█▊        | 8459/47868 [00:35<01:59, 329.75it/s]Tokenizing inputs:  18%|█▊        | 8492/47868 [00:35<01:59, 328.49it/s]Tokenizing inputs:  18%|█▊        | 8526/47868 [00:35<01:59, 329.28it/s]Tokenizing inputs:  18%|█▊        | 8560/47868 [00:35<01:58, 330.75it/s]Tokenizing inputs:  18%|█▊        | 8594/47868 [00:35<01:57, 332.93it/s]Tokenizing inputs:  18%|█▊        | 8628/47868 [00:35<01:57, 333.96it/s]Tokenizing inputs:  18%|█▊        | 8662/47868 [00:35<01:57, 333.53it/s]Tokenizing inputs:  18%|█▊        | 8696/47868 [00:35<01:58, 331.81it/s]Tokenizing inputs:  18%|█▊        | 8730/47868 [00:35<01:58, 331.50it/s]Tokenizing inputs:  18%|█▊        | 8764/47868 [00:36<01:58, 331.18it/s]Tokenizing inputs:  18%|█▊        | 8798/47868 [00:36<01:57, 332.14it/s]Tokenizing inputs:  18%|█▊        | 8832/47868 [00:36<01:57, 332.52it/s]Tokenizing inputs:  19%|█▊        | 8866/47868 [00:36<01:58, 328.89it/s]Tokenizing inputs:  19%|█▊        | 8899/47868 [00:36<01:59, 327.32it/s]Tokenizing inputs:  19%|█▊        | 8933/47868 [00:36<01:58, 328.93it/s]Tokenizing inputs:  19%|█▊        | 8967/47868 [00:36<01:57, 331.69it/s]Tokenizing inputs:  19%|█▉        | 9001/47868 [00:36<01:57, 331.02it/s]Tokenizing inputs:  19%|█▉        | 9035/47868 [00:36<01:59, 325.68it/s]Tokenizing inputs:  19%|█▉        | 9068/47868 [00:37<01:58, 326.59it/s]Tokenizing inputs:  19%|█▉        | 9101/47868 [00:37<01:58, 327.23it/s]Tokenizing inputs:  19%|█▉        | 9135/47868 [00:37<01:57, 328.58it/s]Tokenizing inputs:  19%|█▉        | 9168/47868 [00:37<01:58, 326.10it/s]Tokenizing inputs:  19%|█▉        | 9201/47868 [00:37<01:58, 325.84it/s]Tokenizing inputs:  19%|█▉        | 9234/47868 [00:37<01:58, 325.00it/s]Tokenizing inputs:  19%|█▉        | 9267/47868 [00:37<01:58, 324.56it/s]Tokenizing inputs:  19%|█▉        | 9302/47868 [00:37<01:56, 329.95it/s]Tokenizing inputs:  20%|█▉        | 9335/47868 [00:37<01:57, 327.88it/s]Tokenizing inputs:  20%|█▉        | 9368/47868 [00:37<01:58, 324.30it/s]Tokenizing inputs:  20%|█▉        | 9402/47868 [00:38<01:57, 326.16it/s]Tokenizing inputs:  20%|█▉        | 9435/47868 [00:38<01:57, 327.25it/s]Tokenizing inputs:  20%|█▉        | 9468/47868 [00:38<01:57, 326.69it/s]Tokenizing inputs:  20%|█▉        | 9501/47868 [00:38<01:57, 326.39it/s]Tokenizing inputs:  20%|█▉        | 9534/47868 [00:38<01:58, 323.32it/s]Tokenizing inputs:  20%|█▉        | 9567/47868 [00:38<01:58, 322.53it/s]Tokenizing inputs:  20%|██        | 9600/47868 [00:38<02:00, 316.27it/s]Tokenizing inputs:  20%|██        | 9633/47868 [00:38<02:00, 318.50it/s]Tokenizing inputs:  20%|██        | 9665/47868 [00:38<02:00, 316.82it/s]Tokenizing inputs:  20%|██        | 9697/47868 [00:38<02:00, 315.89it/s]Tokenizing inputs:  20%|██        | 9730/47868 [00:39<01:59, 317.85it/s]Tokenizing inputs:  20%|██        | 9763/47868 [00:39<01:59, 319.50it/s]Tokenizing inputs:  20%|██        | 9796/47868 [00:39<01:58, 320.40it/s]Tokenizing inputs:  21%|██        | 9829/47868 [00:39<01:57, 322.49it/s]Tokenizing inputs:  21%|██        | 9862/47868 [00:39<01:58, 319.43it/s]Tokenizing inputs:  21%|██        | 9894/47868 [00:39<02:00, 316.07it/s]Tokenizing inputs:  21%|██        | 9926/47868 [00:39<02:00, 314.43it/s]Tokenizing inputs:  21%|██        | 9959/47868 [00:39<01:59, 316.28it/s]Tokenizing inputs:  21%|██        | 9991/47868 [00:39<02:00, 315.43it/s]Tokenizing inputs:  21%|██        | 10023/47868 [00:39<02:03, 305.63it/s]Tokenizing inputs:  21%|██        | 10054/47868 [00:40<02:14, 280.66it/s]Tokenizing inputs:  21%|██        | 10083/47868 [00:40<02:14, 280.82it/s]Tokenizing inputs:  21%|██        | 10112/47868 [00:40<02:14, 280.92it/s]Tokenizing inputs:  21%|██        | 10141/47868 [00:40<02:13, 281.63it/s]Tokenizing inputs:  21%|██        | 10170/47868 [00:40<02:13, 282.88it/s]Tokenizing inputs:  21%|██▏       | 10199/47868 [00:40<02:12, 284.21it/s]Tokenizing inputs:  21%|██▏       | 10228/47868 [00:40<02:13, 282.70it/s]Tokenizing inputs:  21%|██▏       | 10257/47868 [00:40<02:13, 281.92it/s]Tokenizing inputs:  21%|██▏       | 10286/47868 [00:40<02:15, 277.71it/s]Tokenizing inputs:  22%|██▏       | 10314/47868 [00:41<02:15, 277.77it/s]Tokenizing inputs:  22%|██▏       | 10342/47868 [00:41<02:15, 277.73it/s]Tokenizing inputs:  22%|██▏       | 10370/47868 [00:41<02:16, 274.17it/s]Tokenizing inputs:  22%|██▏       | 10399/47868 [00:41<02:15, 276.23it/s]Tokenizing inputs:  22%|██▏       | 10428/47868 [00:41<02:14, 278.92it/s]Tokenizing inputs:  22%|██▏       | 10457/47868 [00:41<02:13, 281.20it/s]Tokenizing inputs:  22%|██▏       | 10486/47868 [00:41<02:13, 280.57it/s]Tokenizing inputs:  22%|██▏       | 10515/47868 [00:41<02:12, 280.87it/s]Tokenizing inputs:  22%|██▏       | 10544/47868 [00:41<02:12, 280.85it/s]Tokenizing inputs:  22%|██▏       | 10573/47868 [00:41<02:12, 282.23it/s]Tokenizing inputs:  22%|██▏       | 10602/47868 [00:42<02:11, 283.45it/s]Tokenizing inputs:  22%|██▏       | 10631/47868 [00:42<02:11, 283.68it/s]Tokenizing inputs:  22%|██▏       | 10660/47868 [00:42<02:11, 283.54it/s]Tokenizing inputs:  22%|██▏       | 10689/47868 [00:42<02:11, 282.33it/s]Tokenizing inputs:  22%|██▏       | 10718/47868 [00:42<02:11, 281.92it/s]Tokenizing inputs:  22%|██▏       | 10747/47868 [00:42<02:11, 281.31it/s]Tokenizing inputs:  23%|██▎       | 10776/47868 [00:42<02:11, 281.66it/s]Tokenizing inputs:  23%|██▎       | 10805/47868 [00:42<02:10, 283.58it/s]Tokenizing inputs:  23%|██▎       | 10834/47868 [00:42<02:10, 284.01it/s]Tokenizing inputs:  23%|██▎       | 10863/47868 [00:42<02:10, 283.62it/s]Tokenizing inputs:  23%|██▎       | 10892/47868 [00:43<02:11, 281.89it/s]Tokenizing inputs:  23%|██▎       | 10921/47868 [00:43<02:10, 282.72it/s]Tokenizing inputs:  23%|██▎       | 10950/47868 [00:43<02:09, 284.74it/s]Tokenizing inputs:  23%|██▎       | 10979/47868 [00:43<02:08, 285.99it/s]Tokenizing inputs:  23%|██▎       | 11008/47868 [00:43<02:08, 285.94it/s]Tokenizing inputs:  23%|██▎       | 11037/47868 [00:43<02:09, 283.71it/s]Tokenizing inputs:  23%|██▎       | 11066/47868 [00:43<02:08, 285.38it/s]Tokenizing inputs:  23%|██▎       | 11096/47868 [00:43<02:07, 287.40it/s]Tokenizing inputs:  23%|██▎       | 11126/47868 [00:43<02:06, 289.88it/s]Tokenizing inputs:  23%|██▎       | 11156/47868 [00:44<02:05, 291.62it/s]Tokenizing inputs:  23%|██▎       | 11186/47868 [00:44<02:05, 292.17it/s]Tokenizing inputs:  23%|██▎       | 11216/47868 [00:44<02:05, 292.24it/s]Tokenizing inputs:  23%|██▎       | 11246/47868 [00:44<02:05, 292.28it/s]Tokenizing inputs:  24%|██▎       | 11276/47868 [00:44<02:05, 292.08it/s]Tokenizing inputs:  24%|██▎       | 11307/47868 [00:44<02:03, 295.67it/s]Tokenizing inputs:  24%|██▎       | 11337/47868 [00:44<02:04, 294.53it/s]Tokenizing inputs:  24%|██▎       | 11367/47868 [00:44<02:05, 290.25it/s]Tokenizing inputs:  24%|██▍       | 11397/47868 [00:44<02:06, 289.38it/s]Tokenizing inputs:  24%|██▍       | 11427/47868 [00:44<02:05, 291.20it/s]Tokenizing inputs:  24%|██▍       | 11457/47868 [00:45<02:04, 292.46it/s]Tokenizing inputs:  24%|██▍       | 11487/47868 [00:45<02:04, 292.80it/s]Tokenizing inputs:  24%|██▍       | 11517/47868 [00:45<02:03, 293.38it/s]Tokenizing inputs:  24%|██▍       | 11547/47868 [00:45<02:06, 286.20it/s]Tokenizing inputs:  24%|██▍       | 11576/47868 [00:45<02:07, 284.86it/s]Tokenizing inputs:  24%|██▍       | 11605/47868 [00:45<02:07, 284.26it/s]Tokenizing inputs:  24%|██▍       | 11635/47868 [00:45<02:06, 286.23it/s]Tokenizing inputs:  24%|██▍       | 11664/47868 [00:45<02:06, 285.14it/s]Tokenizing inputs:  24%|██▍       | 11694/47868 [00:45<02:05, 287.22it/s]Tokenizing inputs:  24%|██▍       | 11724/47868 [00:45<02:05, 288.49it/s]Tokenizing inputs:  25%|██▍       | 11753/47868 [00:46<02:05, 287.96it/s]Tokenizing inputs:  25%|██▍       | 11783/47868 [00:46<02:05, 288.64it/s]Tokenizing inputs:  25%|██▍       | 11812/47868 [00:46<02:04, 288.76it/s]Tokenizing inputs:  25%|██▍       | 11842/47868 [00:46<02:03, 291.14it/s]Tokenizing inputs:  25%|██▍       | 11872/47868 [00:46<02:04, 288.54it/s]Tokenizing inputs:  25%|██▍       | 11901/47868 [00:46<02:05, 286.36it/s]Tokenizing inputs:  25%|██▍       | 11930/47868 [00:46<02:05, 286.10it/s]Tokenizing inputs:  25%|██▍       | 11959/47868 [00:46<02:05, 286.92it/s]Tokenizing inputs:  25%|██▌       | 11988/47868 [00:46<02:04, 287.18it/s]Tokenizing inputs:  25%|██▌       | 12017/47868 [00:47<02:07, 281.66it/s]Tokenizing inputs:  25%|██▌       | 12046/47868 [00:47<02:09, 277.13it/s]Tokenizing inputs:  25%|██▌       | 12074/47868 [00:47<02:19, 257.04it/s]Tokenizing inputs:  25%|██▌       | 12100/47868 [00:47<02:18, 257.72it/s]Tokenizing inputs:  25%|██▌       | 12126/47868 [00:47<02:18, 258.30it/s]Tokenizing inputs:  25%|██▌       | 12153/47868 [00:47<02:16, 260.79it/s]Tokenizing inputs:  25%|██▌       | 12180/47868 [00:47<02:16, 260.85it/s]Tokenizing inputs:  26%|██▌       | 12207/47868 [00:47<02:15, 263.47it/s]Tokenizing inputs:  26%|██▌       | 12234/47868 [00:47<02:15, 263.93it/s]Tokenizing inputs:  26%|██▌       | 12261/47868 [00:47<02:14, 263.80it/s]Tokenizing inputs:  26%|██▌       | 12288/47868 [00:48<02:14, 264.42it/s]Tokenizing inputs:  26%|██▌       | 12315/47868 [00:48<02:14, 263.70it/s]Tokenizing inputs:  26%|██▌       | 12342/47868 [00:48<02:15, 263.07it/s]Tokenizing inputs:  26%|██▌       | 12369/47868 [00:48<02:15, 262.29it/s]Tokenizing inputs:  26%|██▌       | 12396/47868 [00:48<02:15, 261.89it/s]Tokenizing inputs:  26%|██▌       | 12423/47868 [00:48<02:17, 258.71it/s]Tokenizing inputs:  26%|██▌       | 12449/47868 [00:48<02:16, 258.90it/s]Tokenizing inputs:  26%|██▌       | 12476/47868 [00:48<02:15, 260.64it/s]Tokenizing inputs:  26%|██▌       | 12503/47868 [00:48<02:16, 258.27it/s]Tokenizing inputs:  26%|██▌       | 12530/47868 [00:48<02:15, 259.96it/s]Tokenizing inputs:  26%|██▌       | 12557/47868 [00:49<02:15, 260.25it/s]Tokenizing inputs:  26%|██▋       | 12584/47868 [00:49<02:15, 260.56it/s]Tokenizing inputs:  26%|██▋       | 12611/47868 [00:49<02:15, 260.91it/s]Tokenizing inputs:  26%|██▋       | 12638/47868 [00:49<02:14, 261.67it/s]Tokenizing inputs:  26%|██▋       | 12665/47868 [00:49<02:14, 262.36it/s]Tokenizing inputs:  27%|██▋       | 12692/47868 [00:49<02:14, 262.38it/s]Tokenizing inputs:  27%|██▋       | 12719/47868 [00:49<02:14, 260.37it/s]Tokenizing inputs:  27%|██▋       | 12746/47868 [00:49<02:15, 258.31it/s]Tokenizing inputs:  27%|██▋       | 12772/47868 [00:49<02:16, 257.14it/s]Tokenizing inputs:  27%|██▋       | 12799/47868 [00:50<02:15, 258.68it/s]Tokenizing inputs:  27%|██▋       | 12825/47868 [00:50<02:15, 258.57it/s]Tokenizing inputs:  27%|██▋       | 12851/47868 [00:50<02:16, 256.11it/s]Tokenizing inputs:  27%|██▋       | 12878/47868 [00:50<02:15, 258.00it/s]Tokenizing inputs:  27%|██▋       | 12904/47868 [00:50<02:17, 254.35it/s]Tokenizing inputs:  27%|██▋       | 12930/47868 [00:50<02:17, 253.54it/s]Tokenizing inputs:  27%|██▋       | 12956/47868 [00:50<02:17, 254.52it/s]Tokenizing inputs:  27%|██▋       | 12983/47868 [00:50<02:16, 256.42it/s]Tokenizing inputs:  27%|██▋       | 13009/47868 [00:50<02:16, 254.67it/s]Tokenizing inputs:  27%|██▋       | 13036/47868 [00:50<02:15, 257.43it/s]Tokenizing inputs:  27%|██▋       | 13063/47868 [00:51<02:13, 260.14it/s]Tokenizing inputs:  27%|██▋       | 13090/47868 [00:51<02:13, 260.95it/s]Tokenizing inputs:  27%|██▋       | 13117/47868 [00:51<02:14, 257.88it/s]Tokenizing inputs:  27%|██▋       | 13144/47868 [00:51<02:13, 259.24it/s]Tokenizing inputs:  28%|██▊       | 13171/47868 [00:51<02:12, 261.51it/s]Tokenizing inputs:  28%|██▊       | 13198/47868 [00:51<02:12, 262.60it/s]Tokenizing inputs:  28%|██▊       | 13225/47868 [00:51<02:11, 263.09it/s]Tokenizing inputs:  28%|██▊       | 13252/47868 [00:51<02:10, 264.61it/s]Tokenizing inputs:  28%|██▊       | 13279/47868 [00:51<02:11, 263.35it/s]Tokenizing inputs:  28%|██▊       | 13306/47868 [00:51<02:11, 262.64it/s]Tokenizing inputs:  28%|██▊       | 13333/47868 [00:52<02:11, 261.87it/s]Tokenizing inputs:  28%|██▊       | 13360/47868 [00:52<02:11, 261.63it/s]Tokenizing inputs:  28%|██▊       | 13387/47868 [00:52<02:11, 262.77it/s]Tokenizing inputs:  28%|██▊       | 13414/47868 [00:52<02:10, 263.17it/s]Tokenizing inputs:  28%|██▊       | 13441/47868 [00:52<02:10, 264.00it/s]Tokenizing inputs:  28%|██▊       | 13468/47868 [00:52<02:09, 265.34it/s]Tokenizing inputs:  28%|██▊       | 13495/47868 [00:52<02:10, 263.54it/s]Tokenizing inputs:  28%|██▊       | 13522/47868 [00:52<02:10, 262.56it/s]Tokenizing inputs:  28%|██▊       | 13549/47868 [00:52<02:10, 263.77it/s]Tokenizing inputs:  28%|██▊       | 13576/47868 [00:52<02:10, 262.50it/s]Tokenizing inputs:  28%|██▊       | 13603/47868 [00:53<02:09, 264.43it/s]Tokenizing inputs:  28%|██▊       | 13630/47868 [00:53<02:09, 265.15it/s]Tokenizing inputs:  29%|██▊       | 13657/47868 [00:53<02:09, 263.67it/s]Tokenizing inputs:  29%|██▊       | 13684/47868 [00:53<02:10, 262.19it/s]Tokenizing inputs:  29%|██▊       | 13711/47868 [00:53<02:10, 262.39it/s]Tokenizing inputs:  29%|██▊       | 13738/47868 [00:53<02:09, 263.69it/s]Tokenizing inputs:  29%|██▉       | 13765/47868 [00:53<02:09, 263.00it/s]Tokenizing inputs:  29%|██▉       | 13792/47868 [00:53<02:10, 261.03it/s]Tokenizing inputs:  29%|██▉       | 13819/47868 [00:53<02:10, 261.36it/s]Tokenizing inputs:  29%|██▉       | 13846/47868 [00:54<02:09, 261.77it/s]Tokenizing inputs:  29%|██▉       | 13873/47868 [00:54<02:09, 261.76it/s]Tokenizing inputs:  29%|██▉       | 13900/47868 [00:54<02:10, 261.27it/s]Tokenizing inputs:  29%|██▉       | 13928/47868 [00:54<02:07, 265.29it/s]Tokenizing inputs:  29%|██▉       | 13955/47868 [00:54<02:09, 262.32it/s]Tokenizing inputs:  29%|██▉       | 13982/47868 [00:54<02:09, 261.04it/s]Tokenizing inputs:  29%|██▉       | 14029/47868 [00:54<01:45, 321.48it/s]Tokenizing inputs:  29%|██▉       | 14105/47868 [00:54<01:15, 444.69it/s]Tokenizing inputs:  30%|██▉       | 14192/47868 [00:54<00:59, 568.51it/s]Tokenizing inputs:  30%|██▉       | 14302/47868 [00:54<00:46, 724.59it/s]Tokenizing inputs:  30%|███       | 14406/47868 [00:55<00:40, 817.92it/s]Tokenizing inputs:  30%|███       | 14489/47868 [00:55<00:40, 818.09it/s]Tokenizing inputs:  30%|███       | 14573/47868 [00:55<00:40, 824.23it/s]Tokenizing inputs:  31%|███       | 14656/47868 [00:55<00:42, 782.31it/s]Tokenizing inputs:  31%|███       | 14735/47868 [00:55<00:43, 760.64it/s]Tokenizing inputs:  31%|███       | 14812/47868 [00:55<00:52, 625.06it/s]Tokenizing inputs:  31%|███       | 14879/47868 [00:55<01:02, 527.08it/s]Tokenizing inputs:  31%|███       | 14937/47868 [00:55<01:08, 478.58it/s]Tokenizing inputs:  31%|███▏      | 15002/47868 [00:56<01:03, 515.33it/s]Tokenizing inputs:  31%|███▏      | 15058/47868 [00:56<01:03, 519.17it/s]Tokenizing inputs:  32%|███▏      | 15125/47868 [00:56<00:58, 555.55it/s]Tokenizing inputs:  32%|███▏      | 15192/47868 [00:56<00:55, 585.36it/s]Tokenizing inputs:  32%|███▏      | 15253/47868 [00:56<00:55, 583.25it/s]Tokenizing inputs:  32%|███▏      | 15313/47868 [00:56<01:01, 528.47it/s]Tokenizing inputs:  32%|███▏      | 15368/47868 [00:56<01:04, 506.22it/s]Tokenizing inputs:  32%|███▏      | 15420/47868 [00:56<01:04, 500.95it/s]Tokenizing inputs:  32%|███▏      | 15496/47868 [00:56<00:56, 568.54it/s]Tokenizing inputs:  32%|███▏      | 15555/47868 [00:57<01:05, 490.41it/s]Tokenizing inputs:  33%|███▎      | 15628/47868 [00:57<00:58, 550.33it/s]Tokenizing inputs:  33%|███▎      | 15711/47868 [00:57<00:51, 623.47it/s]Tokenizing inputs:  33%|███▎      | 15777/47868 [00:57<00:53, 600.95it/s]Tokenizing inputs:  33%|███▎      | 15840/47868 [00:57<00:52, 607.98it/s]Tokenizing inputs:  33%|███▎      | 15957/47868 [00:57<00:41, 764.04it/s]Tokenizing inputs:  34%|███▎      | 16079/47868 [00:57<00:35, 892.87it/s]Tokenizing inputs:  34%|███▍      | 16176/47868 [00:57<00:34, 911.69it/s]Tokenizing inputs:  34%|███▍      | 16269/47868 [00:58<00:44, 706.29it/s]Tokenizing inputs:  34%|███▍      | 16348/47868 [00:58<00:53, 592.49it/s]Tokenizing inputs:  34%|███▍      | 16416/47868 [00:58<00:58, 536.34it/s]Tokenizing inputs:  34%|███▍      | 16476/47868 [00:58<01:09, 453.72it/s]Tokenizing inputs:  35%|███▍      | 16527/47868 [00:58<01:17, 402.35it/s]Tokenizing inputs:  35%|███▍      | 16587/47868 [00:58<01:10, 441.12it/s]Tokenizing inputs:  35%|███▍      | 16639/47868 [00:59<01:08, 457.81it/s]Tokenizing inputs:  35%|███▍      | 16698/47868 [00:59<01:03, 489.04it/s]Tokenizing inputs:  35%|███▍      | 16752/47868 [00:59<01:02, 499.60it/s]Tokenizing inputs:  35%|███▌      | 16805/47868 [00:59<01:01, 502.06it/s]Tokenizing inputs:  35%|███▌      | 16858/47868 [00:59<01:04, 479.87it/s]Tokenizing inputs:  35%|███▌      | 16908/47868 [00:59<01:18, 394.04it/s]Tokenizing inputs:  35%|███▌      | 16951/47868 [00:59<01:17, 397.18it/s]Tokenizing inputs:  36%|███▌      | 16994/47868 [01:00<02:04, 248.65it/s]Tokenizing inputs:  36%|███▌      | 17028/47868 [01:00<02:22, 217.00it/s]Tokenizing inputs:  36%|███▌      | 17078/47868 [01:00<01:55, 265.83it/s]Tokenizing inputs:  36%|███▌      | 17126/47868 [01:00<01:39, 307.52it/s]Tokenizing inputs:  36%|███▌      | 17184/47868 [01:00<01:23, 367.15it/s]Tokenizing inputs:  36%|███▌      | 17229/47868 [01:00<01:38, 309.99it/s]Tokenizing inputs:  36%|███▌      | 17267/47868 [01:01<02:06, 242.59it/s]Tokenizing inputs:  36%|███▌      | 17298/47868 [01:01<02:24, 212.06it/s]Tokenizing inputs:  36%|███▌      | 17324/47868 [01:01<02:37, 194.22it/s]Tokenizing inputs:  36%|███▌      | 17347/47868 [01:01<02:40, 189.75it/s]Tokenizing inputs:  36%|███▋      | 17420/47868 [01:01<01:42, 297.70it/s]Tokenizing inputs:  37%|███▋      | 17480/47868 [01:01<01:23, 364.57it/s]Tokenizing inputs:  37%|███▋      | 17562/47868 [01:01<01:03, 474.21it/s]Tokenizing inputs:  37%|███▋      | 17629/47868 [01:01<00:57, 524.20it/s]Tokenizing inputs:  37%|███▋      | 17688/47868 [01:02<00:58, 517.11it/s]Tokenizing inputs:  37%|███▋      | 17746/47868 [01:02<00:56, 533.59it/s]Tokenizing inputs:  37%|███▋      | 17803/47868 [01:02<00:57, 520.14it/s]Tokenizing inputs:  37%|███▋      | 17882/47868 [01:02<00:50, 592.95it/s]Tokenizing inputs:  37%|███▋      | 17944/47868 [01:02<00:53, 562.56it/s]Tokenizing inputs:  38%|███▊      | 18014/47868 [01:02<00:49, 598.49it/s]Tokenizing inputs:  38%|███▊      | 18108/47868 [01:02<00:43, 691.11it/s]Tokenizing inputs:  38%|███▊      | 18179/47868 [01:02<00:43, 676.53it/s]Tokenizing inputs:  38%|███▊      | 18248/47868 [01:02<00:44, 673.02it/s]Tokenizing inputs:  38%|███▊      | 18365/47868 [01:03<00:36, 815.05it/s]Tokenizing inputs:  39%|███▊      | 18485/47868 [01:03<00:31, 925.98it/s]Tokenizing inputs:  39%|███▉      | 18585/47868 [01:03<00:30, 945.52it/s]Tokenizing inputs:  39%|███▉      | 18681/47868 [01:03<00:38, 750.68it/s]Tokenizing inputs:  39%|███▉      | 18763/47868 [01:03<00:46, 632.21it/s]Tokenizing inputs:  39%|███▉      | 18834/47868 [01:03<00:50, 571.77it/s]Tokenizing inputs:  39%|███▉      | 18897/47868 [01:04<01:02, 463.82it/s]Tokenizing inputs:  40%|███▉      | 18950/47868 [01:04<01:01, 471.03it/s]Tokenizing inputs:  40%|███▉      | 19011/47868 [01:04<00:57, 501.68it/s]Tokenizing inputs:  40%|███▉      | 19077/47868 [01:04<00:53, 539.14it/s]Tokenizing inputs:  40%|███▉      | 19143/47868 [01:04<00:50, 567.94it/s]Tokenizing inputs:  40%|████      | 19204/47868 [01:04<00:50, 571.99it/s]Tokenizing inputs:  40%|████      | 19264/47868 [01:04<00:52, 544.43it/s]Tokenizing inputs:  40%|████      | 19321/47868 [01:04<01:03, 447.18it/s]Tokenizing inputs:  40%|████      | 19370/47868 [01:04<01:10, 405.12it/s]Tokenizing inputs:  41%|████      | 19414/47868 [01:05<01:50, 257.46it/s]Tokenizing inputs:  41%|████      | 19449/47868 [01:05<01:45, 268.23it/s]Tokenizing inputs:  41%|████      | 19505/47868 [01:05<01:27, 323.56it/s]Tokenizing inputs:  41%|████      | 19563/47868 [01:05<01:14, 378.32it/s]Tokenizing inputs:  41%|████      | 19609/47868 [01:05<01:11, 396.39it/s]Tokenizing inputs:  41%|████      | 19655/47868 [01:06<01:42, 276.33it/s]Tokenizing inputs:  41%|████      | 19692/47868 [01:06<02:01, 232.04it/s]Tokenizing inputs:  41%|████      | 19723/47868 [01:06<02:15, 207.57it/s]Tokenizing inputs:  41%|████▏     | 19749/47868 [01:06<02:16, 205.49it/s]Tokenizing inputs:  41%|████▏     | 19821/47868 [01:06<01:32, 304.62it/s]Tokenizing inputs:  42%|████▏     | 19881/47868 [01:06<01:16, 368.13it/s]Tokenizing inputs:  42%|████▏     | 19965/47868 [01:06<00:58, 478.23it/s]Tokenizing inputs:  42%|████▏     | 20031/47868 [01:07<00:53, 523.41it/s]Tokenizing inputs:  42%|████▏     | 20091/47868 [01:07<00:54, 507.57it/s]Tokenizing inputs:  42%|████▏     | 20150/47868 [01:07<00:52, 528.70it/s]Tokenizing inputs:  42%|████▏     | 20207/47868 [01:07<00:53, 521.10it/s]Tokenizing inputs:  42%|████▏     | 20280/47868 [01:07<00:47, 577.23it/s]Tokenizing inputs:  42%|████▏     | 20341/47868 [01:07<00:50, 549.57it/s]Tokenizing inputs:  43%|████▎     | 20405/47868 [01:07<00:47, 572.84it/s]Tokenizing inputs:  43%|████▎     | 20500/47868 [01:07<00:40, 677.38it/s]Tokenizing inputs:  43%|████▎     | 20570/47868 [01:07<00:40, 668.13it/s]Tokenizing inputs:  43%|████▎     | 20643/47868 [01:08<00:39, 684.03it/s]Tokenizing inputs:  43%|████▎     | 20761/47868 [01:08<00:32, 827.03it/s]Tokenizing inputs:  44%|████▎     | 20884/47868 [01:08<00:28, 942.72it/s]Tokenizing inputs:  44%|████▍     | 20985/47868 [01:08<00:28, 957.43it/s]Tokenizing inputs:  44%|████▍     | 21082/47868 [01:08<00:35, 751.94it/s]Tokenizing inputs:  44%|████▍     | 21165/47868 [01:08<00:41, 643.06it/s]Tokenizing inputs:  44%|████▍     | 21237/47868 [01:08<00:45, 584.92it/s]Tokenizing inputs:  44%|████▍     | 21301/47868 [01:09<00:57, 465.56it/s]Tokenizing inputs:  45%|████▍     | 21355/47868 [01:09<00:55, 479.65it/s]Tokenizing inputs:  45%|████▍     | 21417/47868 [01:09<00:51, 509.40it/s]Tokenizing inputs:  45%|████▍     | 21484/47868 [01:09<00:48, 547.67it/s]Tokenizing inputs:  45%|████▌     | 21549/47868 [01:09<00:46, 571.27it/s]Tokenizing inputs:  45%|████▌     | 21610/47868 [01:09<00:46, 570.46it/s]Tokenizing inputs:  45%|████▌     | 21670/47868 [01:09<00:47, 555.14it/s]Tokenizing inputs:  45%|████▌     | 21728/47868 [01:09<00:56, 459.63it/s]Tokenizing inputs:  45%|████▌     | 21778/47868 [01:10<01:10, 371.92it/s]Tokenizing inputs:  46%|████▌     | 21820/47868 [01:10<01:36, 270.12it/s]Tokenizing inputs:  46%|████▌     | 21866/47868 [01:10<01:25, 303.80it/s]Tokenizing inputs:  46%|████▌     | 21922/47868 [01:10<01:13, 354.92it/s]Tokenizing inputs:  46%|████▌     | 21987/47868 [01:10<01:01, 420.99it/s]Tokenizing inputs:  46%|████▌     | 22037/47868 [01:10<01:15, 342.44it/s]Tokenizing inputs:  46%|████▌     | 22079/47868 [01:11<01:34, 272.11it/s]Tokenizing inputs:  46%|████▌     | 22114/47868 [01:11<01:48, 236.84it/s]Tokenizing inputs:  46%|████▋     | 22143/47868 [01:11<01:57, 219.12it/s]Tokenizing inputs:  46%|████▋     | 22218/47868 [01:11<01:20, 318.12it/s]Tokenizing inputs:  47%|████▋     | 22272/47868 [01:11<01:10, 364.62it/s]Tokenizing inputs:  47%|████▋     | 22359/47868 [01:11<00:53, 480.23it/s]Tokenizing inputs:  47%|████▋     | 22429/47868 [01:11<00:47, 532.65it/s]Tokenizing inputs:  47%|████▋     | 22490/47868 [01:12<00:48, 520.46it/s]Tokenizing inputs:  47%|████▋     | 22548/47868 [01:12<00:47, 530.06it/s]Tokenizing inputs:  47%|████▋     | 22605/47868 [01:12<00:49, 512.76it/s]Tokenizing inputs:  47%|████▋     | 22682/47868 [01:12<00:43, 580.46it/s]Tokenizing inputs:  48%|████▊     | 22743/47868 [01:12<00:45, 552.38it/s]Tokenizing inputs:  48%|████▊     | 22809/47868 [01:12<00:43, 580.48it/s]Tokenizing inputs:  48%|████▊     | 22905/47868 [01:12<00:36, 683.45it/s]Tokenizing inputs:  48%|████▊     | 22976/47868 [01:12<00:36, 675.46it/s]Tokenizing inputs:  48%|████▊     | 23054/47868 [01:12<00:35, 704.80it/s]Tokenizing inputs:  48%|████▊     | 23169/47868 [01:13<00:29, 832.77it/s]Tokenizing inputs:  49%|████▊     | 23287/47868 [01:13<00:26, 931.78it/s]Tokenizing inputs:  49%|████▉     | 23386/47868 [01:13<00:25, 943.90it/s]Tokenizing inputs:  49%|████▉     | 23482/47868 [01:13<00:32, 739.60it/s]Tokenizing inputs:  49%|████▉     | 23564/47868 [01:13<00:37, 639.85it/s]Tokenizing inputs:  49%|████▉     | 23635/47868 [01:13<00:41, 583.57it/s]Tokenizing inputs:  50%|████▉     | 23699/47868 [01:13<00:50, 481.00it/s]Tokenizing inputs:  50%|████▉     | 23754/47868 [01:14<00:48, 493.59it/s]Tokenizing inputs:  50%|████▉     | 23814/47868 [01:14<00:46, 517.69it/s]Tokenizing inputs:  50%|████▉     | 23880/47868 [01:14<00:43, 552.23it/s]Tokenizing inputs:  50%|█████     | 23944/47868 [01:14<00:41, 573.61it/s]Tokenizing inputs:  50%|█████     | 24005/47868 [01:14<00:41, 572.01it/s]Tokenizing inputs:  50%|█████     | 24065/47868 [01:14<00:43, 546.49it/s]Tokenizing inputs:  50%|█████     | 24122/47868 [01:14<00:54, 434.27it/s]Tokenizing inputs:  50%|█████     | 24170/47868 [01:14<01:00, 391.53it/s]Tokenizing inputs:  51%|█████     | 24213/47868 [01:15<01:36, 246.31it/s]Tokenizing inputs:  51%|█████     | 24247/47868 [01:15<01:32, 256.25it/s]Tokenizing inputs:  51%|█████     | 24303/47868 [01:15<01:15, 313.01it/s]Tokenizing inputs:  51%|█████     | 24353/47868 [01:15<01:06, 351.74it/s]Tokenizing inputs:  51%|█████     | 24407/47868 [01:15<00:59, 393.95it/s]Tokenizing inputs:  51%|█████     | 24453/47868 [01:16<01:23, 281.30it/s]Tokenizing inputs:  51%|█████     | 24490/47868 [01:16<01:38, 238.31it/s]Tokenizing inputs:  51%|█████     | 24521/47868 [01:16<01:48, 215.75it/s]Tokenizing inputs:  51%|█████▏    | 24548/47868 [01:16<01:50, 210.69it/s]Tokenizing inputs:  51%|█████▏    | 24627/47868 [01:16<01:11, 323.86it/s]Tokenizing inputs:  52%|█████▏    | 24707/47868 [01:16<00:54, 426.81it/s]Tokenizing inputs:  52%|█████▏    | 24787/47868 [01:16<00:44, 515.14it/s]Tokenizing inputs:  52%|█████▏    | 24866/47868 [01:16<00:39, 583.81it/s]Tokenizing inputs:  52%|█████▏    | 24947/47868 [01:17<00:35, 642.31it/s]Tokenizing inputs:  52%|█████▏    | 25028/47868 [01:17<00:33, 686.82it/s]Tokenizing inputs:  52%|█████▏    | 25107/47868 [01:17<00:31, 715.33it/s]Tokenizing inputs:  53%|█████▎    | 25188/47868 [01:17<00:30, 740.74it/s]Tokenizing inputs:  53%|█████▎    | 25268/47868 [01:17<00:29, 757.68it/s]Tokenizing inputs:  53%|█████▎    | 25347/47868 [01:17<00:29, 765.22it/s]Tokenizing inputs:  53%|█████▎    | 25427/47868 [01:17<00:28, 775.37it/s]Tokenizing inputs:  53%|█████▎    | 25508/47868 [01:17<00:28, 784.89it/s]Tokenizing inputs:  53%|█████▎    | 25588/47868 [01:17<00:28, 788.42it/s]Tokenizing inputs:  54%|█████▎    | 25670/47868 [01:17<00:27, 795.51it/s]Tokenizing inputs:  54%|█████▍    | 25750/47868 [01:18<00:27, 794.03it/s]Tokenizing inputs:  54%|█████▍    | 25831/47868 [01:18<00:27, 796.66it/s]Tokenizing inputs:  54%|█████▍    | 25911/47868 [01:18<00:27, 796.87it/s]Tokenizing inputs:  54%|█████▍    | 25991/47868 [01:18<00:27, 794.39it/s]Tokenizing inputs:  54%|█████▍    | 26071/47868 [01:18<00:27, 791.45it/s]Tokenizing inputs:  55%|█████▍    | 26152/47868 [01:18<00:27, 796.77it/s]Tokenizing inputs:  55%|█████▍    | 26233/47868 [01:18<00:27, 798.10it/s]Tokenizing inputs:  55%|█████▍    | 26316/47868 [01:18<00:26, 806.49it/s]Tokenizing inputs:  55%|█████▌    | 26397/47868 [01:18<00:27, 788.34it/s]Tokenizing inputs:  55%|█████▌    | 26481/47868 [01:19<00:26, 801.36it/s]Tokenizing inputs:  55%|█████▌    | 26562/47868 [01:19<00:28, 740.70it/s]Tokenizing inputs:  56%|█████▌    | 26638/47868 [01:19<00:34, 622.65it/s]Tokenizing inputs:  56%|█████▌    | 26704/47868 [01:19<00:37, 569.32it/s]Tokenizing inputs:  56%|█████▌    | 26764/47868 [01:19<00:39, 531.32it/s]Tokenizing inputs:  56%|█████▌    | 26820/47868 [01:19<00:41, 509.51it/s]Tokenizing inputs:  56%|█████▌    | 26873/47868 [01:19<00:43, 485.10it/s]Tokenizing inputs:  56%|█████▌    | 26923/47868 [01:19<00:44, 472.66it/s]Tokenizing inputs:  56%|█████▋    | 26971/47868 [01:20<00:45, 462.98it/s]Tokenizing inputs:  56%|█████▋    | 27018/47868 [01:20<00:45, 462.54it/s]Tokenizing inputs:  57%|█████▋    | 27065/47868 [01:20<00:45, 461.54it/s]Tokenizing inputs:  57%|█████▋    | 27112/47868 [01:20<00:44, 462.32it/s]Tokenizing inputs:  57%|█████▋    | 27159/47868 [01:20<00:45, 456.44it/s]Tokenizing inputs:  57%|█████▋    | 27205/47868 [01:20<00:45, 453.00it/s]Tokenizing inputs:  57%|█████▋    | 27251/47868 [01:20<00:45, 454.97it/s]Tokenizing inputs:  57%|█████▋    | 27297/47868 [01:20<00:45, 454.93it/s]Tokenizing inputs:  57%|█████▋    | 27343/47868 [01:20<00:45, 453.35it/s]Tokenizing inputs:  57%|█████▋    | 27389/47868 [01:20<00:45, 453.34it/s]Tokenizing inputs:  57%|█████▋    | 27435/47868 [01:21<00:45, 453.04it/s]Tokenizing inputs:  57%|█████▋    | 27481/47868 [01:21<00:44, 454.65it/s]Tokenizing inputs:  58%|█████▊    | 27527/47868 [01:21<00:44, 453.83it/s]Tokenizing inputs:  58%|█████▊    | 27573/47868 [01:21<00:44, 454.28it/s]Tokenizing inputs:  58%|█████▊    | 27619/47868 [01:21<00:44, 453.95it/s]Tokenizing inputs:  58%|█████▊    | 27666/47868 [01:21<00:44, 455.79it/s]Tokenizing inputs:  58%|█████▊    | 27712/47868 [01:21<00:44, 454.40it/s]Tokenizing inputs:  58%|█████▊    | 27759/47868 [01:21<00:43, 458.40it/s]Tokenizing inputs:  58%|█████▊    | 27805/47868 [01:21<00:43, 458.31it/s]Tokenizing inputs:  58%|█████▊    | 27852/47868 [01:21<00:43, 459.62it/s]Tokenizing inputs:  58%|█████▊    | 27898/47868 [01:22<00:43, 458.34it/s]Tokenizing inputs:  58%|█████▊    | 27944/47868 [01:22<00:43, 457.53it/s]Tokenizing inputs:  58%|█████▊    | 27991/47868 [01:22<00:43, 460.05it/s]Tokenizing inputs:  59%|█████▊    | 28038/47868 [01:22<00:43, 458.66it/s]Tokenizing inputs:  59%|█████▊    | 28085/47868 [01:22<00:43, 459.61it/s]Tokenizing inputs:  59%|█████▉    | 28131/47868 [01:22<00:42, 459.48it/s]Tokenizing inputs:  59%|█████▉    | 28177/47868 [01:22<00:42, 459.53it/s]Tokenizing inputs:  59%|█████▉    | 28224/47868 [01:22<00:42, 459.59it/s]Tokenizing inputs:  59%|█████▉    | 28270/47868 [01:22<00:43, 450.82it/s]Tokenizing inputs:  59%|█████▉    | 28316/47868 [01:23<00:43, 449.92it/s]Tokenizing inputs:  59%|█████▉    | 28362/47868 [01:23<00:43, 447.23it/s]Tokenizing inputs:  59%|█████▉    | 28407/47868 [01:23<00:45, 432.44it/s]Tokenizing inputs:  59%|█████▉    | 28451/47868 [01:23<00:44, 433.71it/s]Tokenizing inputs:  60%|█████▉    | 28495/47868 [01:23<00:44, 435.47it/s]Tokenizing inputs:  60%|█████▉    | 28539/47868 [01:23<00:44, 435.23it/s]Tokenizing inputs:  60%|█████▉    | 28584/47868 [01:23<00:44, 437.62it/s]Tokenizing inputs:  60%|█████▉    | 28629/47868 [01:23<00:43, 439.84it/s]Tokenizing inputs:  60%|█████▉    | 28674/47868 [01:23<00:43, 436.92it/s]Tokenizing inputs:  60%|██████    | 28722/47868 [01:23<00:42, 449.19it/s]Tokenizing inputs:  60%|██████    | 28797/47868 [01:24<00:35, 536.56it/s]Tokenizing inputs:  60%|██████    | 28873/47868 [01:24<00:31, 600.86it/s]Tokenizing inputs:  60%|██████    | 28948/47868 [01:24<00:29, 642.56it/s]Tokenizing inputs:  61%|██████    | 29024/47868 [01:24<00:27, 674.85it/s]Tokenizing inputs:  61%|██████    | 29099/47868 [01:24<00:27, 694.61it/s]Tokenizing inputs:  61%|██████    | 29174/47868 [01:24<00:26, 708.45it/s]Tokenizing inputs:  61%|██████    | 29249/47868 [01:24<00:25, 720.60it/s]Tokenizing inputs:  61%|██████▏   | 29322/47868 [01:24<00:25, 722.20it/s]Tokenizing inputs:  61%|██████▏   | 29395/47868 [01:24<00:25, 721.11it/s]Tokenizing inputs:  62%|██████▏   | 29468/47868 [01:24<00:25, 717.26it/s]Tokenizing inputs:  62%|██████▏   | 29542/47868 [01:25<00:25, 722.97it/s]Tokenizing inputs:  62%|██████▏   | 29615/47868 [01:25<00:25, 723.95it/s]Tokenizing inputs:  62%|██████▏   | 29689/47868 [01:25<00:24, 728.20it/s]Tokenizing inputs:  62%|██████▏   | 29762/47868 [01:25<00:25, 721.89it/s]Tokenizing inputs:  62%|██████▏   | 29835/47868 [01:25<00:24, 721.55it/s]Tokenizing inputs:  62%|██████▏   | 29909/47868 [01:25<00:24, 726.21it/s]Tokenizing inputs:  63%|██████▎   | 29982/47868 [01:25<00:24, 724.15it/s]Tokenizing inputs:  63%|██████▎   | 30055/47868 [01:25<00:24, 722.91it/s]Tokenizing inputs:  63%|██████▎   | 30128/47868 [01:25<00:24, 720.71it/s]Tokenizing inputs:  63%|██████▎   | 30201/47868 [01:25<00:24, 723.42it/s]Tokenizing inputs:  63%|██████▎   | 30274/47868 [01:26<00:24, 723.42it/s]Tokenizing inputs:  63%|██████▎   | 30347/47868 [01:26<00:24, 725.18it/s]Tokenizing inputs:  64%|██████▎   | 30421/47868 [01:26<00:23, 727.69it/s]Tokenizing inputs:  64%|██████▎   | 30494/47868 [01:26<00:24, 710.26it/s]Tokenizing inputs:  64%|██████▍   | 30567/47868 [01:26<00:24, 715.00it/s]Tokenizing inputs:  64%|██████▍   | 30639/47868 [01:26<00:24, 716.29it/s]Tokenizing inputs:  64%|██████▍   | 30711/47868 [01:26<00:24, 705.98it/s]Tokenizing inputs:  64%|██████▍   | 30782/47868 [01:26<00:25, 660.15it/s]Tokenizing inputs:  64%|██████▍   | 30849/47868 [01:26<00:27, 626.98it/s]Tokenizing inputs:  65%|██████▍   | 30913/47868 [01:27<00:27, 609.54it/s]Tokenizing inputs:  65%|██████▍   | 30975/47868 [01:27<00:28, 590.09it/s]Tokenizing inputs:  65%|██████▍   | 31035/47868 [01:27<00:28, 581.17it/s]Tokenizing inputs:  65%|██████▍   | 31094/47868 [01:27<00:29, 574.34it/s]Tokenizing inputs:  65%|██████▌   | 31152/47868 [01:27<00:29, 568.43it/s]Tokenizing inputs:  65%|██████▌   | 31209/47868 [01:27<00:29, 564.88it/s]Tokenizing inputs:  65%|██████▌   | 31266/47868 [01:27<00:29, 560.92it/s]Tokenizing inputs:  65%|██████▌   | 31323/47868 [01:27<00:29, 554.96it/s]Tokenizing inputs:  66%|██████▌   | 31379/47868 [01:27<00:29, 554.21it/s]Tokenizing inputs:  66%|██████▌   | 31435/47868 [01:27<00:29, 554.77it/s]Tokenizing inputs:  66%|██████▌   | 31491/47868 [01:28<00:29, 556.17it/s]Tokenizing inputs:  66%|██████▌   | 31548/47868 [01:28<00:29, 558.38it/s]Tokenizing inputs:  66%|██████▌   | 31604/47868 [01:28<00:29, 555.53it/s]Tokenizing inputs:  66%|██████▌   | 31660/47868 [01:28<00:29, 553.82it/s]Tokenizing inputs:  66%|██████▋   | 31716/47868 [01:28<00:29, 551.86it/s]Tokenizing inputs:  66%|██████▋   | 31773/47868 [01:28<00:28, 556.53it/s]Tokenizing inputs:  66%|██████▋   | 31829/47868 [01:28<00:28, 554.80it/s]Tokenizing inputs:  67%|██████▋   | 31885/47868 [01:28<00:29, 550.99it/s]Tokenizing inputs:  67%|██████▋   | 31942/47868 [01:28<00:28, 554.39it/s]Tokenizing inputs:  67%|██████▋   | 31998/47868 [01:28<00:28, 555.23it/s]Tokenizing inputs:  67%|██████▋   | 32055/47868 [01:29<00:28, 557.79it/s]Tokenizing inputs:  67%|██████▋   | 32113/47868 [01:29<00:28, 562.13it/s]Tokenizing inputs:  67%|██████▋   | 32170/47868 [01:29<00:28, 559.80it/s]Tokenizing inputs:  67%|██████▋   | 32227/47868 [01:29<00:27, 561.51it/s]Tokenizing inputs:  67%|██████▋   | 32284/47868 [01:29<00:27, 563.90it/s]Tokenizing inputs:  68%|██████▊   | 32341/47868 [01:29<00:27, 560.06it/s]Tokenizing inputs:  68%|██████▊   | 32398/47868 [01:29<00:27, 557.77it/s]Tokenizing inputs:  68%|██████▊   | 32455/47868 [01:29<00:27, 560.32it/s]Tokenizing inputs:  68%|██████▊   | 32512/47868 [01:29<00:28, 546.37it/s]Tokenizing inputs:  68%|██████▊   | 32570/47868 [01:30<00:27, 554.87it/s]Tokenizing inputs:  68%|██████▊   | 32626/47868 [01:30<00:27, 553.30it/s]Tokenizing inputs:  68%|██████▊   | 32683/47868 [01:30<00:27, 556.65it/s]Tokenizing inputs:  68%|██████▊   | 32739/47868 [01:30<00:27, 555.03it/s]Tokenizing inputs:  69%|██████▊   | 32796/47868 [01:30<00:27, 556.93it/s]Tokenizing inputs:  69%|██████▊   | 32853/47868 [01:30<00:26, 559.44it/s]Tokenizing inputs:  69%|██████▉   | 32924/47868 [01:30<00:24, 603.68it/s]Tokenizing inputs:  69%|██████▉   | 32998/47868 [01:30<00:23, 643.08it/s]Tokenizing inputs:  69%|██████▉   | 33074/47868 [01:30<00:21, 676.89it/s]Tokenizing inputs:  69%|██████▉   | 33146/47868 [01:30<00:21, 688.03it/s]Tokenizing inputs:  69%|██████▉   | 33223/47868 [01:31<00:20, 710.20it/s]Tokenizing inputs:  70%|██████▉   | 33300/47868 [01:31<00:20, 725.99it/s]Tokenizing inputs:  70%|██████▉   | 33379/47868 [01:31<00:19, 743.42it/s]Tokenizing inputs:  70%|██████▉   | 33455/47868 [01:31<00:19, 747.41it/s]Tokenizing inputs:  70%|███████   | 33531/47868 [01:31<00:19, 750.64it/s]Tokenizing inputs:  70%|███████   | 33607/47868 [01:31<00:18, 753.21it/s]Tokenizing inputs:  70%|███████   | 33685/47868 [01:31<00:18, 760.82it/s]Tokenizing inputs:  71%|███████   | 33763/47868 [01:31<00:18, 764.25it/s]Tokenizing inputs:  71%|███████   | 33840/47868 [01:31<00:18, 760.18it/s]Tokenizing inputs:  71%|███████   | 33920/47868 [01:31<00:18, 769.86it/s]Tokenizing inputs:  71%|███████   | 33999/47868 [01:32<00:17, 775.43it/s]Tokenizing inputs:  71%|███████   | 34078/47868 [01:32<00:17, 774.94it/s]Tokenizing inputs:  71%|███████▏  | 34156/47868 [01:32<00:17, 770.33it/s]Tokenizing inputs:  72%|███████▏  | 34234/47868 [01:32<00:17, 768.80it/s]Tokenizing inputs:  72%|███████▏  | 34311/47868 [01:32<00:17, 768.89it/s]Tokenizing inputs:  72%|███████▏  | 34398/47868 [01:32<00:16, 796.30it/s]Tokenizing inputs:  72%|███████▏  | 34482/47868 [01:32<00:16, 808.12it/s]Tokenizing inputs:  72%|███████▏  | 34563/47868 [01:32<00:16, 789.49it/s]Tokenizing inputs:  72%|███████▏  | 34648/47868 [01:32<00:16, 804.93it/s]Tokenizing inputs:  73%|███████▎  | 34732/47868 [01:32<00:16, 813.28it/s]Tokenizing inputs:  73%|███████▎  | 34819/47868 [01:33<00:15, 827.91it/s]Tokenizing inputs:  73%|███████▎  | 34902/47868 [01:33<00:15, 827.80it/s]Tokenizing inputs:  73%|███████▎  | 34987/47868 [01:33<00:15, 831.53it/s]Tokenizing inputs:  73%|███████▎  | 35072/47868 [01:33<00:15, 835.92it/s]Tokenizing inputs:  73%|███████▎  | 35158/47868 [01:33<00:15, 841.44it/s]Tokenizing inputs:  74%|███████▎  | 35243/47868 [01:33<00:14, 842.30it/s]Tokenizing inputs:  74%|███████▍  | 35329/47868 [01:33<00:14, 845.03it/s]Tokenizing inputs:  74%|███████▍  | 35416/47868 [01:33<00:14, 850.97it/s]Tokenizing inputs:  74%|███████▍  | 35505/47868 [01:33<00:14, 861.63it/s]Tokenizing inputs:  74%|███████▍  | 35592/47868 [01:33<00:14, 862.34it/s]Tokenizing inputs:  75%|███████▍  | 35679/47868 [01:34<00:14, 855.74it/s]Tokenizing inputs:  75%|███████▍  | 35771/47868 [01:34<00:13, 873.84it/s]Tokenizing inputs:  75%|███████▍  | 35867/47868 [01:34<00:13, 897.39it/s]Tokenizing inputs:  75%|███████▌  | 35960/47868 [01:34<00:13, 906.95it/s]Tokenizing inputs:  75%|███████▌  | 36053/47868 [01:34<00:12, 912.91it/s]Tokenizing inputs:  76%|███████▌  | 36148/47868 [01:34<00:12, 922.46it/s]Tokenizing inputs:  76%|███████▌  | 36244/47868 [01:34<00:12, 933.52it/s]Tokenizing inputs:  76%|███████▌  | 36338/47868 [01:34<00:12, 935.24it/s]Tokenizing inputs:  76%|███████▌  | 36433/47868 [01:34<00:12, 938.73it/s]Tokenizing inputs:  76%|███████▋  | 36528/47868 [01:34<00:12, 940.64it/s]Tokenizing inputs:  77%|███████▋  | 36623/47868 [01:35<00:12, 919.49it/s]Tokenizing inputs:  77%|███████▋  | 36717/47868 [01:35<00:12, 925.13it/s]Tokenizing inputs:  77%|███████▋  | 36812/47868 [01:35<00:11, 931.56it/s]Tokenizing inputs:  77%|███████▋  | 36910/47868 [01:35<00:11, 945.59it/s]Tokenizing inputs:  77%|███████▋  | 37009/47868 [01:35<00:11, 956.64it/s]Tokenizing inputs:  78%|███████▊  | 37105/47868 [01:35<00:11, 954.66it/s]Tokenizing inputs:  78%|███████▊  | 37201/47868 [01:35<00:11, 933.47it/s]Tokenizing inputs:  78%|███████▊  | 37295/47868 [01:35<00:12, 877.55it/s]Tokenizing inputs:  78%|███████▊  | 37384/47868 [01:35<00:12, 841.18it/s]Tokenizing inputs:  78%|███████▊  | 37469/47868 [01:36<00:12, 811.96it/s]Tokenizing inputs:  78%|███████▊  | 37551/47868 [01:36<00:12, 802.43it/s]Tokenizing inputs:  79%|███████▊  | 37632/47868 [01:36<00:12, 790.71it/s]Tokenizing inputs:  79%|███████▉  | 37712/47868 [01:36<00:12, 781.77it/s]Tokenizing inputs:  79%|███████▉  | 37791/47868 [01:36<00:13, 772.42it/s]Tokenizing inputs:  79%|███████▉  | 37869/47868 [01:36<00:12, 772.32it/s]Tokenizing inputs:  79%|███████▉  | 37947/47868 [01:36<00:12, 766.48it/s]Tokenizing inputs:  79%|███████▉  | 38024/47868 [01:36<00:12, 757.47it/s]Tokenizing inputs:  80%|███████▉  | 38100/47868 [01:36<00:12, 755.04it/s]Tokenizing inputs:  80%|███████▉  | 38178/47868 [01:36<00:12, 761.80it/s]Tokenizing inputs:  80%|███████▉  | 38255/47868 [01:37<00:12, 757.34it/s]Tokenizing inputs:  80%|████████  | 38331/47868 [01:37<00:12, 749.33it/s]Tokenizing inputs:  80%|████████  | 38412/47868 [01:37<00:12, 764.89it/s]Tokenizing inputs:  80%|████████  | 38489/47868 [01:37<00:12, 762.97it/s]Tokenizing inputs:  81%|████████  | 38566/47868 [01:37<00:12, 753.95it/s]Tokenizing inputs:  81%|████████  | 38649/47868 [01:37<00:11, 775.72it/s]Tokenizing inputs:  81%|████████  | 38740/47868 [01:37<00:11, 813.08it/s]Tokenizing inputs:  81%|████████  | 38833/47868 [01:37<00:10, 845.50it/s]Tokenizing inputs:  81%|████████▏ | 38924/47868 [01:37<00:10, 863.10it/s]Tokenizing inputs:  82%|████████▏ | 39018/47868 [01:37<00:10, 883.27it/s]Tokenizing inputs:  82%|████████▏ | 39112/47868 [01:38<00:09, 899.03it/s]Tokenizing inputs:  82%|████████▏ | 39203/47868 [01:38<00:09, 899.90it/s]Tokenizing inputs:  82%|████████▏ | 39297/47868 [01:38<00:09, 911.35it/s]Tokenizing inputs:  82%|████████▏ | 39390/47868 [01:38<00:09, 916.13it/s]Tokenizing inputs:  82%|████████▏ | 39483/47868 [01:38<00:09, 917.31it/s]Tokenizing inputs:  83%|████████▎ | 39577/47868 [01:38<00:08, 922.98it/s]Tokenizing inputs:  83%|████████▎ | 39671/47868 [01:38<00:08, 926.48it/s]Tokenizing inputs:  83%|████████▎ | 39768/47868 [01:38<00:08, 937.42it/s]Tokenizing inputs:  83%|████████▎ | 39864/47868 [01:38<00:08, 942.30it/s]Tokenizing inputs:  83%|████████▎ | 39959/47868 [01:39<00:08, 934.42it/s]Tokenizing inputs:  84%|████████▎ | 40053/47868 [01:39<00:08, 933.77it/s]Tokenizing inputs:  84%|████████▍ | 40147/47868 [01:39<00:08, 919.69it/s]Tokenizing inputs:  84%|████████▍ | 40240/47868 [01:39<00:08, 905.76it/s]Tokenizing inputs:  84%|████████▍ | 40331/47868 [01:39<00:08, 892.47it/s]Tokenizing inputs:  84%|████████▍ | 40421/47868 [01:39<00:08, 893.37it/s]Tokenizing inputs:  85%|████████▍ | 40511/47868 [01:39<00:08, 891.24it/s]Tokenizing inputs:  85%|████████▍ | 40601/47868 [01:39<00:08, 888.28it/s]Tokenizing inputs:  85%|████████▌ | 40690/47868 [01:39<00:08, 867.91it/s]Tokenizing inputs:  85%|████████▌ | 40778/47868 [01:39<00:08, 870.04it/s]Tokenizing inputs:  85%|████████▌ | 40866/47868 [01:40<00:08, 871.42it/s]Tokenizing inputs:  86%|████████▌ | 40954/47868 [01:40<00:07, 871.67it/s]Tokenizing inputs:  86%|████████▌ | 41042/47868 [01:40<00:07, 872.20it/s]Tokenizing inputs:  86%|████████▌ | 41132/47868 [01:40<00:07, 879.02it/s]Tokenizing inputs:  86%|████████▌ | 41225/47868 [01:40<00:07, 893.18it/s]Tokenizing inputs:  86%|████████▋ | 41316/47868 [01:40<00:07, 896.32it/s]Tokenizing inputs:  87%|████████▋ | 41406/47868 [01:40<00:07, 887.34it/s]Tokenizing inputs:  87%|████████▋ | 41500/47868 [01:40<00:07, 900.57it/s]Tokenizing inputs:  87%|████████▋ | 41591/47868 [01:40<00:06, 901.25it/s]Tokenizing inputs:  87%|████████▋ | 41682/47868 [01:40<00:06, 902.91it/s]Tokenizing inputs:  87%|████████▋ | 41773/47868 [01:41<00:06, 895.26it/s]Tokenizing inputs:  87%|████████▋ | 41864/47868 [01:41<00:06, 899.20it/s]Tokenizing inputs:  88%|████████▊ | 41958/47868 [01:41<00:06, 908.63it/s]Tokenizing inputs:  88%|████████▊ | 42049/47868 [01:41<00:06, 905.08it/s]Tokenizing inputs:  88%|████████▊ | 42141/47868 [01:41<00:06, 908.70it/s]Tokenizing inputs:  88%|████████▊ | 42232/47868 [01:41<00:06, 903.56it/s]Tokenizing inputs:  88%|████████▊ | 42323/47868 [01:41<00:06, 902.69it/s]Tokenizing inputs:  89%|████████▊ | 42414/47868 [01:41<00:06, 904.08it/s]Tokenizing inputs:  89%|████████▉ | 42507/47868 [01:41<00:05, 909.99it/s]Tokenizing inputs:  89%|████████▉ | 42604/47868 [01:41<00:05, 925.51it/s]Tokenizing inputs:  89%|████████▉ | 42699/47868 [01:42<00:05, 929.85it/s]Tokenizing inputs:  89%|████████▉ | 42795/47868 [01:42<00:05, 937.91it/s]Tokenizing inputs:  90%|████████▉ | 42889/47868 [01:42<00:05, 890.62it/s]Tokenizing inputs:  90%|████████▉ | 42979/47868 [01:42<00:06, 771.57it/s]Tokenizing inputs:  90%|████████▉ | 43060/47868 [01:42<00:06, 706.61it/s]Tokenizing inputs:  90%|█████████ | 43134/47868 [01:42<00:07, 668.86it/s]Tokenizing inputs:  90%|█████████ | 43203/47868 [01:42<00:07, 642.39it/s]Tokenizing inputs:  90%|█████████ | 43269/47868 [01:42<00:07, 621.72it/s]Tokenizing inputs:  91%|█████████ | 43332/47868 [01:43<00:07, 614.92it/s]Tokenizing inputs:  91%|█████████ | 43394/47868 [01:43<00:07, 610.22it/s]Tokenizing inputs:  91%|█████████ | 43456/47868 [01:43<00:07, 607.98it/s]Tokenizing inputs:  91%|█████████ | 43517/47868 [01:43<00:07, 606.01it/s]Tokenizing inputs:  91%|█████████ | 43578/47868 [01:43<00:07, 605.41it/s]Tokenizing inputs:  91%|█████████ | 43639/47868 [01:43<00:06, 605.67it/s]Tokenizing inputs:  91%|█████████▏| 43700/47868 [01:43<00:06, 604.18it/s]Tokenizing inputs:  91%|█████████▏| 43761/47868 [01:43<00:06, 604.51it/s]Tokenizing inputs:  92%|█████████▏| 43822/47868 [01:43<00:06, 604.21it/s]Tokenizing inputs:  92%|█████████▏| 43883/47868 [01:43<00:06, 602.24it/s]Tokenizing inputs:  92%|█████████▏| 43945/47868 [01:44<00:06, 607.07it/s]Tokenizing inputs:  92%|█████████▏| 44009/47868 [01:44<00:06, 614.49it/s]Tokenizing inputs:  92%|█████████▏| 44072/47868 [01:44<00:06, 618.19it/s]Tokenizing inputs:  92%|█████████▏| 44136/47868 [01:44<00:05, 623.98it/s]Tokenizing inputs:  92%|█████████▏| 44199/47868 [01:44<00:05, 624.79it/s]Tokenizing inputs:  92%|█████████▏| 44263/47868 [01:44<00:05, 628.34it/s]Tokenizing inputs:  93%|█████████▎| 44327/47868 [01:44<00:05, 631.50it/s]Tokenizing inputs:  93%|█████████▎| 44391/47868 [01:44<00:05, 632.98it/s]Tokenizing inputs:  93%|█████████▎| 44455/47868 [01:44<00:05, 634.14it/s]Tokenizing inputs:  93%|█████████▎| 44519/47868 [01:44<00:05, 632.65it/s]Tokenizing inputs:  93%|█████████▎| 44583/47868 [01:45<00:05, 633.94it/s]Tokenizing inputs:  93%|█████████▎| 44649/47868 [01:45<00:05, 640.93it/s]Tokenizing inputs:  93%|█████████▎| 44714/47868 [01:45<00:04, 642.46it/s]Tokenizing inputs:  94%|█████████▎| 44779/47868 [01:45<00:04, 640.59it/s]Tokenizing inputs:  94%|█████████▎| 44844/47868 [01:45<00:04, 633.54it/s]Tokenizing inputs:  94%|█████████▍| 44908/47868 [01:45<00:04, 626.80it/s]Tokenizing inputs:  94%|█████████▍| 44971/47868 [01:45<00:04, 623.72it/s]Tokenizing inputs:  94%|█████████▍| 45034/47868 [01:45<00:04, 622.47it/s]Tokenizing inputs:  94%|█████████▍| 45100/47868 [01:45<00:04, 632.70it/s]Tokenizing inputs:  94%|█████████▍| 45170/47868 [01:45<00:04, 651.36it/s]Tokenizing inputs:  95%|█████████▍| 45240/47868 [01:46<00:03, 664.05it/s]Tokenizing inputs:  95%|█████████▍| 45309/47868 [01:46<00:03, 670.15it/s]Tokenizing inputs:  95%|█████████▍| 45380/47868 [01:46<00:03, 679.81it/s]Tokenizing inputs:  95%|█████████▍| 45451/47868 [01:46<00:03, 686.21it/s]Tokenizing inputs:  95%|█████████▌| 45522/47868 [01:46<00:03, 691.10it/s]Tokenizing inputs:  95%|█████████▌| 45592/47868 [01:46<00:03, 691.36it/s]Tokenizing inputs:  95%|█████████▌| 45662/47868 [01:46<00:03, 690.74it/s]Tokenizing inputs:  96%|█████████▌| 45732/47868 [01:46<00:03, 693.34it/s]Tokenizing inputs:  96%|█████████▌| 45802/47868 [01:46<00:03, 684.80it/s]Tokenizing inputs:  96%|█████████▌| 45871/47868 [01:46<00:02, 679.80it/s]Tokenizing inputs:  96%|█████████▌| 45940/47868 [01:47<00:02, 672.47it/s]Tokenizing inputs:  96%|█████████▌| 46008/47868 [01:47<00:02, 674.29it/s]Tokenizing inputs:  96%|█████████▋| 46076/47868 [01:47<00:02, 672.53it/s]Tokenizing inputs:  96%|█████████▋| 46144/47868 [01:47<00:02, 670.02it/s]Tokenizing inputs:  97%|█████████▋| 46212/47868 [01:47<00:02, 595.92it/s]Tokenizing inputs:  97%|█████████▋| 46274/47868 [01:47<00:03, 485.45it/s]Tokenizing inputs:  97%|█████████▋| 46327/47868 [01:47<00:03, 449.52it/s]Tokenizing inputs:  97%|█████████▋| 46375/47868 [01:47<00:03, 448.16it/s]Tokenizing inputs:  97%|█████████▋| 46422/47868 [01:48<00:03, 446.30it/s]Tokenizing inputs:  97%|█████████▋| 46469/47868 [01:48<00:03, 442.37it/s]Tokenizing inputs:  97%|█████████▋| 46515/47868 [01:48<00:03, 440.91it/s]Tokenizing inputs:  97%|█████████▋| 46560/47868 [01:48<00:02, 440.27it/s]Tokenizing inputs:  97%|█████████▋| 46605/47868 [01:48<00:02, 435.09it/s]Tokenizing inputs:  97%|█████████▋| 46649/47868 [01:48<00:02, 433.20it/s]Tokenizing inputs:  98%|█████████▊| 46693/47868 [01:48<00:02, 429.85it/s]Tokenizing inputs:  98%|█████████▊| 46737/47868 [01:48<00:02, 428.53it/s]Tokenizing inputs:  98%|█████████▊| 46780/47868 [01:48<00:02, 415.03it/s]Tokenizing inputs:  98%|█████████▊| 46822/47868 [01:49<00:02, 414.35it/s]Tokenizing inputs:  98%|█████████▊| 46864/47868 [01:49<00:02, 413.03it/s]Tokenizing inputs:  98%|█████████▊| 46906/47868 [01:49<00:02, 413.12it/s]Tokenizing inputs:  98%|█████████▊| 46948/47868 [01:49<00:02, 410.07it/s]Tokenizing inputs:  98%|█████████▊| 46990/47868 [01:49<00:02, 408.79it/s]Tokenizing inputs:  98%|█████████▊| 47031/47868 [01:49<00:02, 407.60it/s]Tokenizing inputs:  98%|█████████▊| 47074/47868 [01:49<00:01, 411.79it/s]Tokenizing inputs:  98%|█████████▊| 47119/47868 [01:49<00:01, 421.96it/s]Tokenizing inputs:  99%|█████████▊| 47165/47868 [01:49<00:01, 432.26it/s]Tokenizing inputs:  99%|█████████▊| 47212/47868 [01:49<00:01, 441.64it/s]Tokenizing inputs:  99%|█████████▊| 47257/47868 [01:50<00:01, 443.90it/s]Tokenizing inputs:  99%|█████████▉| 47302/47868 [01:50<00:01, 445.04it/s]Tokenizing inputs:  99%|█████████▉| 47347/47868 [01:50<00:01, 444.62it/s]Tokenizing inputs:  99%|█████████▉| 47395/47868 [01:50<00:01, 454.01it/s]Tokenizing inputs:  99%|█████████▉| 47442/47868 [01:50<00:00, 458.72it/s]Tokenizing inputs:  99%|█████████▉| 47490/47868 [01:50<00:00, 464.72it/s]Tokenizing inputs:  99%|█████████▉| 47537/47868 [01:50<00:00, 465.06it/s]Tokenizing inputs:  99%|█████████▉| 47584/47868 [01:50<00:00, 466.49it/s]Tokenizing inputs: 100%|█████████▉| 47631/47868 [01:50<00:00, 463.33it/s]Tokenizing inputs: 100%|█████████▉| 47678/47868 [01:50<00:00, 461.68it/s]Tokenizing inputs: 100%|█████████▉| 47725/47868 [01:51<00:00, 461.58it/s]Tokenizing inputs: 100%|█████████▉| 47772/47868 [01:51<00:00, 457.83it/s]Tokenizing inputs: 100%|█████████▉| 47818/47868 [01:51<00:00, 457.19it/s]Tokenizing inputs: 100%|█████████▉| 47864/47868 [01:51<00:00, 454.20it/s]Tokenizing inputs: 100%|██████████| 47868/47868 [01:51<00:00, 429.75it/s]
Running loglikelihood requests:   0%|          | 0/47868 [00:00<?, ?it/s]Running loglikelihood requests:   0%|          | 1/47868 [01:07<901:50:44, 67.83s/it]Running loglikelihood requests:   0%|          | 17/47868 [01:08<38:06:36,  2.87s/it]Running loglikelihood requests:   0%|          | 33/47868 [01:08<16:14:49,  1.22s/it]Running loglikelihood requests:   0%|          | 49/47868 [01:08<9:00:52,  1.47it/s] Running loglikelihood requests:   0%|          | 65/47868 [01:09<5:34:16,  2.38it/s]Running loglikelihood requests:   0%|          | 81/47868 [01:09<3:39:18,  3.63it/s]Running loglikelihood requests:   0%|          | 97/47868 [01:09<2:29:38,  5.32it/s]Running loglikelihood requests:   0%|          | 113/47868 [01:10<1:45:19,  7.56it/s]Running loglikelihood requests:   0%|          | 129/47868 [01:10<1:16:00, 10.47it/s]Running loglikelihood requests:   0%|          | 145/47868 [01:10<56:17, 14.13it/s]  Running loglikelihood requests:   0%|          | 161/47868 [01:10<42:49, 18.56it/s]Running loglikelihood requests:   0%|          | 177/47868 [01:11<33:34, 23.67it/s]Running loglikelihood requests:   0%|          | 193/47868 [01:11<27:12, 29.21it/s]Running loglikelihood requests:   0%|          | 209/47868 [01:11<22:45, 34.91it/s]Running loglikelihood requests:   0%|          | 225/47868 [01:11<19:39, 40.40it/s]Running loglikelihood requests:   1%|          | 241/47868 [01:12<17:28, 45.43it/s]Running loglikelihood requests:   1%|          | 257/47868 [01:12<15:56, 49.75it/s]Running loglikelihood requests:   1%|          | 273/47868 [01:12<14:52, 53.31it/s]Running loglikelihood requests:   1%|          | 289/47868 [01:12<14:04, 56.36it/s]Running loglikelihood requests:   1%|          | 305/47868 [01:13<13:35, 58.33it/s]Running loglikelihood requests:   1%|          | 321/47868 [01:13<13:13, 59.90it/s]Running loglikelihood requests:   1%|          | 337/47868 [01:13<12:57, 61.13it/s]Running loglikelihood requests:   1%|          | 353/47868 [01:13<12:46, 61.98it/s]Running loglikelihood requests:   1%|          | 369/47868 [01:14<12:37, 62.68it/s]Running loglikelihood requests:   1%|          | 385/47868 [01:14<12:28, 63.48it/s]Running loglikelihood requests:   1%|          | 401/47868 [01:14<12:24, 63.77it/s]Running loglikelihood requests:   1%|          | 417/47868 [01:14<12:18, 64.21it/s]Running loglikelihood requests:   1%|          | 433/47868 [01:15<12:14, 64.56it/s]Running loglikelihood requests:   1%|          | 449/47868 [01:15<12:11, 64.81it/s]Running loglikelihood requests:   1%|          | 465/47868 [01:15<12:09, 64.99it/s]Running loglikelihood requests:   1%|          | 481/47868 [01:15<12:07, 65.14it/s]Running loglikelihood requests:   1%|          | 497/47868 [01:16<12:06, 65.24it/s]Running loglikelihood requests:   1%|          | 513/47868 [01:16<12:05, 65.31it/s]Running loglikelihood requests:   1%|          | 529/47868 [01:16<12:04, 65.38it/s]Running loglikelihood requests:   1%|          | 545/47868 [01:16<12:03, 65.45it/s]Running loglikelihood requests:   1%|          | 561/47868 [01:17<12:04, 65.30it/s]Running loglikelihood requests:   1%|          | 577/47868 [01:17<12:02, 65.45it/s]Running loglikelihood requests:   1%|          | 593/47868 [01:17<12:01, 65.55it/s]Running loglikelihood requests:   1%|▏         | 609/47868 [01:17<12:00, 65.63it/s]Running loglikelihood requests:   1%|▏         | 625/47868 [01:17<11:58, 65.72it/s]Running loglikelihood requests:   1%|▏         | 641/47868 [01:18<11:58, 65.77it/s]Running loglikelihood requests:   1%|▏         | 657/47868 [01:18<11:57, 65.81it/s]Running loglikelihood requests:   1%|▏         | 673/47868 [01:18<11:56, 65.86it/s]Running loglikelihood requests:   1%|▏         | 689/47868 [01:18<11:55, 65.95it/s]Running loglikelihood requests:   1%|▏         | 705/47868 [01:19<11:54, 65.99it/s]Running loglikelihood requests:   2%|▏         | 721/47868 [01:19<11:53, 66.06it/s]Running loglikelihood requests:   2%|▏         | 737/47868 [01:19<11:53, 66.10it/s]Running loglikelihood requests:   2%|▏         | 753/47868 [01:19<11:52, 66.14it/s]Running loglikelihood requests:   2%|▏         | 769/47868 [01:20<11:51, 66.18it/s]Running loglikelihood requests:   2%|▏         | 785/47868 [01:20<11:47, 66.58it/s]Running loglikelihood requests:   2%|▏         | 801/47868 [01:20<11:49, 66.38it/s]Running loglikelihood requests:   2%|▏         | 817/47868 [01:20<11:48, 66.40it/s]Running loglikelihood requests:   2%|▏         | 833/47868 [01:21<11:47, 66.46it/s]Running loglikelihood requests:   2%|▏         | 849/47868 [01:21<11:46, 66.54it/s]Running loglikelihood requests:   2%|▏         | 865/47868 [01:21<11:45, 66.61it/s]Running loglikelihood requests:   2%|▏         | 881/47868 [01:21<11:45, 66.64it/s]Running loglikelihood requests:   2%|▏         | 897/47868 [01:22<11:44, 66.65it/s]Running loglikelihood requests:   2%|▏         | 913/47868 [01:22<11:44, 66.67it/s]Running loglikelihood requests:   2%|▏         | 929/47868 [01:22<11:43, 66.71it/s]Running loglikelihood requests:   2%|▏         | 945/47868 [01:22<11:42, 66.80it/s]Running loglikelihood requests:   2%|▏         | 961/47868 [01:23<11:41, 66.85it/s]Running loglikelihood requests:   2%|▏         | 977/47868 [01:23<11:38, 67.12it/s]Running loglikelihood requests:   2%|▏         | 993/47868 [01:23<11:38, 67.07it/s]Running loglikelihood requests:   2%|▏         | 1009/47868 [01:23<11:39, 67.01it/s]Running loglikelihood requests:   2%|▏         | 1025/47868 [01:23<11:38, 67.01it/s]Running loglikelihood requests:   2%|▏         | 1041/47868 [01:24<11:38, 67.06it/s]Running loglikelihood requests:   2%|▏         | 1057/47868 [01:24<11:37, 67.07it/s]Running loglikelihood requests:   2%|▏         | 1073/47868 [01:24<11:33, 67.46it/s]Running loglikelihood requests:   2%|▏         | 1089/47868 [01:24<11:34, 67.37it/s]Running loglikelihood requests:   2%|▏         | 1105/47868 [01:25<11:34, 67.30it/s]Running loglikelihood requests:   2%|▏         | 1121/47868 [01:25<11:34, 67.33it/s]Running loglikelihood requests:   2%|▏         | 1137/47868 [01:25<11:34, 67.33it/s]Running loglikelihood requests:   2%|▏         | 1153/47868 [01:25<11:34, 67.30it/s]Running loglikelihood requests:   2%|▏         | 1169/47868 [01:26<11:33, 67.33it/s]Running loglikelihood requests:   2%|▏         | 1185/47868 [01:26<11:29, 67.68it/s]Running loglikelihood requests:   3%|▎         | 1201/47868 [01:26<11:30, 67.58it/s]Running loglikelihood requests:   3%|▎         | 1217/47868 [01:26<11:30, 67.56it/s]Running loglikelihood requests:   3%|▎         | 1233/47868 [01:27<11:24, 68.13it/s]Running loglikelihood requests:   3%|▎         | 1249/47868 [01:27<11:22, 68.27it/s]Running loglikelihood requests:   3%|▎         | 1265/47868 [01:27<11:22, 68.32it/s]Running loglikelihood requests:   3%|▎         | 1281/47868 [01:27<11:20, 68.42it/s]Running loglikelihood requests:   3%|▎         | 1297/47868 [01:27<11:17, 68.79it/s]Running loglikelihood requests:   3%|▎         | 1313/47868 [01:28<11:17, 68.75it/s]Running loglikelihood requests:   3%|▎         | 1329/47868 [01:28<11:17, 68.67it/s]Running loglikelihood requests:   3%|▎         | 1345/47868 [01:28<11:17, 68.68it/s]Running loglikelihood requests:   3%|▎         | 1361/47868 [01:28<11:17, 68.64it/s]Running loglikelihood requests:   3%|▎         | 1377/47868 [01:29<11:17, 68.67it/s]Running loglikelihood requests:   3%|▎         | 1393/47868 [01:29<11:16, 68.67it/s]Running loglikelihood requests:   3%|▎         | 1409/47868 [01:29<11:16, 68.70it/s]Running loglikelihood requests:   3%|▎         | 1425/47868 [01:29<11:13, 69.00it/s]Running loglikelihood requests:   3%|▎         | 1441/47868 [01:30<11:13, 68.93it/s]Running loglikelihood requests:   3%|▎         | 1457/47868 [01:30<11:13, 68.89it/s]Running loglikelihood requests:   3%|▎         | 1473/47868 [01:30<11:13, 68.86it/s]Running loglikelihood requests:   3%|▎         | 1489/47868 [01:30<11:13, 68.90it/s]Running loglikelihood requests:   3%|▎         | 1505/47868 [01:31<11:05, 69.62it/s]Running loglikelihood requests:   3%|▎         | 1521/47868 [01:31<11:04, 69.79it/s]Running loglikelihood requests:   3%|▎         | 1537/47868 [01:31<11:02, 69.93it/s]Running loglikelihood requests:   3%|▎         | 1553/47868 [01:31<10:58, 70.36it/s]Running loglikelihood requests:   3%|▎         | 1569/47868 [01:31<10:58, 70.31it/s]Running loglikelihood requests:   3%|▎         | 1585/47868 [01:32<10:58, 70.32it/s]Running loglikelihood requests:   3%|▎         | 1601/47868 [01:32<10:58, 70.29it/s]Running loglikelihood requests:   3%|▎         | 1617/47868 [01:32<10:54, 70.68it/s]Running loglikelihood requests:   3%|▎         | 1633/47868 [01:32<10:54, 70.62it/s]Running loglikelihood requests:   3%|▎         | 1649/47868 [01:33<10:55, 70.52it/s]Running loglikelihood requests:   3%|▎         | 1665/47868 [01:33<10:55, 70.53it/s]Running loglikelihood requests:   4%|▎         | 1681/47868 [01:33<10:52, 70.83it/s]Running loglikelihood requests:   4%|▎         | 1697/47868 [01:33<10:52, 70.74it/s]Running loglikelihood requests:   4%|▎         | 1713/47868 [01:33<10:52, 70.68it/s]Running loglikelihood requests:   4%|▎         | 1729/47868 [01:34<10:53, 70.64it/s]Running loglikelihood requests:   4%|▎         | 1745/47868 [01:34<10:53, 70.63it/s]Running loglikelihood requests:   4%|▎         | 1761/47868 [01:34<10:49, 70.96it/s]Running loglikelihood requests:   4%|▎         | 1777/47868 [01:34<10:50, 70.80it/s]Running loglikelihood requests:   4%|▎         | 1793/47868 [01:35<10:50, 70.80it/s]Running loglikelihood requests:   4%|▍         | 1809/47868 [01:35<10:50, 70.83it/s]Running loglikelihood requests:   4%|▍         | 1825/47868 [01:35<10:49, 70.84it/s]Running loglikelihood requests:   4%|▍         | 1841/47868 [01:35<10:49, 70.88it/s]Running loglikelihood requests:   4%|▍         | 1857/47868 [01:35<10:49, 70.88it/s]Running loglikelihood requests:   4%|▍         | 1873/47868 [01:36<10:48, 70.89it/s]Running loglikelihood requests:   4%|▍         | 1889/47868 [01:36<10:48, 70.92it/s]Running loglikelihood requests:   4%|▍         | 1905/47868 [01:36<10:47, 70.95it/s]Running loglikelihood requests:   4%|▍         | 1921/47868 [01:36<10:44, 71.29it/s]Running loglikelihood requests:   4%|▍         | 1937/47868 [01:37<10:44, 71.23it/s]Running loglikelihood requests:   4%|▍         | 1953/47868 [01:37<10:44, 71.19it/s]Running loglikelihood requests:   4%|▍         | 1969/47868 [01:37<10:45, 71.16it/s]Running loglikelihood requests:   4%|▍         | 1985/47868 [01:37<10:44, 71.18it/s]Running loglikelihood requests:   4%|▍         | 2001/47868 [01:38<10:41, 71.52it/s]Running loglikelihood requests:   4%|▍         | 2017/47868 [01:38<10:41, 71.42it/s]Running loglikelihood requests:   4%|▍         | 2033/47868 [01:38<10:41, 71.41it/s]Running loglikelihood requests:   4%|▍         | 2049/47868 [01:38<10:41, 71.42it/s]Running loglikelihood requests:   4%|▍         | 2065/47868 [01:38<10:38, 71.79it/s]Running loglikelihood requests:   4%|▍         | 2081/47868 [01:39<10:38, 71.69it/s]Running loglikelihood requests:   4%|▍         | 2097/47868 [01:39<10:40, 71.46it/s]Running loglikelihood requests:   4%|▍         | 2113/47868 [01:39<10:42, 71.21it/s]Running loglikelihood requests:   4%|▍         | 2129/47868 [01:39<10:41, 71.31it/s]Running loglikelihood requests:   4%|▍         | 2145/47868 [01:40<10:40, 71.40it/s]Running loglikelihood requests:   5%|▍         | 2161/47868 [01:40<10:36, 71.80it/s]Running loglikelihood requests:   5%|▍         | 2177/47868 [01:40<10:36, 71.76it/s]Running loglikelihood requests:   5%|▍         | 2193/47868 [01:40<10:36, 71.74it/s]Running loglikelihood requests:   5%|▍         | 2209/47868 [01:40<10:36, 71.75it/s]Running loglikelihood requests:   5%|▍         | 2225/47868 [01:41<10:33, 72.10it/s]Running loglikelihood requests:   5%|▍         | 2241/47868 [01:41<10:30, 72.37it/s]Running loglikelihood requests:   5%|▍         | 2257/47868 [01:41<10:29, 72.51it/s]Running loglikelihood requests:   5%|▍         | 2273/47868 [01:41<10:27, 72.71it/s]Running loglikelihood requests:   5%|▍         | 2289/47868 [01:42<10:21, 73.28it/s]Running loglikelihood requests:   5%|▍         | 2305/47868 [01:42<10:21, 73.33it/s]Running loglikelihood requests:   5%|▍         | 2321/47868 [01:42<10:20, 73.37it/s]Running loglikelihood requests:   5%|▍         | 2337/47868 [01:42<10:19, 73.49it/s]Running loglikelihood requests:   5%|▍         | 2353/47868 [01:42<10:18, 73.62it/s]Running loglikelihood requests:   5%|▍         | 2369/47868 [01:43<10:16, 73.79it/s]Running loglikelihood requests:   5%|▍         | 2385/47868 [01:43<10:16, 73.81it/s]Running loglikelihood requests:   5%|▌         | 2401/47868 [01:43<10:14, 74.01it/s]Running loglikelihood requests:   5%|▌         | 2417/47868 [01:43<10:11, 74.28it/s]Running loglikelihood requests:   5%|▌         | 2433/47868 [01:43<10:09, 74.48it/s]Running loglikelihood requests:   5%|▌         | 2449/47868 [01:44<10:08, 74.63it/s]Running loglikelihood requests:   5%|▌         | 2465/47868 [01:44<10:07, 74.79it/s]Running loglikelihood requests:   5%|▌         | 2481/47868 [01:44<10:06, 74.87it/s]Running loglikelihood requests:   5%|▌         | 2497/47868 [01:44<10:05, 74.99it/s]Running loglikelihood requests:   5%|▌         | 2513/47868 [01:45<10:03, 75.12it/s]Running loglikelihood requests:   5%|▌         | 2529/47868 [01:45<10:00, 75.49it/s]Running loglikelihood requests:   5%|▌         | 2545/47868 [01:45<09:57, 75.83it/s]Running loglikelihood requests:   5%|▌         | 2561/47868 [01:45<09:56, 76.01it/s]Running loglikelihood requests:   5%|▌         | 2577/47868 [01:45<09:54, 76.14it/s]Running loglikelihood requests:   5%|▌         | 2593/47868 [01:46<09:53, 76.27it/s]Running loglikelihood requests:   5%|▌         | 2609/47868 [01:46<09:52, 76.37it/s]Running loglikelihood requests:   5%|▌         | 2625/47868 [01:46<09:51, 76.45it/s]Running loglikelihood requests:   6%|▌         | 2641/47868 [01:46<09:50, 76.56it/s]Running loglikelihood requests:   6%|▌         | 2657/47868 [01:46<09:49, 76.70it/s]Running loglikelihood requests:   6%|▌         | 2673/47868 [01:47<09:48, 76.75it/s]Running loglikelihood requests:   6%|▌         | 2689/47868 [01:47<09:48, 76.78it/s]Running loglikelihood requests:   6%|▌         | 2705/47868 [01:47<09:48, 76.80it/s]Running loglikelihood requests:   6%|▌         | 2721/47868 [01:47<09:47, 76.82it/s]Running loglikelihood requests:   6%|▌         | 2737/47868 [01:47<09:46, 76.92it/s]Running loglikelihood requests:   6%|▌         | 2753/47868 [01:48<09:46, 76.97it/s]Running loglikelihood requests:   6%|▌         | 2769/47868 [01:48<09:45, 77.02it/s]Running loglikelihood requests:   6%|▌         | 2785/47868 [01:48<09:44, 77.12it/s]Running loglikelihood requests:   6%|▌         | 2801/47868 [01:48<09:43, 77.25it/s]Running loglikelihood requests:   6%|▌         | 2817/47868 [01:48<09:42, 77.30it/s]Running loglikelihood requests:   6%|▌         | 2833/47868 [01:49<09:42, 77.37it/s]Running loglikelihood requests:   6%|▌         | 2849/47868 [01:49<09:41, 77.38it/s]Running loglikelihood requests:   6%|▌         | 2865/47868 [01:49<09:38, 77.73it/s]Running loglikelihood requests:   6%|▌         | 2881/47868 [01:49<09:39, 77.66it/s]Running loglikelihood requests:   6%|▌         | 2897/47868 [01:49<09:39, 77.59it/s]Running loglikelihood requests:   6%|▌         | 2913/47868 [01:50<09:39, 77.59it/s]Running loglikelihood requests:   6%|▌         | 2929/47868 [01:50<09:38, 77.64it/s]Running loglikelihood requests:   6%|▌         | 2945/47868 [01:50<09:38, 77.70it/s]Running loglikelihood requests:   6%|▌         | 2961/47868 [01:50<09:33, 78.27it/s]Running loglikelihood requests:   6%|▌         | 2977/47868 [01:51<09:29, 78.81it/s]Running loglikelihood requests:   6%|▋         | 2993/47868 [01:51<09:26, 79.20it/s]Running loglikelihood requests:   6%|▋         | 3009/47868 [01:51<09:24, 79.51it/s]Running loglikelihood requests:   6%|▋         | 3025/47868 [01:51<09:23, 79.62it/s]Running loglikelihood requests:   6%|▋         | 3041/47868 [01:51<09:22, 79.76it/s]Running loglikelihood requests:   6%|▋         | 3057/47868 [01:52<09:21, 79.83it/s]Running loglikelihood requests:   6%|▋         | 3073/47868 [01:52<09:20, 79.94it/s]Running loglikelihood requests:   6%|▋         | 3089/47868 [01:52<09:19, 80.03it/s]Running loglikelihood requests:   6%|▋         | 3105/47868 [01:52<09:19, 80.06it/s]Running loglikelihood requests:   7%|▋         | 3121/47868 [01:52<09:18, 80.07it/s]Running loglikelihood requests:   7%|▋         | 3137/47868 [01:53<09:18, 80.06it/s]Running loglikelihood requests:   7%|▋         | 3153/47868 [01:53<09:18, 80.01it/s]Running loglikelihood requests:   7%|▋         | 3169/47868 [01:53<09:17, 80.12it/s]Running loglikelihood requests:   7%|▋         | 3185/47868 [01:53<09:17, 80.20it/s]Running loglikelihood requests:   7%|▋         | 3201/47868 [01:53<09:16, 80.26it/s]Running loglikelihood requests:   7%|▋         | 3217/47868 [01:54<09:13, 80.64it/s]Running loglikelihood requests:   7%|▋         | 3233/47868 [01:54<09:13, 80.66it/s]Running loglikelihood requests:   7%|▋         | 3249/47868 [01:54<09:12, 80.73it/s]Running loglikelihood requests:   7%|▋         | 3265/47868 [01:54<09:13, 80.54it/s]Running loglikelihood requests:   7%|▋         | 3281/47868 [01:54<09:11, 80.91it/s]Running loglikelihood requests:   7%|▋         | 3297/47868 [01:54<09:08, 81.24it/s]Running loglikelihood requests:   7%|▋         | 3313/47868 [01:55<09:09, 81.07it/s]Running loglikelihood requests:   7%|▋         | 3329/47868 [01:55<09:09, 80.99it/s]Running loglikelihood requests:   7%|▋         | 3345/47868 [01:55<09:10, 80.90it/s]Running loglikelihood requests:   7%|▋         | 3361/47868 [01:55<09:07, 81.31it/s]Running loglikelihood requests:   7%|▋         | 3377/47868 [01:55<09:08, 81.16it/s]Running loglikelihood requests:   7%|▋         | 3393/47868 [01:56<09:09, 80.98it/s]Running loglikelihood requests:   7%|▋         | 3409/47868 [01:56<09:09, 80.96it/s]Running loglikelihood requests:   7%|▋         | 3425/47868 [01:56<09:08, 80.95it/s]Running loglikelihood requests:   7%|▋         | 3441/47868 [01:56<09:09, 80.90it/s]Running loglikelihood requests:   7%|▋         | 3457/47868 [01:56<09:09, 80.87it/s]Running loglikelihood requests:   7%|▋         | 3473/47868 [01:57<09:04, 81.49it/s]Running loglikelihood requests:   7%|▋         | 3489/47868 [01:57<09:04, 81.57it/s]Running loglikelihood requests:   7%|▋         | 3505/47868 [01:57<09:03, 81.58it/s]Running loglikelihood requests:   7%|▋         | 3521/47868 [01:57<09:02, 81.72it/s]Running loglikelihood requests:   7%|▋         | 3537/47868 [01:57<09:00, 82.02it/s]Running loglikelihood requests:   7%|▋         | 3553/47868 [01:58<09:00, 82.05it/s]Running loglikelihood requests:   7%|▋         | 3569/47868 [01:58<09:00, 82.02it/s]Running loglikelihood requests:   7%|▋         | 3585/47868 [01:58<09:00, 81.94it/s]Running loglikelihood requests:   8%|▊         | 3601/47868 [01:58<08:57, 82.40it/s]Running loglikelihood requests:   8%|▊         | 3617/47868 [01:58<08:58, 82.25it/s]Running loglikelihood requests:   8%|▊         | 3633/47868 [01:59<08:58, 82.21it/s]Running loglikelihood requests:   8%|▊         | 3649/47868 [01:59<08:57, 82.19it/s]Running loglikelihood requests:   8%|▊         | 3665/47868 [01:59<08:58, 82.13it/s]Running loglikelihood requests:   8%|▊         | 3681/47868 [01:59<08:55, 82.55it/s]Running loglikelihood requests:   8%|▊         | 3697/47868 [01:59<08:56, 82.35it/s]Running loglikelihood requests:   8%|▊         | 3713/47868 [02:00<08:56, 82.35it/s]Running loglikelihood requests:   8%|▊         | 3729/47868 [02:00<08:56, 82.26it/s]Running loglikelihood requests:   8%|▊         | 3745/47868 [02:00<08:56, 82.22it/s]Running loglikelihood requests:   8%|▊         | 3761/47868 [02:00<08:52, 82.88it/s]Running loglikelihood requests:   8%|▊         | 3777/47868 [02:00<08:51, 83.02it/s]Running loglikelihood requests:   8%|▊         | 3793/47868 [02:01<08:50, 83.06it/s]Running loglikelihood requests:   8%|▊         | 3809/47868 [02:01<08:49, 83.19it/s]Running loglikelihood requests:   8%|▊         | 3825/47868 [02:01<08:49, 83.20it/s]Running loglikelihood requests:   8%|▊         | 3841/47868 [02:01<08:48, 83.37it/s]Running loglikelihood requests:   8%|▊         | 3857/47868 [02:01<08:47, 83.37it/s]Running loglikelihood requests:   8%|▊         | 3873/47868 [02:02<08:47, 83.47it/s]Running loglikelihood requests:   8%|▊         | 3889/47868 [02:02<08:47, 83.33it/s]Running loglikelihood requests:   8%|▊         | 3905/47868 [02:02<08:47, 83.38it/s]Running loglikelihood requests:   8%|▊         | 3921/47868 [02:02<08:46, 83.49it/s]Running loglikelihood requests:   8%|▊         | 3937/47868 [02:02<08:45, 83.55it/s]Running loglikelihood requests:   8%|▊         | 3953/47868 [02:02<08:45, 83.63it/s]Running loglikelihood requests:   8%|▊         | 3969/47868 [02:03<08:45, 83.57it/s]Running loglikelihood requests:   8%|▊         | 3985/47868 [02:03<08:44, 83.65it/s]Running loglikelihood requests:   8%|▊         | 4001/47868 [02:03<08:44, 83.60it/s]Running loglikelihood requests:   8%|▊         | 4017/47868 [02:03<08:44, 83.59it/s]Running loglikelihood requests:   8%|▊         | 4033/47868 [02:03<08:44, 83.63it/s]Running loglikelihood requests:   8%|▊         | 4049/47868 [02:04<08:40, 84.13it/s]Running loglikelihood requests:   8%|▊         | 4065/47868 [02:04<08:39, 84.25it/s]Running loglikelihood requests:   9%|▊         | 4081/47868 [02:04<08:39, 84.30it/s]Running loglikelihood requests:   9%|▊         | 4097/47868 [02:04<08:39, 84.28it/s]Running loglikelihood requests:   9%|▊         | 4113/47868 [02:04<08:38, 84.39it/s]Running loglikelihood requests:   9%|▊         | 4129/47868 [02:05<08:36, 84.68it/s]Running loglikelihood requests:   9%|▊         | 4145/47868 [02:05<08:36, 84.58it/s]Running loglikelihood requests:   9%|▊         | 4161/47868 [02:05<08:36, 84.60it/s]Running loglikelihood requests:   9%|▊         | 4177/47868 [02:05<08:36, 84.64it/s]Running loglikelihood requests:   9%|▉         | 4193/47868 [02:05<08:36, 84.59it/s]Running loglikelihood requests:   9%|▉         | 4209/47868 [02:05<08:36, 84.58it/s]Running loglikelihood requests:   9%|▉         | 4225/47868 [02:06<08:35, 84.61it/s]Running loglikelihood requests:   9%|▉         | 4241/47868 [02:06<08:35, 84.59it/s]Running loglikelihood requests:   9%|▉         | 4257/47868 [02:06<08:35, 84.62it/s]Running loglikelihood requests:   9%|▉         | 4273/47868 [02:06<08:34, 84.72it/s]Running loglikelihood requests:   9%|▉         | 4289/47868 [02:06<08:34, 84.75it/s]Running loglikelihood requests:   9%|▉         | 4305/47868 [02:07<08:31, 85.11it/s]Running loglikelihood requests:   9%|▉         | 4321/47868 [02:07<08:31, 85.13it/s]Running loglikelihood requests:   9%|▉         | 4337/47868 [02:07<08:31, 85.18it/s]Running loglikelihood requests:   9%|▉         | 4353/47868 [02:07<08:31, 85.10it/s]Running loglikelihood requests:   9%|▉         | 4369/47868 [02:07<08:31, 85.12it/s]Running loglikelihood requests:   9%|▉         | 4385/47868 [02:08<08:30, 85.24it/s]Running loglikelihood requests:   9%|▉         | 4401/47868 [02:08<08:29, 85.26it/s]Running loglikelihood requests:   9%|▉         | 4417/47868 [02:08<08:29, 85.25it/s]Running loglikelihood requests:   9%|▉         | 4433/47868 [02:08<08:26, 85.79it/s]Running loglikelihood requests:   9%|▉         | 4449/47868 [02:08<08:25, 85.87it/s]Running loglikelihood requests:   9%|▉         | 4465/47868 [02:08<08:24, 86.04it/s]Running loglikelihood requests:   9%|▉         | 4481/47868 [02:09<08:23, 86.20it/s]Running loglikelihood requests:   9%|▉         | 4497/47868 [02:09<08:22, 86.34it/s]Running loglikelihood requests:   9%|▉         | 4513/47868 [02:09<08:21, 86.37it/s]Running loglikelihood requests:   9%|▉         | 4529/47868 [02:09<08:21, 86.39it/s]Running loglikelihood requests:   9%|▉         | 4545/47868 [02:09<08:19, 86.76it/s]Running loglikelihood requests:  10%|▉         | 4561/47868 [02:10<08:17, 87.13it/s]Running loglikelihood requests:  10%|▉         | 4577/47868 [02:10<08:13, 87.65it/s]Running loglikelihood requests:  10%|▉         | 4593/47868 [02:10<08:10, 88.30it/s]Running loglikelihood requests:  10%|▉         | 4609/47868 [02:10<08:06, 88.90it/s]Running loglikelihood requests:  10%|▉         | 4625/47868 [02:10<08:03, 89.38it/s]Running loglikelihood requests:  10%|▉         | 4641/47868 [02:10<08:01, 89.72it/s]Running loglikelihood requests:  10%|▉         | 4657/47868 [02:11<08:01, 89.82it/s]Running loglikelihood requests:  10%|▉         | 4673/47868 [02:11<07:56, 90.64it/s]Running loglikelihood requests:  10%|▉         | 4689/47868 [02:11<07:55, 90.83it/s]Running loglikelihood requests:  10%|▉         | 4705/47868 [02:11<07:54, 90.94it/s]Running loglikelihood requests:  10%|▉         | 4721/47868 [02:11<07:53, 91.18it/s]Running loglikelihood requests:  10%|▉         | 4737/47868 [02:12<07:53, 91.19it/s]Running loglikelihood requests:  10%|▉         | 4753/47868 [02:12<07:52, 91.29it/s]Running loglikelihood requests:  10%|▉         | 4769/47868 [02:12<07:51, 91.45it/s]Running loglikelihood requests:  10%|▉         | 4785/47868 [02:12<07:50, 91.47it/s]Running loglikelihood requests:  10%|█         | 4801/47868 [02:12<07:49, 91.66it/s]Running loglikelihood requests:  10%|█         | 4817/47868 [02:12<07:49, 91.63it/s]Running loglikelihood requests:  10%|█         | 4833/47868 [02:13<07:47, 91.96it/s]Running loglikelihood requests:  10%|█         | 4849/47868 [02:13<07:47, 91.94it/s]Running loglikelihood requests:  10%|█         | 4865/47868 [02:13<07:48, 91.78it/s]Running loglikelihood requests:  10%|█         | 4881/47868 [02:13<07:47, 91.95it/s]Running loglikelihood requests:  10%|█         | 4897/47868 [02:13<07:47, 91.96it/s]Running loglikelihood requests:  10%|█         | 4913/47868 [02:13<07:46, 92.11it/s]Running loglikelihood requests:  10%|█         | 4929/47868 [02:14<07:46, 92.08it/s]Running loglikelihood requests:  10%|█         | 4945/47868 [02:14<07:44, 92.51it/s]Running loglikelihood requests:  10%|█         | 4961/47868 [02:14<07:44, 92.44it/s]Running loglikelihood requests:  10%|█         | 4977/47868 [02:14<07:43, 92.49it/s]Running loglikelihood requests:  10%|█         | 4993/47868 [02:14<07:41, 92.86it/s]Running loglikelihood requests:  10%|█         | 5009/47868 [02:14<07:41, 92.87it/s]Running loglikelihood requests:  10%|█         | 5025/47868 [02:15<07:41, 92.76it/s]Running loglikelihood requests:  11%|█         | 5041/47868 [02:15<07:39, 93.14it/s]Running loglikelihood requests:  11%|█         | 5057/47868 [02:15<07:39, 93.23it/s]Running loglikelihood requests:  11%|█         | 5073/47868 [02:15<07:37, 93.51it/s]Running loglikelihood requests:  11%|█         | 5089/47868 [02:15<07:37, 93.53it/s]Running loglikelihood requests:  11%|█         | 5105/47868 [02:16<07:36, 93.65it/s]Running loglikelihood requests:  11%|█         | 5121/47868 [02:16<07:31, 94.61it/s]Running loglikelihood requests:  11%|█         | 5137/47868 [02:16<07:30, 94.86it/s]Running loglikelihood requests:  11%|█         | 5153/47868 [02:16<07:29, 95.06it/s]Running loglikelihood requests:  11%|█         | 5169/47868 [02:16<07:27, 95.33it/s]Running loglikelihood requests:  11%|█         | 5185/47868 [02:16<07:26, 95.61it/s]Running loglikelihood requests:  11%|█         | 5201/47868 [02:17<07:25, 95.69it/s]Running loglikelihood requests:  11%|█         | 5217/47868 [02:17<07:25, 95.67it/s]Running loglikelihood requests:  11%|█         | 5233/47868 [02:17<07:23, 96.10it/s]Running loglikelihood requests:  11%|█         | 5249/47868 [02:17<07:23, 96.08it/s]Running loglikelihood requests:  11%|█         | 5265/47868 [02:17<07:22, 96.17it/s]Running loglikelihood requests:  11%|█         | 5281/47868 [02:17<07:22, 96.16it/s]Running loglikelihood requests:  11%|█         | 5297/47868 [02:18<07:23, 96.03it/s]Running loglikelihood requests:  11%|█         | 5313/47868 [02:18<07:23, 95.97it/s]Running loglikelihood requests:  11%|█         | 5329/47868 [02:18<07:22, 96.09it/s]Running loglikelihood requests:  11%|█         | 5345/47868 [02:18<07:20, 96.54it/s]Running loglikelihood requests:  11%|█         | 5361/47868 [02:18<07:20, 96.51it/s]Running loglikelihood requests:  11%|█         | 5377/47868 [02:18<07:21, 96.35it/s]Running loglikelihood requests:  11%|█▏        | 5393/47868 [02:19<07:21, 96.28it/s]Running loglikelihood requests:  11%|█▏        | 5409/47868 [02:19<07:20, 96.34it/s]Running loglikelihood requests:  11%|█▏        | 5425/47868 [02:19<07:18, 96.80it/s]Running loglikelihood requests:  11%|█▏        | 5441/47868 [02:19<07:18, 96.84it/s]Running loglikelihood requests:  11%|█▏        | 5457/47868 [02:19<07:18, 96.78it/s]Running loglikelihood requests:  11%|█▏        | 5473/47868 [02:19<07:18, 96.60it/s]Running loglikelihood requests:  11%|█▏        | 5489/47868 [02:20<07:19, 96.48it/s]Running loglikelihood requests:  12%|█▏        | 5505/47868 [02:20<07:19, 96.46it/s]Running loglikelihood requests:  12%|█▏        | 5521/47868 [02:20<07:16, 96.91it/s]Running loglikelihood requests:  12%|█▏        | 5537/47868 [02:20<07:16, 96.92it/s]Running loglikelihood requests:  12%|█▏        | 5553/47868 [02:20<07:16, 96.97it/s]Running loglikelihood requests:  12%|█▏        | 5569/47868 [02:20<07:16, 96.98it/s]Running loglikelihood requests:  12%|█▏        | 5585/47868 [02:20<07:16, 96.83it/s]Running loglikelihood requests:  12%|█▏        | 5601/47868 [02:21<07:16, 96.76it/s]Running loglikelihood requests:  12%|█▏        | 5617/47868 [02:21<07:16, 96.69it/s]Running loglikelihood requests:  12%|█▏        | 5633/47868 [02:21<07:16, 96.77it/s]Running loglikelihood requests:  12%|█▏        | 5649/47868 [02:21<07:15, 96.86it/s]Running loglikelihood requests:  12%|█▏        | 5665/47868 [02:21<07:15, 97.00it/s]Running loglikelihood requests:  12%|█▏        | 5681/47868 [02:21<07:14, 97.05it/s]Running loglikelihood requests:  12%|█▏        | 5697/47868 [02:22<07:14, 97.01it/s]Running loglikelihood requests:  12%|█▏        | 5713/47868 [02:22<07:14, 96.94it/s]Running loglikelihood requests:  12%|█▏        | 5729/47868 [02:22<07:14, 96.89it/s]Running loglikelihood requests:  12%|█▏        | 5745/47868 [02:22<07:14, 96.94it/s]Running loglikelihood requests:  12%|█▏        | 5761/47868 [02:22<07:13, 97.05it/s]Running loglikelihood requests:  12%|█▏        | 5777/47868 [02:22<07:13, 97.16it/s]Running loglikelihood requests:  12%|█▏        | 5793/47868 [02:23<07:12, 97.29it/s]Running loglikelihood requests:  12%|█▏        | 5809/47868 [02:23<07:11, 97.50it/s]Running loglikelihood requests:  12%|█▏        | 5825/47868 [02:23<07:11, 97.50it/s]Running loglikelihood requests:  12%|█▏        | 5841/47868 [02:23<07:10, 97.56it/s]Running loglikelihood requests:  12%|█▏        | 5857/47868 [02:23<07:10, 97.54it/s]Running loglikelihood requests:  12%|█▏        | 5873/47868 [02:23<07:11, 97.37it/s]Running loglikelihood requests:  12%|█▏        | 5889/47868 [02:24<07:09, 97.84it/s]Running loglikelihood requests:  12%|█▏        | 5905/47868 [02:24<07:08, 97.83it/s]Running loglikelihood requests:  12%|█▏        | 5921/47868 [02:24<07:08, 97.90it/s]Running loglikelihood requests:  12%|█▏        | 5937/47868 [02:24<07:08, 97.88it/s]Running loglikelihood requests:  12%|█▏        | 5953/47868 [02:24<07:07, 98.01it/s]Running loglikelihood requests:  12%|█▏        | 5969/47868 [02:24<07:07, 98.07it/s]Running loglikelihood requests:  13%|█▎        | 5985/47868 [02:25<07:05, 98.46it/s]Running loglikelihood requests:  13%|█▎        | 6001/47868 [02:25<07:05, 98.32it/s]Running loglikelihood requests:  13%|█▎        | 6017/47868 [02:25<07:06, 98.23it/s]Running loglikelihood requests:  13%|█▎        | 6033/47868 [02:25<07:05, 98.24it/s]Running loglikelihood requests:  13%|█▎        | 6049/47868 [02:25<07:05, 98.24it/s]Running loglikelihood requests:  13%|█▎        | 6065/47868 [02:25<07:05, 98.25it/s]Running loglikelihood requests:  13%|█▎        | 6081/47868 [02:26<07:03, 98.63it/s]Running loglikelihood requests:  13%|█▎        | 6097/47868 [02:26<07:03, 98.59it/s]Running loglikelihood requests:  13%|█▎        | 6113/47868 [02:26<07:03, 98.55it/s]Running loglikelihood requests:  13%|█▎        | 6129/47868 [02:26<07:03, 98.46it/s]Running loglikelihood requests:  13%|█▎        | 6145/47868 [02:26<07:03, 98.43it/s]Running loglikelihood requests:  13%|█▎        | 6161/47868 [02:26<07:03, 98.44it/s]Running loglikelihood requests:  13%|█▎        | 6177/47868 [02:27<07:03, 98.49it/s]Running loglikelihood requests:  13%|█▎        | 6193/47868 [02:27<07:03, 98.48it/s]Running loglikelihood requests:  13%|█▎        | 6209/47868 [02:27<07:01, 98.84it/s]Running loglikelihood requests:  13%|█▎        | 6225/47868 [02:27<07:01, 98.71it/s]Running loglikelihood requests:  13%|█▎        | 6241/47868 [02:27<07:01, 98.70it/s]Running loglikelihood requests:  13%|█▎        | 6257/47868 [02:27<07:01, 98.65it/s]Running loglikelihood requests:  13%|█▎        | 6273/47868 [02:28<07:01, 98.71it/s]Running loglikelihood requests:  13%|█▎        | 6289/47868 [02:28<06:59, 99.14it/s]Running loglikelihood requests:  13%|█▎        | 6305/47868 [02:28<06:59, 99.16it/s]Running loglikelihood requests:  13%|█▎        | 6321/47868 [02:28<06:58, 99.22it/s]Running loglikelihood requests:  13%|█▎        | 6337/47868 [02:28<06:58, 99.30it/s]Running loglikelihood requests:  13%|█▎        | 6353/47868 [02:28<06:57, 99.37it/s]Running loglikelihood requests:  13%|█▎        | 6369/47868 [02:28<06:57, 99.41it/s]Running loglikelihood requests:  13%|█▎        | 6385/47868 [02:29<06:57, 99.44it/s]Running loglikelihood requests:  13%|█▎        | 6401/47868 [02:29<06:57, 99.43it/s]Running loglikelihood requests:  13%|█▎        | 6417/47868 [02:29<06:57, 99.37it/s]Running loglikelihood requests:  13%|█▎        | 6433/47868 [02:29<06:56, 99.37it/s]Running loglikelihood requests:  13%|█▎        | 6449/47868 [02:29<06:57, 99.31it/s]Running loglikelihood requests:  14%|█▎        | 6465/47868 [02:29<06:57, 99.27it/s]Running loglikelihood requests:  14%|█▎        | 6481/47868 [02:30<06:57, 99.21it/s]Running loglikelihood requests:  14%|█▎        | 6497/47868 [02:30<06:57, 99.20it/s]Running loglikelihood requests:  14%|█▎        | 6513/47868 [02:30<06:56, 99.20it/s]Running loglikelihood requests:  14%|█▎        | 6529/47868 [02:30<06:56, 99.31it/s]Running loglikelihood requests:  14%|█▎        | 6545/47868 [02:30<06:54, 99.81it/s]Running loglikelihood requests:  14%|█▎        | 6561/47868 [02:30<06:53, 99.90it/s]Running loglikelihood requests:  14%|█▎        | 6577/47868 [02:31<06:53, 99.93it/s]Running loglikelihood requests:  14%|█▍        | 6593/47868 [02:31<06:52, 99.94it/s]Running loglikelihood requests:  14%|█▍        | 6609/47868 [02:31<06:52, 99.92it/s]Running loglikelihood requests:  14%|█▍        | 6625/47868 [02:31<06:49, 100.60it/s]Running loglikelihood requests:  14%|█▍        | 6641/47868 [02:31<06:47, 101.15it/s]Running loglikelihood requests:  14%|█▍        | 6657/47868 [02:31<06:45, 101.68it/s]Running loglikelihood requests:  14%|█▍        | 6673/47868 [02:32<06:43, 101.98it/s]Running loglikelihood requests:  14%|█▍        | 6689/47868 [02:32<06:41, 102.47it/s]Running loglikelihood requests:  14%|█▍        | 6705/47868 [02:32<06:41, 102.64it/s]Running loglikelihood requests:  14%|█▍        | 6721/47868 [02:32<06:40, 102.66it/s]Running loglikelihood requests:  14%|█▍        | 6737/47868 [02:32<06:40, 102.76it/s]Running loglikelihood requests:  14%|█▍        | 6753/47868 [02:32<06:39, 103.02it/s]Running loglikelihood requests:  14%|█▍        | 6769/47868 [02:32<06:39, 103.00it/s]Running loglikelihood requests:  14%|█▍        | 6785/47868 [02:33<06:37, 103.29it/s]Running loglikelihood requests:  14%|█▍        | 6801/47868 [02:33<06:36, 103.52it/s]Running loglikelihood requests:  14%|█▍        | 6817/47868 [02:33<06:33, 104.38it/s]Running loglikelihood requests:  14%|█▍        | 6833/47868 [02:33<06:29, 105.31it/s]Running loglikelihood requests:  14%|█▍        | 6849/47868 [02:33<06:25, 106.46it/s]Running loglikelihood requests:  14%|█▍        | 6865/47868 [02:33<06:19, 108.13it/s]Running loglikelihood requests:  14%|█▍        | 6881/47868 [02:33<06:13, 109.75it/s]Running loglikelihood requests:  14%|█▍        | 6897/47868 [02:34<06:08, 111.16it/s]Running loglikelihood requests:  14%|█▍        | 6913/47868 [02:34<06:04, 112.30it/s]Running loglikelihood requests:  14%|█▍        | 6929/47868 [02:34<06:00, 113.51it/s]Running loglikelihood requests:  15%|█▍        | 6945/47868 [02:34<05:52, 116.23it/s]Running loglikelihood requests:  15%|█▍        | 6961/47868 [02:34<05:46, 118.14it/s]Running loglikelihood requests:  15%|█▍        | 6977/47868 [02:34<05:41, 119.63it/s]Running loglikelihood requests:  15%|█▍        | 6993/47868 [02:34<05:37, 120.98it/s]Running loglikelihood requests:  15%|█▍        | 7009/47868 [02:35<05:35, 121.85it/s]Running loglikelihood requests:  15%|█▍        | 7025/47868 [02:35<05:32, 122.77it/s]Running loglikelihood requests:  15%|█▍        | 7041/47868 [02:35<05:30, 123.59it/s]Running loglikelihood requests:  15%|█▍        | 7057/47868 [02:35<05:29, 123.88it/s]Running loglikelihood requests:  15%|█▍        | 7073/47868 [02:35<05:28, 124.31it/s]Running loglikelihood requests:  15%|█▍        | 7089/47868 [02:35<05:26, 125.06it/s]Running loglikelihood requests:  15%|█▍        | 7105/47868 [02:35<05:25, 125.29it/s]Running loglikelihood requests:  15%|█▍        | 7121/47868 [02:35<05:24, 125.59it/s]Running loglikelihood requests:  15%|█▍        | 7137/47868 [02:36<05:22, 126.28it/s]Running loglikelihood requests:  15%|█▍        | 7153/47868 [02:36<05:21, 126.79it/s]Running loglikelihood requests:  15%|█▍        | 7169/47868 [02:36<05:20, 126.99it/s]Running loglikelihood requests:  15%|█▌        | 7185/47868 [02:36<05:20, 126.94it/s]Running loglikelihood requests:  15%|█▌        | 7201/47868 [02:36<05:19, 127.13it/s]Running loglikelihood requests:  15%|█▌        | 7217/47868 [02:36<05:18, 127.67it/s]Running loglikelihood requests:  15%|█▌        | 7233/47868 [02:36<05:17, 128.11it/s]Running loglikelihood requests:  15%|█▌        | 7249/47868 [02:36<05:16, 128.45it/s]Running loglikelihood requests:  15%|█▌        | 7265/47868 [02:37<05:16, 128.46it/s]Running loglikelihood requests:  15%|█▌        | 7281/47868 [02:37<05:16, 128.40it/s]Running loglikelihood requests:  15%|█▌        | 7297/47868 [02:37<05:16, 128.33it/s]Running loglikelihood requests:  15%|█▌        | 7313/47868 [02:37<05:15, 128.50it/s]Running loglikelihood requests:  15%|█▌        | 7329/47868 [02:37<05:14, 128.84it/s]Running loglikelihood requests:  15%|█▌        | 7345/47868 [02:37<05:13, 129.06it/s]Running loglikelihood requests:  15%|█▌        | 7361/47868 [02:37<05:13, 129.28it/s]Running loglikelihood requests:  15%|█▌        | 7377/47868 [02:37<05:12, 129.61it/s]Running loglikelihood requests:  15%|█▌        | 7393/47868 [02:38<05:12, 129.44it/s]Running loglikelihood requests:  15%|█▌        | 7409/47868 [02:38<05:13, 129.13it/s]Running loglikelihood requests:  16%|█▌        | 7425/47868 [02:38<05:13, 129.04it/s]Running loglikelihood requests:  16%|█▌        | 7441/47868 [02:38<05:13, 129.03it/s]Running loglikelihood requests:  16%|█▌        | 7457/47868 [02:38<05:12, 129.19it/s]Running loglikelihood requests:  16%|█▌        | 7473/47868 [02:38<05:12, 129.33it/s]Running loglikelihood requests:  16%|█▌        | 7489/47868 [02:38<05:11, 129.55it/s]Running loglikelihood requests:  16%|█▌        | 7505/47868 [02:38<05:11, 129.77it/s]Running loglikelihood requests:  16%|█▌        | 7521/47868 [02:39<05:10, 129.90it/s]Running loglikelihood requests:  16%|█▌        | 7537/47868 [02:39<05:10, 129.90it/s]Running loglikelihood requests:  16%|█▌        | 7553/47868 [02:39<05:10, 129.89it/s]Running loglikelihood requests:  16%|█▌        | 7569/47868 [02:39<05:07, 130.98it/s]Running loglikelihood requests:  16%|█▌        | 7585/47868 [02:39<05:06, 131.49it/s]Running loglikelihood requests:  16%|█▌        | 7601/47868 [02:39<05:05, 131.93it/s]Running loglikelihood requests:  16%|█▌        | 7617/47868 [02:39<05:03, 132.53it/s]Running loglikelihood requests:  16%|█▌        | 7633/47868 [02:39<05:02, 132.88it/s]Running loglikelihood requests:  16%|█▌        | 7649/47868 [02:40<05:01, 133.24it/s]Running loglikelihood requests:  16%|█▌        | 7665/47868 [02:40<05:01, 133.49it/s]Running loglikelihood requests:  16%|█▌        | 7681/47868 [02:40<05:00, 133.66it/s]Running loglikelihood requests:  16%|█▌        | 7697/47868 [02:40<05:00, 133.60it/s]Running loglikelihood requests:  16%|█▌        | 7713/47868 [02:40<05:00, 133.46it/s]Running loglikelihood requests:  16%|█▌        | 7729/47868 [02:40<05:00, 133.68it/s]Running loglikelihood requests:  16%|█▌        | 7745/47868 [02:40<05:00, 133.45it/s]Running loglikelihood requests:  16%|█▌        | 7761/47868 [02:40<05:01, 133.14it/s]Running loglikelihood requests:  16%|█▌        | 7777/47868 [02:40<05:01, 133.08it/s]Running loglikelihood requests:  16%|█▋        | 7793/47868 [02:41<05:00, 133.26it/s]Running loglikelihood requests:  16%|█▋        | 7809/47868 [02:41<05:00, 133.40it/s]Running loglikelihood requests:  16%|█▋        | 7825/47868 [02:41<04:59, 133.61it/s]Running loglikelihood requests:  16%|█▋        | 7841/47868 [02:41<04:58, 133.90it/s]Running loglikelihood requests:  16%|█▋        | 7857/47868 [02:41<04:58, 134.12it/s]Running loglikelihood requests:  16%|█▋        | 7873/47868 [02:41<04:58, 134.13it/s]Running loglikelihood requests:  16%|█▋        | 7889/47868 [02:41<04:57, 134.38it/s]Running loglikelihood requests:  17%|█▋        | 7905/47868 [02:41<04:57, 134.11it/s]Running loglikelihood requests:  17%|█▋        | 7921/47868 [02:42<04:58, 133.87it/s]Running loglikelihood requests:  17%|█▋        | 7937/47868 [02:42<04:58, 133.67it/s]Running loglikelihood requests:  17%|█▋        | 7953/47868 [02:42<04:58, 133.73it/s]Running loglikelihood requests:  17%|█▋        | 7969/47868 [02:42<04:57, 134.07it/s]Running loglikelihood requests:  17%|█▋        | 7985/47868 [02:42<04:57, 134.28it/s]Running loglikelihood requests:  17%|█▋        | 8001/47868 [02:42<04:56, 134.54it/s]Running loglikelihood requests:  17%|█▋        | 8017/47868 [02:42<04:56, 134.52it/s]Running loglikelihood requests:  17%|█▋        | 8033/47868 [02:42<04:56, 134.38it/s]Running loglikelihood requests:  17%|█▋        | 8049/47868 [02:42<04:56, 134.15it/s]Running loglikelihood requests:  17%|█▋        | 8065/47868 [02:43<04:56, 134.42it/s]Running loglikelihood requests:  17%|█▋        | 8081/47868 [02:43<04:55, 134.70it/s]Running loglikelihood requests:  17%|█▋        | 8097/47868 [02:43<04:55, 134.78it/s]Running loglikelihood requests:  17%|█▋        | 8113/47868 [02:43<04:54, 134.90it/s]Running loglikelihood requests:  17%|█▋        | 8129/47868 [02:43<04:54, 134.83it/s]Running loglikelihood requests:  17%|█▋        | 8145/47868 [02:43<04:54, 134.74it/s]Running loglikelihood requests:  17%|█▋        | 8161/47868 [02:43<04:55, 134.51it/s]Running loglikelihood requests:  17%|█▋        | 8177/47868 [02:43<04:55, 134.29it/s]Running loglikelihood requests:  17%|█▋        | 8193/47868 [02:44<04:55, 134.25it/s]Running loglikelihood requests:  17%|█▋        | 8209/47868 [02:44<04:55, 134.41it/s]Running loglikelihood requests:  17%|█▋        | 8225/47868 [02:44<04:54, 134.64it/s]Running loglikelihood requests:  17%|█▋        | 8241/47868 [02:44<04:53, 134.86it/s]Running loglikelihood requests:  17%|█▋        | 8257/47868 [02:44<04:53, 134.94it/s]Running loglikelihood requests:  17%|█▋        | 8273/47868 [02:44<04:53, 134.91it/s]Running loglikelihood requests:  17%|█▋        | 8289/47868 [02:44<04:52, 135.19it/s]Running loglikelihood requests:  17%|█▋        | 8305/47868 [02:44<04:52, 135.16it/s]Running loglikelihood requests:  17%|█▋        | 8321/47868 [02:45<04:52, 135.42it/s]Running loglikelihood requests:  17%|█▋        | 8337/47868 [02:45<04:51, 135.67it/s]Running loglikelihood requests:  17%|█▋        | 8353/47868 [02:45<04:51, 135.58it/s]Running loglikelihood requests:  17%|█▋        | 8369/47868 [02:45<04:51, 135.38it/s]Running loglikelihood requests:  18%|█▊        | 8385/47868 [02:45<04:51, 135.23it/s]Running loglikelihood requests:  18%|█▊        | 8401/47868 [02:45<04:51, 135.18it/s]Running loglikelihood requests:  18%|█▊        | 8417/47868 [02:45<04:51, 135.51it/s]Running loglikelihood requests:  18%|█▊        | 8433/47868 [02:45<04:50, 135.71it/s]Running loglikelihood requests:  18%|█▊        | 8449/47868 [02:45<04:50, 135.67it/s]Running loglikelihood requests:  18%|█▊        | 8465/47868 [02:46<04:50, 135.47it/s]Running loglikelihood requests:  18%|█▊        | 8481/47868 [02:46<04:51, 135.34it/s]Running loglikelihood requests:  18%|█▊        | 8497/47868 [02:46<04:50, 135.34it/s]Running loglikelihood requests:  18%|█▊        | 8513/47868 [02:46<04:50, 135.60it/s]Running loglikelihood requests:  18%|█▊        | 8529/47868 [02:46<04:49, 135.82it/s]Running loglikelihood requests:  18%|█▊        | 8545/47868 [02:46<04:48, 136.11it/s]Running loglikelihood requests:  18%|█▊        | 8561/47868 [02:46<04:48, 136.04it/s]Running loglikelihood requests:  18%|█▊        | 8577/47868 [02:46<04:48, 135.98it/s]Running loglikelihood requests:  18%|█▊        | 8593/47868 [02:47<04:48, 136.13it/s]Running loglikelihood requests:  18%|█▊        | 8609/47868 [02:47<04:48, 136.09it/s]Running loglikelihood requests:  18%|█▊        | 8625/47868 [02:47<04:49, 135.70it/s]Running loglikelihood requests:  18%|█▊        | 8641/47868 [02:47<04:49, 135.54it/s]Running loglikelihood requests:  18%|█▊        | 8657/47868 [02:47<04:49, 135.60it/s]Running loglikelihood requests:  18%|█▊        | 8673/47868 [02:47<04:48, 135.88it/s]Running loglikelihood requests:  18%|█▊        | 8689/47868 [02:47<04:47, 136.15it/s]Running loglikelihood requests:  18%|█▊        | 8705/47868 [02:47<04:47, 136.10it/s]Running loglikelihood requests:  18%|█▊        | 8721/47868 [02:47<04:48, 135.87it/s]Running loglikelihood requests:  18%|█▊        | 8737/47868 [02:48<04:47, 136.21it/s]Running loglikelihood requests:  18%|█▊        | 8753/47868 [02:48<04:46, 136.74it/s]Running loglikelihood requests:  18%|█▊        | 8769/47868 [02:48<04:45, 136.78it/s]Running loglikelihood requests:  18%|█▊        | 8785/47868 [02:48<04:46, 136.53it/s]Running loglikelihood requests:  18%|█▊        | 8801/47868 [02:48<04:46, 136.31it/s]Running loglikelihood requests:  18%|█▊        | 8817/47868 [02:48<04:46, 136.40it/s]Running loglikelihood requests:  18%|█▊        | 8833/47868 [02:48<04:45, 136.68it/s]Running loglikelihood requests:  18%|█▊        | 8849/47868 [02:48<04:45, 136.74it/s]Running loglikelihood requests:  19%|█▊        | 8865/47868 [02:49<04:45, 136.54it/s]Running loglikelihood requests:  19%|█▊        | 8881/47868 [02:49<04:45, 136.41it/s]Running loglikelihood requests:  19%|█▊        | 8897/47868 [02:49<04:45, 136.70it/s]Running loglikelihood requests:  19%|█▊        | 8913/47868 [02:49<04:44, 136.88it/s]Running loglikelihood requests:  19%|█▊        | 8929/47868 [02:49<04:44, 136.78it/s]Running loglikelihood requests:  19%|█▊        | 8945/47868 [02:49<04:44, 136.85it/s]Running loglikelihood requests:  19%|█▊        | 8961/47868 [02:49<04:43, 137.26it/s]Running loglikelihood requests:  19%|█▉        | 8977/47868 [02:49<04:42, 137.72it/s]Running loglikelihood requests:  19%|█▉        | 8993/47868 [02:49<04:42, 137.46it/s]Running loglikelihood requests:  19%|█▉        | 9009/47868 [02:50<04:43, 137.15it/s]Running loglikelihood requests:  19%|█▉        | 9025/47868 [02:50<04:43, 137.24it/s]Running loglikelihood requests:  19%|█▉        | 9041/47868 [02:50<04:42, 137.21it/s]Running loglikelihood requests:  19%|█▉        | 9057/47868 [02:50<04:43, 137.01it/s]Running loglikelihood requests:  19%|█▉        | 9073/47868 [02:50<04:43, 136.80it/s]Running loglikelihood requests:  19%|█▉        | 9089/47868 [02:50<04:43, 136.91it/s]Running loglikelihood requests:  19%|█▉        | 9105/47868 [02:50<04:42, 137.13it/s]Running loglikelihood requests:  19%|█▉        | 9121/47868 [02:50<04:42, 137.11it/s]Running loglikelihood requests:  19%|█▉        | 9137/47868 [02:50<04:43, 136.83it/s]Running loglikelihood requests:  19%|█▉        | 9153/47868 [02:51<04:43, 136.79it/s]Running loglikelihood requests:  19%|█▉        | 9169/47868 [02:51<04:42, 137.05it/s]Running loglikelihood requests:  19%|█▉        | 9185/47868 [02:51<04:42, 137.09it/s]Running loglikelihood requests:  19%|█▉        | 9201/47868 [02:51<04:40, 137.80it/s]Running loglikelihood requests:  19%|█▉        | 9217/47868 [02:51<04:39, 138.51it/s]Running loglikelihood requests:  19%|█▉        | 9233/47868 [02:51<04:38, 138.67it/s]Running loglikelihood requests:  19%|█▉        | 9249/47868 [02:51<04:38, 138.48it/s]Running loglikelihood requests:  19%|█▉        | 9265/47868 [02:51<04:38, 138.83it/s]Running loglikelihood requests:  19%|█▉        | 9281/47868 [02:52<04:37, 139.11it/s]Running loglikelihood requests:  19%|█▉        | 9297/47868 [02:52<04:37, 138.88it/s]Running loglikelihood requests:  19%|█▉        | 9313/47868 [02:52<04:37, 138.88it/s]Running loglikelihood requests:  19%|█▉        | 9329/47868 [02:52<04:37, 139.05it/s]Running loglikelihood requests:  20%|█▉        | 9345/47868 [02:52<04:37, 138.95it/s]Running loglikelihood requests:  20%|█▉        | 9361/47868 [02:52<04:37, 138.94it/s]Running loglikelihood requests:  20%|█▉        | 9377/47868 [02:52<04:36, 139.19it/s]Running loglikelihood requests:  20%|█▉        | 9393/47868 [02:52<04:36, 139.13it/s]Running loglikelihood requests:  20%|█▉        | 9409/47868 [02:52<04:36, 139.05it/s]Running loglikelihood requests:  20%|█▉        | 9425/47868 [02:53<04:36, 139.24it/s]Running loglikelihood requests:  20%|█▉        | 9441/47868 [02:53<04:35, 139.46it/s]Running loglikelihood requests:  20%|█▉        | 9457/47868 [02:53<04:35, 139.64it/s]Running loglikelihood requests:  20%|█▉        | 9473/47868 [02:53<04:34, 139.74it/s]Running loglikelihood requests:  20%|█▉        | 9489/47868 [02:53<04:35, 139.43it/s]Running loglikelihood requests:  20%|█▉        | 9505/47868 [02:53<04:34, 139.59it/s]Running loglikelihood requests:  20%|█▉        | 9521/47868 [02:53<04:34, 139.59it/s]Running loglikelihood requests:  20%|█▉        | 9537/47868 [02:53<04:35, 139.25it/s]Running loglikelihood requests:  20%|█▉        | 9553/47868 [02:53<04:34, 139.50it/s]Running loglikelihood requests:  20%|█▉        | 9569/47868 [02:54<04:34, 139.48it/s]Running loglikelihood requests:  20%|██        | 9585/47868 [02:54<04:34, 139.31it/s]Running loglikelihood requests:  20%|██        | 9601/47868 [02:54<04:34, 139.59it/s]Running loglikelihood requests:  20%|██        | 9617/47868 [02:54<04:34, 139.42it/s]Running loglikelihood requests:  20%|██        | 9633/47868 [02:54<04:34, 139.30it/s]Running loglikelihood requests:  20%|██        | 9649/47868 [02:54<04:33, 139.92it/s]Running loglikelihood requests:  20%|██        | 9665/47868 [02:54<04:32, 139.96it/s]Running loglikelihood requests:  20%|██        | 9681/47868 [02:54<04:33, 139.72it/s]Running loglikelihood requests:  20%|██        | 9697/47868 [02:55<04:32, 139.93it/s]Running loglikelihood requests:  20%|██        | 9713/47868 [02:55<04:33, 139.58it/s]Running loglikelihood requests:  20%|██        | 9729/47868 [02:55<04:32, 139.78it/s]Running loglikelihood requests:  20%|██        | 9745/47868 [02:55<04:32, 139.68it/s]Running loglikelihood requests:  20%|██        | 9761/47868 [02:55<04:33, 139.41it/s]Running loglikelihood requests:  20%|██        | 9777/47868 [02:55<04:32, 139.72it/s]Running loglikelihood requests:  20%|██        | 9793/47868 [02:55<04:32, 139.75it/s]Running loglikelihood requests:  20%|██        | 9809/47868 [02:55<04:32, 139.44it/s]Running loglikelihood requests:  21%|██        | 9825/47868 [02:55<04:32, 139.67it/s]Running loglikelihood requests:  21%|██        | 9841/47868 [02:56<04:32, 139.58it/s]Running loglikelihood requests:  21%|██        | 9857/47868 [02:56<04:32, 139.50it/s]Running loglikelihood requests:  21%|██        | 9873/47868 [02:56<04:31, 139.82it/s]Running loglikelihood requests:  21%|██        | 9889/47868 [02:56<04:32, 139.51it/s]Running loglikelihood requests:  21%|██        | 9905/47868 [02:56<04:31, 139.90it/s]Running loglikelihood requests:  21%|██        | 9921/47868 [02:56<04:30, 140.43it/s]Running loglikelihood requests:  21%|██        | 9937/47868 [02:56<04:30, 140.00it/s]Running loglikelihood requests:  21%|██        | 9953/47868 [02:56<04:30, 140.19it/s]Running loglikelihood requests:  21%|██        | 9969/47868 [02:56<04:30, 140.04it/s]Running loglikelihood requests:  21%|██        | 9985/47868 [02:57<04:30, 139.94it/s]Running loglikelihood requests:  21%|██        | 10001/47868 [02:57<04:30, 140.12it/s]Running loglikelihood requests:  21%|██        | 10017/47868 [02:57<04:30, 139.84it/s]Running loglikelihood requests:  21%|██        | 10033/47868 [02:57<04:30, 140.08it/s]Running loglikelihood requests:  21%|██        | 10049/47868 [02:57<04:29, 140.07it/s]Running loglikelihood requests:  21%|██        | 10065/47868 [02:57<04:30, 139.84it/s]Running loglikelihood requests:  21%|██        | 10081/47868 [02:57<04:29, 140.11it/s]Running loglikelihood requests:  21%|██        | 10097/47868 [02:57<04:29, 140.15it/s]Running loglikelihood requests:  21%|██        | 10113/47868 [02:57<04:28, 140.66it/s]Running loglikelihood requests:  21%|██        | 10129/47868 [02:58<04:27, 141.04it/s]Running loglikelihood requests:  21%|██        | 10145/47868 [02:58<04:27, 140.85it/s]Running loglikelihood requests:  21%|██        | 10161/47868 [02:58<04:27, 141.05it/s]Running loglikelihood requests:  21%|██▏       | 10177/47868 [02:58<04:27, 140.81it/s]Running loglikelihood requests:  21%|██▏       | 10193/47868 [02:58<04:26, 141.13it/s]Running loglikelihood requests:  21%|██▏       | 10209/47868 [02:58<04:27, 140.72it/s]Running loglikelihood requests:  21%|██▏       | 10225/47868 [02:58<04:27, 140.83it/s]Running loglikelihood requests:  21%|██▏       | 10241/47868 [02:58<04:26, 141.09it/s]Running loglikelihood requests:  21%|██▏       | 10257/47868 [02:59<04:26, 140.99it/s]Running loglikelihood requests:  21%|██▏       | 10273/47868 [02:59<04:26, 141.30it/s]Running loglikelihood requests:  21%|██▏       | 10289/47868 [02:59<04:26, 141.24it/s]Running loglikelihood requests:  22%|██▏       | 10305/47868 [02:59<04:25, 141.55it/s]Running loglikelihood requests:  22%|██▏       | 10321/47868 [02:59<04:25, 141.49it/s]Running loglikelihood requests:  22%|██▏       | 10337/47868 [02:59<04:25, 141.37it/s]Running loglikelihood requests:  22%|██▏       | 10353/47868 [02:59<04:24, 141.61it/s]Running loglikelihood requests:  22%|██▏       | 10369/47868 [02:59<04:25, 141.34it/s]Running loglikelihood requests:  22%|██▏       | 10385/47868 [02:59<04:24, 141.63it/s]Running loglikelihood requests:  22%|██▏       | 10401/47868 [03:00<04:24, 141.54it/s]Running loglikelihood requests:  22%|██▏       | 10417/47868 [03:00<04:24, 141.75it/s]Running loglikelihood requests:  22%|██▏       | 10433/47868 [03:00<04:24, 141.63it/s]Running loglikelihood requests:  22%|██▏       | 10449/47868 [03:00<04:24, 141.49it/s]Running loglikelihood requests:  22%|██▏       | 10465/47868 [03:00<04:23, 142.12it/s]Running loglikelihood requests:  22%|██▏       | 10481/47868 [03:00<04:23, 141.82it/s]Running loglikelihood requests:  22%|██▏       | 10497/47868 [03:00<04:23, 142.05it/s]Running loglikelihood requests:  22%|██▏       | 10513/47868 [03:00<04:23, 141.82it/s]Running loglikelihood requests:  22%|██▏       | 10529/47868 [03:00<04:22, 142.03it/s]Running loglikelihood requests:  22%|██▏       | 10545/47868 [03:01<04:23, 141.89it/s]Running loglikelihood requests:  22%|██▏       | 10561/47868 [03:01<04:22, 142.08it/s]Running loglikelihood requests:  22%|██▏       | 10577/47868 [03:01<04:22, 142.12it/s]Running loglikelihood requests:  22%|██▏       | 10593/47868 [03:01<04:22, 142.09it/s]Running loglikelihood requests:  22%|██▏       | 10609/47868 [03:01<04:21, 142.30it/s]Running loglikelihood requests:  22%|██▏       | 10625/47868 [03:01<04:22, 142.10it/s]Running loglikelihood requests:  22%|██▏       | 10640/47868 [03:01<04:30, 137.37it/s]Running loglikelihood requests:  22%|██▏       | 10654/47868 [03:01<04:37, 133.92it/s]Running loglikelihood requests:  22%|██▏       | 10668/47868 [03:01<04:43, 131.06it/s]Running loglikelihood requests:  22%|██▏       | 10684/47868 [03:02<04:36, 134.44it/s]Running loglikelihood requests:  22%|██▏       | 10700/47868 [03:02<04:31, 136.67it/s]Running loglikelihood requests:  22%|██▏       | 10716/47868 [03:02<04:28, 138.49it/s]Running loglikelihood requests:  22%|██▏       | 10730/47868 [03:02<04:36, 134.12it/s]Running loglikelihood requests:  22%|██▏       | 10745/47868 [03:02<04:36, 134.09it/s]Running loglikelihood requests:  22%|██▏       | 10759/47868 [03:02<04:42, 131.15it/s]Running loglikelihood requests:  23%|██▎       | 10775/47868 [03:02<04:34, 135.35it/s]Running loglikelihood requests:  23%|██▎       | 10791/47868 [03:02<04:26, 138.99it/s]Running loglikelihood requests:  23%|██▎       | 10807/47868 [03:02<04:21, 141.79it/s]Running loglikelihood requests:  23%|██▎       | 10823/47868 [03:03<04:17, 143.90it/s]Running loglikelihood requests:  23%|██▎       | 10838/47868 [03:03<04:19, 142.44it/s]Running loglikelihood requests:  23%|██▎       | 10853/47868 [03:03<04:21, 141.65it/s]Running loglikelihood requests:  23%|██▎       | 10868/47868 [03:03<04:21, 141.25it/s]Running loglikelihood requests:  23%|██▎       | 10883/47868 [03:03<04:23, 140.61it/s]Running loglikelihood requests:  23%|██▎       | 10898/47868 [03:03<04:23, 140.57it/s]Running loglikelihood requests:  23%|██▎       | 10913/47868 [03:03<04:22, 140.84it/s]Running loglikelihood requests:  23%|██▎       | 10928/47868 [03:03<04:22, 140.72it/s]Running loglikelihood requests:  23%|██▎       | 10943/47868 [03:03<04:23, 140.20it/s]Running loglikelihood requests:  23%|██▎       | 10958/47868 [03:04<04:23, 140.18it/s]Running loglikelihood requests:  23%|██▎       | 10973/47868 [03:04<04:22, 140.69it/s]Running loglikelihood requests:  23%|██▎       | 10988/47868 [03:04<04:22, 140.35it/s]Running loglikelihood requests:  23%|██▎       | 11003/47868 [03:04<04:23, 140.17it/s]Running loglikelihood requests:  23%|██▎       | 11018/47868 [03:04<04:22, 140.48it/s]Running loglikelihood requests:  23%|██▎       | 11033/47868 [03:04<04:21, 140.70it/s]Running loglikelihood requests:  23%|██▎       | 11048/47868 [03:04<04:21, 140.88it/s]Running loglikelihood requests:  23%|██▎       | 11063/47868 [03:04<04:21, 140.66it/s]Running loglikelihood requests:  23%|██▎       | 11078/47868 [03:04<05:37, 108.92it/s]Running loglikelihood requests:  23%|██▎       | 11092/47868 [03:05<05:20, 114.58it/s]Running loglikelihood requests:  23%|██▎       | 11108/47868 [03:05<04:56, 123.78it/s]Running loglikelihood requests:  23%|██▎       | 11122/47868 [03:05<04:51, 126.27it/s]Running loglikelihood requests:  23%|██▎       | 11136/47868 [03:05<04:46, 128.05it/s]Running loglikelihood requests:  23%|██▎       | 11150/47868 [03:05<04:43, 129.40it/s]Running loglikelihood requests:  23%|██▎       | 11164/47868 [03:05<04:41, 130.16it/s]Running loglikelihood requests:  23%|██▎       | 11178/47868 [03:05<04:40, 130.74it/s]Running loglikelihood requests:  23%|██▎       | 11192/47868 [03:05<04:38, 131.51it/s]Running loglikelihood requests:  23%|██▎       | 11206/47868 [03:05<04:37, 132.21it/s]Running loglikelihood requests:  23%|██▎       | 11220/47868 [03:06<05:57, 102.56it/s]Running loglikelihood requests:  23%|██▎       | 11232/47868 [03:06<05:47, 105.42it/s]Running loglikelihood requests:  23%|██▎       | 11244/47868 [03:06<05:39, 107.84it/s]Running loglikelihood requests:  24%|██▎       | 11256/47868 [03:06<05:32, 109.98it/s]Running loglikelihood requests:  24%|██▎       | 11268/47868 [03:06<05:26, 112.04it/s]Running loglikelihood requests:  24%|██▎       | 11280/47868 [03:06<06:52, 88.79it/s] Running loglikelihood requests:  24%|██▎       | 11290/47868 [03:06<06:42, 90.96it/s]Running loglikelihood requests:  24%|██▎       | 11300/47868 [03:06<06:34, 92.73it/s]Running loglikelihood requests:  24%|██▎       | 11315/47868 [03:07<05:42, 106.85it/s]Running loglikelihood requests:  24%|██▎       | 11328/47868 [03:07<05:25, 112.15it/s]Running loglikelihood requests:  24%|██▎       | 11342/47868 [03:07<05:07, 118.90it/s]Running loglikelihood requests:  24%|██▎       | 11355/47868 [03:07<05:01, 121.05it/s]Running loglikelihood requests:  24%|██▎       | 11368/47868 [03:07<04:57, 122.52it/s]Running loglikelihood requests:  24%|██▍       | 11381/47868 [03:07<04:54, 123.96it/s]Running loglikelihood requests:  24%|██▍       | 11394/47868 [03:07<04:52, 124.86it/s]Running loglikelihood requests:  24%|██▍       | 11407/47868 [03:07<04:50, 125.70it/s]Running loglikelihood requests:  24%|██▍       | 11420/47868 [03:07<04:48, 126.39it/s]Running loglikelihood requests:  24%|██▍       | 11433/47868 [03:07<04:47, 126.90it/s]Running loglikelihood requests:  24%|██▍       | 11446/47868 [03:08<04:45, 127.52it/s]Running loglikelihood requests:  24%|██▍       | 11459/47868 [03:08<04:44, 127.76it/s]Running loglikelihood requests:  24%|██▍       | 11472/47868 [03:08<04:44, 128.02it/s]Running loglikelihood requests:  24%|██▍       | 11485/47868 [03:08<04:43, 128.22it/s]Running loglikelihood requests:  24%|██▍       | 11499/47868 [03:08<04:36, 131.45it/s]Running loglikelihood requests:  24%|██▍       | 11515/47868 [03:08<04:20, 139.31it/s]Running loglikelihood requests:  24%|██▍       | 11529/47868 [03:08<04:21, 139.06it/s]Running loglikelihood requests:  24%|██▍       | 11543/47868 [03:08<05:38, 107.43it/s]Running loglikelihood requests:  24%|██▍       | 11555/47868 [03:08<05:29, 110.35it/s]Running loglikelihood requests:  24%|██▍       | 11569/47868 [03:09<05:08, 117.82it/s]Running loglikelihood requests:  24%|██▍       | 11582/47868 [03:09<05:00, 120.91it/s]Running loglikelihood requests:  24%|██▍       | 11596/47868 [03:09<04:47, 126.01it/s]Running loglikelihood requests:  24%|██▍       | 11612/47868 [03:09<04:27, 135.37it/s]Running loglikelihood requests:  24%|██▍       | 11628/47868 [03:09<04:14, 142.18it/s]Running loglikelihood requests:  24%|██▍       | 11643/47868 [03:09<04:11, 143.87it/s]Running loglikelihood requests:  24%|██▍       | 11658/47868 [03:09<04:09, 144.94it/s]Running loglikelihood requests:  24%|██▍       | 11673/47868 [03:09<04:07, 146.13it/s]Running loglikelihood requests:  24%|██▍       | 11688/47868 [03:09<04:06, 146.61it/s]Running loglikelihood requests:  24%|██▍       | 11703/47868 [03:09<04:05, 147.09it/s]Running loglikelihood requests:  25%|██▍       | 11729/47868 [03:10<04:17, 140.48it/s]Running loglikelihood requests:  25%|██▍       | 11757/47868 [03:10<03:26, 174.91it/s]Running loglikelihood requests:  25%|██▍       | 11776/47868 [03:10<04:11, 143.79it/s]Running loglikelihood requests:  25%|██▍       | 11803/47868 [03:10<04:14, 141.90it/s]Running loglikelihood requests:  25%|██▍       | 11829/47868 [03:10<03:35, 167.03it/s]Running loglikelihood requests:  25%|██▍       | 11851/47868 [03:10<04:04, 147.27it/s]Running loglikelihood requests:  25%|██▍       | 11877/47868 [03:11<04:12, 142.71it/s]Running loglikelihood requests:  25%|██▍       | 11903/47868 [03:11<04:17, 139.54it/s]Running loglikelihood requests:  25%|██▍       | 11935/47868 [03:11<04:03, 147.54it/s]Running loglikelihood requests:  25%|██▌       | 11967/47868 [03:11<03:54, 152.80it/s]Running loglikelihood requests:  25%|██▌       | 11996/47868 [03:11<03:20, 178.54it/s]Running loglikelihood requests:  25%|██▌       | 12016/47868 [03:12<03:53, 153.50it/s]Running loglikelihood requests:  25%|██▌       | 12044/47868 [03:12<03:57, 150.79it/s]Running loglikelihood requests:  25%|██▌       | 12073/47868 [03:12<03:57, 150.56it/s]Running loglikelihood requests:  25%|██▌       | 12100/47868 [03:12<04:02, 147.21it/s]Running loglikelihood requests:  25%|██▌       | 12132/47868 [03:12<03:53, 152.80it/s]Running loglikelihood requests:  25%|██▌       | 12164/47868 [03:13<03:47, 156.89it/s]Running loglikelihood requests:  25%|██▌       | 12196/47868 [03:13<03:42, 160.36it/s]Running loglikelihood requests:  26%|██▌       | 12228/47868 [03:13<03:39, 162.73it/s]Running loglikelihood requests:  26%|██▌       | 12260/47868 [03:13<03:36, 164.69it/s]Running loglikelihood requests:  26%|██▌       | 12292/47868 [03:13<03:34, 165.90it/s]Running loglikelihood requests:  26%|██▌       | 12324/47868 [03:13<03:33, 166.78it/s]Running loglikelihood requests:  26%|██▌       | 12356/47868 [03:14<03:32, 167.44it/s]Running loglikelihood requests:  26%|██▌       | 12388/47868 [03:14<03:31, 167.71it/s]Running loglikelihood requests:  26%|██▌       | 12420/47868 [03:14<03:30, 168.29it/s]Running loglikelihood requests:  26%|██▌       | 12452/47868 [03:14<03:29, 168.71it/s]Running loglikelihood requests:  26%|██▌       | 12484/47868 [03:14<03:29, 168.83it/s]Running loglikelihood requests:  26%|██▌       | 12510/47868 [03:15<03:41, 159.63it/s]Running loglikelihood requests:  26%|██▌       | 12542/47868 [03:15<03:37, 162.53it/s]Running loglikelihood requests:  26%|██▋       | 12571/47868 [03:15<03:40, 159.77it/s]Running loglikelihood requests:  26%|██▋       | 12600/47868 [03:15<03:42, 158.25it/s]Running loglikelihood requests:  26%|██▋       | 12632/47868 [03:15<03:37, 161.73it/s]Running loglikelihood requests:  26%|██▋       | 12664/47868 [03:16<03:34, 163.96it/s]Running loglikelihood requests:  27%|██▋       | 12693/47868 [03:16<03:38, 161.08it/s]Running loglikelihood requests:  27%|██▋       | 12725/47868 [03:16<03:34, 163.86it/s]Running loglikelihood requests:  27%|██▋       | 12754/47868 [03:16<03:38, 160.92it/s]Running loglikelihood requests:  27%|██▋       | 12786/47868 [03:16<03:34, 163.82it/s]Running loglikelihood requests:  27%|██▋       | 12818/47868 [03:16<03:31, 165.92it/s]Running loglikelihood requests:  27%|██▋       | 12850/47868 [03:17<03:29, 167.27it/s]Running loglikelihood requests:  27%|██▋       | 12876/47868 [03:17<03:40, 158.79it/s]Running loglikelihood requests:  27%|██▋       | 12905/47868 [03:17<03:41, 157.55it/s]Running loglikelihood requests:  27%|██▋       | 12937/47868 [03:17<03:36, 161.55it/s]Running loglikelihood requests:  27%|██▋       | 12969/47868 [03:17<03:32, 164.29it/s]Running loglikelihood requests:  27%|██▋       | 12998/47868 [03:18<03:36, 161.24it/s]Running loglikelihood requests:  27%|██▋       | 13030/47868 [03:18<03:32, 163.72it/s]Running loglikelihood requests:  27%|██▋       | 13062/47868 [03:18<03:30, 165.61it/s]Running loglikelihood requests:  27%|██▋       | 13094/47868 [03:18<03:28, 167.07it/s]Running loglikelihood requests:  27%|██▋       | 13126/47868 [03:18<03:26, 168.19it/s]Running loglikelihood requests:  27%|██▋       | 13158/47868 [03:19<03:25, 168.89it/s]Running loglikelihood requests:  28%|██▊       | 13187/47868 [03:19<03:30, 164.59it/s]Running loglikelihood requests:  28%|██▊       | 13216/47868 [03:19<03:34, 161.66it/s]Running loglikelihood requests:  28%|██▊       | 13248/47868 [03:19<03:30, 164.33it/s]Running loglikelihood requests:  28%|██▊       | 13280/47868 [03:19<03:27, 166.56it/s]Running loglikelihood requests:  28%|██▊       | 13306/47868 [03:19<03:38, 158.43it/s]Running loglikelihood requests:  28%|██▊       | 13338/47868 [03:20<03:32, 162.22it/s]Running loglikelihood requests:  28%|██▊       | 13364/47868 [03:20<03:41, 155.43it/s]Running loglikelihood requests:  28%|██▊       | 13396/47868 [03:20<03:35, 160.08it/s]Running loglikelihood requests:  28%|██▊       | 13425/47868 [03:20<03:36, 159.03it/s]Running loglikelihood requests:  28%|██▊       | 13455/47868 [03:20<03:35, 159.67it/s]Running loglikelihood requests:  28%|██▊       | 13484/47868 [03:21<03:36, 158.52it/s]Running loglikelihood requests:  28%|██▊       | 13513/47868 [03:21<03:37, 157.70it/s]Running loglikelihood requests:  28%|██▊       | 13545/47868 [03:21<03:32, 161.88it/s]Running loglikelihood requests:  28%|██▊       | 13574/47868 [03:21<03:33, 160.50it/s]Running loglikelihood requests:  28%|██▊       | 13597/47868 [03:21<03:48, 149.71it/s]Running loglikelihood requests:  28%|██▊       | 13629/47868 [03:22<03:38, 156.42it/s]Running loglikelihood requests:  29%|██▊       | 13658/47868 [03:22<03:38, 156.64it/s]Running loglikelihood requests:  29%|██▊       | 13684/47868 [03:22<03:44, 152.00it/s]Running loglikelihood requests:  29%|██▊       | 13713/47868 [03:22<03:42, 153.43it/s]Running loglikelihood requests:  29%|██▊       | 13745/47868 [03:22<03:34, 159.45it/s]Running loglikelihood requests:  29%|██▉       | 13777/47868 [03:22<03:28, 163.68it/s]Running loglikelihood requests:  29%|██▉       | 13804/47868 [03:23<03:34, 158.70it/s]Running loglikelihood requests:  29%|██▉       | 13833/47868 [03:23<03:34, 158.51it/s]Running loglikelihood requests:  29%|██▉       | 13857/47868 [03:23<03:46, 150.33it/s]Running loglikelihood requests:  29%|██▉       | 13889/47868 [03:23<03:35, 157.43it/s]Running loglikelihood requests:  29%|██▉       | 13918/47868 [03:23<03:34, 158.39it/s]Running loglikelihood requests:  29%|██▉       | 13944/47868 [03:24<03:39, 154.86it/s]Running loglikelihood requests:  29%|██▉       | 13976/47868 [03:24<03:28, 162.43it/s]Running loglikelihood requests:  29%|██▉       | 14005/47868 [03:24<03:28, 162.75it/s]Running loglikelihood requests:  29%|██▉       | 14037/47868 [03:24<03:21, 168.03it/s]Running loglikelihood requests:  29%|██▉       | 14066/47868 [03:24<03:22, 166.76it/s]Running loglikelihood requests:  29%|██▉       | 14089/47868 [03:24<03:36, 156.08it/s]Running loglikelihood requests:  29%|██▉       | 14113/47868 [03:25<03:44, 150.15it/s]Running loglikelihood requests:  30%|██▉       | 14145/47868 [03:25<03:31, 159.44it/s]Running loglikelihood requests:  30%|██▉       | 14177/47868 [03:25<03:23, 165.82it/s]Running loglikelihood requests:  30%|██▉       | 14206/47868 [03:25<03:23, 165.53it/s]Running loglikelihood requests:  30%|██▉       | 14238/47868 [03:25<03:17, 170.31it/s]Running loglikelihood requests:  30%|██▉       | 14267/47868 [03:25<03:19, 168.77it/s]Running loglikelihood requests:  30%|██▉       | 14293/47868 [03:26<03:26, 162.74it/s]Running loglikelihood requests:  30%|██▉       | 14322/47868 [03:26<03:25, 163.36it/s]Running loglikelihood requests:  30%|██▉       | 14346/47868 [03:26<03:35, 155.74it/s]Running loglikelihood requests:  30%|███       | 14372/47868 [03:26<03:37, 153.74it/s]Running loglikelihood requests:  30%|███       | 14402/47868 [03:26<03:30, 158.96it/s]Running loglikelihood requests:  30%|███       | 14431/47868 [03:27<03:27, 161.02it/s]Running loglikelihood requests:  30%|███       | 14458/47868 [03:27<03:30, 158.91it/s]Running loglikelihood requests:  30%|███       | 14481/47868 [03:27<03:41, 150.89it/s]Running loglikelihood requests:  30%|███       | 14513/47868 [03:27<03:27, 160.71it/s]Running loglikelihood requests:  30%|███       | 14545/47868 [03:27<03:19, 167.29it/s]Running loglikelihood requests:  30%|███       | 14577/47868 [03:27<03:13, 172.12it/s]Running loglikelihood requests:  30%|███       | 14595/47868 [03:28<03:39, 151.85it/s]Running loglikelihood requests:  31%|███       | 14619/47868 [03:28<03:44, 147.85it/s]Running loglikelihood requests:  31%|███       | 14640/47868 [03:28<03:57, 139.80it/s]Running loglikelihood requests:  31%|███       | 14665/47868 [03:28<03:55, 141.02it/s]Running loglikelihood requests:  31%|███       | 14691/47868 [03:28<03:50, 143.95it/s]Running loglikelihood requests:  31%|███       | 14721/47868 [03:28<03:37, 152.46it/s]Running loglikelihood requests:  31%|███       | 14753/47868 [03:29<03:24, 161.94it/s]Running loglikelihood requests:  31%|███       | 14782/47868 [03:29<03:22, 163.40it/s]Running loglikelihood requests:  31%|███       | 14805/47868 [03:29<03:34, 154.29it/s]Running loglikelihood requests:  31%|███       | 14837/47868 [03:29<03:22, 163.43it/s]Running loglikelihood requests:  31%|███       | 14869/47868 [03:29<03:14, 169.63it/s]Running loglikelihood requests:  31%|███       | 14895/47868 [03:29<03:21, 163.93it/s]Running loglikelihood requests:  31%|███       | 14919/47868 [03:30<03:30, 156.33it/s]Running loglikelihood requests:  31%|███       | 14948/47868 [03:30<03:26, 159.68it/s]Running loglikelihood requests:  31%|███▏      | 14980/47868 [03:30<03:17, 166.90it/s]Running loglikelihood requests:  31%|███▏      | 15006/47868 [03:30<03:22, 162.14it/s]Running loglikelihood requests:  31%|███▏      | 15032/47868 [03:30<03:27, 158.59it/s]Running loglikelihood requests:  31%|███▏      | 15059/47868 [03:31<03:27, 157.77it/s]Running loglikelihood requests:  32%|███▏      | 15086/47868 [03:31<03:28, 157.40it/s]Running loglikelihood requests:  32%|███▏      | 15118/47868 [03:31<03:17, 165.60it/s]Running loglikelihood requests:  32%|███▏      | 15144/47868 [03:31<03:22, 161.33it/s]Running loglikelihood requests:  32%|███▏      | 15170/47868 [03:31<03:25, 159.24it/s]Running loglikelihood requests:  32%|███▏      | 15190/47868 [03:31<03:41, 147.54it/s]Running loglikelihood requests:  32%|███▏      | 15222/47868 [03:32<03:23, 160.65it/s]Running loglikelihood requests:  32%|███▏      | 15254/47868 [03:32<03:11, 169.87it/s]Running loglikelihood requests:  32%|███▏      | 15286/47868 [03:32<03:05, 176.07it/s]Running loglikelihood requests:  32%|███▏      | 15315/47868 [03:32<03:05, 175.61it/s]Running loglikelihood requests:  32%|███▏      | 15344/47868 [03:32<03:05, 175.33it/s]Running loglikelihood requests:  32%|███▏      | 15373/47868 [03:32<03:05, 175.23it/s]Running loglikelihood requests:  32%|███▏      | 15396/47868 [03:33<03:17, 164.36it/s]Running loglikelihood requests:  32%|███▏      | 15421/47868 [03:33<03:22, 160.33it/s]Running loglikelihood requests:  32%|███▏      | 15447/47868 [03:33<03:23, 159.44it/s]Running loglikelihood requests:  32%|███▏      | 15479/47868 [03:33<03:11, 169.53it/s]Running loglikelihood requests:  32%|███▏      | 15508/47868 [03:33<03:08, 171.34it/s]Running loglikelihood requests:  32%|███▏      | 15537/47868 [03:33<03:07, 172.31it/s]Running loglikelihood requests:  33%|███▎      | 15563/47868 [03:34<03:12, 167.73it/s]Running loglikelihood requests:  33%|███▎      | 15589/47868 [03:34<03:15, 164.70it/s]Running loglikelihood requests:  33%|███▎      | 15618/47868 [03:34<03:11, 168.04it/s]Running loglikelihood requests:  33%|███▎      | 15647/47868 [03:34<03:09, 170.25it/s]Running loglikelihood requests:  33%|███▎      | 15676/47868 [03:34<03:07, 171.87it/s]Running loglikelihood requests:  33%|███▎      | 15708/47868 [03:34<03:00, 178.11it/s]Running loglikelihood requests:  33%|███▎      | 15734/47868 [03:35<03:06, 171.98it/s]Running loglikelihood requests:  33%|███▎      | 15754/47868 [03:35<03:24, 157.28it/s]Running loglikelihood requests:  33%|███▎      | 15786/47868 [03:35<03:10, 168.21it/s]Running loglikelihood requests:  33%|███▎      | 15812/47868 [03:35<03:14, 164.79it/s]Running loglikelihood requests:  33%|███▎      | 15844/47868 [03:35<03:04, 174.02it/s]Running loglikelihood requests:  33%|███▎      | 15867/47868 [03:35<03:14, 164.31it/s]Running loglikelihood requests:  33%|███▎      | 15896/47868 [03:36<03:10, 168.10it/s]Running loglikelihood requests:  33%|███▎      | 15916/47868 [03:36<03:26, 154.54it/s]Running loglikelihood requests:  33%|███▎      | 15948/47868 [03:36<03:11, 166.83it/s]Running loglikelihood requests:  33%|███▎      | 15977/47868 [03:36<03:07, 169.80it/s]Running loglikelihood requests:  33%|███▎      | 16003/47868 [03:36<03:10, 167.37it/s]Running loglikelihood requests:  33%|███▎      | 16026/47868 [03:36<03:19, 159.89it/s]Running loglikelihood requests:  34%|███▎      | 16052/47868 [03:36<03:18, 160.21it/s]Running loglikelihood requests:  34%|███▎      | 16073/47868 [03:37<03:30, 151.31it/s]Running loglikelihood requests:  34%|███▎      | 16102/47868 [03:37<03:19, 159.57it/s]Running loglikelihood requests:  34%|███▎      | 16131/47868 [03:37<03:11, 165.43it/s]Running loglikelihood requests:  34%|███▎      | 16151/47868 [03:37<03:26, 153.36it/s]Running loglikelihood requests:  34%|███▍      | 16179/47868 [03:37<03:18, 159.26it/s]Running loglikelihood requests:  34%|███▍      | 16208/47868 [03:37<03:11, 165.23it/s]Running loglikelihood requests:  34%|███▍      | 16225/47868 [03:38<03:34, 147.65it/s]Running loglikelihood requests:  34%|███▍      | 16253/47868 [03:38<03:21, 156.75it/s]Running loglikelihood requests:  34%|███▍      | 16276/47868 [03:38<03:24, 154.60it/s]Running loglikelihood requests:  34%|███▍      | 16297/47868 [03:38<03:31, 149.34it/s]Running loglikelihood requests:  34%|███▍      | 16317/47868 [03:38<03:39, 143.58it/s]Running loglikelihood requests:  34%|███▍      | 16337/47868 [03:38<03:45, 139.74it/s]Running loglikelihood requests:  34%|███▍      | 16357/47868 [03:39<03:49, 137.12it/s]Running loglikelihood requests:  34%|███▍      | 16374/47868 [03:39<04:03, 129.55it/s]Running loglikelihood requests:  34%|███▍      | 16393/47868 [03:39<04:05, 127.98it/s]Running loglikelihood requests:  34%|███▍      | 16414/47868 [03:39<04:00, 130.96it/s]Running loglikelihood requests:  34%|███▍      | 16432/47868 [03:39<04:07, 127.05it/s]Running loglikelihood requests:  34%|███▍      | 16448/47868 [03:39<04:20, 120.54it/s]Running loglikelihood requests:  34%|███▍      | 16464/47868 [03:39<04:30, 116.07it/s]Running loglikelihood requests:  34%|███▍      | 16482/47868 [03:40<04:29, 116.65it/s]Running loglikelihood requests:  34%|███▍      | 16504/47868 [03:40<04:10, 124.96it/s]Running loglikelihood requests:  35%|███▍      | 16517/47868 [03:40<04:37, 113.07it/s]Running loglikelihood requests:  35%|███▍      | 16532/47868 [03:40<04:48, 108.79it/s]Running loglikelihood requests:  35%|███▍      | 16548/47868 [03:40<04:50, 107.68it/s]Running loglikelihood requests:  35%|███▍      | 16567/47868 [03:40<04:37, 112.86it/s]Running loglikelihood requests:  35%|███▍      | 16579/47868 [03:41<05:04, 102.77it/s]Running loglikelihood requests:  35%|███▍      | 16593/47868 [03:41<05:12, 100.12it/s]Running loglikelihood requests:  35%|███▍      | 16607/47868 [03:41<05:17, 98.47it/s] Running loglikelihood requests:  35%|███▍      | 16621/47868 [03:41<05:21, 97.22it/s]Running loglikelihood requests:  35%|███▍      | 16631/47868 [03:41<05:52, 88.51it/s]Running loglikelihood requests:  35%|███▍      | 16649/47868 [03:41<05:17, 98.33it/s]Running loglikelihood requests:  35%|███▍      | 16673/47868 [03:41<04:26, 117.19it/s]Running loglikelihood requests:  35%|███▍      | 16690/47868 [03:42<04:27, 116.52it/s]Running loglikelihood requests:  35%|███▍      | 16716/47868 [03:42<03:52, 133.91it/s]Running loglikelihood requests:  35%|███▍      | 16737/47868 [03:42<03:48, 136.35it/s]Running loglikelihood requests:  35%|███▌      | 16755/47868 [03:42<03:55, 131.97it/s]Running loglikelihood requests:  35%|███▌      | 16779/47868 [03:42<03:40, 140.87it/s]Running loglikelihood requests:  35%|███▌      | 16795/47868 [03:42<03:57, 131.10it/s]Running loglikelihood requests:  35%|███▌      | 16809/47868 [03:42<04:18, 120.38it/s]Running loglikelihood requests:  35%|███▌      | 16822/47868 [03:43<04:39, 110.95it/s]Running loglikelihood requests:  35%|███▌      | 16845/47868 [03:43<04:09, 124.34it/s]Running loglikelihood requests:  35%|███▌      | 16864/47868 [03:43<04:07, 125.47it/s]Running loglikelihood requests:  35%|███▌      | 16884/47868 [03:43<04:01, 128.43it/s]Running loglikelihood requests:  35%|███▌      | 16899/47868 [03:43<04:16, 120.61it/s]Running loglikelihood requests:  35%|███▌      | 16917/47868 [03:43<04:15, 121.02it/s]Running loglikelihood requests:  35%|███▌      | 16930/47868 [03:43<04:37, 111.38it/s]Running loglikelihood requests:  35%|███▌      | 16949/47868 [03:44<04:25, 116.50it/s]Running loglikelihood requests:  35%|███▌      | 16962/47868 [03:44<04:45, 108.13it/s]Running loglikelihood requests:  35%|███▌      | 16981/47868 [03:44<04:29, 114.46it/s]Running loglikelihood requests:  36%|███▌      | 16998/47868 [03:44<04:28, 115.11it/s]Running loglikelihood requests:  36%|███▌      | 17011/47868 [03:44<04:48, 107.14it/s]Running loglikelihood requests:  36%|███▌      | 17029/47868 [03:44<04:36, 111.71it/s]Running loglikelihood requests:  36%|███▌      | 17045/47868 [03:45<04:37, 111.00it/s]Running loglikelihood requests:  36%|███▌      | 17069/47868 [03:45<04:03, 126.65it/s]Running loglikelihood requests:  36%|███▌      | 17093/47868 [03:45<03:43, 137.94it/s]Running loglikelihood requests:  36%|███▌      | 17109/47868 [03:45<03:56, 130.09it/s]Running loglikelihood requests:  36%|███▌      | 17129/47868 [03:45<03:52, 132.39it/s]Running loglikelihood requests:  36%|███▌      | 17147/47868 [03:45<03:56, 130.13it/s]Running loglikelihood requests:  36%|███▌      | 17171/47868 [03:45<03:37, 140.84it/s]Running loglikelihood requests:  36%|███▌      | 17190/47868 [03:46<03:41, 138.34it/s]Running loglikelihood requests:  36%|███▌      | 17204/47868 [03:46<04:03, 126.01it/s]Running loglikelihood requests:  36%|███▌      | 17222/47868 [03:46<04:03, 125.63it/s]Running loglikelihood requests:  36%|███▌      | 17243/47868 [03:46<03:52, 131.81it/s]Running loglikelihood requests:  36%|███▌      | 17262/47868 [03:46<03:51, 132.01it/s]Running loglikelihood requests:  36%|███▌      | 17280/47868 [03:46<03:54, 130.28it/s]Running loglikelihood requests:  36%|███▌      | 17299/47868 [03:46<03:53, 130.87it/s]Running loglikelihood requests:  36%|███▌      | 17320/47868 [03:47<03:45, 135.47it/s]Running loglikelihood requests:  36%|███▌      | 17344/47868 [03:47<03:30, 144.96it/s]Running loglikelihood requests:  36%|███▋      | 17363/47868 [03:47<03:35, 141.58it/s]Running loglikelihood requests:  36%|███▋      | 17385/47868 [03:47<03:29, 145.48it/s]Running loglikelihood requests:  36%|███▋      | 17405/47868 [03:47<03:31, 143.89it/s]Running loglikelihood requests:  36%|███▋      | 17421/47868 [03:47<03:46, 134.45it/s]Running loglikelihood requests:  36%|███▋      | 17444/47868 [03:47<03:33, 142.24it/s]Running loglikelihood requests:  36%|███▋      | 17465/47868 [03:48<03:31, 143.79it/s]Running loglikelihood requests:  37%|███▋      | 17481/47868 [03:48<03:45, 134.79it/s]Running loglikelihood requests:  37%|███▋      | 17507/47868 [03:48<03:23, 149.14it/s]Running loglikelihood requests:  37%|███▋      | 17524/47868 [03:48<03:35, 140.58it/s]Running loglikelihood requests:  37%|███▋      | 17544/47868 [03:48<03:35, 140.83it/s]Running loglikelihood requests:  37%|███▋      | 17564/47868 [03:48<03:34, 141.23it/s]Running loglikelihood requests:  37%|███▋      | 17579/47868 [03:48<03:51, 130.96it/s]Running loglikelihood requests:  37%|███▋      | 17600/47868 [03:49<03:42, 136.33it/s]Running loglikelihood requests:  37%|███▋      | 17616/47868 [03:49<03:53, 129.61it/s]Running loglikelihood requests:  37%|███▋      | 17633/47868 [03:49<03:58, 126.83it/s]Running loglikelihood requests:  37%|███▋      | 17648/47868 [03:49<04:10, 120.77it/s]Running loglikelihood requests:  37%|███▋      | 17669/47868 [03:49<03:53, 129.08it/s]Running loglikelihood requests:  37%|███▋      | 17684/47868 [03:49<04:06, 122.49it/s]Running loglikelihood requests:  37%|███▋      | 17704/47868 [03:49<03:54, 128.42it/s]Running loglikelihood requests:  37%|███▋      | 17723/47868 [03:49<03:50, 130.61it/s]Running loglikelihood requests:  37%|███▋      | 17743/47868 [03:50<03:44, 134.23it/s]Running loglikelihood requests:  37%|███▋      | 17765/47868 [03:50<03:33, 141.03it/s]Running loglikelihood requests:  37%|███▋      | 17783/47868 [03:50<03:38, 137.41it/s]Running loglikelihood requests:  37%|███▋      | 17808/47868 [03:50<03:21, 149.48it/s]Running loglikelihood requests:  37%|███▋      | 17827/47868 [03:50<03:26, 145.48it/s]Running loglikelihood requests:  37%|███▋      | 17844/47868 [03:50<03:37, 138.27it/s]Running loglikelihood requests:  37%|███▋      | 17858/47868 [03:50<03:56, 127.02it/s]Running loglikelihood requests:  37%|███▋      | 17884/47868 [03:51<03:27, 144.57it/s]Running loglikelihood requests:  37%|███▋      | 17906/47868 [03:51<03:21, 148.53it/s]Running loglikelihood requests:  37%|███▋      | 17930/47868 [03:51<03:07, 159.50it/s]Running loglikelihood requests:  38%|███▊      | 17953/47868 [03:51<03:01, 165.16it/s]Running loglikelihood requests:  38%|███▊      | 17973/47868 [03:51<03:03, 162.75it/s]Running loglikelihood requests:  38%|███▊      | 17990/47868 [03:51<03:13, 154.26it/s]Running loglikelihood requests:  38%|███▊      | 18015/47868 [03:51<02:59, 166.37it/s]Running loglikelihood requests:  38%|███▊      | 18039/47868 [03:52<02:52, 172.68it/s]Running loglikelihood requests:  38%|███▊      | 18071/47868 [03:52<02:32, 195.22it/s]Running loglikelihood requests:  38%|███▊      | 18098/47868 [03:52<02:28, 200.02it/s]Running loglikelihood requests:  38%|███▊      | 18122/47868 [03:52<02:31, 196.41it/s]Running loglikelihood requests:  38%|███▊      | 18142/47868 [03:52<02:40, 185.18it/s]Running loglikelihood requests:  38%|███▊      | 18170/47868 [03:52<02:32, 195.37it/s]Running loglikelihood requests:  38%|███▊      | 18200/47868 [03:52<02:23, 206.79it/s]Running loglikelihood requests:  38%|███▊      | 18226/47868 [03:52<02:24, 205.82it/s]Running loglikelihood requests:  38%|███▊      | 18247/47868 [03:53<02:32, 194.00it/s]Running loglikelihood requests:  38%|███▊      | 18271/47868 [03:53<02:34, 192.15it/s]Running loglikelihood requests:  38%|███▊      | 18292/47868 [03:53<02:40, 184.09it/s]Running loglikelihood requests:  38%|███▊      | 18312/47868 [03:53<02:47, 176.22it/s]Running loglikelihood requests:  38%|███▊      | 18334/47868 [03:53<02:48, 175.40it/s]Running loglikelihood requests:  38%|███▊      | 18352/47868 [03:53<02:57, 165.96it/s]Running loglikelihood requests:  38%|███▊      | 18377/47868 [03:53<02:47, 176.46it/s]Running loglikelihood requests:  38%|███▊      | 18395/47868 [03:53<02:56, 166.94it/s]Running loglikelihood requests:  38%|███▊      | 18413/47868 [03:54<03:03, 160.39it/s]Running loglikelihood requests:  39%|███▊      | 18430/47868 [03:54<03:11, 153.35it/s]Running loglikelihood requests:  39%|███▊      | 18446/47868 [03:54<03:21, 146.12it/s]Running loglikelihood requests:  39%|███▊      | 18462/47868 [03:54<03:28, 140.84it/s]Running loglikelihood requests:  39%|███▊      | 18480/47868 [03:54<03:26, 142.00it/s]Running loglikelihood requests:  39%|███▊      | 18501/47868 [03:54<03:15, 149.96it/s]Running loglikelihood requests:  39%|███▊      | 18525/47868 [03:54<03:00, 162.63it/s]Running loglikelihood requests:  39%|███▊      | 18542/47868 [03:54<03:09, 154.97it/s]Running loglikelihood requests:  39%|███▉      | 18563/47868 [03:55<03:03, 159.69it/s]Running loglikelihood requests:  39%|███▉      | 18592/47868 [03:55<02:41, 181.29it/s]Running loglikelihood requests:  39%|███▉      | 18616/47868 [03:55<02:38, 184.71it/s]Running loglikelihood requests:  39%|███▉      | 18637/47868 [03:55<02:42, 180.01it/s]Running loglikelihood requests:  39%|███▉      | 18656/47868 [03:55<02:49, 172.11it/s]Running loglikelihood requests:  39%|███▉      | 18675/47868 [03:55<02:55, 166.52it/s]Running loglikelihood requests:  39%|███▉      | 18695/47868 [03:55<02:56, 165.04it/s]Running loglikelihood requests:  39%|███▉      | 18720/47868 [03:55<02:45, 175.75it/s]Running loglikelihood requests:  39%|███▉      | 18741/47868 [03:56<02:47, 173.81it/s]Running loglikelihood requests:  39%|███▉      | 18765/47868 [03:56<02:41, 180.16it/s]Running loglikelihood requests:  39%|███▉      | 18784/47868 [03:56<02:48, 172.67it/s]Running loglikelihood requests:  39%|███▉      | 18802/47868 [03:56<02:56, 164.62it/s]Running loglikelihood requests:  39%|███▉      | 18822/47868 [03:56<02:57, 163.80it/s]Running loglikelihood requests:  39%|███▉      | 18839/47868 [03:56<03:06, 156.07it/s]Running loglikelihood requests:  39%|███▉      | 18858/47868 [03:56<03:06, 155.36it/s]Running loglikelihood requests:  39%|███▉      | 18879/47868 [03:56<03:01, 159.70it/s]Running loglikelihood requests:  39%|███▉      | 18899/47868 [03:57<03:00, 160.40it/s]Running loglikelihood requests:  40%|███▉      | 18916/47868 [03:57<03:08, 153.76it/s]Running loglikelihood requests:  40%|███▉      | 18932/47868 [03:57<03:17, 146.66it/s]Running loglikelihood requests:  40%|███▉      | 18956/47868 [03:57<02:59, 160.91it/s]Running loglikelihood requests:  40%|███▉      | 18976/47868 [03:57<02:59, 161.28it/s]Running loglikelihood requests:  40%|███▉      | 18993/47868 [03:57<03:07, 154.35it/s]Running loglikelihood requests:  40%|███▉      | 19012/47868 [03:57<03:06, 154.36it/s]Running loglikelihood requests:  40%|███▉      | 19028/47868 [03:57<03:15, 147.14it/s]Running loglikelihood requests:  40%|███▉      | 19051/47868 [03:58<03:00, 159.34it/s]Running loglikelihood requests:  40%|███▉      | 19070/47868 [03:58<03:02, 158.07it/s]Running loglikelihood requests:  40%|███▉      | 19094/47868 [03:58<02:50, 168.84it/s]Running loglikelihood requests:  40%|███▉      | 19117/47868 [03:58<02:45, 174.06it/s]Running loglikelihood requests:  40%|███▉      | 19138/47868 [03:58<02:46, 173.01it/s]Running loglikelihood requests:  40%|████      | 19157/47868 [03:58<02:51, 167.44it/s]Running loglikelihood requests:  40%|████      | 19189/47868 [03:58<02:27, 194.40it/s]Running loglikelihood requests:  40%|████      | 19209/47868 [03:58<02:35, 184.81it/s]Running loglikelihood requests:  40%|████      | 19228/47868 [03:58<02:42, 175.83it/s]Running loglikelihood requests:  40%|████      | 19246/47868 [03:59<02:51, 167.11it/s]Running loglikelihood requests:  40%|████      | 19263/47868 [03:59<03:26, 138.38it/s]Running loglikelihood requests:  40%|████      | 19281/47868 [03:59<03:23, 140.65it/s]Running loglikelihood requests:  40%|████      | 19299/47868 [03:59<03:20, 142.38it/s]Running loglikelihood requests:  40%|████      | 19319/47868 [03:59<03:11, 148.84it/s]Running loglikelihood requests:  40%|████      | 19337/47868 [03:59<03:10, 149.45it/s]Running loglikelihood requests:  40%|████      | 19353/47868 [03:59<03:16, 145.00it/s]Running loglikelihood requests:  40%|████      | 19371/47868 [04:00<03:14, 146.47it/s]Running loglikelihood requests:  40%|████      | 19386/47868 [04:00<03:23, 140.26it/s]Running loglikelihood requests:  41%|████      | 19409/47868 [04:00<03:03, 155.32it/s]Running loglikelihood requests:  41%|████      | 19425/47868 [04:00<03:38, 129.98it/s]Running loglikelihood requests:  41%|████      | 19451/47868 [04:00<03:05, 153.16it/s]Running loglikelihood requests:  41%|████      | 19469/47868 [04:00<03:06, 152.36it/s]Running loglikelihood requests:  41%|████      | 19485/47868 [04:00<03:12, 147.06it/s]Running loglikelihood requests:  41%|████      | 19502/47868 [04:00<03:14, 145.73it/s]Running loglikelihood requests:  41%|████      | 19517/47868 [04:01<03:22, 139.91it/s]Running loglikelihood requests:  41%|████      | 19547/47868 [04:01<02:44, 171.89it/s]Running loglikelihood requests:  41%|████      | 19565/47868 [04:01<02:51, 165.44it/s]Running loglikelihood requests:  41%|████      | 19586/47868 [04:01<02:48, 168.22it/s]Running loglikelihood requests:  41%|████      | 19603/47868 [04:01<02:56, 160.56it/s]Running loglikelihood requests:  41%|████      | 19633/47868 [04:01<02:31, 186.77it/s]Running loglikelihood requests:  41%|████      | 19652/47868 [04:01<03:00, 155.98it/s]Running loglikelihood requests:  41%|████      | 19684/47868 [04:01<02:31, 186.04it/s]Running loglikelihood requests:  41%|████      | 19704/47868 [04:02<02:35, 181.26it/s]Running loglikelihood requests:  41%|████      | 19723/47868 [04:02<02:40, 174.99it/s]Running loglikelihood requests:  41%|████▏     | 19746/47868 [04:02<02:36, 179.60it/s]Running loglikelihood requests:  41%|████▏     | 19765/47868 [04:02<02:42, 173.25it/s]Running loglikelihood requests:  41%|████▏     | 19783/47868 [04:02<03:13, 145.42it/s]Running loglikelihood requests:  41%|████▏     | 19808/47868 [04:02<02:53, 162.05it/s]Running loglikelihood requests:  41%|████▏     | 19825/47868 [04:02<02:59, 156.42it/s]Running loglikelihood requests:  41%|████▏     | 19847/47868 [04:02<02:50, 163.93it/s]Running loglikelihood requests:  41%|████▏     | 19864/47868 [04:03<02:57, 157.53it/s]Running loglikelihood requests:  42%|████▏     | 19884/47868 [04:03<02:54, 160.26it/s]Running loglikelihood requests:  42%|████▏     | 19902/47868 [04:03<02:57, 157.28it/s]Running loglikelihood requests:  42%|████▏     | 19919/47868 [04:03<03:03, 152.70it/s]Running loglikelihood requests:  42%|████▏     | 19945/47868 [04:03<02:43, 171.28it/s]Running loglikelihood requests:  42%|████▏     | 19967/47868 [04:03<02:39, 174.74it/s]Running loglikelihood requests:  42%|████▏     | 19986/47868 [04:03<02:44, 169.44it/s]Running loglikelihood requests:  42%|████▏     | 20018/47868 [04:03<02:21, 197.32it/s]Running loglikelihood requests:  42%|████▏     | 20042/47868 [04:04<02:20, 197.76it/s]Running loglikelihood requests:  42%|████▏     | 20064/47868 [04:04<02:23, 193.75it/s]Running loglikelihood requests:  42%|████▏     | 20084/47868 [04:04<02:29, 186.05it/s]Running loglikelihood requests:  42%|████▏     | 20103/47868 [04:04<02:35, 177.99it/s]Running loglikelihood requests:  42%|████▏     | 20128/47868 [04:04<02:28, 186.66it/s]Running loglikelihood requests:  42%|████▏     | 20147/47868 [04:04<02:35, 177.99it/s]Running loglikelihood requests:  42%|████▏     | 20165/47868 [04:04<02:43, 169.66it/s]Running loglikelihood requests:  42%|████▏     | 20182/47868 [04:04<02:51, 161.41it/s]Running loglikelihood requests:  42%|████▏     | 20213/47868 [04:05<02:25, 189.66it/s]Running loglikelihood requests:  42%|████▏     | 20232/47868 [04:05<02:33, 180.28it/s]Running loglikelihood requests:  42%|████▏     | 20260/47868 [04:05<02:21, 195.61it/s]Running loglikelihood requests:  42%|████▏     | 20280/47868 [04:05<02:27, 186.86it/s]Running loglikelihood requests:  42%|████▏     | 20306/47868 [04:05<02:21, 195.38it/s]Running loglikelihood requests:  42%|████▏     | 20326/47868 [04:05<02:27, 186.75it/s]Running loglikelihood requests:  43%|████▎     | 20358/47868 [04:05<02:11, 209.80it/s]Running loglikelihood requests:  43%|████▎     | 20379/47868 [04:05<02:17, 199.30it/s]Running loglikelihood requests:  43%|████▎     | 20403/47868 [04:05<02:17, 199.26it/s]Running loglikelihood requests:  43%|████▎     | 20423/47868 [04:06<02:24, 189.39it/s]Running loglikelihood requests:  43%|████▎     | 20446/47868 [04:06<02:23, 190.52it/s]Running loglikelihood requests:  43%|████▎     | 20467/47868 [04:06<02:27, 186.13it/s]Running loglikelihood requests:  43%|████▎     | 20499/47868 [04:06<02:10, 209.40it/s]Running loglikelihood requests:  43%|████▎     | 20520/47868 [04:06<02:17, 198.96it/s]Running loglikelihood requests:  43%|████▎     | 20545/47868 [04:06<02:15, 201.55it/s]Running loglikelihood requests:  43%|████▎     | 20575/47868 [04:06<02:06, 215.50it/s]Running loglikelihood requests:  43%|████▎     | 20597/47868 [04:06<02:12, 205.82it/s]Running loglikelihood requests:  43%|████▎     | 20631/47868 [04:07<01:59, 228.09it/s]Running loglikelihood requests:  43%|████▎     | 20656/47868 [04:07<02:02, 221.95it/s]Running loglikelihood requests:  43%|████▎     | 20680/47868 [04:07<02:06, 215.33it/s]Running loglikelihood requests:  43%|████▎     | 20702/47868 [04:07<02:12, 205.50it/s]Running loglikelihood requests:  43%|████▎     | 20725/47868 [04:07<02:14, 201.31it/s]Running loglikelihood requests:  43%|████▎     | 20746/47868 [04:07<02:20, 193.52it/s]Running loglikelihood requests:  43%|████▎     | 20773/47868 [04:07<02:13, 202.66it/s]Running loglikelihood requests:  43%|████▎     | 20794/47868 [04:07<02:19, 194.57it/s]Running loglikelihood requests:  43%|████▎     | 20820/47868 [04:08<02:14, 201.07it/s]Running loglikelihood requests:  44%|████▎     | 20841/47868 [04:08<02:40, 168.86it/s]Running loglikelihood requests:  44%|████▎     | 20867/47868 [04:08<02:27, 182.54it/s]Running loglikelihood requests:  44%|████▎     | 20894/47868 [04:08<02:18, 195.12it/s]Running loglikelihood requests:  44%|████▎     | 20915/47868 [04:08<02:21, 190.06it/s]Running loglikelihood requests:  44%|████▎     | 20942/47868 [04:08<02:14, 200.49it/s]Running loglikelihood requests:  44%|████▍     | 20968/47868 [04:08<02:10, 205.54it/s]Running loglikelihood requests:  44%|████▍     | 20993/47868 [04:08<02:10, 206.66it/s]Running loglikelihood requests:  44%|████▍     | 21025/47868 [04:09<01:59, 224.25it/s]Running loglikelihood requests:  44%|████▍     | 21048/47868 [04:09<02:04, 215.01it/s]Running loglikelihood requests:  44%|████▍     | 21074/47868 [04:09<02:04, 215.79it/s]Running loglikelihood requests:  44%|████▍     | 21103/47868 [04:09<01:59, 223.72it/s]Running loglikelihood requests:  44%|████▍     | 21126/47868 [04:09<02:04, 214.53it/s]Running loglikelihood requests:  44%|████▍     | 21148/47868 [04:09<02:09, 205.74it/s]Running loglikelihood requests:  44%|████▍     | 21175/47868 [04:09<02:05, 211.89it/s]Running loglikelihood requests:  44%|████▍     | 21197/47868 [04:09<02:10, 203.77it/s]Running loglikelihood requests:  44%|████▍     | 21221/47868 [04:09<02:11, 203.15it/s]Running loglikelihood requests:  44%|████▍     | 21252/47868 [04:10<02:01, 219.77it/s]Running loglikelihood requests:  44%|████▍     | 21274/47868 [04:10<02:06, 209.43it/s]Running loglikelihood requests:  44%|████▍     | 21300/47868 [04:10<02:05, 212.13it/s]Running loglikelihood requests:  45%|████▍     | 21332/47868 [04:10<01:56, 228.58it/s]Running loglikelihood requests:  45%|████▍     | 21355/47868 [04:10<02:01, 218.04it/s]Running loglikelihood requests:  45%|████▍     | 21377/47868 [04:10<02:07, 208.35it/s]Running loglikelihood requests:  45%|████▍     | 21399/47868 [04:10<02:11, 201.58it/s]Running loglikelihood requests:  45%|████▍     | 21425/47868 [04:10<02:08, 206.36it/s]Running loglikelihood requests:  45%|████▍     | 21446/47868 [04:11<02:13, 197.54it/s]Running loglikelihood requests:  45%|████▍     | 21466/47868 [04:11<02:19, 189.69it/s]Running loglikelihood requests:  45%|████▍     | 21491/47868 [04:11<02:14, 196.63it/s]Running loglikelihood requests:  45%|████▍     | 21511/47868 [04:11<02:19, 188.97it/s]Running loglikelihood requests:  45%|████▍     | 21536/47868 [04:11<02:14, 195.34it/s]Running loglikelihood requests:  45%|████▌     | 21560/47868 [04:11<02:13, 197.40it/s]Running loglikelihood requests:  45%|████▌     | 21580/47868 [04:11<02:19, 188.93it/s]Running loglikelihood requests:  45%|████▌     | 21607/47868 [04:11<02:11, 200.24it/s]Running loglikelihood requests:  45%|████▌     | 21628/47868 [04:11<02:15, 193.43it/s]Running loglikelihood requests:  45%|████▌     | 21660/47868 [04:12<02:01, 215.56it/s]Running loglikelihood requests:  45%|████▌     | 21682/47868 [04:12<02:25, 180.35it/s]Running loglikelihood requests:  45%|████▌     | 21710/47868 [04:12<02:13, 195.23it/s]Running loglikelihood requests:  45%|████▌     | 21742/47868 [04:12<02:01, 215.36it/s]Running loglikelihood requests:  45%|████▌     | 21770/47868 [04:12<01:58, 220.90it/s]Running loglikelihood requests:  46%|████▌     | 21793/47868 [04:12<02:02, 213.06it/s]Running loglikelihood requests:  46%|████▌     | 21815/47868 [04:12<02:06, 205.18it/s]Running loglikelihood requests:  46%|████▌     | 21836/47868 [04:13<02:12, 197.02it/s]Running loglikelihood requests:  46%|████▌     | 21856/47868 [04:13<02:17, 188.82it/s]Running loglikelihood requests:  46%|████▌     | 21884/47868 [04:13<02:08, 202.70it/s]Running loglikelihood requests:  46%|████▌     | 21906/47868 [04:13<02:11, 197.75it/s]Running loglikelihood requests:  46%|████▌     | 21938/47868 [04:13<01:58, 218.56it/s]Running loglikelihood requests:  46%|████▌     | 21967/47868 [04:13<01:54, 226.32it/s]Running loglikelihood requests:  46%|████▌     | 21999/47868 [04:13<01:47, 239.54it/s]Running loglikelihood requests:  46%|████▌     | 22029/47868 [04:13<01:46, 243.38it/s]Running loglikelihood requests:  46%|████▌     | 22058/47868 [04:13<01:46, 243.45it/s]Running loglikelihood requests:  46%|████▌     | 22087/47868 [04:14<01:45, 243.59it/s]Running loglikelihood requests:  46%|████▌     | 22112/47868 [04:14<01:50, 233.76it/s]Running loglikelihood requests:  46%|████▌     | 22136/47868 [04:14<01:54, 224.40it/s]Running loglikelihood requests:  46%|████▋     | 22159/47868 [04:14<01:59, 215.28it/s]Running loglikelihood requests:  46%|████▋     | 22181/47868 [04:14<02:04, 206.68it/s]Running loglikelihood requests:  46%|████▋     | 22202/47868 [04:14<02:09, 198.18it/s]Running loglikelihood requests:  46%|████▋     | 22222/47868 [04:14<02:15, 189.75it/s]Running loglikelihood requests:  46%|████▋     | 22245/47868 [04:14<02:13, 191.24it/s]Running loglikelihood requests:  47%|████▋     | 22273/47868 [04:15<02:05, 204.64it/s]Running loglikelihood requests:  47%|████▋     | 22297/47868 [04:15<02:05, 204.17it/s]Running loglikelihood requests:  47%|████▋     | 22326/47868 [04:15<01:58, 216.11it/s]Running loglikelihood requests:  47%|████▋     | 22351/47868 [04:15<01:58, 214.88it/s]Running loglikelihood requests:  47%|████▋     | 22380/47868 [04:15<01:53, 223.92it/s]Running loglikelihood requests:  47%|████▋     | 22403/47868 [04:15<01:58, 215.19it/s]Running loglikelihood requests:  47%|████▋     | 22432/47868 [04:15<01:53, 223.93it/s]Running loglikelihood requests:  47%|████▋     | 22463/47868 [04:15<01:48, 234.91it/s]Running loglikelihood requests:  47%|████▋     | 22487/47868 [04:15<01:52, 225.45it/s]Running loglikelihood requests:  47%|████▋     | 22510/47868 [04:16<02:14, 189.06it/s]Running loglikelihood requests:  47%|████▋     | 22532/47868 [04:16<02:14, 188.44it/s]Running loglikelihood requests:  47%|████▋     | 22552/47868 [04:16<02:17, 183.50it/s]Running loglikelihood requests:  47%|████▋     | 22575/47868 [04:16<02:15, 186.95it/s]Running loglikelihood requests:  47%|████▋     | 22607/47868 [04:16<01:59, 211.01it/s]Running loglikelihood requests:  47%|████▋     | 22632/47868 [04:16<01:59, 210.67it/s]Running loglikelihood requests:  47%|████▋     | 22654/47868 [04:16<02:02, 205.84it/s]Running loglikelihood requests:  47%|████▋     | 22675/47868 [04:16<02:06, 199.73it/s]Running loglikelihood requests:  47%|████▋     | 22704/47868 [04:17<01:56, 215.59it/s]Running loglikelihood requests:  47%|████▋     | 22726/47868 [04:17<02:00, 209.14it/s]Running loglikelihood requests:  48%|████▊     | 22753/47868 [04:17<01:55, 217.30it/s]Running loglikelihood requests:  48%|████▊     | 22785/47868 [04:17<01:46, 235.70it/s]Running loglikelihood requests:  48%|████▊     | 22809/47868 [04:17<01:49, 228.41it/s]Running loglikelihood requests:  48%|████▊     | 22832/47868 [04:17<01:53, 220.66it/s]Running loglikelihood requests:  48%|████▊     | 22860/47868 [04:17<01:49, 228.01it/s]Running loglikelihood requests:  48%|████▊     | 22886/47868 [04:17<01:49, 228.17it/s]Running loglikelihood requests:  48%|████▊     | 22922/47868 [04:17<01:38, 253.17it/s]Running loglikelihood requests:  48%|████▊     | 22948/47868 [04:18<01:41, 246.13it/s]Running loglikelihood requests:  48%|████▊     | 22973/47868 [04:18<01:44, 239.07it/s]Running loglikelihood requests:  48%|████▊     | 23003/47868 [04:18<01:41, 246.09it/s]Running loglikelihood requests:  48%|████▊     | 23029/47868 [04:18<01:43, 241.00it/s]Running loglikelihood requests:  48%|████▊     | 23061/47868 [04:18<01:38, 252.61it/s]Running loglikelihood requests:  48%|████▊     | 23087/47868 [04:18<01:40, 245.39it/s]Running loglikelihood requests:  48%|████▊     | 23113/47868 [04:18<01:42, 240.47it/s]Running loglikelihood requests:  48%|████▊     | 23140/47868 [04:18<01:43, 239.57it/s]Running loglikelihood requests:  48%|████▊     | 23164/47868 [04:19<01:46, 231.28it/s]Running loglikelihood requests:  48%|████▊     | 23192/47868 [04:19<01:44, 235.68it/s]Running loglikelihood requests:  49%|████▊     | 23216/47868 [04:19<01:47, 228.51it/s]Running loglikelihood requests:  49%|████▊     | 23239/47868 [04:19<01:51, 221.10it/s]Running loglikelihood requests:  49%|████▊     | 23262/47868 [04:19<01:53, 215.88it/s]Running loglikelihood requests:  49%|████▊     | 23292/47868 [04:19<01:46, 230.14it/s]Running loglikelihood requests:  49%|████▊     | 23322/47868 [04:19<01:41, 240.89it/s]Running loglikelihood requests:  49%|████▉     | 23355/47868 [04:19<01:35, 256.29it/s]Running loglikelihood requests:  49%|████▉     | 23384/47868 [04:19<01:35, 256.13it/s]Running loglikelihood requests:  49%|████▉     | 23417/47868 [04:20<01:31, 265.91it/s]Running loglikelihood requests:  49%|████▉     | 23444/47868 [04:20<01:34, 257.72it/s]Running loglikelihood requests:  49%|████▉     | 23470/47868 [04:20<01:37, 249.38it/s]Running loglikelihood requests:  49%|████▉     | 23498/47868 [04:20<01:38, 248.64it/s]Running loglikelihood requests:  49%|████▉     | 23526/47868 [04:20<01:38, 247.97it/s]Running loglikelihood requests:  49%|████▉     | 23562/47868 [04:20<01:30, 267.58it/s]Running loglikelihood requests:  49%|████▉     | 23590/47868 [04:20<01:33, 260.91it/s]Running loglikelihood requests:  49%|████▉     | 23617/47868 [04:20<01:35, 254.10it/s]Running loglikelihood requests:  49%|████▉     | 23648/47868 [04:20<01:33, 259.33it/s]Running loglikelihood requests:  49%|████▉     | 23676/47868 [04:21<01:34, 255.38it/s]Running loglikelihood requests:  50%|████▉     | 23702/47868 [04:21<01:37, 247.43it/s]Running loglikelihood requests:  50%|████▉     | 23734/47868 [04:21<01:33, 258.23it/s]Running loglikelihood requests:  50%|████▉     | 23766/47868 [04:21<01:30, 265.39it/s]Running loglikelihood requests:  50%|████▉     | 23798/47868 [04:21<01:29, 269.48it/s]Running loglikelihood requests:  50%|████▉     | 23834/47868 [04:21<01:24, 283.14it/s]Running loglikelihood requests:  50%|████▉     | 23866/47868 [04:21<01:24, 282.83it/s]Running loglikelihood requests:  50%|████▉     | 23895/47868 [04:21<01:27, 274.96it/s]Running loglikelihood requests:  50%|████▉     | 23923/47868 [04:21<01:29, 266.83it/s]Running loglikelihood requests:  50%|█████     | 23950/47868 [04:22<01:32, 258.79it/s]Running loglikelihood requests:  50%|█████     | 23976/47868 [04:22<01:35, 250.57it/s]Running loglikelihood requests:  50%|█████     | 24002/47868 [04:22<01:37, 244.83it/s]Running loglikelihood requests:  50%|█████     | 24039/47868 [04:22<01:28, 268.95it/s]Running loglikelihood requests:  50%|█████     | 24071/47868 [04:22<01:27, 273.08it/s]Running loglikelihood requests:  50%|█████     | 24106/47868 [04:22<01:23, 283.52it/s]Running loglikelihood requests:  50%|█████     | 24135/47868 [04:22<01:26, 275.65it/s]Running loglikelihood requests:  50%|█████     | 24163/47868 [04:22<01:28, 267.65it/s]Running loglikelihood requests:  51%|█████     | 24190/47868 [04:22<01:31, 259.81it/s]Running loglikelihood requests:  51%|█████     | 24220/47868 [04:23<01:30, 262.44it/s]Running loglikelihood requests:  51%|█████     | 24254/47868 [04:23<01:26, 273.81it/s]Running loglikelihood requests:  51%|█████     | 24282/47868 [04:23<01:28, 266.23it/s]Running loglikelihood requests:  51%|█████     | 24314/47868 [04:23<01:26, 271.39it/s]Running loglikelihood requests:  51%|█████     | 24346/47868 [04:23<01:25, 274.98it/s]Running loglikelihood requests:  51%|█████     | 24382/47868 [04:23<01:21, 287.66it/s]Running loglikelihood requests:  51%|█████     | 24411/47868 [04:23<01:24, 278.58it/s]Running loglikelihood requests:  51%|█████     | 24440/47868 [04:23<01:26, 272.35it/s]Running loglikelihood requests:  51%|█████     | 24469/47868 [04:23<01:27, 268.07it/s]Running loglikelihood requests:  51%|█████     | 24505/47868 [04:24<01:22, 283.01it/s]Running loglikelihood requests:  51%|█████▏    | 24537/47868 [04:24<01:22, 284.12it/s]Running loglikelihood requests:  51%|█████▏    | 24569/47868 [04:24<01:21, 285.11it/s]Running loglikelihood requests:  51%|█████▏    | 24598/47868 [04:24<01:23, 278.02it/s]Running loglikelihood requests:  51%|█████▏    | 24626/47868 [04:24<01:25, 271.32it/s]Running loglikelihood requests:  52%|█████▏    | 24655/47868 [04:24<01:26, 268.66it/s]Running loglikelihood requests:  52%|█████▏    | 24687/47868 [04:24<01:24, 274.32it/s]Running loglikelihood requests:  52%|█████▏    | 24724/47868 [04:24<01:19, 291.35it/s]Running loglikelihood requests:  52%|█████▏    | 24756/47868 [04:24<01:19, 290.11it/s]Running loglikelihood requests:  52%|█████▏    | 24786/47868 [04:25<01:21, 284.04it/s]Running loglikelihood requests:  52%|█████▏    | 24815/47868 [04:25<01:23, 277.26it/s]Running loglikelihood requests:  52%|█████▏    | 24843/47868 [04:25<01:25, 269.99it/s]Running loglikelihood requests:  52%|█████▏    | 24870/47868 [04:25<01:27, 262.32it/s]Running loglikelihood requests:  52%|█████▏    | 24900/47868 [04:25<01:26, 264.79it/s]Running loglikelihood requests:  52%|█████▏    | 24933/47868 [04:25<01:23, 274.30it/s]Running loglikelihood requests:  52%|█████▏    | 24970/47868 [04:25<01:18, 291.47it/s]Running loglikelihood requests:  52%|█████▏    | 25002/47868 [04:25<01:18, 290.38it/s]Running loglikelihood requests:  52%|█████▏    | 25034/47868 [04:25<01:18, 289.65it/s]Running loglikelihood requests:  52%|█████▏    | 25066/47868 [04:26<01:18, 289.17it/s]Running loglikelihood requests:  52%|█████▏    | 25098/47868 [04:26<01:18, 288.95it/s]Running loglikelihood requests:  53%|█████▎    | 25131/47868 [04:26<01:18, 291.21it/s]Running loglikelihood requests:  53%|█████▎    | 25163/47868 [04:26<01:18, 290.04it/s]Running loglikelihood requests:  53%|█████▎    | 25193/47868 [04:26<01:19, 284.20it/s]Running loglikelihood requests:  53%|█████▎    | 25222/47868 [04:26<01:21, 278.39it/s]Running loglikelihood requests:  53%|█████▎    | 25250/47868 [04:26<01:23, 271.41it/s]Running loglikelihood requests:  53%|█████▎    | 25281/47868 [04:26<01:22, 273.92it/s]Running loglikelihood requests:  53%|█████▎    | 25316/47868 [04:26<01:18, 286.11it/s]Running loglikelihood requests:  53%|█████▎    | 25345/47868 [04:27<01:20, 279.08it/s]Running loglikelihood requests:  53%|█████▎    | 25377/47868 [04:27<01:19, 282.07it/s]Running loglikelihood requests:  53%|█████▎    | 25408/47868 [04:27<01:19, 281.41it/s]Running loglikelihood requests:  53%|█████▎    | 25438/47868 [04:27<01:20, 277.71it/s]Running loglikelihood requests:  53%|█████▎    | 25472/47868 [04:27<01:18, 285.11it/s]Running loglikelihood requests:  53%|█████▎    | 25501/47868 [04:27<01:20, 277.68it/s]Running loglikelihood requests:  53%|█████▎    | 25532/47868 [04:27<01:20, 277.54it/s]Running loglikelihood requests:  53%|█████▎    | 25560/47868 [04:27<01:22, 269.63it/s]Running loglikelihood requests:  53%|█████▎    | 25587/47868 [04:27<01:25, 261.65it/s]Running loglikelihood requests:  54%|█████▎    | 25618/47868 [04:28<01:23, 266.36it/s]Running loglikelihood requests:  54%|█████▎    | 25649/47868 [04:28<01:22, 269.63it/s]Running loglikelihood requests:  54%|█████▎    | 25683/47868 [04:28<01:19, 279.71it/s]Running loglikelihood requests:  54%|█████▎    | 25711/47868 [04:28<01:21, 271.11it/s]Running loglikelihood requests:  54%|█████▍    | 25743/47868 [04:28<01:20, 276.45it/s]Running loglikelihood requests:  54%|█████▍    | 25777/47868 [04:28<01:17, 283.64it/s]Running loglikelihood requests:  54%|█████▍    | 25806/47868 [04:28<01:19, 276.47it/s]Running loglikelihood requests:  54%|█████▍    | 25834/47868 [04:28<01:21, 268.82it/s]Running loglikelihood requests:  54%|█████▍    | 25861/47868 [04:29<01:24, 261.06it/s]Running loglikelihood requests:  54%|█████▍    | 25888/47868 [04:29<01:25, 255.69it/s]Running loglikelihood requests:  54%|█████▍    | 25914/47868 [04:29<01:28, 249.27it/s]Running loglikelihood requests:  54%|█████▍    | 25939/47868 [04:29<01:30, 242.18it/s]Running loglikelihood requests:  54%|█████▍    | 25964/47868 [04:29<01:32, 237.14it/s]Running loglikelihood requests:  54%|█████▍    | 25992/47868 [04:29<01:30, 241.62it/s]Running loglikelihood requests:  54%|█████▍    | 26017/47868 [04:29<01:32, 237.04it/s]Running loglikelihood requests:  54%|█████▍    | 26041/47868 [04:29<01:34, 231.02it/s]Running loglikelihood requests:  54%|█████▍    | 26065/47868 [04:29<01:35, 228.27it/s]Running loglikelihood requests:  54%|█████▍    | 26088/47868 [04:29<01:37, 223.24it/s]Running loglikelihood requests:  55%|█████▍    | 26111/47868 [04:30<01:53, 191.75it/s]Running loglikelihood requests:  55%|█████▍    | 26134/47868 [04:30<01:50, 196.93it/s]Running loglikelihood requests:  55%|█████▍    | 26155/47868 [04:30<01:50, 195.89it/s]Running loglikelihood requests:  55%|█████▍    | 26182/47868 [04:30<01:43, 210.20it/s]Running loglikelihood requests:  55%|█████▍    | 26204/47868 [04:30<01:44, 207.74it/s]Running loglikelihood requests:  55%|█████▍    | 26228/47868 [04:30<01:42, 211.37it/s]Running loglikelihood requests:  55%|█████▍    | 26250/47868 [04:30<01:43, 208.69it/s]Running loglikelihood requests:  55%|█████▍    | 26276/47868 [04:30<01:39, 217.47it/s]Running loglikelihood requests:  55%|█████▍    | 26300/47868 [04:31<01:38, 218.34it/s]Running loglikelihood requests:  55%|█████▍    | 26322/47868 [04:31<01:40, 213.51it/s]Running loglikelihood requests:  55%|█████▌    | 26350/47868 [04:31<01:35, 226.05it/s]Running loglikelihood requests:  55%|█████▌    | 26373/47868 [04:31<01:50, 193.73it/s]Running loglikelihood requests:  55%|█████▌    | 26394/47868 [04:31<01:50, 193.57it/s]Running loglikelihood requests:  55%|█████▌    | 26414/47868 [04:31<01:52, 191.53it/s]Running loglikelihood requests:  55%|█████▌    | 26435/47868 [04:31<01:51, 192.83it/s]Running loglikelihood requests:  55%|█████▌    | 26455/47868 [04:31<02:07, 167.66it/s]Running loglikelihood requests:  55%|█████▌    | 26486/47868 [04:32<01:47, 198.55it/s]Running loglikelihood requests:  55%|█████▌    | 26514/47868 [04:32<01:39, 214.41it/s]Running loglikelihood requests:  55%|█████▌    | 26537/47868 [04:32<01:40, 212.75it/s]Running loglikelihood requests:  55%|█████▌    | 26559/47868 [04:32<01:41, 209.88it/s]Running loglikelihood requests:  56%|█████▌    | 26581/47868 [04:32<01:56, 182.08it/s]Running loglikelihood requests:  56%|█████▌    | 26601/47868 [04:32<01:56, 182.64it/s]Running loglikelihood requests:  56%|█████▌    | 26620/47868 [04:32<01:57, 180.47it/s]Running loglikelihood requests:  56%|█████▌    | 26639/47868 [04:32<02:30, 140.66it/s]Running loglikelihood requests:  56%|█████▌    | 26660/47868 [04:33<02:18, 153.40it/s]Running loglikelihood requests:  56%|█████▌    | 26679/47868 [04:33<02:13, 159.11it/s]Running loglikelihood requests:  56%|█████▌    | 26696/47868 [04:33<02:13, 158.54it/s]Running loglikelihood requests:  56%|█████▌    | 26713/47868 [04:33<02:13, 158.37it/s]Running loglikelihood requests:  56%|█████▌    | 26742/47868 [04:33<01:51, 188.81it/s]Running loglikelihood requests:  56%|█████▌    | 26762/47868 [04:33<01:52, 187.66it/s]Running loglikelihood requests:  56%|█████▌    | 26782/47868 [04:33<01:52, 186.82it/s]Running loglikelihood requests:  56%|█████▌    | 26801/47868 [04:33<02:27, 142.76it/s]Running loglikelihood requests:  56%|█████▌    | 26824/47868 [04:34<02:11, 159.69it/s]Running loglikelihood requests:  56%|█████▌    | 26843/47868 [04:34<02:08, 163.94it/s]Running loglikelihood requests:  56%|█████▌    | 26861/47868 [04:34<02:24, 145.54it/s]Running loglikelihood requests:  56%|█████▌    | 26877/47868 [04:34<02:23, 146.38it/s]Running loglikelihood requests:  56%|█████▌    | 26894/47868 [04:34<02:19, 150.03it/s]Running loglikelihood requests:  56%|█████▌    | 26910/47868 [04:34<02:19, 150.29it/s]Running loglikelihood requests:  56%|█████▋    | 26926/47868 [04:34<02:38, 132.26it/s]Running loglikelihood requests:  56%|█████▋    | 26949/47868 [04:34<02:16, 153.43it/s]Running loglikelihood requests:  56%|█████▋    | 26966/47868 [04:34<02:15, 154.71it/s]Running loglikelihood requests:  56%|█████▋    | 26982/47868 [04:35<02:34, 134.75it/s]Running loglikelihood requests:  56%|█████▋    | 27006/47868 [04:35<02:12, 157.23it/s]Running loglikelihood requests:  56%|█████▋    | 27023/47868 [04:35<02:12, 157.24it/s]Running loglikelihood requests:  56%|█████▋    | 27040/47868 [04:35<02:48, 123.64it/s]Running loglikelihood requests:  57%|█████▋    | 27072/47868 [04:35<02:06, 164.13it/s]Running loglikelihood requests:  57%|█████▋    | 27091/47868 [04:35<02:20, 148.24it/s]Running loglikelihood requests:  57%|█████▋    | 27108/47868 [04:35<02:17, 150.54it/s]Running loglikelihood requests:  57%|█████▋    | 27141/47868 [04:36<01:49, 189.44it/s]Running loglikelihood requests:  57%|█████▋    | 27162/47868 [04:36<02:02, 168.50it/s]Running loglikelihood requests:  57%|█████▋    | 27181/47868 [04:36<02:01, 170.15it/s]Running loglikelihood requests:  57%|█████▋    | 27199/47868 [04:36<02:02, 169.17it/s]Running loglikelihood requests:  57%|█████▋    | 27217/47868 [04:36<02:18, 148.63it/s]Running loglikelihood requests:  57%|█████▋    | 27235/47868 [04:36<02:14, 153.19it/s]Running loglikelihood requests:  57%|█████▋    | 27251/47868 [04:36<02:33, 134.41it/s]Running loglikelihood requests:  57%|█████▋    | 27270/47868 [04:36<02:22, 144.90it/s]Running loglikelihood requests:  57%|█████▋    | 27293/47868 [04:37<02:06, 162.86it/s]Running loglikelihood requests:  57%|█████▋    | 27310/47868 [04:37<02:24, 142.60it/s]Running loglikelihood requests:  57%|█████▋    | 27330/47868 [04:37<02:13, 154.06it/s]Running loglikelihood requests:  57%|█████▋    | 27354/47868 [04:37<01:58, 172.84it/s]Running loglikelihood requests:  57%|█████▋    | 27373/47868 [04:37<02:13, 153.76it/s]Running loglikelihood requests:  57%|█████▋    | 27393/47868 [04:37<02:06, 162.00it/s]Running loglikelihood requests:  57%|█████▋    | 27410/47868 [04:37<02:06, 161.12it/s]Running loglikelihood requests:  57%|█████▋    | 27427/47868 [04:37<02:07, 160.40it/s]Running loglikelihood requests:  57%|█████▋    | 27446/47868 [04:38<02:03, 165.17it/s]Running loglikelihood requests:  57%|█████▋    | 27463/47868 [04:38<02:05, 163.21it/s]Running loglikelihood requests:  57%|█████▋    | 27480/47868 [04:38<02:06, 161.68it/s]Running loglikelihood requests:  57%|█████▋    | 27497/47868 [04:38<02:06, 160.68it/s]Running loglikelihood requests:  57%|█████▋    | 27514/47868 [04:38<02:25, 139.99it/s]Running loglikelihood requests:  58%|█████▊    | 27529/47868 [04:38<02:25, 140.14it/s]Running loglikelihood requests:  58%|█████▊    | 27544/47868 [04:38<02:24, 140.24it/s]Running loglikelihood requests:  58%|█████▊    | 27563/47868 [04:38<02:14, 150.76it/s]Running loglikelihood requests:  58%|█████▊    | 27579/47868 [04:38<02:14, 150.38it/s]Running loglikelihood requests:  58%|█████▊    | 27595/47868 [04:39<02:15, 150.07it/s]Running loglikelihood requests:  58%|█████▊    | 27614/47868 [04:39<02:08, 157.93it/s]Running loglikelihood requests:  58%|█████▊    | 27648/47868 [04:39<01:39, 203.45it/s]Running loglikelihood requests:  58%|█████▊    | 27669/47868 [04:39<01:55, 175.45it/s]Running loglikelihood requests:  58%|█████▊    | 27705/47868 [04:39<01:32, 217.26it/s]Running loglikelihood requests:  58%|█████▊    | 27729/47868 [04:39<01:32, 218.57it/s]Running loglikelihood requests:  58%|█████▊    | 27752/47868 [04:39<01:32, 216.89it/s]Running loglikelihood requests:  58%|█████▊    | 27775/47868 [04:39<01:33, 215.74it/s]Running loglikelihood requests:  58%|█████▊    | 27797/47868 [04:39<01:34, 212.35it/s]Running loglikelihood requests:  58%|█████▊    | 27819/47868 [04:40<01:48, 184.56it/s]Running loglikelihood requests:  58%|█████▊    | 27844/47868 [04:40<01:41, 197.23it/s]Running loglikelihood requests:  58%|█████▊    | 27865/47868 [04:40<01:41, 196.65it/s]Running loglikelihood requests:  58%|█████▊    | 27895/47868 [04:40<01:31, 219.32it/s]Running loglikelihood requests:  58%|█████▊    | 27918/47868 [04:40<01:31, 217.65it/s]Running loglikelihood requests:  58%|█████▊    | 27941/47868 [04:40<01:32, 216.36it/s]Running loglikelihood requests:  58%|█████▊    | 27963/47868 [04:40<01:33, 213.00it/s]Running loglikelihood requests:  58%|█████▊    | 27985/47868 [04:40<01:47, 184.12it/s]Running loglikelihood requests:  59%|█████▊    | 28009/47868 [04:41<01:42, 194.69it/s]Running loglikelihood requests:  59%|█████▊    | 28036/47868 [04:41<01:34, 209.98it/s]Running loglikelihood requests:  59%|█████▊    | 28063/47868 [04:41<01:29, 221.29it/s]Running loglikelihood requests:  59%|█████▊    | 28090/47868 [04:41<01:26, 229.86it/s]Running loglikelihood requests:  59%|█████▉    | 28123/47868 [04:41<01:18, 251.70it/s]Running loglikelihood requests:  59%|█████▉    | 28161/47868 [04:41<01:10, 279.88it/s]Running loglikelihood requests:  59%|█████▉    | 28190/47868 [04:41<01:11, 275.87it/s]Running loglikelihood requests:  59%|█████▉    | 28218/47868 [04:41<01:23, 236.52it/s]Running loglikelihood requests:  59%|█████▉    | 28247/47868 [04:41<01:20, 244.53it/s]Running loglikelihood requests:  59%|█████▉    | 28274/47868 [04:42<01:19, 245.57it/s]Running loglikelihood requests:  59%|█████▉    | 28300/47868 [04:42<01:20, 244.04it/s]Running loglikelihood requests:  59%|█████▉    | 28325/47868 [04:42<01:21, 240.05it/s]Running loglikelihood requests:  59%|█████▉    | 28357/47868 [04:42<01:16, 255.62it/s]Running loglikelihood requests:  59%|█████▉    | 28383/47868 [04:42<01:17, 251.53it/s]Running loglikelihood requests:  59%|█████▉    | 28409/47868 [04:42<01:18, 249.05it/s]Running loglikelihood requests:  59%|█████▉    | 28434/47868 [04:42<01:19, 244.19it/s]Running loglikelihood requests:  59%|█████▉    | 28459/47868 [04:42<01:20, 239.88it/s]Running loglikelihood requests:  60%|█████▉    | 28484/47868 [04:42<01:21, 237.25it/s]Running loglikelihood requests:  60%|█████▉    | 28508/47868 [04:43<01:23, 232.88it/s]Running loglikelihood requests:  60%|█████▉    | 28532/47868 [04:43<01:24, 229.76it/s]Running loglikelihood requests:  60%|█████▉    | 28570/47868 [04:43<01:12, 264.97it/s]Running loglikelihood requests:  60%|█████▉    | 28597/47868 [04:43<01:14, 260.24it/s]Running loglikelihood requests:  60%|█████▉    | 28624/47868 [04:43<01:14, 257.11it/s]Running loglikelihood requests:  60%|█████▉    | 28650/47868 [04:43<01:16, 252.17it/s]Running loglikelihood requests:  60%|█████▉    | 28676/47868 [04:43<01:28, 217.48it/s]Running loglikelihood requests:  60%|█████▉    | 28705/47868 [04:43<01:22, 231.15it/s]Running loglikelihood requests:  60%|██████    | 28729/47868 [04:44<01:34, 202.23it/s]Running loglikelihood requests:  60%|██████    | 28751/47868 [04:44<01:45, 180.71it/s]Running loglikelihood requests:  60%|██████    | 28775/47868 [04:44<01:39, 191.28it/s]Running loglikelihood requests:  60%|██████    | 28796/47868 [04:44<01:39, 192.51it/s]Running loglikelihood requests:  60%|██████    | 28816/47868 [04:44<01:39, 191.01it/s]Running loglikelihood requests:  60%|██████    | 28844/47868 [04:44<01:30, 210.27it/s]Running loglikelihood requests:  60%|██████    | 28866/47868 [04:44<01:43, 183.30it/s]Running loglikelihood requests:  60%|██████    | 28895/47868 [04:44<01:32, 205.73it/s]Running loglikelihood requests:  60%|██████    | 28921/47868 [04:44<01:27, 215.47it/s]Running loglikelihood requests:  60%|██████    | 28944/47868 [04:45<01:28, 215.01it/s]Running loglikelihood requests:  61%|██████    | 28966/47868 [04:45<01:29, 212.25it/s]Running loglikelihood requests:  61%|██████    | 28988/47868 [04:45<01:29, 210.16it/s]Running loglikelihood requests:  61%|██████    | 29010/47868 [04:45<01:43, 182.85it/s]Running loglikelihood requests:  61%|██████    | 29040/47868 [04:45<01:30, 208.30it/s]Running loglikelihood requests:  61%|██████    | 29062/47868 [04:45<01:42, 183.06it/s]Running loglikelihood requests:  61%|██████    | 29089/47868 [04:45<01:33, 200.39it/s]Running loglikelihood requests:  61%|██████    | 29110/47868 [04:45<01:46, 176.27it/s]Running loglikelihood requests:  61%|██████    | 29135/47868 [04:46<01:38, 190.55it/s]Running loglikelihood requests:  61%|██████    | 29157/47868 [04:46<01:36, 194.60it/s]Running loglikelihood requests:  61%|██████    | 29178/47868 [04:46<01:35, 195.19it/s]Running loglikelihood requests:  61%|██████    | 29199/47868 [04:46<01:49, 171.22it/s]Running loglikelihood requests:  61%|██████    | 29225/47868 [04:46<01:36, 192.72it/s]Running loglikelihood requests:  61%|██████    | 29255/47868 [04:46<01:24, 220.75it/s]Running loglikelihood requests:  61%|██████    | 29279/47868 [04:46<01:42, 181.24it/s]Running loglikelihood requests:  61%|██████    | 29302/47868 [04:47<01:46, 174.59it/s]Running loglikelihood requests:  61%|██████▏   | 29323/47868 [04:47<01:51, 165.89it/s]Running loglikelihood requests:  61%|██████▏   | 29360/47868 [04:47<01:35, 192.84it/s]Running loglikelihood requests:  61%|██████▏   | 29384/47868 [04:47<01:40, 184.81it/s]Running loglikelihood requests:  61%|██████▏   | 29409/47868 [04:47<01:41, 181.28it/s]Running loglikelihood requests:  61%|██████▏   | 29430/47868 [04:47<01:47, 170.73it/s]Running loglikelihood requests:  62%|██████▏   | 29463/47868 [04:47<01:37, 187.86it/s]Running loglikelihood requests:  62%|██████▏   | 29496/47868 [04:48<01:32, 199.66it/s]Running loglikelihood requests:  62%|██████▏   | 29520/47868 [04:48<01:36, 189.78it/s]Running loglikelihood requests:  62%|██████▏   | 29546/47868 [04:48<01:38, 186.81it/s]Running loglikelihood requests:  62%|██████▏   | 29565/47868 [04:48<01:47, 170.66it/s]Running loglikelihood requests:  62%|██████▏   | 29611/47868 [04:48<01:24, 215.07it/s]Running loglikelihood requests:  62%|██████▏   | 29633/47868 [04:48<01:32, 197.64it/s]Running loglikelihood requests:  62%|██████▏   | 29653/47868 [04:48<01:40, 180.95it/s]Running loglikelihood requests:  62%|██████▏   | 29682/47868 [04:49<01:37, 187.03it/s]Running loglikelihood requests:  62%|██████▏   | 29701/47868 [04:49<01:46, 170.82it/s]Running loglikelihood requests:  62%|██████▏   | 29731/47868 [04:49<01:39, 181.89it/s]Running loglikelihood requests:  62%|██████▏   | 29750/47868 [04:49<01:58, 152.28it/s]Running loglikelihood requests:  62%|██████▏   | 29785/47868 [04:49<01:41, 177.36it/s]Running loglikelihood requests:  62%|██████▏   | 29815/47868 [04:49<01:36, 186.18it/s]Running loglikelihood requests:  62%|██████▏   | 29840/47868 [04:49<01:38, 182.52it/s]Running loglikelihood requests:  62%|██████▏   | 29859/47868 [04:50<01:47, 167.94it/s]Running loglikelihood requests:  62%|██████▏   | 29906/47868 [04:50<01:24, 213.61it/s]Running loglikelihood requests:  63%|██████▎   | 29931/47868 [04:50<01:29, 201.41it/s]Running loglikelihood requests:  63%|██████▎   | 29958/47868 [04:50<01:30, 196.93it/s]Running loglikelihood requests:  63%|██████▎   | 29988/47868 [04:50<01:29, 199.85it/s]Running loglikelihood requests:  63%|██████▎   | 30009/47868 [04:50<01:37, 183.52it/s]Running loglikelihood requests:  63%|██████▎   | 30041/47868 [04:50<01:31, 194.05it/s]Running loglikelihood requests:  63%|██████▎   | 30061/47868 [04:51<01:40, 177.34it/s]Running loglikelihood requests:  63%|██████▎   | 30079/47868 [04:51<01:50, 161.53it/s]Running loglikelihood requests:  63%|██████▎   | 30113/47868 [04:51<01:27, 202.19it/s]Running loglikelihood requests:  63%|██████▎   | 30139/47868 [04:51<01:31, 194.37it/s]Running loglikelihood requests:  63%|██████▎   | 30163/47868 [04:51<01:35, 185.03it/s]Running loglikelihood requests:  63%|██████▎   | 30183/47868 [04:51<01:43, 171.11it/s]Running loglikelihood requests:  63%|██████▎   | 30222/47868 [04:51<01:19, 222.34it/s]Running loglikelihood requests:  63%|██████▎   | 30247/47868 [04:52<01:25, 206.19it/s]Running loglikelihood requests:  63%|██████▎   | 30270/47868 [04:52<01:41, 173.42it/s]Running loglikelihood requests:  63%|██████▎   | 30305/47868 [04:52<01:30, 193.23it/s]Running loglikelihood requests:  63%|██████▎   | 30335/47868 [04:52<01:28, 197.42it/s]Running loglikelihood requests:  63%|██████▎   | 30356/47868 [04:52<01:36, 182.13it/s]Running loglikelihood requests:  63%|██████▎   | 30376/47868 [04:52<01:43, 169.51it/s]Running loglikelihood requests:  64%|██████▎   | 30412/47868 [04:52<01:30, 192.82it/s]Running loglikelihood requests:  64%|██████▎   | 30437/47868 [04:53<01:33, 187.09it/s]Running loglikelihood requests:  64%|██████▎   | 30456/47868 [04:53<01:41, 170.93it/s]Running loglikelihood requests:  64%|██████▎   | 30493/47868 [04:53<01:28, 196.20it/s]Running loglikelihood requests:  64%|██████▍   | 30521/47868 [04:53<01:28, 195.31it/s]Running loglikelihood requests:  64%|██████▍   | 30545/47868 [04:53<01:32, 186.92it/s]Running loglikelihood requests:  64%|██████▍   | 30565/47868 [04:53<01:40, 172.77it/s]Running loglikelihood requests:  64%|██████▍   | 30610/47868 [04:53<01:13, 236.27it/s]Running loglikelihood requests:  64%|██████▍   | 30636/47868 [04:54<01:27, 197.92it/s]Running loglikelihood requests:  64%|██████▍   | 30680/47868 [04:54<01:08, 252.05it/s]Running loglikelihood requests:  64%|██████▍   | 30709/47868 [04:54<01:12, 235.98it/s]Running loglikelihood requests:  64%|██████▍   | 30736/47868 [04:54<01:25, 200.44it/s]Running loglikelihood requests:  64%|██████▍   | 30764/47868 [04:54<01:26, 198.54it/s]Running loglikelihood requests:  64%|██████▍   | 30797/47868 [04:54<01:22, 207.13it/s]Running loglikelihood requests:  64%|██████▍   | 30827/47868 [04:54<01:22, 207.37it/s]Running loglikelihood requests:  64%|██████▍   | 30860/47868 [04:55<01:19, 213.71it/s]Running loglikelihood requests:  65%|██████▍   | 30887/47868 [04:55<01:22, 206.06it/s]Running loglikelihood requests:  65%|██████▍   | 30933/47868 [04:55<01:10, 238.72it/s]Running loglikelihood requests:  65%|██████▍   | 30958/47868 [04:55<01:24, 200.40it/s]Running loglikelihood requests:  65%|██████▍   | 30988/47868 [04:55<01:23, 202.53it/s]Running loglikelihood requests:  65%|██████▍   | 31010/47868 [04:55<01:29, 188.83it/s]Running loglikelihood requests:  65%|██████▍   | 31060/47868 [04:55<01:05, 257.60it/s]Running loglikelihood requests:  65%|██████▍   | 31089/47868 [04:56<01:16, 217.92it/s]Running loglikelihood requests:  65%|██████▌   | 31127/47868 [04:56<01:12, 230.66it/s]Running loglikelihood requests:  65%|██████▌   | 31158/47868 [04:56<01:13, 226.12it/s]Running loglikelihood requests:  65%|██████▌   | 31182/47868 [04:56<01:27, 190.82it/s]Running loglikelihood requests:  65%|██████▌   | 31217/47868 [04:56<01:21, 205.03it/s]Running loglikelihood requests:  65%|██████▌   | 31241/47868 [04:56<01:25, 194.69it/s]Running loglikelihood requests:  65%|██████▌   | 31265/47868 [04:57<01:29, 186.31it/s]Running loglikelihood requests:  65%|██████▌   | 31312/47868 [04:57<01:06, 249.37it/s]Running loglikelihood requests:  65%|██████▌   | 31341/47868 [04:57<01:10, 234.59it/s]Running loglikelihood requests:  66%|██████▌   | 31367/47868 [04:57<01:15, 218.23it/s]Running loglikelihood requests:  66%|██████▌   | 31413/47868 [04:57<01:06, 248.00it/s]Running loglikelihood requests:  66%|██████▌   | 31439/47868 [04:57<01:19, 207.12it/s]Running loglikelihood requests:  66%|██████▌   | 31467/47868 [04:57<01:20, 203.74it/s]Running loglikelihood requests:  66%|██████▌   | 31499/47868 [04:58<01:18, 209.12it/s]Running loglikelihood requests:  66%|██████▌   | 31524/47868 [04:58<01:22, 199.03it/s]Running loglikelihood requests:  66%|██████▌   | 31574/47868 [04:58<01:01, 266.64it/s]Running loglikelihood requests:  66%|██████▌   | 31604/47868 [04:58<01:05, 248.37it/s]Running loglikelihood requests:  66%|██████▌   | 31631/47868 [04:58<01:10, 229.59it/s]Running loglikelihood requests:  66%|██████▌   | 31672/47868 [04:58<01:05, 245.88it/s]Running loglikelihood requests:  66%|██████▌   | 31701/47868 [04:58<01:09, 232.68it/s]Running loglikelihood requests:  66%|██████▋   | 31727/47868 [04:59<01:14, 216.98it/s]Running loglikelihood requests:  66%|██████▋   | 31754/47868 [04:59<01:17, 208.34it/s]Running loglikelihood requests:  66%|██████▋   | 31790/47868 [04:59<01:12, 220.71it/s]Running loglikelihood requests:  67%|██████▋   | 31834/47868 [04:59<01:05, 245.40it/s]Running loglikelihood requests:  67%|██████▋   | 31861/47868 [04:59<01:10, 228.18it/s]Running loglikelihood requests:  67%|██████▋   | 31908/47868 [04:59<00:56, 283.63it/s]Running loglikelihood requests:  67%|██████▋   | 31939/47868 [04:59<01:00, 261.82it/s]Running loglikelihood requests:  67%|██████▋   | 31967/47868 [05:00<01:06, 240.74it/s]Running loglikelihood requests:  67%|██████▋   | 32004/47868 [05:00<01:04, 245.22it/s]Running loglikelihood requests:  67%|██████▋   | 32047/47868 [05:00<01:00, 260.72it/s]Running loglikelihood requests:  67%|██████▋   | 32074/47868 [05:00<01:06, 238.81it/s]Running loglikelihood requests:  67%|██████▋   | 32114/47868 [05:00<01:03, 249.49it/s]Running loglikelihood requests:  67%|██████▋   | 32158/47868 [05:00<00:59, 265.03it/s]Running loglikelihood requests:  67%|██████▋   | 32185/47868 [05:00<01:04, 241.51it/s]Running loglikelihood requests:  67%|██████▋   | 32222/47868 [05:01<01:03, 245.62it/s]Running loglikelihood requests:  67%|██████▋   | 32249/47868 [05:01<01:08, 228.67it/s]Running loglikelihood requests:  67%|██████▋   | 32274/47868 [05:01<01:13, 212.33it/s]Running loglikelihood requests:  68%|██████▊   | 32312/47868 [05:01<01:08, 227.30it/s]Running loglikelihood requests:  68%|██████▊   | 32335/47868 [05:01<01:14, 207.64it/s]Running loglikelihood requests:  68%|██████▊   | 32356/47868 [05:01<01:29, 172.72it/s]Running loglikelihood requests:  68%|██████▊   | 32402/47868 [05:01<01:06, 234.16it/s]Running loglikelihood requests:  68%|██████▊   | 32429/47868 [05:02<01:10, 220.11it/s]Running loglikelihood requests:  68%|██████▊   | 32454/47868 [05:02<01:14, 206.02it/s]Running loglikelihood requests:  68%|██████▊   | 32477/47868 [05:02<01:19, 192.46it/s]Running loglikelihood requests:  68%|██████▊   | 32519/47868 [05:02<01:09, 221.77it/s]Running loglikelihood requests:  68%|██████▊   | 32542/47868 [05:02<01:15, 203.55it/s]Running loglikelihood requests:  68%|██████▊   | 32563/47868 [05:02<01:29, 170.30it/s]Running loglikelihood requests:  68%|██████▊   | 32593/47868 [05:02<01:24, 181.11it/s]Running loglikelihood requests:  68%|██████▊   | 32636/47868 [05:03<01:11, 214.03it/s]Running loglikelihood requests:  68%|██████▊   | 32669/47868 [05:03<01:09, 217.98it/s]Running loglikelihood requests:  68%|██████▊   | 32692/47868 [05:03<01:22, 184.13it/s]Running loglikelihood requests:  68%|██████▊   | 32717/47868 [05:03<01:23, 181.12it/s]Running loglikelihood requests:  68%|██████▊   | 32761/47868 [05:03<01:10, 215.37it/s]Running loglikelihood requests:  68%|██████▊   | 32784/47868 [05:03<01:15, 199.76it/s]Running loglikelihood requests:  69%|██████▊   | 32805/47868 [05:03<01:21, 184.77it/s]Running loglikelihood requests:  69%|██████▊   | 32828/47868 [05:04<01:24, 177.57it/s]Running loglikelihood requests:  69%|██████▊   | 32876/47868 [05:04<01:07, 222.95it/s]Running loglikelihood requests:  69%|██████▊   | 32899/47868 [05:04<01:13, 204.94it/s]Running loglikelihood requests:  69%|██████▉   | 32920/47868 [05:04<01:19, 188.05it/s]Running loglikelihood requests:  69%|██████▉   | 32944/47868 [05:04<01:22, 181.91it/s]Running loglikelihood requests:  69%|██████▉   | 32991/47868 [05:04<00:59, 247.97it/s]Running loglikelihood requests:  69%|██████▉   | 33021/47868 [05:04<01:03, 235.65it/s]Running loglikelihood requests:  69%|██████▉   | 33047/47868 [05:05<01:21, 181.78it/s]Running loglikelihood requests:  69%|██████▉   | 33068/47868 [05:05<01:33, 157.98it/s]Running loglikelihood requests:  69%|██████▉   | 33105/47868 [05:05<01:13, 200.09it/s]Running loglikelihood requests:  69%|██████▉   | 33130/47868 [05:05<01:16, 192.38it/s]Running loglikelihood requests:  69%|██████▉   | 33152/47868 [05:05<01:21, 180.50it/s]Running loglikelihood requests:  69%|██████▉   | 33172/47868 [05:05<01:27, 168.61it/s]Running loglikelihood requests:  69%|██████▉   | 33191/47868 [05:06<01:33, 157.77it/s]Running loglikelihood requests:  69%|██████▉   | 33216/47868 [05:06<01:30, 162.20it/s]Running loglikelihood requests:  69%|██████▉   | 33264/47868 [05:06<01:08, 212.19it/s]Running loglikelihood requests:  70%|██████▉   | 33299/47868 [05:06<01:05, 220.84it/s]Running loglikelihood requests:  70%|██████▉   | 33322/47868 [05:06<01:11, 202.53it/s]Running loglikelihood requests:  70%|██████▉   | 33343/47868 [05:06<01:25, 169.45it/s]Running loglikelihood requests:  70%|██████▉   | 33371/47868 [05:06<01:22, 176.12it/s]Running loglikelihood requests:  70%|██████▉   | 33408/47868 [05:07<01:12, 198.73it/s]Running loglikelihood requests:  70%|██████▉   | 33429/47868 [05:07<01:18, 183.90it/s]Running loglikelihood requests:  70%|██████▉   | 33448/47868 [05:07<01:25, 169.02it/s]Running loglikelihood requests:  70%|██████▉   | 33466/47868 [05:07<01:32, 156.53it/s]Running loglikelihood requests:  70%|██████▉   | 33504/47868 [05:07<01:16, 187.78it/s]Running loglikelihood requests:  70%|███████   | 33540/47868 [05:07<01:09, 206.03it/s]Running loglikelihood requests:  70%|███████   | 33561/47868 [05:07<01:15, 188.50it/s]Running loglikelihood requests:  70%|███████   | 33580/47868 [05:08<01:23, 172.04it/s]Running loglikelihood requests:  70%|███████   | 33598/47868 [05:08<01:30, 158.47it/s]Running loglikelihood requests:  70%|███████   | 33635/47868 [05:08<01:15, 187.59it/s]Running loglikelihood requests:  70%|███████   | 33680/47868 [05:08<01:03, 224.29it/s]Running loglikelihood requests:  70%|███████   | 33703/47868 [05:08<01:08, 205.62it/s]Running loglikelihood requests:  70%|███████   | 33724/47868 [05:08<01:15, 188.28it/s]Running loglikelihood requests:  70%|███████   | 33743/47868 [05:09<01:30, 156.75it/s]Running loglikelihood requests:  71%|███████   | 33779/47868 [05:09<01:17, 182.85it/s]Running loglikelihood requests:  71%|███████   | 33810/47868 [05:09<01:13, 192.32it/s]Running loglikelihood requests:  71%|███████   | 33830/47868 [05:09<01:19, 177.47it/s]Running loglikelihood requests:  71%|███████   | 33848/47868 [05:09<01:26, 162.69it/s]Running loglikelihood requests:  71%|███████   | 33867/47868 [05:09<01:30, 154.20it/s]Running loglikelihood requests:  71%|███████   | 33892/47868 [05:09<01:27, 160.35it/s]Running loglikelihood requests:  71%|███████   | 33941/47868 [05:10<01:05, 213.26it/s]Running loglikelihood requests:  71%|███████   | 33963/47868 [05:10<01:10, 196.09it/s]Running loglikelihood requests:  71%|███████   | 33983/47868 [05:10<01:16, 180.56it/s]Running loglikelihood requests:  71%|███████   | 34001/47868 [05:10<01:31, 151.26it/s]Running loglikelihood requests:  71%|███████   | 34017/47868 [05:10<01:37, 141.63it/s]Running loglikelihood requests:  71%|███████   | 34057/47868 [05:10<01:15, 182.29it/s]Running loglikelihood requests:  71%|███████   | 34099/47868 [05:10<01:03, 215.77it/s]Running loglikelihood requests:  71%|███████▏  | 34121/47868 [05:11<01:09, 199.14it/s]Running loglikelihood requests:  71%|███████▏  | 34142/47868 [05:11<01:14, 185.22it/s]Running loglikelihood requests:  71%|███████▏  | 34161/47868 [05:11<01:20, 171.16it/s]Running loglikelihood requests:  71%|███████▏  | 34179/47868 [05:11<01:25, 159.19it/s]Running loglikelihood requests:  71%|███████▏  | 34220/47868 [05:11<01:08, 198.88it/s]Running loglikelihood requests:  72%|███████▏  | 34250/47868 [05:11<01:06, 203.74it/s]Running loglikelihood requests:  72%|███████▏  | 34271/47868 [05:11<01:19, 171.68it/s]Running loglikelihood requests:  72%|███████▏  | 34290/47868 [05:12<01:23, 162.16it/s]Running loglikelihood requests:  72%|███████▏  | 34320/47868 [05:12<01:16, 177.28it/s]Running loglikelihood requests:  72%|███████▏  | 34368/47868 [05:12<01:00, 224.67it/s]Running loglikelihood requests:  72%|███████▏  | 34391/47868 [05:12<01:04, 207.70it/s]Running loglikelihood requests:  72%|███████▏  | 34412/47868 [05:12<01:10, 191.34it/s]Running loglikelihood requests:  72%|███████▏  | 34432/47868 [05:12<01:15, 177.63it/s]Running loglikelihood requests:  72%|███████▏  | 34464/47868 [05:12<01:09, 193.09it/s]Running loglikelihood requests:  72%|███████▏  | 34512/47868 [05:13<00:56, 237.06it/s]Running loglikelihood requests:  72%|███████▏  | 34537/47868 [05:13<01:00, 220.30it/s]Running loglikelihood requests:  72%|███████▏  | 34559/47868 [05:13<01:05, 202.20it/s]Running loglikelihood requests:  72%|███████▏  | 34580/47868 [05:13<01:10, 187.29it/s]Running loglikelihood requests:  72%|███████▏  | 34618/47868 [05:13<01:02, 212.88it/s]Running loglikelihood requests:  72%|███████▏  | 34650/47868 [05:13<01:00, 218.24it/s]Running loglikelihood requests:  72%|███████▏  | 34672/47868 [05:13<01:05, 200.88it/s]Running loglikelihood requests:  72%|███████▏  | 34693/47868 [05:14<01:18, 168.51it/s]Running loglikelihood requests:  73%|███████▎  | 34741/47868 [05:14<01:00, 215.47it/s]Running loglikelihood requests:  73%|███████▎  | 34775/47868 [05:14<00:58, 222.16it/s]Running loglikelihood requests:  73%|███████▎  | 34798/47868 [05:14<01:03, 205.00it/s]Running loglikelihood requests:  73%|███████▎  | 34819/47868 [05:14<01:15, 172.21it/s]Running loglikelihood requests:  73%|███████▎  | 34862/47868 [05:14<01:02, 206.97it/s]Running loglikelihood requests:  73%|███████▎  | 34901/47868 [05:14<00:57, 225.12it/s]Running loglikelihood requests:  73%|███████▎  | 34925/47868 [05:15<01:07, 191.57it/s]Running loglikelihood requests:  73%|███████▎  | 34946/47868 [05:15<01:11, 179.87it/s]Running loglikelihood requests:  73%|███████▎  | 34987/47868 [05:15<01:01, 209.69it/s]Running loglikelihood requests:  73%|███████▎  | 35030/47868 [05:15<00:54, 235.36it/s]Running loglikelihood requests:  73%|███████▎  | 35054/47868 [05:15<00:59, 216.40it/s]Running loglikelihood requests:  73%|███████▎  | 35076/47868 [05:15<01:10, 181.55it/s]Running loglikelihood requests:  73%|███████▎  | 35112/47868 [05:16<01:03, 201.11it/s]Running loglikelihood requests:  73%|███████▎  | 35154/47868 [05:16<00:56, 227.01it/s]Running loglikelihood requests:  73%|███████▎  | 35178/47868 [05:16<01:00, 210.56it/s]Running loglikelihood requests:  74%|███████▎  | 35200/47868 [05:16<01:11, 177.85it/s]Running loglikelihood requests:  74%|███████▎  | 35245/47868 [05:16<00:58, 214.95it/s]Running loglikelihood requests:  74%|███████▎  | 35268/47868 [05:16<01:02, 200.12it/s]Running loglikelihood requests:  74%|███████▎  | 35295/47868 [05:16<01:03, 197.20it/s]Running loglikelihood requests:  74%|███████▍  | 35333/47868 [05:17<00:57, 216.84it/s]Running loglikelihood requests:  74%|███████▍  | 35360/47868 [05:17<00:59, 209.13it/s]Running loglikelihood requests:  74%|███████▍  | 35390/47868 [05:17<00:59, 209.73it/s]Running loglikelihood requests:  74%|███████▍  | 35421/47868 [05:17<00:58, 212.38it/s]Running loglikelihood requests:  74%|███████▍  | 35443/47868 [05:17<01:03, 195.95it/s]Running loglikelihood requests:  74%|███████▍  | 35486/47868 [05:17<00:54, 227.26it/s]Running loglikelihood requests:  74%|███████▍  | 35509/47868 [05:17<00:59, 208.25it/s]Running loglikelihood requests:  74%|███████▍  | 35542/47868 [05:18<00:57, 215.45it/s]Running loglikelihood requests:  74%|███████▍  | 35575/47868 [05:18<00:55, 220.61it/s]Running loglikelihood requests:  74%|███████▍  | 35598/47868 [05:18<01:00, 202.61it/s]Running loglikelihood requests:  74%|███████▍  | 35629/47868 [05:18<00:59, 207.41it/s]Running loglikelihood requests:  74%|███████▍  | 35650/47868 [05:18<01:04, 190.19it/s]Running loglikelihood requests:  75%|███████▍  | 35687/47868 [05:18<00:57, 211.41it/s]Running loglikelihood requests:  75%|███████▍  | 35727/47868 [05:18<00:52, 232.05it/s]Running loglikelihood requests:  75%|███████▍  | 35771/47868 [05:19<00:47, 254.66it/s]Running loglikelihood requests:  75%|███████▍  | 35797/47868 [05:19<00:51, 233.83it/s]Running loglikelihood requests:  75%|███████▍  | 35845/47868 [05:19<00:45, 263.83it/s]Running loglikelihood requests:  75%|███████▍  | 35885/47868 [05:19<00:44, 268.87it/s]Running loglikelihood requests:  75%|███████▌  | 35933/47868 [05:19<00:41, 288.43it/s]Running loglikelihood requests:  75%|███████▌  | 35980/47868 [05:19<00:39, 299.77it/s]Running loglikelihood requests:  75%|███████▌  | 36014/47868 [05:19<00:42, 281.57it/s]Running loglikelihood requests:  75%|███████▌  | 36045/47868 [05:20<00:44, 262.96it/s]Running loglikelihood requests:  75%|███████▌  | 36093/47868 [05:20<00:41, 283.69it/s]Running loglikelihood requests:  75%|███████▌  | 36130/47868 [05:20<00:42, 275.98it/s]Running loglikelihood requests:  76%|███████▌  | 36179/47868 [05:20<00:39, 295.60it/s]Running loglikelihood requests:  76%|███████▌  | 36221/47868 [05:20<00:39, 294.01it/s]Running loglikelihood requests:  76%|███████▌  | 36266/47868 [05:20<00:38, 299.15it/s]Running loglikelihood requests:  76%|███████▌  | 36314/47868 [05:20<00:37, 308.23it/s]Running loglikelihood requests:  76%|███████▌  | 36354/47868 [05:21<00:38, 298.62it/s]Running loglikelihood requests:  76%|███████▌  | 36399/47868 [05:21<00:37, 302.32it/s]Running loglikelihood requests:  76%|███████▌  | 36444/47868 [05:21<00:37, 304.37it/s]Running loglikelihood requests:  76%|███████▌  | 36480/47868 [05:21<00:39, 289.06it/s]Running loglikelihood requests:  76%|███████▋  | 36522/47868 [05:21<00:39, 290.06it/s]Running loglikelihood requests:  76%|███████▋  | 36573/47868 [05:21<00:36, 308.43it/s]Running loglikelihood requests:  77%|███████▋  | 36621/47868 [05:21<00:35, 315.58it/s]Running loglikelihood requests:  77%|███████▋  | 36663/47868 [05:22<00:36, 309.19it/s]Running loglikelihood requests:  77%|███████▋  | 36711/47868 [05:22<00:35, 316.49it/s]Running loglikelihood requests:  77%|███████▋  | 36746/47868 [05:22<00:37, 295.73it/s]Running loglikelihood requests:  77%|███████▋  | 36791/47868 [05:22<00:36, 301.22it/s]Running loglikelihood requests:  77%|███████▋  | 36826/47868 [05:22<00:38, 285.00it/s]Running loglikelihood requests:  77%|███████▋  | 36871/47868 [05:22<00:37, 293.85it/s]Running loglikelihood requests:  77%|███████▋  | 36906/47868 [05:22<00:39, 279.43it/s]Running loglikelihood requests:  77%|███████▋  | 36959/47868 [05:23<00:35, 305.86it/s]Running loglikelihood requests:  77%|███████▋  | 37000/47868 [05:23<00:36, 300.02it/s]Running loglikelihood requests:  77%|███████▋  | 37051/47868 [05:23<00:34, 315.98it/s]Running loglikelihood requests:  77%|███████▋  | 37093/47868 [05:23<00:34, 308.94it/s]Running loglikelihood requests:  78%|███████▊  | 37125/47868 [05:23<00:37, 284.22it/s]Running loglikelihood requests:  78%|███████▊  | 37173/47868 [05:23<00:35, 299.48it/s]Running loglikelihood requests:  78%|███████▊  | 37217/47868 [05:23<00:35, 301.87it/s]Running loglikelihood requests:  78%|███████▊  | 37259/47868 [05:24<00:35, 299.56it/s]Running loglikelihood requests:  78%|███████▊  | 37309/47868 [05:24<00:33, 314.14it/s]Running loglikelihood requests:  78%|███████▊  | 37356/47868 [05:24<00:33, 318.10it/s]Running loglikelihood requests:  78%|███████▊  | 37399/47868 [05:24<00:33, 312.90it/s]Running loglikelihood requests:  78%|███████▊  | 37449/47868 [05:24<00:32, 323.23it/s]Running loglikelihood requests:  78%|███████▊  | 37493/47868 [05:24<00:32, 318.84it/s]Running loglikelihood requests:  78%|███████▊  | 37540/47868 [05:24<00:32, 321.61it/s]Running loglikelihood requests:  79%|███████▊  | 37586/47868 [05:25<00:32, 320.69it/s]Running loglikelihood requests:  79%|███████▊  | 37640/47868 [05:25<00:30, 336.89it/s]Running loglikelihood requests:  79%|███████▊  | 37675/47868 [05:25<00:32, 309.16it/s]Running loglikelihood requests:  79%|███████▉  | 37723/47868 [05:25<00:32, 316.05it/s]Running loglikelihood requests:  79%|███████▉  | 37758/47868 [05:25<00:34, 295.32it/s]Running loglikelihood requests:  79%|███████▉  | 37808/47868 [05:25<00:32, 311.06it/s]Running loglikelihood requests:  79%|███████▉  | 37841/47868 [05:25<00:34, 288.17it/s]Running loglikelihood requests:  79%|███████▉  | 37889/47868 [05:26<00:33, 302.18it/s]Running loglikelihood requests:  79%|███████▉  | 37938/47868 [05:26<00:31, 314.29it/s]Running loglikelihood requests:  79%|███████▉  | 37983/47868 [05:26<00:31, 314.56it/s]Running loglikelihood requests:  79%|███████▉  | 38037/47868 [05:26<00:29, 332.80it/s]Running loglikelihood requests:  80%|███████▉  | 38082/47868 [05:26<00:29, 327.44it/s]Running loglikelihood requests:  80%|███████▉  | 38122/47868 [05:26<00:31, 314.03it/s]Running loglikelihood requests:  80%|███████▉  | 38166/47868 [05:26<00:31, 312.26it/s]Running loglikelihood requests:  80%|███████▉  | 38204/47868 [05:27<00:32, 298.93it/s]Running loglikelihood requests:  80%|███████▉  | 38252/47868 [05:27<00:31, 310.13it/s]Running loglikelihood requests:  80%|████████  | 38295/47868 [05:27<00:31, 307.84it/s]Running loglikelihood requests:  80%|████████  | 38340/47868 [05:27<00:30, 310.32it/s]Running loglikelihood requests:  80%|████████  | 38381/47868 [05:27<00:31, 303.93it/s]Running loglikelihood requests:  80%|████████  | 38429/47868 [05:27<00:30, 313.32it/s]Running loglikelihood requests:  80%|████████  | 38481/47868 [05:27<00:28, 328.03it/s]Running loglikelihood requests:  80%|████████  | 38531/47868 [05:28<00:27, 334.36it/s]Running loglikelihood requests:  81%|████████  | 38571/47868 [05:28<00:29, 318.11it/s]Running loglikelihood requests:  81%|████████  | 38609/47868 [05:28<00:30, 303.15it/s]Running loglikelihood requests:  81%|████████  | 38654/47868 [05:28<00:30, 306.88it/s]Running loglikelihood requests:  81%|████████  | 38702/47868 [05:28<00:29, 315.75it/s]Running loglikelihood requests:  81%|████████  | 38747/47868 [05:28<00:28, 315.33it/s]Running loglikelihood requests:  81%|████████  | 38800/47868 [05:28<00:27, 331.57it/s]Running loglikelihood requests:  81%|████████  | 38838/47868 [05:29<00:28, 313.00it/s]Running loglikelihood requests:  81%|████████  | 38892/47868 [05:29<00:27, 331.87it/s]Running loglikelihood requests:  81%|████████▏ | 38937/47868 [05:29<00:27, 326.91it/s]Running loglikelihood requests:  81%|████████▏ | 38986/47868 [05:29<00:26, 331.65it/s]Running loglikelihood requests:  82%|████████▏ | 39025/47868 [05:29<00:28, 314.96it/s]Running loglikelihood requests:  82%|████████▏ | 39064/47868 [05:29<00:29, 303.17it/s]Running loglikelihood requests:  82%|████████▏ | 39095/47868 [05:29<00:31, 278.77it/s]Running loglikelihood requests:  82%|████████▏ | 39130/47868 [05:30<00:32, 269.54it/s]Running loglikelihood requests:  82%|████████▏ | 39181/47868 [05:30<00:29, 295.82it/s]Running loglikelihood requests:  82%|████████▏ | 39234/47868 [05:30<00:27, 318.54it/s]Running loglikelihood requests:  82%|████████▏ | 39271/47868 [05:30<00:28, 301.80it/s]Running loglikelihood requests:  82%|████████▏ | 39302/47868 [05:30<00:30, 277.48it/s]Running loglikelihood requests:  82%|████████▏ | 39339/47868 [05:30<00:31, 273.21it/s]Running loglikelihood requests:  82%|████████▏ | 39387/47868 [05:30<00:29, 292.32it/s]Running loglikelihood requests:  82%|████████▏ | 39437/47868 [05:31<00:27, 309.81it/s]Running loglikelihood requests:  82%|████████▏ | 39482/47868 [05:31<00:26, 311.64it/s]Running loglikelihood requests:  83%|████████▎ | 39523/47868 [05:31<00:27, 305.27it/s]Running loglikelihood requests:  83%|████████▎ | 39561/47868 [05:31<00:28, 294.37it/s]Running loglikelihood requests:  83%|████████▎ | 39607/47868 [05:31<00:27, 302.96it/s]Running loglikelihood requests:  83%|████████▎ | 39662/47868 [05:31<00:25, 326.88it/s]Running loglikelihood requests:  83%|████████▎ | 39701/47868 [05:31<00:26, 311.53it/s]Running loglikelihood requests:  83%|████████▎ | 39733/47868 [05:32<00:31, 261.54it/s]Running loglikelihood requests:  83%|████████▎ | 39769/47868 [05:32<00:31, 260.73it/s]Running loglikelihood requests:  83%|████████▎ | 39821/47868 [05:32<00:27, 291.42it/s]Running loglikelihood requests:  83%|████████▎ | 39872/47868 [05:32<00:25, 310.18it/s]Running loglikelihood requests:  83%|████████▎ | 39908/47868 [05:32<00:26, 295.28it/s]Running loglikelihood requests:  83%|████████▎ | 39947/47868 [05:32<00:27, 290.78it/s]Running loglikelihood requests:  84%|████████▎ | 39987/47868 [05:32<00:27, 289.56it/s]Running loglikelihood requests:  84%|████████▎ | 40033/47868 [05:33<00:26, 301.07it/s]Running loglikelihood requests:  84%|████████▎ | 40081/47868 [05:33<00:24, 313.06it/s]Running loglikelihood requests:  84%|████████▍ | 40119/47868 [05:33<00:25, 301.19it/s]Running loglikelihood requests:  84%|████████▍ | 40168/47868 [05:33<00:24, 315.54it/s]Running loglikelihood requests:  84%|████████▍ | 40205/47868 [05:33<00:25, 301.08it/s]Running loglikelihood requests:  84%|████████▍ | 40253/47868 [05:33<00:24, 313.07it/s]Running loglikelihood requests:  84%|████████▍ | 40303/47868 [05:33<00:23, 325.26it/s]Running loglikelihood requests:  84%|████████▍ | 40336/47868 [05:34<00:25, 299.20it/s]Running loglikelihood requests:  84%|████████▍ | 40366/47868 [05:34<00:27, 274.93it/s]Running loglikelihood requests:  84%|████████▍ | 40413/47868 [05:34<00:25, 293.09it/s]Running loglikelihood requests:  85%|████████▍ | 40469/47868 [05:34<00:22, 323.37it/s]Running loglikelihood requests:  85%|████████▍ | 40523/47868 [05:34<00:21, 340.81it/s]Running loglikelihood requests:  85%|████████▍ | 40563/47868 [05:34<00:22, 324.96it/s]Running loglikelihood requests:  85%|████████▍ | 40600/47868 [05:34<00:23, 307.02it/s]Running loglikelihood requests:  85%|████████▍ | 40638/47868 [05:35<00:24, 296.83it/s]Running loglikelihood requests:  85%|████████▍ | 40671/47868 [05:35<00:25, 281.26it/s]Running loglikelihood requests:  85%|████████▌ | 40714/47868 [05:35<00:24, 291.40it/s]Running loglikelihood requests:  85%|████████▌ | 40761/47868 [05:35<00:23, 307.49it/s]Running loglikelihood requests:  85%|████████▌ | 40794/47868 [05:35<00:24, 289.56it/s]Running loglikelihood requests:  85%|████████▌ | 40832/47868 [05:35<00:24, 286.83it/s]Running loglikelihood requests:  85%|████████▌ | 40871/47868 [05:35<00:24, 286.91it/s]Running loglikelihood requests:  85%|████████▌ | 40921/47868 [05:36<00:22, 310.15it/s]Running loglikelihood requests:  86%|████████▌ | 40966/47868 [05:36<00:21, 315.89it/s]Running loglikelihood requests:  86%|████████▌ | 41006/47868 [05:36<00:22, 309.93it/s]Running loglikelihood requests:  86%|████████▌ | 41062/47868 [05:36<00:20, 339.19it/s]Running loglikelihood requests:  86%|████████▌ | 41110/47868 [05:36<00:19, 343.40it/s]Running loglikelihood requests:  86%|████████▌ | 41145/47868 [05:36<00:21, 318.69it/s]Running loglikelihood requests:  86%|████████▌ | 41179/47868 [05:36<00:22, 299.11it/s]Running loglikelihood requests:  86%|████████▌ | 41217/47868 [05:36<00:22, 293.81it/s]Running loglikelihood requests:  86%|████████▌ | 41255/47868 [05:37<00:22, 291.11it/s]Running loglikelihood requests:  86%|████████▋ | 41290/47868 [05:37<00:23, 283.04it/s]Running loglikelihood requests:  86%|████████▋ | 41352/47868 [05:37<00:19, 335.23it/s]Running loglikelihood requests:  86%|████████▋ | 41405/47868 [05:37<00:18, 352.48it/s]Running loglikelihood requests:  87%|████████▋ | 41442/47868 [05:37<00:19, 329.80it/s]Running loglikelihood requests:  87%|████████▋ | 41476/47868 [05:37<00:20, 307.39it/s]Running loglikelihood requests:  87%|████████▋ | 41526/47868 [05:37<00:19, 326.63it/s]Running loglikelihood requests:  87%|████████▋ | 41567/47868 [05:38<00:19, 320.34it/s]Running loglikelihood requests:  87%|████████▋ | 41601/47868 [05:38<00:20, 300.85it/s]Running loglikelihood requests:  87%|████████▋ | 41642/47868 [05:38<00:20, 302.15it/s]Running loglikelihood requests:  87%|████████▋ | 41673/47868 [05:38<00:22, 281.47it/s]Running loglikelihood requests:  87%|████████▋ | 41713/47868 [05:38<00:21, 287.11it/s]Running loglikelihood requests:  87%|████████▋ | 41760/47868 [05:38<00:19, 305.88it/s]Running loglikelihood requests:  87%|████████▋ | 41796/47868 [05:38<00:20, 295.10it/s]Running loglikelihood requests:  87%|████████▋ | 41837/47868 [05:38<00:20, 298.95it/s]Running loglikelihood requests:  87%|████████▋ | 41882/47868 [05:39<00:19, 310.44it/s]Running loglikelihood requests:  88%|████████▊ | 41921/47868 [05:39<00:19, 305.17it/s]Running loglikelihood requests:  88%|████████▊ | 41967/47868 [05:39<00:18, 316.65it/s]Running loglikelihood requests:  88%|████████▊ | 42007/47868 [05:39<00:18, 311.91it/s]Running loglikelihood requests:  88%|████████▊ | 42055/47868 [05:39<00:17, 324.42it/s]Running loglikelihood requests:  88%|████████▊ | 42096/47868 [05:39<00:18, 316.58it/s]Running loglikelihood requests:  88%|████████▊ | 42131/47868 [05:39<00:19, 298.31it/s]Running loglikelihood requests:  88%|████████▊ | 42168/47868 [05:40<00:19, 289.88it/s]Running loglikelihood requests:  88%|████████▊ | 42201/47868 [05:40<00:20, 274.86it/s]Running loglikelihood requests:  88%|████████▊ | 42229/47868 [05:40<00:22, 254.26it/s]Running loglikelihood requests:  88%|████████▊ | 42267/47868 [05:40<00:21, 260.69it/s]Running loglikelihood requests:  88%|████████▊ | 42299/47868 [05:40<00:22, 252.87it/s]Running loglikelihood requests:  88%|████████▊ | 42335/47868 [05:40<00:21, 255.77it/s]Running loglikelihood requests:  89%|████████▊ | 42370/47868 [05:40<00:21, 255.43it/s]Running loglikelihood requests:  89%|████████▊ | 42415/47868 [05:41<00:19, 276.86it/s]Running loglikelihood requests:  89%|████████▊ | 42446/47868 [05:41<00:20, 261.92it/s]Running loglikelihood requests:  89%|████████▉ | 42483/47868 [05:41<00:20, 264.40it/s]Running loglikelihood requests:  89%|████████▉ | 42518/47868 [05:41<00:20, 261.69it/s]Running loglikelihood requests:  89%|████████▉ | 42560/47868 [05:41<00:19, 274.57it/s]Running loglikelihood requests:  89%|████████▉ | 42597/47868 [05:41<00:19, 273.17it/s]Running loglikelihood requests:  89%|████████▉ | 42625/47868 [05:41<00:20, 253.02it/s]Running loglikelihood requests:  89%|████████▉ | 42664/47868 [05:41<00:19, 262.00it/s]Running loglikelihood requests:  89%|████████▉ | 42714/47868 [05:42<00:17, 291.34it/s]Running loglikelihood requests:  89%|████████▉ | 42744/47868 [05:42<00:20, 246.52it/s]Running loglikelihood requests:  89%|████████▉ | 42777/47868 [05:42<00:20, 245.08it/s]Running loglikelihood requests:  89%|████████▉ | 42820/47868 [05:42<00:19, 264.00it/s]Running loglikelihood requests:  90%|████████▉ | 42859/47868 [05:42<00:18, 269.53it/s]Running loglikelihood requests:  90%|████████▉ | 42894/47868 [05:42<00:18, 265.49it/s]Running loglikelihood requests:  90%|████████▉ | 42945/47868 [05:43<00:16, 295.15it/s]Running loglikelihood requests:  90%|████████▉ | 42981/47868 [05:43<00:17, 285.22it/s]Running loglikelihood requests:  90%|████████▉ | 43024/47868 [05:43<00:16, 292.34it/s]Running loglikelihood requests:  90%|████████▉ | 43070/47868 [05:43<00:15, 303.94it/s]Running loglikelihood requests:  90%|█████████ | 43101/47868 [05:43<00:18, 256.16it/s]Running loglikelihood requests:  90%|█████████ | 43133/47868 [05:43<00:18, 249.46it/s]Running loglikelihood requests:  90%|█████████ | 43159/47868 [05:43<00:20, 232.74it/s]Running loglikelihood requests:  90%|█████████ | 43193/47868 [05:44<00:19, 237.01it/s]Running loglikelihood requests:  90%|█████████ | 43217/47868 [05:44<00:21, 219.63it/s]Running loglikelihood requests:  90%|█████████ | 43256/47868 [05:44<00:19, 238.44it/s]Running loglikelihood requests:  90%|█████████ | 43287/47868 [05:44<00:19, 235.02it/s]Running loglikelihood requests:  90%|█████████ | 43315/47868 [05:44<00:20, 226.48it/s]Running loglikelihood requests:  91%|█████████ | 43367/47868 [05:44<00:16, 270.79it/s]Running loglikelihood requests:  91%|█████████ | 43395/47868 [05:44<00:17, 251.64it/s]Running loglikelihood requests:  91%|█████████ | 43435/47868 [05:44<00:16, 263.81it/s]Running loglikelihood requests:  91%|█████████ | 43488/47868 [05:45<00:14, 299.81it/s]Running loglikelihood requests:  91%|█████████ | 43524/47868 [05:45<00:15, 289.41it/s]Running loglikelihood requests:  91%|█████████ | 43575/47868 [05:45<00:13, 313.54it/s]Running loglikelihood requests:  91%|█████████ | 43613/47868 [05:45<00:14, 302.92it/s]Running loglikelihood requests:  91%|█████████ | 43654/47868 [05:45<00:13, 301.91it/s]Running loglikelihood requests:  91%|█████████▏| 43693/47868 [05:45<00:14, 297.25it/s]Running loglikelihood requests:  91%|█████████▏| 43726/47868 [05:45<00:14, 281.16it/s]Running loglikelihood requests:  91%|█████████▏| 43769/47868 [05:46<00:14, 291.03it/s]Running loglikelihood requests:  92%|█████████▏| 43816/47868 [05:46<00:13, 305.96it/s]Running loglikelihood requests:  92%|█████████▏| 43873/47868 [05:46<00:11, 338.04it/s]Running loglikelihood requests:  92%|█████████▏| 43915/47868 [05:46<00:12, 328.74it/s]Running loglikelihood requests:  92%|█████████▏| 43949/47868 [05:46<00:12, 305.33it/s]Running loglikelihood requests:  92%|█████████▏| 43989/47868 [05:46<00:12, 300.50it/s]Running loglikelihood requests:  92%|█████████▏| 44021/47868 [05:46<00:13, 281.01it/s]Running loglikelihood requests:  92%|█████████▏| 44067/47868 [05:47<00:12, 296.93it/s]Running loglikelihood requests:  92%|█████████▏| 44107/47868 [05:47<00:12, 295.66it/s]Running loglikelihood requests:  92%|█████████▏| 44151/47868 [05:47<00:12, 302.90it/s]Running loglikelihood requests:  92%|█████████▏| 44201/47868 [05:47<00:11, 320.85it/s]Running loglikelihood requests:  92%|█████████▏| 44241/47868 [05:47<00:11, 311.88it/s]Running loglikelihood requests:  93%|█████████▎| 44296/47868 [05:47<00:10, 337.55it/s]Running loglikelihood requests:  93%|█████████▎| 44343/47868 [05:47<00:10, 338.06it/s]Running loglikelihood requests:  93%|█████████▎| 44377/47868 [05:47<00:11, 312.05it/s]Running loglikelihood requests:  93%|█████████▎| 44409/47868 [05:48<00:11, 288.85it/s]Running loglikelihood requests:  93%|█████████▎| 44445/47868 [05:48<00:12, 281.55it/s]Running loglikelihood requests:  93%|█████████▎| 44474/47868 [05:48<00:12, 261.70it/s]Running loglikelihood requests:  93%|█████████▎| 44521/47868 [05:48<00:11, 286.02it/s]Running loglikelihood requests:  93%|█████████▎| 44568/47868 [05:48<00:10, 302.72it/s]Running loglikelihood requests:  93%|█████████▎| 44610/47868 [05:48<00:10, 303.97it/s]Running loglikelihood requests:  93%|█████████▎| 44655/47868 [05:48<00:10, 311.34it/s]Running loglikelihood requests:  93%|█████████▎| 44697/47868 [05:49<00:10, 310.33it/s]Running loglikelihood requests:  93%|█████████▎| 44749/47868 [05:49<00:09, 330.32it/s]Running loglikelihood requests:  94%|█████████▎| 44800/47868 [05:49<00:08, 341.76it/s]Running loglikelihood requests:  94%|█████████▎| 44837/47868 [05:49<00:09, 320.67it/s]Running loglikelihood requests:  94%|█████████▍| 44888/47868 [05:49<00:08, 334.84it/s]Running loglikelihood requests:  94%|█████████▍| 44945/47868 [05:49<00:08, 357.71it/s]Running loglikelihood requests:  94%|█████████▍| 44990/47868 [05:49<00:08, 348.59it/s]Running loglikelihood requests:  94%|█████████▍| 45025/47868 [05:50<00:08, 321.64it/s]Running loglikelihood requests:  94%|█████████▍| 45061/47868 [05:50<00:09, 303.83it/s]Running loglikelihood requests:  94%|█████████▍| 45108/47868 [05:50<00:08, 314.03it/s]Running loglikelihood requests:  94%|█████████▍| 45152/47868 [05:50<00:08, 315.57it/s]Running loglikelihood requests:  94%|█████████▍| 45202/47868 [05:50<00:08, 328.40it/s]Running loglikelihood requests:  95%|█████████▍| 45259/47868 [05:50<00:07, 352.22it/s]Running loglikelihood requests:  95%|█████████▍| 45307/47868 [05:50<00:07, 350.15it/s]Running loglikelihood requests:  95%|█████████▍| 45349/47868 [05:51<00:07, 336.42it/s]Running loglikelihood requests:  95%|█████████▍| 45383/47868 [05:51<00:08, 283.22it/s]Running loglikelihood requests:  95%|█████████▍| 45430/47868 [05:51<00:08, 298.96it/s]Running loglikelihood requests:  95%|█████████▌| 45475/47868 [05:51<00:07, 306.47it/s]Running loglikelihood requests:  95%|█████████▌| 45532/47868 [05:51<00:06, 336.76it/s]Running loglikelihood requests:  95%|█████████▌| 45575/47868 [05:51<00:06, 329.68it/s]Running loglikelihood requests:  95%|█████████▌| 45625/47868 [05:51<00:06, 339.64it/s]Running loglikelihood requests:  95%|█████████▌| 45670/47868 [05:52<00:06, 336.22it/s]Running loglikelihood requests:  96%|█████████▌| 45718/47868 [05:52<00:06, 339.87it/s]Running loglikelihood requests:  96%|█████████▌| 45753/47868 [05:52<00:06, 315.65it/s]Running loglikelihood requests:  96%|█████████▌| 45789/47868 [05:52<00:06, 300.98it/s]Running loglikelihood requests:  96%|█████████▌| 45826/47868 [05:52<00:06, 292.29it/s]Running loglikelihood requests:  96%|█████████▌| 45863/47868 [05:52<00:06, 286.56it/s]Running loglikelihood requests:  96%|█████████▌| 45912/47868 [05:52<00:06, 306.61it/s]Running loglikelihood requests:  96%|█████████▌| 45959/47868 [05:52<00:06, 317.40it/s]Running loglikelihood requests:  96%|█████████▌| 46005/47868 [05:53<00:05, 322.80it/s]Running loglikelihood requests:  96%|█████████▌| 46044/47868 [05:53<00:05, 311.56it/s]Running loglikelihood requests:  96%|█████████▋| 46090/47868 [05:53<00:05, 319.16it/s]Running loglikelihood requests:  96%|█████████▋| 46138/47868 [05:53<00:05, 328.19it/s]Running loglikelihood requests:  96%|█████████▋| 46188/47868 [05:53<00:04, 338.78it/s]Running loglikelihood requests:  97%|█████████▋| 46236/47868 [05:53<00:04, 341.89it/s]Running loglikelihood requests:  97%|█████████▋| 46278/47868 [05:53<00:04, 332.30it/s]Running loglikelihood requests:  97%|█████████▋| 46319/47868 [05:54<00:04, 323.01it/s]Running loglikelihood requests:  97%|█████████▋| 46369/47868 [05:54<00:04, 335.96it/s]Running loglikelihood requests:  97%|█████████▋| 46403/47868 [05:54<00:04, 311.59it/s]Running loglikelihood requests:  97%|█████████▋| 46452/47868 [05:54<00:04, 326.06it/s]Running loglikelihood requests:  97%|█████████▋| 46496/47868 [05:54<00:04, 325.62it/s]Running loglikelihood requests:  97%|█████████▋| 46542/47868 [05:54<00:04, 329.30it/s]Running loglikelihood requests:  97%|█████████▋| 46590/47868 [05:54<00:03, 335.72it/s]Running loglikelihood requests:  97%|█████████▋| 46624/47868 [05:55<00:04, 310.77it/s]Running loglikelihood requests:  97%|█████████▋| 46668/47868 [05:55<00:03, 314.70it/s]Running loglikelihood requests:  98%|█████████▊| 46709/47868 [05:55<00:03, 311.08it/s]Running loglikelihood requests:  98%|█████████▊| 46756/47868 [05:55<00:03, 321.42it/s]Running loglikelihood requests:  98%|█████████▊| 46789/47868 [05:55<00:03, 299.07it/s]Running loglikelihood requests:  98%|█████████▊| 46833/47868 [05:55<00:03, 306.38it/s]Running loglikelihood requests:  98%|█████████▊| 46882/47868 [05:55<00:03, 322.55it/s]Running loglikelihood requests:  98%|█████████▊| 46924/47868 [05:55<00:02, 319.15it/s]Running loglikelihood requests:  98%|█████████▊| 46971/47868 [05:56<00:02, 327.04it/s]Running loglikelihood requests:  98%|█████████▊| 47021/47868 [05:56<00:02, 338.93it/s]Running loglikelihood requests:  98%|█████████▊| 47059/47868 [05:56<00:02, 322.04it/s]Running loglikelihood requests:  98%|█████████▊| 47092/47868 [05:56<00:02, 299.60it/s]Running loglikelihood requests:  98%|█████████▊| 47122/47868 [05:56<00:02, 276.85it/s]Running loglikelihood requests:  99%|█████████▊| 47163/47868 [05:56<00:02, 284.59it/s]Running loglikelihood requests:  99%|█████████▊| 47193/47868 [05:56<00:02, 266.75it/s]Running loglikelihood requests:  99%|█████████▊| 47228/47868 [05:57<00:02, 265.09it/s]Running loglikelihood requests:  99%|█████████▊| 47260/47868 [05:57<00:02, 257.51it/s]Running loglikelihood requests:  99%|█████████▉| 47287/47868 [05:57<00:02, 240.68it/s]Running loglikelihood requests:  99%|█████████▉| 47319/47868 [05:57<00:02, 240.05it/s]Running loglikelihood requests:  99%|█████████▉| 47361/47868 [05:57<00:01, 261.60it/s]Running loglikelihood requests:  99%|█████████▉| 47388/47868 [05:57<00:01, 244.46it/s]Running loglikelihood requests:  99%|█████████▉| 47420/47868 [05:57<00:01, 243.14it/s]Running loglikelihood requests:  99%|█████████▉| 47452/47868 [05:57<00:01, 242.12it/s]Running loglikelihood requests:  99%|█████████▉| 47479/47868 [05:58<00:01, 230.18it/s]Running loglikelihood requests:  99%|█████████▉| 47503/47868 [05:58<00:01, 215.75it/s]Running loglikelihood requests:  99%|█████████▉| 47528/47868 [05:58<00:01, 208.02it/s]Running loglikelihood requests:  99%|█████████▉| 47550/47868 [05:58<00:01, 195.59it/s]Running loglikelihood requests:  99%|█████████▉| 47597/47868 [05:58<00:01, 242.11it/s]Running loglikelihood requests:  99%|█████████▉| 47624/47868 [05:58<00:01, 231.50it/s]Running loglikelihood requests: 100%|█████████▉| 47648/47868 [05:58<00:01, 216.58it/s]Running loglikelihood requests: 100%|█████████▉| 47681/47868 [05:59<00:00, 226.12it/s]Running loglikelihood requests: 100%|█████████▉| 47704/47868 [05:59<00:00, 211.11it/s]Running loglikelihood requests: 100%|█████████▉| 47726/47868 [05:59<00:00, 198.17it/s]Running loglikelihood requests: 100%|█████████▉| 47746/47868 [05:59<00:00, 184.95it/s]Running loglikelihood requests: 100%|█████████▉| 47765/47868 [05:59<00:00, 173.45it/s]Running loglikelihood requests: 100%|█████████▉| 47785/47868 [05:59<00:00, 167.36it/s]Running loglikelihood requests: 100%|█████████▉| 47802/47868 [05:59<00:00, 142.76it/s]Running loglikelihood requests: 100%|█████████▉| 47823/47868 [06:00<00:00, 147.94it/s]Running loglikelihood requests: 100%|█████████▉| 47839/47868 [06:00<00:00, 128.89it/s]Running loglikelihood requests: 100%|██████████| 47868/47868 [06:00<00:00, 132.87it/s]
