Loading weights:   0%|          | 0/340 [00:00<?, ?it/s]Loading weights:  68%|██████▊   | 231/340 [00:00<00:00, 2291.34it/s]Loading weights: 100%|██████████| 340/340 [00:00<00:00, 2437.22it/s]
Using the latest cached version of the dataset since facebook/belebele couldn't be found on the Hugging Face Hub (offline mode is enabled).
Found the latest cached dataset configuration 'mya_Mymr' at /home/mai.chau/.cache/huggingface/datasets/facebook___belebele/mya_Mymr/0.0.0/7899cdfa4e1e0d733fd77c848e2c273cb1d32be2 (last modified on Thu Oct  8 00:18:48 2026).
Using the latest cached version of the dataset since facebook/belebele couldn't be found on the Hugging Face Hub (offline mode is enabled).
Found the latest cached dataset configuration 'tgl_Latn' at /home/mai.chau/.cache/huggingface/datasets/facebook___belebele/tgl_Latn/0.0.0/7899cdfa4e1e0d733fd77c848e2c273cb1d32be2 (last modified on Thu Oct  8 00:18:50 2026).
Using the latest cached version of the dataset since facebook/belebele couldn't be found on the Hugging Face Hub (offline mode is enabled).
Found the latest cached dataset configuration 'ind_Latn' at /home/mai.chau/.cache/huggingface/datasets/facebook___belebele/ind_Latn/0.0.0/7899cdfa4e1e0d733fd77c848e2c273cb1d32be2 (last modified on Thu Oct  8 00:18:52 2026).
Using the latest cached version of the dataset since facebook/belebele couldn't be found on the Hugging Face Hub (offline mode is enabled).
Found the latest cached dataset configuration 'khm_Khmr' at /home/mai.chau/.cache/huggingface/datasets/facebook___belebele/khm_Khmr/0.0.0/7899cdfa4e1e0d733fd77c848e2c273cb1d32be2 (last modified on Thu Oct  8 00:18:55 2026).
Using the latest cached version of the dataset since facebook/belebele couldn't be found on the Hugging Face Hub (offline mode is enabled).
Found the latest cached dataset configuration 'zsm_Latn' at /home/mai.chau/.cache/huggingface/datasets/facebook___belebele/zsm_Latn/0.0.0/7899cdfa4e1e0d733fd77c848e2c273cb1d32be2 (last modified on Thu Oct  8 00:18:57 2026).
Using the latest cached version of the dataset since facebook/belebele couldn't be found on the Hugging Face Hub (offline mode is enabled).
Found the latest cached dataset configuration 'tha_Thai' at /home/mai.chau/.cache/huggingface/datasets/facebook___belebele/tha_Thai/0.0.0/7899cdfa4e1e0d733fd77c848e2c273cb1d32be2 (last modified on Thu Oct  8 00:19:00 2026).
Using the latest cached version of the dataset since facebook/belebele couldn't be found on the Hugging Face Hub (offline mode is enabled).
Found the latest cached dataset configuration 'vie_Latn' at /home/mai.chau/.cache/huggingface/datasets/facebook___belebele/vie_Latn/0.0.0/7899cdfa4e1e0d733fd77c848e2c273cb1d32be2 (last modified on Thu Oct  8 00:05:31 2026).
Using the latest cached version of the dataset since mrlbenchmarks/global-piqa-nonparallel couldn't be found on the Hugging Face Hub (offline mode is enabled).
Found the latest cached dataset configuration 'tgl_latn' at /home/mai.chau/.cache/huggingface/datasets/mrlbenchmarks___global-piqa-nonparallel/tgl_latn/0.0.0/6777742fa3634c0583cda3b7f8a482ea7b1b0937 (last modified on Thu Oct  8 00:19:04 2026).
Using the latest cached version of the dataset since mrlbenchmarks/global-piqa-nonparallel couldn't be found on the Hugging Face Hub (offline mode is enabled).
Found the latest cached dataset configuration 'ind_latn' at /home/mai.chau/.cache/huggingface/datasets/mrlbenchmarks___global-piqa-nonparallel/ind_latn/0.0.0/6777742fa3634c0583cda3b7f8a482ea7b1b0937 (last modified on Thu Oct  8 00:19:06 2026).
Using the latest cached version of the dataset since mrlbenchmarks/global-piqa-nonparallel couldn't be found on the Hugging Face Hub (offline mode is enabled).
Found the latest cached dataset configuration 'zsm_latn' at /home/mai.chau/.cache/huggingface/datasets/mrlbenchmarks___global-piqa-nonparallel/zsm_latn/0.0.0/6777742fa3634c0583cda3b7f8a482ea7b1b0937 (last modified on Thu Oct  8 00:19:08 2026).
Using the latest cached version of the dataset since mrlbenchmarks/global-piqa-nonparallel couldn't be found on the Hugging Face Hub (offline mode is enabled).
Found the latest cached dataset configuration 'tha_thai' at /home/mai.chau/.cache/huggingface/datasets/mrlbenchmarks___global-piqa-nonparallel/tha_thai/0.0.0/6777742fa3634c0583cda3b7f8a482ea7b1b0937 (last modified on Thu Oct  8 00:19:12 2026).
Using the latest cached version of the dataset since mrlbenchmarks/global-piqa-nonparallel couldn't be found on the Hugging Face Hub (offline mode is enabled).
Found the latest cached dataset configuration 'vie_latn' at /home/mai.chau/.cache/huggingface/datasets/mrlbenchmarks___global-piqa-nonparallel/vie_latn/0.0.0/6777742fa3634c0583cda3b7f8a482ea7b1b0937 (last modified on Thu Oct  8 00:05:53 2026).
Using the latest cached version of the dataset since CohereForAI/Global-MMLU couldn't be found on the Hugging Face Hub (offline mode is enabled).
Found the latest cached dataset configuration 'fil' at /home/mai.chau/.cache/huggingface/datasets/CohereForAI___global-mmlu/fil/0.0.0/0e619dbeb34206cd48705a1a0ea7fb21cae09993 (last modified on Thu Oct  8 14:53:05 2026).
Using the latest cached version of the dataset since CohereForAI/Global-MMLU couldn't be found on the Hugging Face Hub (offline mode is enabled).
Found the latest cached dataset configuration 'fil' at /home/mai.chau/.cache/huggingface/datasets/CohereForAI___global-mmlu/fil/0.0.0/0e619dbeb34206cd48705a1a0ea7fb21cae09993 (last modified on Thu Oct  8 14:53:05 2026).
Using the latest cached version of the dataset since CohereForAI/Global-MMLU couldn't be found on the Hugging Face Hub (offline mode is enabled).
Found the latest cached dataset configuration 'fil' at /home/mai.chau/.cache/huggingface/datasets/CohereForAI___global-mmlu/fil/0.0.0/0e619dbeb34206cd48705a1a0ea7fb21cae09993 (last modified on Thu Oct  8 14:53:05 2026).
Using the latest cached version of the dataset since CohereForAI/Global-MMLU couldn't be found on the Hugging Face Hub (offline mode is enabled).
Found the latest cached dataset configuration 'fil' at /home/mai.chau/.cache/huggingface/datasets/CohereForAI___global-mmlu/fil/0.0.0/0e619dbeb34206cd48705a1a0ea7fb21cae09993 (last modified on Thu Oct  8 14:53:05 2026).
Using the latest cached version of the dataset since CohereForAI/Global-MMLU couldn't be found on the Hugging Face Hub (offline mode is enabled).
Found the latest cached dataset configuration 'fil' at /home/mai.chau/.cache/huggingface/datasets/CohereForAI___global-mmlu/fil/0.0.0/0e619dbeb34206cd48705a1a0ea7fb21cae09993 (last modified on Thu Oct  8 14:53:05 2026).
Using the latest cached version of the dataset since CohereForAI/Global-MMLU couldn't be found on the Hugging Face Hub (offline mode is enabled).
Found the latest cached dataset configuration 'fil' at /home/mai.chau/.cache/huggingface/datasets/CohereForAI___global-mmlu/fil/0.0.0/0e619dbeb34206cd48705a1a0ea7fb21cae09993 (last modified on Thu Oct  8 14:53:05 2026).
Using the latest cached version of the dataset since CohereForAI/Global-MMLU couldn't be found on the Hugging Face Hub (offline mode is enabled).
Found the latest cached dataset configuration 'fil' at /home/mai.chau/.cache/huggingface/datasets/CohereForAI___global-mmlu/fil/0.0.0/0e619dbeb34206cd48705a1a0ea7fb21cae09993 (last modified on Thu Oct  8 14:53:05 2026).
Using the latest cached version of the dataset since CohereForAI/Global-MMLU couldn't be found on the Hugging Face Hub (offline mode is enabled).
Found the latest cached dataset configuration 'fil' at /home/mai.chau/.cache/huggingface/datasets/CohereForAI___global-mmlu/fil/0.0.0/0e619dbeb34206cd48705a1a0ea7fb21cae09993 (last modified on Thu Oct  8 14:53:05 2026).
Using the latest cached version of the dataset since CohereForAI/Global-MMLU couldn't be found on the Hugging Face Hub (offline mode is enabled).
Found the latest cached dataset configuration 'fil' at /home/mai.chau/.cache/huggingface/datasets/CohereForAI___global-mmlu/fil/0.0.0/0e619dbeb34206cd48705a1a0ea7fb21cae09993 (last modified on Thu Oct  8 14:53:05 2026).
Using the latest cached version of the dataset since CohereForAI/Global-MMLU couldn't be found on the Hugging Face Hub (offline mode is enabled).
Found the latest cached dataset configuration 'fil' at /home/mai.chau/.cache/huggingface/datasets/CohereForAI___global-mmlu/fil/0.0.0/0e619dbeb34206cd48705a1a0ea7fb21cae09993 (last modified on Thu Oct  8 14:53:05 2026).
Using the latest cached version of the dataset since CohereForAI/Global-MMLU couldn't be found on the Hugging Face Hub (offline mode is enabled).
Found the latest cached dataset configuration 'fil' at /home/mai.chau/.cache/huggingface/datasets/CohereForAI___global-mmlu/fil/0.0.0/0e619dbeb34206cd48705a1a0ea7fb21cae09993 (last modified on Thu Oct  8 14:53:05 2026).
Using the latest cached version of the dataset since CohereForAI/Global-MMLU couldn't be found on the Hugging Face Hub (offline mode is enabled).
Found the latest cached dataset configuration 'fil' at /home/mai.chau/.cache/huggingface/datasets/CohereForAI___global-mmlu/fil/0.0.0/0e619dbeb34206cd48705a1a0ea7fb21cae09993 (last modified on Thu Oct  8 14:53:05 2026).
Using the latest cached version of the dataset since CohereForAI/Global-MMLU couldn't be found on the Hugging Face Hub (offline mode is enabled).
Found the latest cached dataset configuration 'fil' at /home/mai.chau/.cache/huggingface/datasets/CohereForAI___global-mmlu/fil/0.0.0/0e619dbeb34206cd48705a1a0ea7fb21cae09993 (last modified on Thu Oct  8 14:53:05 2026).
Using the latest cached version of the dataset since CohereForAI/Global-MMLU couldn't be found on the Hugging Face Hub (offline mode is enabled).
Found the latest cached dataset configuration 'fil' at /home/mai.chau/.cache/huggingface/datasets/CohereForAI___global-mmlu/fil/0.0.0/0e619dbeb34206cd48705a1a0ea7fb21cae09993 (last modified on Thu Oct  8 14:53:05 2026).
Using the latest cached version of the dataset since CohereForAI/Global-MMLU couldn't be found on the Hugging Face Hub (offline mode is enabled).
Found the latest cached dataset configuration 'fil' at /home/mai.chau/.cache/huggingface/datasets/CohereForAI___global-mmlu/fil/0.0.0/0e619dbeb34206cd48705a1a0ea7fb21cae09993 (last modified on Thu Oct  8 14:53:05 2026).
Using the latest cached version of the dataset since CohereForAI/Global-MMLU couldn't be found on the Hugging Face Hub (offline mode is enabled).
Found the latest cached dataset configuration 'fil' at /home/mai.chau/.cache/huggingface/datasets/CohereForAI___global-mmlu/fil/0.0.0/0e619dbeb34206cd48705a1a0ea7fb21cae09993 (last modified on Thu Oct  8 14:53:05 2026).
Using the latest cached version of the dataset since CohereForAI/Global-MMLU couldn't be found on the Hugging Face Hub (offline mode is enabled).
Found the latest cached dataset configuration 'fil' at /home/mai.chau/.cache/huggingface/datasets/CohereForAI___global-mmlu/fil/0.0.0/0e619dbeb34206cd48705a1a0ea7fb21cae09993 (last modified on Thu Oct  8 14:53:05 2026).
Using the latest cached version of the dataset since CohereForAI/Global-MMLU couldn't be found on the Hugging Face Hub (offline mode is enabled).
Found the latest cached dataset configuration 'fil' at /home/mai.chau/.cache/huggingface/datasets/CohereForAI___global-mmlu/fil/0.0.0/0e619dbeb34206cd48705a1a0ea7fb21cae09993 (last modified on Thu Oct  8 14:53:05 2026).
Using the latest cached version of the dataset since CohereForAI/Global-MMLU couldn't be found on the Hugging Face Hub (offline mode is enabled).
Found the latest cached dataset configuration 'fil' at /home/mai.chau/.cache/huggingface/datasets/CohereForAI___global-mmlu/fil/0.0.0/0e619dbeb34206cd48705a1a0ea7fb21cae09993 (last modified on Thu Oct  8 14:53:05 2026).
Using the latest cached version of the dataset since CohereForAI/Global-MMLU couldn't be found on the Hugging Face Hub (offline mode is enabled).
Found the latest cached dataset configuration 'fil' at /home/mai.chau/.cache/huggingface/datasets/CohereForAI___global-mmlu/fil/0.0.0/0e619dbeb34206cd48705a1a0ea7fb21cae09993 (last modified on Thu Oct  8 14:53:05 2026).
Using the latest cached version of the dataset since CohereForAI/Global-MMLU couldn't be found on the Hugging Face Hub (offline mode is enabled).
Found the latest cached dataset configuration 'fil' at /home/mai.chau/.cache/huggingface/datasets/CohereForAI___global-mmlu/fil/0.0.0/0e619dbeb34206cd48705a1a0ea7fb21cae09993 (last modified on Thu Oct  8 14:53:05 2026).
Using the latest cached version of the dataset since CohereForAI/Global-MMLU couldn't be found on the Hugging Face Hub (offline mode is enabled).
Found the latest cached dataset configuration 'fil' at /home/mai.chau/.cache/huggingface/datasets/CohereForAI___global-mmlu/fil/0.0.0/0e619dbeb34206cd48705a1a0ea7fb21cae09993 (last modified on Thu Oct  8 14:53:05 2026).
Using the latest cached version of the dataset since CohereForAI/Global-MMLU couldn't be found on the Hugging Face Hub (offline mode is enabled).
Found the latest cached dataset configuration 'fil' at /home/mai.chau/.cache/huggingface/datasets/CohereForAI___global-mmlu/fil/0.0.0/0e619dbeb34206cd48705a1a0ea7fb21cae09993 (last modified on Thu Oct  8 14:53:05 2026).
Using the latest cached version of the dataset since CohereForAI/Global-MMLU couldn't be found on the Hugging Face Hub (offline mode is enabled).
Found the latest cached dataset configuration 'fil' at /home/mai.chau/.cache/huggingface/datasets/CohereForAI___global-mmlu/fil/0.0.0/0e619dbeb34206cd48705a1a0ea7fb21cae09993 (last modified on Thu Oct  8 14:53:05 2026).
Using the latest cached version of the dataset since CohereForAI/Global-MMLU couldn't be found on the Hugging Face Hub (offline mode is enabled).
Found the latest cached dataset configuration 'fil' at /home/mai.chau/.cache/huggingface/datasets/CohereForAI___global-mmlu/fil/0.0.0/0e619dbeb34206cd48705a1a0ea7fb21cae09993 (last modified on Thu Oct  8 14:53:05 2026).
Using the latest cached version of the dataset since CohereForAI/Global-MMLU couldn't be found on the Hugging Face Hub (offline mode is enabled).
Found the latest cached dataset configuration 'fil' at /home/mai.chau/.cache/huggingface/datasets/CohereForAI___global-mmlu/fil/0.0.0/0e619dbeb34206cd48705a1a0ea7fb21cae09993 (last modified on Thu Oct  8 14:53:05 2026).
Using the latest cached version of the dataset since CohereForAI/Global-MMLU couldn't be found on the Hugging Face Hub (offline mode is enabled).
Found the latest cached dataset configuration 'fil' at /home/mai.chau/.cache/huggingface/datasets/CohereForAI___global-mmlu/fil/0.0.0/0e619dbeb34206cd48705a1a0ea7fb21cae09993 (last modified on Thu Oct  8 14:53:05 2026).
Using the latest cached version of the dataset since CohereForAI/Global-MMLU couldn't be found on the Hugging Face Hub (offline mode is enabled).
Found the latest cached dataset configuration 'fil' at /home/mai.chau/.cache/huggingface/datasets/CohereForAI___global-mmlu/fil/0.0.0/0e619dbeb34206cd48705a1a0ea7fb21cae09993 (last modified on Thu Oct  8 14:53:05 2026).
Using the latest cached version of the dataset since CohereForAI/Global-MMLU couldn't be found on the Hugging Face Hub (offline mode is enabled).
Found the latest cached dataset configuration 'fil' at /home/mai.chau/.cache/huggingface/datasets/CohereForAI___global-mmlu/fil/0.0.0/0e619dbeb34206cd48705a1a0ea7fb21cae09993 (last modified on Thu Oct  8 14:53:05 2026).
Using the latest cached version of the dataset since CohereForAI/Global-MMLU couldn't be found on the Hugging Face Hub (offline mode is enabled).
Found the latest cached dataset configuration 'fil' at /home/mai.chau/.cache/huggingface/datasets/CohereForAI___global-mmlu/fil/0.0.0/0e619dbeb34206cd48705a1a0ea7fb21cae09993 (last modified on Thu Oct  8 14:53:05 2026).
Using the latest cached version of the dataset since CohereForAI/Global-MMLU couldn't be found on the Hugging Face Hub (offline mode is enabled).
Found the latest cached dataset configuration 'fil' at /home/mai.chau/.cache/huggingface/datasets/CohereForAI___global-mmlu/fil/0.0.0/0e619dbeb34206cd48705a1a0ea7fb21cae09993 (last modified on Thu Oct  8 14:53:05 2026).
Using the latest cached version of the dataset since CohereForAI/Global-MMLU couldn't be found on the Hugging Face Hub (offline mode is enabled).
Found the latest cached dataset configuration 'fil' at /home/mai.chau/.cache/huggingface/datasets/CohereForAI___global-mmlu/fil/0.0.0/0e619dbeb34206cd48705a1a0ea7fb21cae09993 (last modified on Thu Oct  8 14:53:05 2026).
Using the latest cached version of the dataset since CohereForAI/Global-MMLU couldn't be found on the Hugging Face Hub (offline mode is enabled).
Found the latest cached dataset configuration 'fil' at /home/mai.chau/.cache/huggingface/datasets/CohereForAI___global-mmlu/fil/0.0.0/0e619dbeb34206cd48705a1a0ea7fb21cae09993 (last modified on Thu Oct  8 14:53:05 2026).
Using the latest cached version of the dataset since CohereForAI/Global-MMLU couldn't be found on the Hugging Face Hub (offline mode is enabled).
Found the latest cached dataset configuration 'fil' at /home/mai.chau/.cache/huggingface/datasets/CohereForAI___global-mmlu/fil/0.0.0/0e619dbeb34206cd48705a1a0ea7fb21cae09993 (last modified on Thu Oct  8 14:53:05 2026).
Using the latest cached version of the dataset since CohereForAI/Global-MMLU couldn't be found on the Hugging Face Hub (offline mode is enabled).
Found the latest cached dataset configuration 'fil' at /home/mai.chau/.cache/huggingface/datasets/CohereForAI___global-mmlu/fil/0.0.0/0e619dbeb34206cd48705a1a0ea7fb21cae09993 (last modified on Thu Oct  8 14:53:05 2026).
Using the latest cached version of the dataset since CohereForAI/Global-MMLU couldn't be found on the Hugging Face Hub (offline mode is enabled).
Found the latest cached dataset configuration 'fil' at /home/mai.chau/.cache/huggingface/datasets/CohereForAI___global-mmlu/fil/0.0.0/0e619dbeb34206cd48705a1a0ea7fb21cae09993 (last modified on Thu Oct  8 14:53:05 2026).
Using the latest cached version of the dataset since CohereForAI/Global-MMLU couldn't be found on the Hugging Face Hub (offline mode is enabled).
Found the latest cached dataset configuration 'fil' at /home/mai.chau/.cache/huggingface/datasets/CohereForAI___global-mmlu/fil/0.0.0/0e619dbeb34206cd48705a1a0ea7fb21cae09993 (last modified on Thu Oct  8 14:53:05 2026).
Using the latest cached version of the dataset since CohereForAI/Global-MMLU couldn't be found on the Hugging Face Hub (offline mode is enabled).
Found the latest cached dataset configuration 'fil' at /home/mai.chau/.cache/huggingface/datasets/CohereForAI___global-mmlu/fil/0.0.0/0e619dbeb34206cd48705a1a0ea7fb21cae09993 (last modified on Thu Oct  8 14:53:05 2026).
Using the latest cached version of the dataset since CohereForAI/Global-MMLU couldn't be found on the Hugging Face Hub (offline mode is enabled).
Found the latest cached dataset configuration 'fil' at /home/mai.chau/.cache/huggingface/datasets/CohereForAI___global-mmlu/fil/0.0.0/0e619dbeb34206cd48705a1a0ea7fb21cae09993 (last modified on Thu Oct  8 14:53:05 2026).
Using the latest cached version of the dataset since CohereForAI/Global-MMLU couldn't be found on the Hugging Face Hub (offline mode is enabled).
Found the latest cached dataset configuration 'fil' at /home/mai.chau/.cache/huggingface/datasets/CohereForAI___global-mmlu/fil/0.0.0/0e619dbeb34206cd48705a1a0ea7fb21cae09993 (last modified on Thu Oct  8 14:53:05 2026).
Using the latest cached version of the dataset since CohereForAI/Global-MMLU couldn't be found on the Hugging Face Hub (offline mode is enabled).
Found the latest cached dataset configuration 'fil' at /home/mai.chau/.cache/huggingface/datasets/CohereForAI___global-mmlu/fil/0.0.0/0e619dbeb34206cd48705a1a0ea7fb21cae09993 (last modified on Thu Oct  8 14:53:05 2026).
Using the latest cached version of the dataset since CohereForAI/Global-MMLU couldn't be found on the Hugging Face Hub (offline mode is enabled).
Found the latest cached dataset configuration 'fil' at /home/mai.chau/.cache/huggingface/datasets/CohereForAI___global-mmlu/fil/0.0.0/0e619dbeb34206cd48705a1a0ea7fb21cae09993 (last modified on Thu Oct  8 14:53:05 2026).
Using the latest cached version of the dataset since CohereForAI/Global-MMLU couldn't be found on the Hugging Face Hub (offline mode is enabled).
Found the latest cached dataset configuration 'fil' at /home/mai.chau/.cache/huggingface/datasets/CohereForAI___global-mmlu/fil/0.0.0/0e619dbeb34206cd48705a1a0ea7fb21cae09993 (last modified on Thu Oct  8 14:53:05 2026).
Using the latest cached version of the dataset since CohereForAI/Global-MMLU couldn't be found on the Hugging Face Hub (offline mode is enabled).
Found the latest cached dataset configuration 'fil' at /home/mai.chau/.cache/huggingface/datasets/CohereForAI___global-mmlu/fil/0.0.0/0e619dbeb34206cd48705a1a0ea7fb21cae09993 (last modified on Thu Oct  8 14:53:05 2026).
Using the latest cached version of the dataset since CohereForAI/Global-MMLU couldn't be found on the Hugging Face Hub (offline mode is enabled).
Found the latest cached dataset configuration 'fil' at /home/mai.chau/.cache/huggingface/datasets/CohereForAI___global-mmlu/fil/0.0.0/0e619dbeb34206cd48705a1a0ea7fb21cae09993 (last modified on Thu Oct  8 14:53:05 2026).
Using the latest cached version of the dataset since CohereForAI/Global-MMLU couldn't be found on the Hugging Face Hub (offline mode is enabled).
Found the latest cached dataset configuration 'fil' at /home/mai.chau/.cache/huggingface/datasets/CohereForAI___global-mmlu/fil/0.0.0/0e619dbeb34206cd48705a1a0ea7fb21cae09993 (last modified on Thu Oct  8 14:53:05 2026).
Using the latest cached version of the dataset since CohereForAI/Global-MMLU couldn't be found on the Hugging Face Hub (offline mode is enabled).
Found the latest cached dataset configuration 'fil' at /home/mai.chau/.cache/huggingface/datasets/CohereForAI___global-mmlu/fil/0.0.0/0e619dbeb34206cd48705a1a0ea7fb21cae09993 (last modified on Thu Oct  8 14:53:05 2026).
Using the latest cached version of the dataset since CohereForAI/Global-MMLU couldn't be found on the Hugging Face Hub (offline mode is enabled).
Found the latest cached dataset configuration 'fil' at /home/mai.chau/.cache/huggingface/datasets/CohereForAI___global-mmlu/fil/0.0.0/0e619dbeb34206cd48705a1a0ea7fb21cae09993 (last modified on Thu Oct  8 14:53:05 2026).
Using the latest cached version of the dataset since CohereForAI/Global-MMLU couldn't be found on the Hugging Face Hub (offline mode is enabled).
Found the latest cached dataset configuration 'fil' at /home/mai.chau/.cache/huggingface/datasets/CohereForAI___global-mmlu/fil/0.0.0/0e619dbeb34206cd48705a1a0ea7fb21cae09993 (last modified on Thu Oct  8 14:53:05 2026).
Using the latest cached version of the dataset since CohereForAI/Global-MMLU couldn't be found on the Hugging Face Hub (offline mode is enabled).
Found the latest cached dataset configuration 'fil' at /home/mai.chau/.cache/huggingface/datasets/CohereForAI___global-mmlu/fil/0.0.0/0e619dbeb34206cd48705a1a0ea7fb21cae09993 (last modified on Thu Oct  8 14:53:05 2026).
Using the latest cached version of the dataset since CohereForAI/Global-MMLU couldn't be found on the Hugging Face Hub (offline mode is enabled).
Found the latest cached dataset configuration 'fil' at /home/mai.chau/.cache/huggingface/datasets/CohereForAI___global-mmlu/fil/0.0.0/0e619dbeb34206cd48705a1a0ea7fb21cae09993 (last modified on Thu Oct  8 14:53:05 2026).
Using the latest cached version of the dataset since CohereForAI/Global-MMLU couldn't be found on the Hugging Face Hub (offline mode is enabled).
Found the latest cached dataset configuration 'fil' at /home/mai.chau/.cache/huggingface/datasets/CohereForAI___global-mmlu/fil/0.0.0/0e619dbeb34206cd48705a1a0ea7fb21cae09993 (last modified on Thu Oct  8 14:53:05 2026).
Using the latest cached version of the dataset since CohereForAI/Global-MMLU couldn't be found on the Hugging Face Hub (offline mode is enabled).
Found the latest cached dataset configuration 'fil' at /home/mai.chau/.cache/huggingface/datasets/CohereForAI___global-mmlu/fil/0.0.0/0e619dbeb34206cd48705a1a0ea7fb21cae09993 (last modified on Thu Oct  8 14:53:05 2026).
Using the latest cached version of the dataset since CohereForAI/Global-MMLU couldn't be found on the Hugging Face Hub (offline mode is enabled).
Found the latest cached dataset configuration 'fil' at /home/mai.chau/.cache/huggingface/datasets/CohereForAI___global-mmlu/fil/0.0.0/0e619dbeb34206cd48705a1a0ea7fb21cae09993 (last modified on Thu Oct  8 14:53:05 2026).
Using the latest cached version of the dataset since CohereForAI/Global-MMLU couldn't be found on the Hugging Face Hub (offline mode is enabled).
Found the latest cached dataset configuration 'fil' at /home/mai.chau/.cache/huggingface/datasets/CohereForAI___global-mmlu/fil/0.0.0/0e619dbeb34206cd48705a1a0ea7fb21cae09993 (last modified on Thu Oct  8 14:53:05 2026).
Using the latest cached version of the dataset since CohereForAI/Global-MMLU couldn't be found on the Hugging Face Hub (offline mode is enabled).
Found the latest cached dataset configuration 'fil' at /home/mai.chau/.cache/huggingface/datasets/CohereForAI___global-mmlu/fil/0.0.0/0e619dbeb34206cd48705a1a0ea7fb21cae09993 (last modified on Thu Oct  8 14:53:05 2026).
Using the latest cached version of the dataset since CohereForAI/Global-MMLU couldn't be found on the Hugging Face Hub (offline mode is enabled).
Found the latest cached dataset configuration 'fil' at /home/mai.chau/.cache/huggingface/datasets/CohereForAI___global-mmlu/fil/0.0.0/0e619dbeb34206cd48705a1a0ea7fb21cae09993 (last modified on Thu Oct  8 14:53:05 2026).
Using the latest cached version of the dataset since CohereForAI/Global-MMLU couldn't be found on the Hugging Face Hub (offline mode is enabled).
Found the latest cached dataset configuration 'id' at /home/mai.chau/.cache/huggingface/datasets/CohereForAI___global-mmlu/id/0.0.0/0e619dbeb34206cd48705a1a0ea7fb21cae09993 (last modified on Thu Oct  8 14:53:07 2026).
Using the latest cached version of the dataset since CohereForAI/Global-MMLU couldn't be found on the Hugging Face Hub (offline mode is enabled).
Found the latest cached dataset configuration 'id' at /home/mai.chau/.cache/huggingface/datasets/CohereForAI___global-mmlu/id/0.0.0/0e619dbeb34206cd48705a1a0ea7fb21cae09993 (last modified on Thu Oct  8 14:53:07 2026).
Using the latest cached version of the dataset since CohereForAI/Global-MMLU couldn't be found on the Hugging Face Hub (offline mode is enabled).
Found the latest cached dataset configuration 'id' at /home/mai.chau/.cache/huggingface/datasets/CohereForAI___global-mmlu/id/0.0.0/0e619dbeb34206cd48705a1a0ea7fb21cae09993 (last modified on Thu Oct  8 14:53:07 2026).
Using the latest cached version of the dataset since CohereForAI/Global-MMLU couldn't be found on the Hugging Face Hub (offline mode is enabled).
Found the latest cached dataset configuration 'id' at /home/mai.chau/.cache/huggingface/datasets/CohereForAI___global-mmlu/id/0.0.0/0e619dbeb34206cd48705a1a0ea7fb21cae09993 (last modified on Thu Oct  8 14:53:07 2026).
Using the latest cached version of the dataset since CohereForAI/Global-MMLU couldn't be found on the Hugging Face Hub (offline mode is enabled).
Found the latest cached dataset configuration 'id' at /home/mai.chau/.cache/huggingface/datasets/CohereForAI___global-mmlu/id/0.0.0/0e619dbeb34206cd48705a1a0ea7fb21cae09993 (last modified on Thu Oct  8 14:53:07 2026).
Using the latest cached version of the dataset since CohereForAI/Global-MMLU couldn't be found on the Hugging Face Hub (offline mode is enabled).
Found the latest cached dataset configuration 'id' at /home/mai.chau/.cache/huggingface/datasets/CohereForAI___global-mmlu/id/0.0.0/0e619dbeb34206cd48705a1a0ea7fb21cae09993 (last modified on Thu Oct  8 14:53:07 2026).
Using the latest cached version of the dataset since CohereForAI/Global-MMLU couldn't be found on the Hugging Face Hub (offline mode is enabled).
Found the latest cached dataset configuration 'id' at /home/mai.chau/.cache/huggingface/datasets/CohereForAI___global-mmlu/id/0.0.0/0e619dbeb34206cd48705a1a0ea7fb21cae09993 (last modified on Thu Oct  8 14:53:07 2026).
Using the latest cached version of the dataset since CohereForAI/Global-MMLU couldn't be found on the Hugging Face Hub (offline mode is enabled).
Found the latest cached dataset configuration 'id' at /home/mai.chau/.cache/huggingface/datasets/CohereForAI___global-mmlu/id/0.0.0/0e619dbeb34206cd48705a1a0ea7fb21cae09993 (last modified on Thu Oct  8 14:53:07 2026).
Using the latest cached version of the dataset since CohereForAI/Global-MMLU couldn't be found on the Hugging Face Hub (offline mode is enabled).
Found the latest cached dataset configuration 'id' at /home/mai.chau/.cache/huggingface/datasets/CohereForAI___global-mmlu/id/0.0.0/0e619dbeb34206cd48705a1a0ea7fb21cae09993 (last modified on Thu Oct  8 14:53:07 2026).
Using the latest cached version of the dataset since CohereForAI/Global-MMLU couldn't be found on the Hugging Face Hub (offline mode is enabled).
Found the latest cached dataset configuration 'id' at /home/mai.chau/.cache/huggingface/datasets/CohereForAI___global-mmlu/id/0.0.0/0e619dbeb34206cd48705a1a0ea7fb21cae09993 (last modified on Thu Oct  8 14:53:07 2026).
Using the latest cached version of the dataset since CohereForAI/Global-MMLU couldn't be found on the Hugging Face Hub (offline mode is enabled).
Found the latest cached dataset configuration 'id' at /home/mai.chau/.cache/huggingface/datasets/CohereForAI___global-mmlu/id/0.0.0/0e619dbeb34206cd48705a1a0ea7fb21cae09993 (last modified on Thu Oct  8 14:53:07 2026).
Using the latest cached version of the dataset since CohereForAI/Global-MMLU couldn't be found on the Hugging Face Hub (offline mode is enabled).
Found the latest cached dataset configuration 'id' at /home/mai.chau/.cache/huggingface/datasets/CohereForAI___global-mmlu/id/0.0.0/0e619dbeb34206cd48705a1a0ea7fb21cae09993 (last modified on Thu Oct  8 14:53:07 2026).
Using the latest cached version of the dataset since CohereForAI/Global-MMLU couldn't be found on the Hugging Face Hub (offline mode is enabled).
Found the latest cached dataset configuration 'id' at /home/mai.chau/.cache/huggingface/datasets/CohereForAI___global-mmlu/id/0.0.0/0e619dbeb34206cd48705a1a0ea7fb21cae09993 (last modified on Thu Oct  8 14:53:07 2026).
Using the latest cached version of the dataset since CohereForAI/Global-MMLU couldn't be found on the Hugging Face Hub (offline mode is enabled).
Found the latest cached dataset configuration 'id' at /home/mai.chau/.cache/huggingface/datasets/CohereForAI___global-mmlu/id/0.0.0/0e619dbeb34206cd48705a1a0ea7fb21cae09993 (last modified on Thu Oct  8 14:53:07 2026).
Using the latest cached version of the dataset since CohereForAI/Global-MMLU couldn't be found on the Hugging Face Hub (offline mode is enabled).
Found the latest cached dataset configuration 'id' at /home/mai.chau/.cache/huggingface/datasets/CohereForAI___global-mmlu/id/0.0.0/0e619dbeb34206cd48705a1a0ea7fb21cae09993 (last modified on Thu Oct  8 14:53:07 2026).
Using the latest cached version of the dataset since CohereForAI/Global-MMLU couldn't be found on the Hugging Face Hub (offline mode is enabled).
Found the latest cached dataset configuration 'id' at /home/mai.chau/.cache/huggingface/datasets/CohereForAI___global-mmlu/id/0.0.0/0e619dbeb34206cd48705a1a0ea7fb21cae09993 (last modified on Thu Oct  8 14:53:07 2026).
Using the latest cached version of the dataset since CohereForAI/Global-MMLU couldn't be found on the Hugging Face Hub (offline mode is enabled).
Found the latest cached dataset configuration 'id' at /home/mai.chau/.cache/huggingface/datasets/CohereForAI___global-mmlu/id/0.0.0/0e619dbeb34206cd48705a1a0ea7fb21cae09993 (last modified on Thu Oct  8 14:53:07 2026).
Using the latest cached version of the dataset since CohereForAI/Global-MMLU couldn't be found on the Hugging Face Hub (offline mode is enabled).
Found the latest cached dataset configuration 'id' at /home/mai.chau/.cache/huggingface/datasets/CohereForAI___global-mmlu/id/0.0.0/0e619dbeb34206cd48705a1a0ea7fb21cae09993 (last modified on Thu Oct  8 14:53:07 2026).
Using the latest cached version of the dataset since CohereForAI/Global-MMLU couldn't be found on the Hugging Face Hub (offline mode is enabled).
Found the latest cached dataset configuration 'id' at /home/mai.chau/.cache/huggingface/datasets/CohereForAI___global-mmlu/id/0.0.0/0e619dbeb34206cd48705a1a0ea7fb21cae09993 (last modified on Thu Oct  8 14:53:07 2026).
Using the latest cached version of the dataset since CohereForAI/Global-MMLU couldn't be found on the Hugging Face Hub (offline mode is enabled).
Found the latest cached dataset configuration 'id' at /home/mai.chau/.cache/huggingface/datasets/CohereForAI___global-mmlu/id/0.0.0/0e619dbeb34206cd48705a1a0ea7fb21cae09993 (last modified on Thu Oct  8 14:53:07 2026).
Using the latest cached version of the dataset since CohereForAI/Global-MMLU couldn't be found on the Hugging Face Hub (offline mode is enabled).
Found the latest cached dataset configuration 'id' at /home/mai.chau/.cache/huggingface/datasets/CohereForAI___global-mmlu/id/0.0.0/0e619dbeb34206cd48705a1a0ea7fb21cae09993 (last modified on Thu Oct  8 14:53:07 2026).
Using the latest cached version of the dataset since CohereForAI/Global-MMLU couldn't be found on the Hugging Face Hub (offline mode is enabled).
Found the latest cached dataset configuration 'id' at /home/mai.chau/.cache/huggingface/datasets/CohereForAI___global-mmlu/id/0.0.0/0e619dbeb34206cd48705a1a0ea7fb21cae09993 (last modified on Thu Oct  8 14:53:07 2026).
Using the latest cached version of the dataset since CohereForAI/Global-MMLU couldn't be found on the Hugging Face Hub (offline mode is enabled).
Found the latest cached dataset configuration 'id' at /home/mai.chau/.cache/huggingface/datasets/CohereForAI___global-mmlu/id/0.0.0/0e619dbeb34206cd48705a1a0ea7fb21cae09993 (last modified on Thu Oct  8 14:53:07 2026).
Using the latest cached version of the dataset since CohereForAI/Global-MMLU couldn't be found on the Hugging Face Hub (offline mode is enabled).
Found the latest cached dataset configuration 'id' at /home/mai.chau/.cache/huggingface/datasets/CohereForAI___global-mmlu/id/0.0.0/0e619dbeb34206cd48705a1a0ea7fb21cae09993 (last modified on Thu Oct  8 14:53:07 2026).
Using the latest cached version of the dataset since CohereForAI/Global-MMLU couldn't be found on the Hugging Face Hub (offline mode is enabled).
Found the latest cached dataset configuration 'id' at /home/mai.chau/.cache/huggingface/datasets/CohereForAI___global-mmlu/id/0.0.0/0e619dbeb34206cd48705a1a0ea7fb21cae09993 (last modified on Thu Oct  8 14:53:07 2026).
Using the latest cached version of the dataset since CohereForAI/Global-MMLU couldn't be found on the Hugging Face Hub (offline mode is enabled).
Found the latest cached dataset configuration 'id' at /home/mai.chau/.cache/huggingface/datasets/CohereForAI___global-mmlu/id/0.0.0/0e619dbeb34206cd48705a1a0ea7fb21cae09993 (last modified on Thu Oct  8 14:53:07 2026).
Using the latest cached version of the dataset since CohereForAI/Global-MMLU couldn't be found on the Hugging Face Hub (offline mode is enabled).
Found the latest cached dataset configuration 'id' at /home/mai.chau/.cache/huggingface/datasets/CohereForAI___global-mmlu/id/0.0.0/0e619dbeb34206cd48705a1a0ea7fb21cae09993 (last modified on Thu Oct  8 14:53:07 2026).
Using the latest cached version of the dataset since CohereForAI/Global-MMLU couldn't be found on the Hugging Face Hub (offline mode is enabled).
Found the latest cached dataset configuration 'id' at /home/mai.chau/.cache/huggingface/datasets/CohereForAI___global-mmlu/id/0.0.0/0e619dbeb34206cd48705a1a0ea7fb21cae09993 (last modified on Thu Oct  8 14:53:07 2026).
Using the latest cached version of the dataset since CohereForAI/Global-MMLU couldn't be found on the Hugging Face Hub (offline mode is enabled).
Found the latest cached dataset configuration 'id' at /home/mai.chau/.cache/huggingface/datasets/CohereForAI___global-mmlu/id/0.0.0/0e619dbeb34206cd48705a1a0ea7fb21cae09993 (last modified on Thu Oct  8 14:53:07 2026).
Using the latest cached version of the dataset since CohereForAI/Global-MMLU couldn't be found on the Hugging Face Hub (offline mode is enabled).
Found the latest cached dataset configuration 'id' at /home/mai.chau/.cache/huggingface/datasets/CohereForAI___global-mmlu/id/0.0.0/0e619dbeb34206cd48705a1a0ea7fb21cae09993 (last modified on Thu Oct  8 14:53:07 2026).
Using the latest cached version of the dataset since CohereForAI/Global-MMLU couldn't be found on the Hugging Face Hub (offline mode is enabled).
Found the latest cached dataset configuration 'id' at /home/mai.chau/.cache/huggingface/datasets/CohereForAI___global-mmlu/id/0.0.0/0e619dbeb34206cd48705a1a0ea7fb21cae09993 (last modified on Thu Oct  8 14:53:07 2026).
Using the latest cached version of the dataset since CohereForAI/Global-MMLU couldn't be found on the Hugging Face Hub (offline mode is enabled).
Found the latest cached dataset configuration 'id' at /home/mai.chau/.cache/huggingface/datasets/CohereForAI___global-mmlu/id/0.0.0/0e619dbeb34206cd48705a1a0ea7fb21cae09993 (last modified on Thu Oct  8 14:53:07 2026).
Using the latest cached version of the dataset since CohereForAI/Global-MMLU couldn't be found on the Hugging Face Hub (offline mode is enabled).
Found the latest cached dataset configuration 'id' at /home/mai.chau/.cache/huggingface/datasets/CohereForAI___global-mmlu/id/0.0.0/0e619dbeb34206cd48705a1a0ea7fb21cae09993 (last modified on Thu Oct  8 14:53:07 2026).
Using the latest cached version of the dataset since CohereForAI/Global-MMLU couldn't be found on the Hugging Face Hub (offline mode is enabled).
Found the latest cached dataset configuration 'id' at /home/mai.chau/.cache/huggingface/datasets/CohereForAI___global-mmlu/id/0.0.0/0e619dbeb34206cd48705a1a0ea7fb21cae09993 (last modified on Thu Oct  8 14:53:07 2026).
Using the latest cached version of the dataset since CohereForAI/Global-MMLU couldn't be found on the Hugging Face Hub (offline mode is enabled).
Found the latest cached dataset configuration 'id' at /home/mai.chau/.cache/huggingface/datasets/CohereForAI___global-mmlu/id/0.0.0/0e619dbeb34206cd48705a1a0ea7fb21cae09993 (last modified on Thu Oct  8 14:53:07 2026).
Using the latest cached version of the dataset since CohereForAI/Global-MMLU couldn't be found on the Hugging Face Hub (offline mode is enabled).
Found the latest cached dataset configuration 'id' at /home/mai.chau/.cache/huggingface/datasets/CohereForAI___global-mmlu/id/0.0.0/0e619dbeb34206cd48705a1a0ea7fb21cae09993 (last modified on Thu Oct  8 14:53:07 2026).
Using the latest cached version of the dataset since CohereForAI/Global-MMLU couldn't be found on the Hugging Face Hub (offline mode is enabled).
Found the latest cached dataset configuration 'id' at /home/mai.chau/.cache/huggingface/datasets/CohereForAI___global-mmlu/id/0.0.0/0e619dbeb34206cd48705a1a0ea7fb21cae09993 (last modified on Thu Oct  8 14:53:07 2026).
Using the latest cached version of the dataset since CohereForAI/Global-MMLU couldn't be found on the Hugging Face Hub (offline mode is enabled).
Found the latest cached dataset configuration 'id' at /home/mai.chau/.cache/huggingface/datasets/CohereForAI___global-mmlu/id/0.0.0/0e619dbeb34206cd48705a1a0ea7fb21cae09993 (last modified on Thu Oct  8 14:53:07 2026).
Using the latest cached version of the dataset since CohereForAI/Global-MMLU couldn't be found on the Hugging Face Hub (offline mode is enabled).
Found the latest cached dataset configuration 'id' at /home/mai.chau/.cache/huggingface/datasets/CohereForAI___global-mmlu/id/0.0.0/0e619dbeb34206cd48705a1a0ea7fb21cae09993 (last modified on Thu Oct  8 14:53:07 2026).
Using the latest cached version of the dataset since CohereForAI/Global-MMLU couldn't be found on the Hugging Face Hub (offline mode is enabled).
Found the latest cached dataset configuration 'id' at /home/mai.chau/.cache/huggingface/datasets/CohereForAI___global-mmlu/id/0.0.0/0e619dbeb34206cd48705a1a0ea7fb21cae09993 (last modified on Thu Oct  8 14:53:07 2026).
Using the latest cached version of the dataset since CohereForAI/Global-MMLU couldn't be found on the Hugging Face Hub (offline mode is enabled).
Found the latest cached dataset configuration 'id' at /home/mai.chau/.cache/huggingface/datasets/CohereForAI___global-mmlu/id/0.0.0/0e619dbeb34206cd48705a1a0ea7fb21cae09993 (last modified on Thu Oct  8 14:53:07 2026).
Using the latest cached version of the dataset since CohereForAI/Global-MMLU couldn't be found on the Hugging Face Hub (offline mode is enabled).
Found the latest cached dataset configuration 'id' at /home/mai.chau/.cache/huggingface/datasets/CohereForAI___global-mmlu/id/0.0.0/0e619dbeb34206cd48705a1a0ea7fb21cae09993 (last modified on Thu Oct  8 14:53:07 2026).
Using the latest cached version of the dataset since CohereForAI/Global-MMLU couldn't be found on the Hugging Face Hub (offline mode is enabled).
Found the latest cached dataset configuration 'id' at /home/mai.chau/.cache/huggingface/datasets/CohereForAI___global-mmlu/id/0.0.0/0e619dbeb34206cd48705a1a0ea7fb21cae09993 (last modified on Thu Oct  8 14:53:07 2026).
Using the latest cached version of the dataset since CohereForAI/Global-MMLU couldn't be found on the Hugging Face Hub (offline mode is enabled).
Found the latest cached dataset configuration 'id' at /home/mai.chau/.cache/huggingface/datasets/CohereForAI___global-mmlu/id/0.0.0/0e619dbeb34206cd48705a1a0ea7fb21cae09993 (last modified on Thu Oct  8 14:53:07 2026).
Using the latest cached version of the dataset since CohereForAI/Global-MMLU couldn't be found on the Hugging Face Hub (offline mode is enabled).
Found the latest cached dataset configuration 'id' at /home/mai.chau/.cache/huggingface/datasets/CohereForAI___global-mmlu/id/0.0.0/0e619dbeb34206cd48705a1a0ea7fb21cae09993 (last modified on Thu Oct  8 14:53:07 2026).
Using the latest cached version of the dataset since CohereForAI/Global-MMLU couldn't be found on the Hugging Face Hub (offline mode is enabled).
Found the latest cached dataset configuration 'id' at /home/mai.chau/.cache/huggingface/datasets/CohereForAI___global-mmlu/id/0.0.0/0e619dbeb34206cd48705a1a0ea7fb21cae09993 (last modified on Thu Oct  8 14:53:07 2026).
Using the latest cached version of the dataset since CohereForAI/Global-MMLU couldn't be found on the Hugging Face Hub (offline mode is enabled).
Found the latest cached dataset configuration 'id' at /home/mai.chau/.cache/huggingface/datasets/CohereForAI___global-mmlu/id/0.0.0/0e619dbeb34206cd48705a1a0ea7fb21cae09993 (last modified on Thu Oct  8 14:53:07 2026).
Using the latest cached version of the dataset since CohereForAI/Global-MMLU couldn't be found on the Hugging Face Hub (offline mode is enabled).
Found the latest cached dataset configuration 'id' at /home/mai.chau/.cache/huggingface/datasets/CohereForAI___global-mmlu/id/0.0.0/0e619dbeb34206cd48705a1a0ea7fb21cae09993 (last modified on Thu Oct  8 14:53:07 2026).
Using the latest cached version of the dataset since CohereForAI/Global-MMLU couldn't be found on the Hugging Face Hub (offline mode is enabled).
Found the latest cached dataset configuration 'id' at /home/mai.chau/.cache/huggingface/datasets/CohereForAI___global-mmlu/id/0.0.0/0e619dbeb34206cd48705a1a0ea7fb21cae09993 (last modified on Thu Oct  8 14:53:07 2026).
Using the latest cached version of the dataset since CohereForAI/Global-MMLU couldn't be found on the Hugging Face Hub (offline mode is enabled).
Found the latest cached dataset configuration 'id' at /home/mai.chau/.cache/huggingface/datasets/CohereForAI___global-mmlu/id/0.0.0/0e619dbeb34206cd48705a1a0ea7fb21cae09993 (last modified on Thu Oct  8 14:53:07 2026).
Using the latest cached version of the dataset since CohereForAI/Global-MMLU couldn't be found on the Hugging Face Hub (offline mode is enabled).
Found the latest cached dataset configuration 'id' at /home/mai.chau/.cache/huggingface/datasets/CohereForAI___global-mmlu/id/0.0.0/0e619dbeb34206cd48705a1a0ea7fb21cae09993 (last modified on Thu Oct  8 14:53:07 2026).
Using the latest cached version of the dataset since CohereForAI/Global-MMLU couldn't be found on the Hugging Face Hub (offline mode is enabled).
Found the latest cached dataset configuration 'id' at /home/mai.chau/.cache/huggingface/datasets/CohereForAI___global-mmlu/id/0.0.0/0e619dbeb34206cd48705a1a0ea7fb21cae09993 (last modified on Thu Oct  8 14:53:07 2026).
Using the latest cached version of the dataset since CohereForAI/Global-MMLU couldn't be found on the Hugging Face Hub (offline mode is enabled).
Found the latest cached dataset configuration 'id' at /home/mai.chau/.cache/huggingface/datasets/CohereForAI___global-mmlu/id/0.0.0/0e619dbeb34206cd48705a1a0ea7fb21cae09993 (last modified on Thu Oct  8 14:53:07 2026).
Using the latest cached version of the dataset since CohereForAI/Global-MMLU couldn't be found on the Hugging Face Hub (offline mode is enabled).
Found the latest cached dataset configuration 'id' at /home/mai.chau/.cache/huggingface/datasets/CohereForAI___global-mmlu/id/0.0.0/0e619dbeb34206cd48705a1a0ea7fb21cae09993 (last modified on Thu Oct  8 14:53:07 2026).
Using the latest cached version of the dataset since CohereForAI/Global-MMLU couldn't be found on the Hugging Face Hub (offline mode is enabled).
Found the latest cached dataset configuration 'id' at /home/mai.chau/.cache/huggingface/datasets/CohereForAI___global-mmlu/id/0.0.0/0e619dbeb34206cd48705a1a0ea7fb21cae09993 (last modified on Thu Oct  8 14:53:07 2026).
Using the latest cached version of the dataset since CohereForAI/Global-MMLU couldn't be found on the Hugging Face Hub (offline mode is enabled).
Found the latest cached dataset configuration 'id' at /home/mai.chau/.cache/huggingface/datasets/CohereForAI___global-mmlu/id/0.0.0/0e619dbeb34206cd48705a1a0ea7fb21cae09993 (last modified on Thu Oct  8 14:53:07 2026).
Using the latest cached version of the dataset since CohereForAI/Global-MMLU couldn't be found on the Hugging Face Hub (offline mode is enabled).
Found the latest cached dataset configuration 'id' at /home/mai.chau/.cache/huggingface/datasets/CohereForAI___global-mmlu/id/0.0.0/0e619dbeb34206cd48705a1a0ea7fb21cae09993 (last modified on Thu Oct  8 14:53:07 2026).
Using the latest cached version of the dataset since CohereForAI/Global-MMLU couldn't be found on the Hugging Face Hub (offline mode is enabled).
Found the latest cached dataset configuration 'ms' at /home/mai.chau/.cache/huggingface/datasets/CohereForAI___global-mmlu/ms/0.0.0/0e619dbeb34206cd48705a1a0ea7fb21cae09993 (last modified on Thu Oct  8 14:53:10 2026).
Using the latest cached version of the dataset since CohereForAI/Global-MMLU couldn't be found on the Hugging Face Hub (offline mode is enabled).
Found the latest cached dataset configuration 'ms' at /home/mai.chau/.cache/huggingface/datasets/CohereForAI___global-mmlu/ms/0.0.0/0e619dbeb34206cd48705a1a0ea7fb21cae09993 (last modified on Thu Oct  8 14:53:10 2026).
Using the latest cached version of the dataset since CohereForAI/Global-MMLU couldn't be found on the Hugging Face Hub (offline mode is enabled).
Found the latest cached dataset configuration 'ms' at /home/mai.chau/.cache/huggingface/datasets/CohereForAI___global-mmlu/ms/0.0.0/0e619dbeb34206cd48705a1a0ea7fb21cae09993 (last modified on Thu Oct  8 14:53:10 2026).
Using the latest cached version of the dataset since CohereForAI/Global-MMLU couldn't be found on the Hugging Face Hub (offline mode is enabled).
Found the latest cached dataset configuration 'ms' at /home/mai.chau/.cache/huggingface/datasets/CohereForAI___global-mmlu/ms/0.0.0/0e619dbeb34206cd48705a1a0ea7fb21cae09993 (last modified on Thu Oct  8 14:53:10 2026).
Using the latest cached version of the dataset since CohereForAI/Global-MMLU couldn't be found on the Hugging Face Hub (offline mode is enabled).
Found the latest cached dataset configuration 'ms' at /home/mai.chau/.cache/huggingface/datasets/CohereForAI___global-mmlu/ms/0.0.0/0e619dbeb34206cd48705a1a0ea7fb21cae09993 (last modified on Thu Oct  8 14:53:10 2026).
Using the latest cached version of the dataset since CohereForAI/Global-MMLU couldn't be found on the Hugging Face Hub (offline mode is enabled).
Found the latest cached dataset configuration 'ms' at /home/mai.chau/.cache/huggingface/datasets/CohereForAI___global-mmlu/ms/0.0.0/0e619dbeb34206cd48705a1a0ea7fb21cae09993 (last modified on Thu Oct  8 14:53:10 2026).
Using the latest cached version of the dataset since CohereForAI/Global-MMLU couldn't be found on the Hugging Face Hub (offline mode is enabled).
Found the latest cached dataset configuration 'ms' at /home/mai.chau/.cache/huggingface/datasets/CohereForAI___global-mmlu/ms/0.0.0/0e619dbeb34206cd48705a1a0ea7fb21cae09993 (last modified on Thu Oct  8 14:53:10 2026).
Using the latest cached version of the dataset since CohereForAI/Global-MMLU couldn't be found on the Hugging Face Hub (offline mode is enabled).
Found the latest cached dataset configuration 'ms' at /home/mai.chau/.cache/huggingface/datasets/CohereForAI___global-mmlu/ms/0.0.0/0e619dbeb34206cd48705a1a0ea7fb21cae09993 (last modified on Thu Oct  8 14:53:10 2026).
Using the latest cached version of the dataset since CohereForAI/Global-MMLU couldn't be found on the Hugging Face Hub (offline mode is enabled).
Found the latest cached dataset configuration 'ms' at /home/mai.chau/.cache/huggingface/datasets/CohereForAI___global-mmlu/ms/0.0.0/0e619dbeb34206cd48705a1a0ea7fb21cae09993 (last modified on Thu Oct  8 14:53:10 2026).
Using the latest cached version of the dataset since CohereForAI/Global-MMLU couldn't be found on the Hugging Face Hub (offline mode is enabled).
Found the latest cached dataset configuration 'ms' at /home/mai.chau/.cache/huggingface/datasets/CohereForAI___global-mmlu/ms/0.0.0/0e619dbeb34206cd48705a1a0ea7fb21cae09993 (last modified on Thu Oct  8 14:53:10 2026).
Using the latest cached version of the dataset since CohereForAI/Global-MMLU couldn't be found on the Hugging Face Hub (offline mode is enabled).
Found the latest cached dataset configuration 'ms' at /home/mai.chau/.cache/huggingface/datasets/CohereForAI___global-mmlu/ms/0.0.0/0e619dbeb34206cd48705a1a0ea7fb21cae09993 (last modified on Thu Oct  8 14:53:10 2026).
Using the latest cached version of the dataset since CohereForAI/Global-MMLU couldn't be found on the Hugging Face Hub (offline mode is enabled).
Found the latest cached dataset configuration 'ms' at /home/mai.chau/.cache/huggingface/datasets/CohereForAI___global-mmlu/ms/0.0.0/0e619dbeb34206cd48705a1a0ea7fb21cae09993 (last modified on Thu Oct  8 14:53:10 2026).
Using the latest cached version of the dataset since CohereForAI/Global-MMLU couldn't be found on the Hugging Face Hub (offline mode is enabled).
Found the latest cached dataset configuration 'ms' at /home/mai.chau/.cache/huggingface/datasets/CohereForAI___global-mmlu/ms/0.0.0/0e619dbeb34206cd48705a1a0ea7fb21cae09993 (last modified on Thu Oct  8 14:53:10 2026).
Using the latest cached version of the dataset since CohereForAI/Global-MMLU couldn't be found on the Hugging Face Hub (offline mode is enabled).
Found the latest cached dataset configuration 'ms' at /home/mai.chau/.cache/huggingface/datasets/CohereForAI___global-mmlu/ms/0.0.0/0e619dbeb34206cd48705a1a0ea7fb21cae09993 (last modified on Thu Oct  8 14:53:10 2026).
Using the latest cached version of the dataset since CohereForAI/Global-MMLU couldn't be found on the Hugging Face Hub (offline mode is enabled).
Found the latest cached dataset configuration 'ms' at /home/mai.chau/.cache/huggingface/datasets/CohereForAI___global-mmlu/ms/0.0.0/0e619dbeb34206cd48705a1a0ea7fb21cae09993 (last modified on Thu Oct  8 14:53:10 2026).
Using the latest cached version of the dataset since CohereForAI/Global-MMLU couldn't be found on the Hugging Face Hub (offline mode is enabled).
Found the latest cached dataset configuration 'ms' at /home/mai.chau/.cache/huggingface/datasets/CohereForAI___global-mmlu/ms/0.0.0/0e619dbeb34206cd48705a1a0ea7fb21cae09993 (last modified on Thu Oct  8 14:53:10 2026).
Using the latest cached version of the dataset since CohereForAI/Global-MMLU couldn't be found on the Hugging Face Hub (offline mode is enabled).
Found the latest cached dataset configuration 'ms' at /home/mai.chau/.cache/huggingface/datasets/CohereForAI___global-mmlu/ms/0.0.0/0e619dbeb34206cd48705a1a0ea7fb21cae09993 (last modified on Thu Oct  8 14:53:10 2026).
Using the latest cached version of the dataset since CohereForAI/Global-MMLU couldn't be found on the Hugging Face Hub (offline mode is enabled).
Found the latest cached dataset configuration 'ms' at /home/mai.chau/.cache/huggingface/datasets/CohereForAI___global-mmlu/ms/0.0.0/0e619dbeb34206cd48705a1a0ea7fb21cae09993 (last modified on Thu Oct  8 14:53:10 2026).
Using the latest cached version of the dataset since CohereForAI/Global-MMLU couldn't be found on the Hugging Face Hub (offline mode is enabled).
Found the latest cached dataset configuration 'ms' at /home/mai.chau/.cache/huggingface/datasets/CohereForAI___global-mmlu/ms/0.0.0/0e619dbeb34206cd48705a1a0ea7fb21cae09993 (last modified on Thu Oct  8 14:53:10 2026).
Using the latest cached version of the dataset since CohereForAI/Global-MMLU couldn't be found on the Hugging Face Hub (offline mode is enabled).
Found the latest cached dataset configuration 'ms' at /home/mai.chau/.cache/huggingface/datasets/CohereForAI___global-mmlu/ms/0.0.0/0e619dbeb34206cd48705a1a0ea7fb21cae09993 (last modified on Thu Oct  8 14:53:10 2026).
Using the latest cached version of the dataset since CohereForAI/Global-MMLU couldn't be found on the Hugging Face Hub (offline mode is enabled).
Found the latest cached dataset configuration 'ms' at /home/mai.chau/.cache/huggingface/datasets/CohereForAI___global-mmlu/ms/0.0.0/0e619dbeb34206cd48705a1a0ea7fb21cae09993 (last modified on Thu Oct  8 14:53:10 2026).
Using the latest cached version of the dataset since CohereForAI/Global-MMLU couldn't be found on the Hugging Face Hub (offline mode is enabled).
Found the latest cached dataset configuration 'ms' at /home/mai.chau/.cache/huggingface/datasets/CohereForAI___global-mmlu/ms/0.0.0/0e619dbeb34206cd48705a1a0ea7fb21cae09993 (last modified on Thu Oct  8 14:53:10 2026).
Using the latest cached version of the dataset since CohereForAI/Global-MMLU couldn't be found on the Hugging Face Hub (offline mode is enabled).
Found the latest cached dataset configuration 'ms' at /home/mai.chau/.cache/huggingface/datasets/CohereForAI___global-mmlu/ms/0.0.0/0e619dbeb34206cd48705a1a0ea7fb21cae09993 (last modified on Thu Oct  8 14:53:10 2026).
Using the latest cached version of the dataset since CohereForAI/Global-MMLU couldn't be found on the Hugging Face Hub (offline mode is enabled).
Found the latest cached dataset configuration 'ms' at /home/mai.chau/.cache/huggingface/datasets/CohereForAI___global-mmlu/ms/0.0.0/0e619dbeb34206cd48705a1a0ea7fb21cae09993 (last modified on Thu Oct  8 14:53:10 2026).
Using the latest cached version of the dataset since CohereForAI/Global-MMLU couldn't be found on the Hugging Face Hub (offline mode is enabled).
Found the latest cached dataset configuration 'ms' at /home/mai.chau/.cache/huggingface/datasets/CohereForAI___global-mmlu/ms/0.0.0/0e619dbeb34206cd48705a1a0ea7fb21cae09993 (last modified on Thu Oct  8 14:53:10 2026).
Using the latest cached version of the dataset since CohereForAI/Global-MMLU couldn't be found on the Hugging Face Hub (offline mode is enabled).
Found the latest cached dataset configuration 'ms' at /home/mai.chau/.cache/huggingface/datasets/CohereForAI___global-mmlu/ms/0.0.0/0e619dbeb34206cd48705a1a0ea7fb21cae09993 (last modified on Thu Oct  8 14:53:10 2026).
Using the latest cached version of the dataset since CohereForAI/Global-MMLU couldn't be found on the Hugging Face Hub (offline mode is enabled).
Found the latest cached dataset configuration 'ms' at /home/mai.chau/.cache/huggingface/datasets/CohereForAI___global-mmlu/ms/0.0.0/0e619dbeb34206cd48705a1a0ea7fb21cae09993 (last modified on Thu Oct  8 14:53:10 2026).
Using the latest cached version of the dataset since CohereForAI/Global-MMLU couldn't be found on the Hugging Face Hub (offline mode is enabled).
Found the latest cached dataset configuration 'ms' at /home/mai.chau/.cache/huggingface/datasets/CohereForAI___global-mmlu/ms/0.0.0/0e619dbeb34206cd48705a1a0ea7fb21cae09993 (last modified on Thu Oct  8 14:53:10 2026).
Using the latest cached version of the dataset since CohereForAI/Global-MMLU couldn't be found on the Hugging Face Hub (offline mode is enabled).
Found the latest cached dataset configuration 'ms' at /home/mai.chau/.cache/huggingface/datasets/CohereForAI___global-mmlu/ms/0.0.0/0e619dbeb34206cd48705a1a0ea7fb21cae09993 (last modified on Thu Oct  8 14:53:10 2026).
Using the latest cached version of the dataset since CohereForAI/Global-MMLU couldn't be found on the Hugging Face Hub (offline mode is enabled).
Found the latest cached dataset configuration 'ms' at /home/mai.chau/.cache/huggingface/datasets/CohereForAI___global-mmlu/ms/0.0.0/0e619dbeb34206cd48705a1a0ea7fb21cae09993 (last modified on Thu Oct  8 14:53:10 2026).
Using the latest cached version of the dataset since CohereForAI/Global-MMLU couldn't be found on the Hugging Face Hub (offline mode is enabled).
Found the latest cached dataset configuration 'ms' at /home/mai.chau/.cache/huggingface/datasets/CohereForAI___global-mmlu/ms/0.0.0/0e619dbeb34206cd48705a1a0ea7fb21cae09993 (last modified on Thu Oct  8 14:53:10 2026).
Using the latest cached version of the dataset since CohereForAI/Global-MMLU couldn't be found on the Hugging Face Hub (offline mode is enabled).
Found the latest cached dataset configuration 'ms' at /home/mai.chau/.cache/huggingface/datasets/CohereForAI___global-mmlu/ms/0.0.0/0e619dbeb34206cd48705a1a0ea7fb21cae09993 (last modified on Thu Oct  8 14:53:10 2026).
Using the latest cached version of the dataset since CohereForAI/Global-MMLU couldn't be found on the Hugging Face Hub (offline mode is enabled).
Found the latest cached dataset configuration 'ms' at /home/mai.chau/.cache/huggingface/datasets/CohereForAI___global-mmlu/ms/0.0.0/0e619dbeb34206cd48705a1a0ea7fb21cae09993 (last modified on Thu Oct  8 14:53:10 2026).
Using the latest cached version of the dataset since CohereForAI/Global-MMLU couldn't be found on the Hugging Face Hub (offline mode is enabled).
Found the latest cached dataset configuration 'ms' at /home/mai.chau/.cache/huggingface/datasets/CohereForAI___global-mmlu/ms/0.0.0/0e619dbeb34206cd48705a1a0ea7fb21cae09993 (last modified on Thu Oct  8 14:53:10 2026).
Using the latest cached version of the dataset since CohereForAI/Global-MMLU couldn't be found on the Hugging Face Hub (offline mode is enabled).
Found the latest cached dataset configuration 'ms' at /home/mai.chau/.cache/huggingface/datasets/CohereForAI___global-mmlu/ms/0.0.0/0e619dbeb34206cd48705a1a0ea7fb21cae09993 (last modified on Thu Oct  8 14:53:10 2026).
Using the latest cached version of the dataset since CohereForAI/Global-MMLU couldn't be found on the Hugging Face Hub (offline mode is enabled).
Found the latest cached dataset configuration 'ms' at /home/mai.chau/.cache/huggingface/datasets/CohereForAI___global-mmlu/ms/0.0.0/0e619dbeb34206cd48705a1a0ea7fb21cae09993 (last modified on Thu Oct  8 14:53:10 2026).
Using the latest cached version of the dataset since CohereForAI/Global-MMLU couldn't be found on the Hugging Face Hub (offline mode is enabled).
Found the latest cached dataset configuration 'ms' at /home/mai.chau/.cache/huggingface/datasets/CohereForAI___global-mmlu/ms/0.0.0/0e619dbeb34206cd48705a1a0ea7fb21cae09993 (last modified on Thu Oct  8 14:53:10 2026).
Using the latest cached version of the dataset since CohereForAI/Global-MMLU couldn't be found on the Hugging Face Hub (offline mode is enabled).
Found the latest cached dataset configuration 'ms' at /home/mai.chau/.cache/huggingface/datasets/CohereForAI___global-mmlu/ms/0.0.0/0e619dbeb34206cd48705a1a0ea7fb21cae09993 (last modified on Thu Oct  8 14:53:10 2026).
Using the latest cached version of the dataset since CohereForAI/Global-MMLU couldn't be found on the Hugging Face Hub (offline mode is enabled).
Found the latest cached dataset configuration 'ms' at /home/mai.chau/.cache/huggingface/datasets/CohereForAI___global-mmlu/ms/0.0.0/0e619dbeb34206cd48705a1a0ea7fb21cae09993 (last modified on Thu Oct  8 14:53:10 2026).
Using the latest cached version of the dataset since CohereForAI/Global-MMLU couldn't be found on the Hugging Face Hub (offline mode is enabled).
Found the latest cached dataset configuration 'ms' at /home/mai.chau/.cache/huggingface/datasets/CohereForAI___global-mmlu/ms/0.0.0/0e619dbeb34206cd48705a1a0ea7fb21cae09993 (last modified on Thu Oct  8 14:53:10 2026).
Using the latest cached version of the dataset since CohereForAI/Global-MMLU couldn't be found on the Hugging Face Hub (offline mode is enabled).
Found the latest cached dataset configuration 'ms' at /home/mai.chau/.cache/huggingface/datasets/CohereForAI___global-mmlu/ms/0.0.0/0e619dbeb34206cd48705a1a0ea7fb21cae09993 (last modified on Thu Oct  8 14:53:10 2026).
Using the latest cached version of the dataset since CohereForAI/Global-MMLU couldn't be found on the Hugging Face Hub (offline mode is enabled).
Found the latest cached dataset configuration 'ms' at /home/mai.chau/.cache/huggingface/datasets/CohereForAI___global-mmlu/ms/0.0.0/0e619dbeb34206cd48705a1a0ea7fb21cae09993 (last modified on Thu Oct  8 14:53:10 2026).
Using the latest cached version of the dataset since CohereForAI/Global-MMLU couldn't be found on the Hugging Face Hub (offline mode is enabled).
Found the latest cached dataset configuration 'ms' at /home/mai.chau/.cache/huggingface/datasets/CohereForAI___global-mmlu/ms/0.0.0/0e619dbeb34206cd48705a1a0ea7fb21cae09993 (last modified on Thu Oct  8 14:53:10 2026).
Using the latest cached version of the dataset since CohereForAI/Global-MMLU couldn't be found on the Hugging Face Hub (offline mode is enabled).
Found the latest cached dataset configuration 'ms' at /home/mai.chau/.cache/huggingface/datasets/CohereForAI___global-mmlu/ms/0.0.0/0e619dbeb34206cd48705a1a0ea7fb21cae09993 (last modified on Thu Oct  8 14:53:10 2026).
Using the latest cached version of the dataset since CohereForAI/Global-MMLU couldn't be found on the Hugging Face Hub (offline mode is enabled).
Found the latest cached dataset configuration 'ms' at /home/mai.chau/.cache/huggingface/datasets/CohereForAI___global-mmlu/ms/0.0.0/0e619dbeb34206cd48705a1a0ea7fb21cae09993 (last modified on Thu Oct  8 14:53:10 2026).
Using the latest cached version of the dataset since CohereForAI/Global-MMLU couldn't be found on the Hugging Face Hub (offline mode is enabled).
Found the latest cached dataset configuration 'ms' at /home/mai.chau/.cache/huggingface/datasets/CohereForAI___global-mmlu/ms/0.0.0/0e619dbeb34206cd48705a1a0ea7fb21cae09993 (last modified on Thu Oct  8 14:53:10 2026).
Using the latest cached version of the dataset since CohereForAI/Global-MMLU couldn't be found on the Hugging Face Hub (offline mode is enabled).
Found the latest cached dataset configuration 'ms' at /home/mai.chau/.cache/huggingface/datasets/CohereForAI___global-mmlu/ms/0.0.0/0e619dbeb34206cd48705a1a0ea7fb21cae09993 (last modified on Thu Oct  8 14:53:10 2026).
Using the latest cached version of the dataset since CohereForAI/Global-MMLU couldn't be found on the Hugging Face Hub (offline mode is enabled).
Found the latest cached dataset configuration 'ms' at /home/mai.chau/.cache/huggingface/datasets/CohereForAI___global-mmlu/ms/0.0.0/0e619dbeb34206cd48705a1a0ea7fb21cae09993 (last modified on Thu Oct  8 14:53:10 2026).
Using the latest cached version of the dataset since CohereForAI/Global-MMLU couldn't be found on the Hugging Face Hub (offline mode is enabled).
Found the latest cached dataset configuration 'ms' at /home/mai.chau/.cache/huggingface/datasets/CohereForAI___global-mmlu/ms/0.0.0/0e619dbeb34206cd48705a1a0ea7fb21cae09993 (last modified on Thu Oct  8 14:53:10 2026).
Using the latest cached version of the dataset since CohereForAI/Global-MMLU couldn't be found on the Hugging Face Hub (offline mode is enabled).
Found the latest cached dataset configuration 'ms' at /home/mai.chau/.cache/huggingface/datasets/CohereForAI___global-mmlu/ms/0.0.0/0e619dbeb34206cd48705a1a0ea7fb21cae09993 (last modified on Thu Oct  8 14:53:10 2026).
Using the latest cached version of the dataset since CohereForAI/Global-MMLU couldn't be found on the Hugging Face Hub (offline mode is enabled).
Found the latest cached dataset configuration 'ms' at /home/mai.chau/.cache/huggingface/datasets/CohereForAI___global-mmlu/ms/0.0.0/0e619dbeb34206cd48705a1a0ea7fb21cae09993 (last modified on Thu Oct  8 14:53:10 2026).
Using the latest cached version of the dataset since CohereForAI/Global-MMLU couldn't be found on the Hugging Face Hub (offline mode is enabled).
Found the latest cached dataset configuration 'ms' at /home/mai.chau/.cache/huggingface/datasets/CohereForAI___global-mmlu/ms/0.0.0/0e619dbeb34206cd48705a1a0ea7fb21cae09993 (last modified on Thu Oct  8 14:53:10 2026).
Using the latest cached version of the dataset since CohereForAI/Global-MMLU couldn't be found on the Hugging Face Hub (offline mode is enabled).
Found the latest cached dataset configuration 'ms' at /home/mai.chau/.cache/huggingface/datasets/CohereForAI___global-mmlu/ms/0.0.0/0e619dbeb34206cd48705a1a0ea7fb21cae09993 (last modified on Thu Oct  8 14:53:10 2026).
Using the latest cached version of the dataset since CohereForAI/Global-MMLU couldn't be found on the Hugging Face Hub (offline mode is enabled).
Found the latest cached dataset configuration 'ms' at /home/mai.chau/.cache/huggingface/datasets/CohereForAI___global-mmlu/ms/0.0.0/0e619dbeb34206cd48705a1a0ea7fb21cae09993 (last modified on Thu Oct  8 14:53:10 2026).
Using the latest cached version of the dataset since CohereForAI/Global-MMLU couldn't be found on the Hugging Face Hub (offline mode is enabled).
Found the latest cached dataset configuration 'ms' at /home/mai.chau/.cache/huggingface/datasets/CohereForAI___global-mmlu/ms/0.0.0/0e619dbeb34206cd48705a1a0ea7fb21cae09993 (last modified on Thu Oct  8 14:53:10 2026).
Using the latest cached version of the dataset since CohereForAI/Global-MMLU couldn't be found on the Hugging Face Hub (offline mode is enabled).
Found the latest cached dataset configuration 'ms' at /home/mai.chau/.cache/huggingface/datasets/CohereForAI___global-mmlu/ms/0.0.0/0e619dbeb34206cd48705a1a0ea7fb21cae09993 (last modified on Thu Oct  8 14:53:10 2026).
Using the latest cached version of the dataset since CohereForAI/Global-MMLU couldn't be found on the Hugging Face Hub (offline mode is enabled).
Found the latest cached dataset configuration 'ms' at /home/mai.chau/.cache/huggingface/datasets/CohereForAI___global-mmlu/ms/0.0.0/0e619dbeb34206cd48705a1a0ea7fb21cae09993 (last modified on Thu Oct  8 14:53:10 2026).
Using the latest cached version of the dataset since CohereForAI/Global-MMLU couldn't be found on the Hugging Face Hub (offline mode is enabled).
Found the latest cached dataset configuration 'vi' at /home/mai.chau/.cache/huggingface/datasets/CohereForAI___global-mmlu/vi/0.0.0/0e619dbeb34206cd48705a1a0ea7fb21cae09993 (last modified on Thu Oct  8 14:53:12 2026).
Using the latest cached version of the dataset since CohereForAI/Global-MMLU couldn't be found on the Hugging Face Hub (offline mode is enabled).
Found the latest cached dataset configuration 'vi' at /home/mai.chau/.cache/huggingface/datasets/CohereForAI___global-mmlu/vi/0.0.0/0e619dbeb34206cd48705a1a0ea7fb21cae09993 (last modified on Thu Oct  8 14:53:12 2026).
Using the latest cached version of the dataset since CohereForAI/Global-MMLU couldn't be found on the Hugging Face Hub (offline mode is enabled).
Found the latest cached dataset configuration 'vi' at /home/mai.chau/.cache/huggingface/datasets/CohereForAI___global-mmlu/vi/0.0.0/0e619dbeb34206cd48705a1a0ea7fb21cae09993 (last modified on Thu Oct  8 14:53:12 2026).
Using the latest cached version of the dataset since CohereForAI/Global-MMLU couldn't be found on the Hugging Face Hub (offline mode is enabled).
Found the latest cached dataset configuration 'vi' at /home/mai.chau/.cache/huggingface/datasets/CohereForAI___global-mmlu/vi/0.0.0/0e619dbeb34206cd48705a1a0ea7fb21cae09993 (last modified on Thu Oct  8 14:53:12 2026).
Using the latest cached version of the dataset since CohereForAI/Global-MMLU couldn't be found on the Hugging Face Hub (offline mode is enabled).
Found the latest cached dataset configuration 'vi' at /home/mai.chau/.cache/huggingface/datasets/CohereForAI___global-mmlu/vi/0.0.0/0e619dbeb34206cd48705a1a0ea7fb21cae09993 (last modified on Thu Oct  8 14:53:12 2026).
Using the latest cached version of the dataset since CohereForAI/Global-MMLU couldn't be found on the Hugging Face Hub (offline mode is enabled).
Found the latest cached dataset configuration 'vi' at /home/mai.chau/.cache/huggingface/datasets/CohereForAI___global-mmlu/vi/0.0.0/0e619dbeb34206cd48705a1a0ea7fb21cae09993 (last modified on Thu Oct  8 14:53:12 2026).
Using the latest cached version of the dataset since CohereForAI/Global-MMLU couldn't be found on the Hugging Face Hub (offline mode is enabled).
Found the latest cached dataset configuration 'vi' at /home/mai.chau/.cache/huggingface/datasets/CohereForAI___global-mmlu/vi/0.0.0/0e619dbeb34206cd48705a1a0ea7fb21cae09993 (last modified on Thu Oct  8 14:53:12 2026).
Using the latest cached version of the dataset since CohereForAI/Global-MMLU couldn't be found on the Hugging Face Hub (offline mode is enabled).
Found the latest cached dataset configuration 'vi' at /home/mai.chau/.cache/huggingface/datasets/CohereForAI___global-mmlu/vi/0.0.0/0e619dbeb34206cd48705a1a0ea7fb21cae09993 (last modified on Thu Oct  8 14:53:12 2026).
Using the latest cached version of the dataset since CohereForAI/Global-MMLU couldn't be found on the Hugging Face Hub (offline mode is enabled).
Found the latest cached dataset configuration 'vi' at /home/mai.chau/.cache/huggingface/datasets/CohereForAI___global-mmlu/vi/0.0.0/0e619dbeb34206cd48705a1a0ea7fb21cae09993 (last modified on Thu Oct  8 14:53:12 2026).
Using the latest cached version of the dataset since CohereForAI/Global-MMLU couldn't be found on the Hugging Face Hub (offline mode is enabled).
Found the latest cached dataset configuration 'vi' at /home/mai.chau/.cache/huggingface/datasets/CohereForAI___global-mmlu/vi/0.0.0/0e619dbeb34206cd48705a1a0ea7fb21cae09993 (last modified on Thu Oct  8 14:53:12 2026).
Using the latest cached version of the dataset since CohereForAI/Global-MMLU couldn't be found on the Hugging Face Hub (offline mode is enabled).
Found the latest cached dataset configuration 'vi' at /home/mai.chau/.cache/huggingface/datasets/CohereForAI___global-mmlu/vi/0.0.0/0e619dbeb34206cd48705a1a0ea7fb21cae09993 (last modified on Thu Oct  8 14:53:12 2026).
Using the latest cached version of the dataset since CohereForAI/Global-MMLU couldn't be found on the Hugging Face Hub (offline mode is enabled).
Found the latest cached dataset configuration 'vi' at /home/mai.chau/.cache/huggingface/datasets/CohereForAI___global-mmlu/vi/0.0.0/0e619dbeb34206cd48705a1a0ea7fb21cae09993 (last modified on Thu Oct  8 14:53:12 2026).
Using the latest cached version of the dataset since CohereForAI/Global-MMLU couldn't be found on the Hugging Face Hub (offline mode is enabled).
Found the latest cached dataset configuration 'vi' at /home/mai.chau/.cache/huggingface/datasets/CohereForAI___global-mmlu/vi/0.0.0/0e619dbeb34206cd48705a1a0ea7fb21cae09993 (last modified on Thu Oct  8 14:53:12 2026).
Using the latest cached version of the dataset since CohereForAI/Global-MMLU couldn't be found on the Hugging Face Hub (offline mode is enabled).
Found the latest cached dataset configuration 'vi' at /home/mai.chau/.cache/huggingface/datasets/CohereForAI___global-mmlu/vi/0.0.0/0e619dbeb34206cd48705a1a0ea7fb21cae09993 (last modified on Thu Oct  8 14:53:12 2026).
Using the latest cached version of the dataset since CohereForAI/Global-MMLU couldn't be found on the Hugging Face Hub (offline mode is enabled).
Found the latest cached dataset configuration 'vi' at /home/mai.chau/.cache/huggingface/datasets/CohereForAI___global-mmlu/vi/0.0.0/0e619dbeb34206cd48705a1a0ea7fb21cae09993 (last modified on Thu Oct  8 14:53:12 2026).
Using the latest cached version of the dataset since CohereForAI/Global-MMLU couldn't be found on the Hugging Face Hub (offline mode is enabled).
Found the latest cached dataset configuration 'vi' at /home/mai.chau/.cache/huggingface/datasets/CohereForAI___global-mmlu/vi/0.0.0/0e619dbeb34206cd48705a1a0ea7fb21cae09993 (last modified on Thu Oct  8 14:53:12 2026).
Using the latest cached version of the dataset since CohereForAI/Global-MMLU couldn't be found on the Hugging Face Hub (offline mode is enabled).
Found the latest cached dataset configuration 'vi' at /home/mai.chau/.cache/huggingface/datasets/CohereForAI___global-mmlu/vi/0.0.0/0e619dbeb34206cd48705a1a0ea7fb21cae09993 (last modified on Thu Oct  8 14:53:12 2026).
Using the latest cached version of the dataset since CohereForAI/Global-MMLU couldn't be found on the Hugging Face Hub (offline mode is enabled).
Found the latest cached dataset configuration 'vi' at /home/mai.chau/.cache/huggingface/datasets/CohereForAI___global-mmlu/vi/0.0.0/0e619dbeb34206cd48705a1a0ea7fb21cae09993 (last modified on Thu Oct  8 14:53:12 2026).
Using the latest cached version of the dataset since CohereForAI/Global-MMLU couldn't be found on the Hugging Face Hub (offline mode is enabled).
Found the latest cached dataset configuration 'vi' at /home/mai.chau/.cache/huggingface/datasets/CohereForAI___global-mmlu/vi/0.0.0/0e619dbeb34206cd48705a1a0ea7fb21cae09993 (last modified on Thu Oct  8 14:53:12 2026).
Using the latest cached version of the dataset since CohereForAI/Global-MMLU couldn't be found on the Hugging Face Hub (offline mode is enabled).
Found the latest cached dataset configuration 'vi' at /home/mai.chau/.cache/huggingface/datasets/CohereForAI___global-mmlu/vi/0.0.0/0e619dbeb34206cd48705a1a0ea7fb21cae09993 (last modified on Thu Oct  8 14:53:12 2026).
Using the latest cached version of the dataset since CohereForAI/Global-MMLU couldn't be found on the Hugging Face Hub (offline mode is enabled).
Found the latest cached dataset configuration 'vi' at /home/mai.chau/.cache/huggingface/datasets/CohereForAI___global-mmlu/vi/0.0.0/0e619dbeb34206cd48705a1a0ea7fb21cae09993 (last modified on Thu Oct  8 14:53:12 2026).
Using the latest cached version of the dataset since CohereForAI/Global-MMLU couldn't be found on the Hugging Face Hub (offline mode is enabled).
Found the latest cached dataset configuration 'vi' at /home/mai.chau/.cache/huggingface/datasets/CohereForAI___global-mmlu/vi/0.0.0/0e619dbeb34206cd48705a1a0ea7fb21cae09993 (last modified on Thu Oct  8 14:53:12 2026).
Using the latest cached version of the dataset since CohereForAI/Global-MMLU couldn't be found on the Hugging Face Hub (offline mode is enabled).
Found the latest cached dataset configuration 'vi' at /home/mai.chau/.cache/huggingface/datasets/CohereForAI___global-mmlu/vi/0.0.0/0e619dbeb34206cd48705a1a0ea7fb21cae09993 (last modified on Thu Oct  8 14:53:12 2026).
Using the latest cached version of the dataset since CohereForAI/Global-MMLU couldn't be found on the Hugging Face Hub (offline mode is enabled).
Found the latest cached dataset configuration 'vi' at /home/mai.chau/.cache/huggingface/datasets/CohereForAI___global-mmlu/vi/0.0.0/0e619dbeb34206cd48705a1a0ea7fb21cae09993 (last modified on Thu Oct  8 14:53:12 2026).
Using the latest cached version of the dataset since CohereForAI/Global-MMLU couldn't be found on the Hugging Face Hub (offline mode is enabled).
Found the latest cached dataset configuration 'vi' at /home/mai.chau/.cache/huggingface/datasets/CohereForAI___global-mmlu/vi/0.0.0/0e619dbeb34206cd48705a1a0ea7fb21cae09993 (last modified on Thu Oct  8 14:53:12 2026).
Using the latest cached version of the dataset since CohereForAI/Global-MMLU couldn't be found on the Hugging Face Hub (offline mode is enabled).
Found the latest cached dataset configuration 'vi' at /home/mai.chau/.cache/huggingface/datasets/CohereForAI___global-mmlu/vi/0.0.0/0e619dbeb34206cd48705a1a0ea7fb21cae09993 (last modified on Thu Oct  8 14:53:12 2026).
Using the latest cached version of the dataset since CohereForAI/Global-MMLU couldn't be found on the Hugging Face Hub (offline mode is enabled).
Found the latest cached dataset configuration 'vi' at /home/mai.chau/.cache/huggingface/datasets/CohereForAI___global-mmlu/vi/0.0.0/0e619dbeb34206cd48705a1a0ea7fb21cae09993 (last modified on Thu Oct  8 14:53:12 2026).
Using the latest cached version of the dataset since CohereForAI/Global-MMLU couldn't be found on the Hugging Face Hub (offline mode is enabled).
Found the latest cached dataset configuration 'vi' at /home/mai.chau/.cache/huggingface/datasets/CohereForAI___global-mmlu/vi/0.0.0/0e619dbeb34206cd48705a1a0ea7fb21cae09993 (last modified on Thu Oct  8 14:53:12 2026).
Using the latest cached version of the dataset since CohereForAI/Global-MMLU couldn't be found on the Hugging Face Hub (offline mode is enabled).
Found the latest cached dataset configuration 'vi' at /home/mai.chau/.cache/huggingface/datasets/CohereForAI___global-mmlu/vi/0.0.0/0e619dbeb34206cd48705a1a0ea7fb21cae09993 (last modified on Thu Oct  8 14:53:12 2026).
Using the latest cached version of the dataset since CohereForAI/Global-MMLU couldn't be found on the Hugging Face Hub (offline mode is enabled).
Found the latest cached dataset configuration 'vi' at /home/mai.chau/.cache/huggingface/datasets/CohereForAI___global-mmlu/vi/0.0.0/0e619dbeb34206cd48705a1a0ea7fb21cae09993 (last modified on Thu Oct  8 14:53:12 2026).
Using the latest cached version of the dataset since CohereForAI/Global-MMLU couldn't be found on the Hugging Face Hub (offline mode is enabled).
Found the latest cached dataset configuration 'vi' at /home/mai.chau/.cache/huggingface/datasets/CohereForAI___global-mmlu/vi/0.0.0/0e619dbeb34206cd48705a1a0ea7fb21cae09993 (last modified on Thu Oct  8 14:53:12 2026).
Using the latest cached version of the dataset since CohereForAI/Global-MMLU couldn't be found on the Hugging Face Hub (offline mode is enabled).
Found the latest cached dataset configuration 'vi' at /home/mai.chau/.cache/huggingface/datasets/CohereForAI___global-mmlu/vi/0.0.0/0e619dbeb34206cd48705a1a0ea7fb21cae09993 (last modified on Thu Oct  8 14:53:12 2026).
Using the latest cached version of the dataset since CohereForAI/Global-MMLU couldn't be found on the Hugging Face Hub (offline mode is enabled).
Found the latest cached dataset configuration 'vi' at /home/mai.chau/.cache/huggingface/datasets/CohereForAI___global-mmlu/vi/0.0.0/0e619dbeb34206cd48705a1a0ea7fb21cae09993 (last modified on Thu Oct  8 14:53:12 2026).
Using the latest cached version of the dataset since CohereForAI/Global-MMLU couldn't be found on the Hugging Face Hub (offline mode is enabled).
Found the latest cached dataset configuration 'vi' at /home/mai.chau/.cache/huggingface/datasets/CohereForAI___global-mmlu/vi/0.0.0/0e619dbeb34206cd48705a1a0ea7fb21cae09993 (last modified on Thu Oct  8 14:53:12 2026).
Using the latest cached version of the dataset since CohereForAI/Global-MMLU couldn't be found on the Hugging Face Hub (offline mode is enabled).
Found the latest cached dataset configuration 'vi' at /home/mai.chau/.cache/huggingface/datasets/CohereForAI___global-mmlu/vi/0.0.0/0e619dbeb34206cd48705a1a0ea7fb21cae09993 (last modified on Thu Oct  8 14:53:12 2026).
Using the latest cached version of the dataset since CohereForAI/Global-MMLU couldn't be found on the Hugging Face Hub (offline mode is enabled).
Found the latest cached dataset configuration 'vi' at /home/mai.chau/.cache/huggingface/datasets/CohereForAI___global-mmlu/vi/0.0.0/0e619dbeb34206cd48705a1a0ea7fb21cae09993 (last modified on Thu Oct  8 14:53:12 2026).
Using the latest cached version of the dataset since CohereForAI/Global-MMLU couldn't be found on the Hugging Face Hub (offline mode is enabled).
Found the latest cached dataset configuration 'vi' at /home/mai.chau/.cache/huggingface/datasets/CohereForAI___global-mmlu/vi/0.0.0/0e619dbeb34206cd48705a1a0ea7fb21cae09993 (last modified on Thu Oct  8 14:53:12 2026).
Using the latest cached version of the dataset since CohereForAI/Global-MMLU couldn't be found on the Hugging Face Hub (offline mode is enabled).
Found the latest cached dataset configuration 'vi' at /home/mai.chau/.cache/huggingface/datasets/CohereForAI___global-mmlu/vi/0.0.0/0e619dbeb34206cd48705a1a0ea7fb21cae09993 (last modified on Thu Oct  8 14:53:12 2026).
Using the latest cached version of the dataset since CohereForAI/Global-MMLU couldn't be found on the Hugging Face Hub (offline mode is enabled).
Found the latest cached dataset configuration 'vi' at /home/mai.chau/.cache/huggingface/datasets/CohereForAI___global-mmlu/vi/0.0.0/0e619dbeb34206cd48705a1a0ea7fb21cae09993 (last modified on Thu Oct  8 14:53:12 2026).
Using the latest cached version of the dataset since CohereForAI/Global-MMLU couldn't be found on the Hugging Face Hub (offline mode is enabled).
Found the latest cached dataset configuration 'vi' at /home/mai.chau/.cache/huggingface/datasets/CohereForAI___global-mmlu/vi/0.0.0/0e619dbeb34206cd48705a1a0ea7fb21cae09993 (last modified on Thu Oct  8 14:53:12 2026).
Using the latest cached version of the dataset since CohereForAI/Global-MMLU couldn't be found on the Hugging Face Hub (offline mode is enabled).
Found the latest cached dataset configuration 'vi' at /home/mai.chau/.cache/huggingface/datasets/CohereForAI___global-mmlu/vi/0.0.0/0e619dbeb34206cd48705a1a0ea7fb21cae09993 (last modified on Thu Oct  8 14:53:12 2026).
Using the latest cached version of the dataset since CohereForAI/Global-MMLU couldn't be found on the Hugging Face Hub (offline mode is enabled).
Found the latest cached dataset configuration 'vi' at /home/mai.chau/.cache/huggingface/datasets/CohereForAI___global-mmlu/vi/0.0.0/0e619dbeb34206cd48705a1a0ea7fb21cae09993 (last modified on Thu Oct  8 14:53:12 2026).
Using the latest cached version of the dataset since CohereForAI/Global-MMLU couldn't be found on the Hugging Face Hub (offline mode is enabled).
Found the latest cached dataset configuration 'vi' at /home/mai.chau/.cache/huggingface/datasets/CohereForAI___global-mmlu/vi/0.0.0/0e619dbeb34206cd48705a1a0ea7fb21cae09993 (last modified on Thu Oct  8 14:53:12 2026).
Using the latest cached version of the dataset since CohereForAI/Global-MMLU couldn't be found on the Hugging Face Hub (offline mode is enabled).
Found the latest cached dataset configuration 'vi' at /home/mai.chau/.cache/huggingface/datasets/CohereForAI___global-mmlu/vi/0.0.0/0e619dbeb34206cd48705a1a0ea7fb21cae09993 (last modified on Thu Oct  8 14:53:12 2026).
Using the latest cached version of the dataset since CohereForAI/Global-MMLU couldn't be found on the Hugging Face Hub (offline mode is enabled).
Found the latest cached dataset configuration 'vi' at /home/mai.chau/.cache/huggingface/datasets/CohereForAI___global-mmlu/vi/0.0.0/0e619dbeb34206cd48705a1a0ea7fb21cae09993 (last modified on Thu Oct  8 14:53:12 2026).
Using the latest cached version of the dataset since CohereForAI/Global-MMLU couldn't be found on the Hugging Face Hub (offline mode is enabled).
Found the latest cached dataset configuration 'vi' at /home/mai.chau/.cache/huggingface/datasets/CohereForAI___global-mmlu/vi/0.0.0/0e619dbeb34206cd48705a1a0ea7fb21cae09993 (last modified on Thu Oct  8 14:53:12 2026).
Using the latest cached version of the dataset since CohereForAI/Global-MMLU couldn't be found on the Hugging Face Hub (offline mode is enabled).
Found the latest cached dataset configuration 'vi' at /home/mai.chau/.cache/huggingface/datasets/CohereForAI___global-mmlu/vi/0.0.0/0e619dbeb34206cd48705a1a0ea7fb21cae09993 (last modified on Thu Oct  8 14:53:12 2026).
Using the latest cached version of the dataset since CohereForAI/Global-MMLU couldn't be found on the Hugging Face Hub (offline mode is enabled).
Found the latest cached dataset configuration 'vi' at /home/mai.chau/.cache/huggingface/datasets/CohereForAI___global-mmlu/vi/0.0.0/0e619dbeb34206cd48705a1a0ea7fb21cae09993 (last modified on Thu Oct  8 14:53:12 2026).
Using the latest cached version of the dataset since CohereForAI/Global-MMLU couldn't be found on the Hugging Face Hub (offline mode is enabled).
Found the latest cached dataset configuration 'vi' at /home/mai.chau/.cache/huggingface/datasets/CohereForAI___global-mmlu/vi/0.0.0/0e619dbeb34206cd48705a1a0ea7fb21cae09993 (last modified on Thu Oct  8 14:53:12 2026).
Using the latest cached version of the dataset since CohereForAI/Global-MMLU couldn't be found on the Hugging Face Hub (offline mode is enabled).
Found the latest cached dataset configuration 'vi' at /home/mai.chau/.cache/huggingface/datasets/CohereForAI___global-mmlu/vi/0.0.0/0e619dbeb34206cd48705a1a0ea7fb21cae09993 (last modified on Thu Oct  8 14:53:12 2026).
Using the latest cached version of the dataset since CohereForAI/Global-MMLU couldn't be found on the Hugging Face Hub (offline mode is enabled).
Found the latest cached dataset configuration 'vi' at /home/mai.chau/.cache/huggingface/datasets/CohereForAI___global-mmlu/vi/0.0.0/0e619dbeb34206cd48705a1a0ea7fb21cae09993 (last modified on Thu Oct  8 14:53:12 2026).
Using the latest cached version of the dataset since CohereForAI/Global-MMLU couldn't be found on the Hugging Face Hub (offline mode is enabled).
Found the latest cached dataset configuration 'vi' at /home/mai.chau/.cache/huggingface/datasets/CohereForAI___global-mmlu/vi/0.0.0/0e619dbeb34206cd48705a1a0ea7fb21cae09993 (last modified on Thu Oct  8 14:53:12 2026).
Using the latest cached version of the dataset since CohereForAI/Global-MMLU couldn't be found on the Hugging Face Hub (offline mode is enabled).
Found the latest cached dataset configuration 'vi' at /home/mai.chau/.cache/huggingface/datasets/CohereForAI___global-mmlu/vi/0.0.0/0e619dbeb34206cd48705a1a0ea7fb21cae09993 (last modified on Thu Oct  8 14:53:12 2026).
Using the latest cached version of the dataset since CohereForAI/Global-MMLU couldn't be found on the Hugging Face Hub (offline mode is enabled).
Found the latest cached dataset configuration 'vi' at /home/mai.chau/.cache/huggingface/datasets/CohereForAI___global-mmlu/vi/0.0.0/0e619dbeb34206cd48705a1a0ea7fb21cae09993 (last modified on Thu Oct  8 14:53:12 2026).
Using the latest cached version of the dataset since CohereForAI/Global-MMLU couldn't be found on the Hugging Face Hub (offline mode is enabled).
Found the latest cached dataset configuration 'vi' at /home/mai.chau/.cache/huggingface/datasets/CohereForAI___global-mmlu/vi/0.0.0/0e619dbeb34206cd48705a1a0ea7fb21cae09993 (last modified on Thu Oct  8 14:53:12 2026).
Using the latest cached version of the dataset since CohereForAI/Global-MMLU couldn't be found on the Hugging Face Hub (offline mode is enabled).
Found the latest cached dataset configuration 'vi' at /home/mai.chau/.cache/huggingface/datasets/CohereForAI___global-mmlu/vi/0.0.0/0e619dbeb34206cd48705a1a0ea7fb21cae09993 (last modified on Thu Oct  8 14:53:12 2026).
Using the latest cached version of the dataset since CohereForAI/Global-MMLU couldn't be found on the Hugging Face Hub (offline mode is enabled).
Found the latest cached dataset configuration 'vi' at /home/mai.chau/.cache/huggingface/datasets/CohereForAI___global-mmlu/vi/0.0.0/0e619dbeb34206cd48705a1a0ea7fb21cae09993 (last modified on Thu Oct  8 14:53:12 2026).
Using the latest cached version of the dataset since CohereForAI/include-base-44 couldn't be found on the Hugging Face Hub (offline mode is enabled).
Found the latest cached dataset configuration 'Tagalog' at /home/mai.chau/.cache/huggingface/datasets/CohereForAI___include-base-44/Tagalog/0.0.0/d2e1f6015f67a43c02a9a68db98e2298e2d6a660 (last modified on Thu Oct  8 01:39:56 2026).
Using the latest cached version of the dataset since CohereForAI/include-base-44 couldn't be found on the Hugging Face Hub (offline mode is enabled).
Found the latest cached dataset configuration 'Tagalog' at /home/mai.chau/.cache/huggingface/datasets/CohereForAI___include-base-44/Tagalog/0.0.0/d2e1f6015f67a43c02a9a68db98e2298e2d6a660 (last modified on Thu Oct  8 01:39:56 2026).
Using the latest cached version of the dataset since CohereForAI/include-base-44 couldn't be found on the Hugging Face Hub (offline mode is enabled).
Found the latest cached dataset configuration 'Indonesian' at /home/mai.chau/.cache/huggingface/datasets/CohereForAI___include-base-44/Indonesian/0.0.0/d2e1f6015f67a43c02a9a68db98e2298e2d6a660 (last modified on Thu Oct  8 01:39:56 2026).
Using the latest cached version of the dataset since CohereForAI/include-base-44 couldn't be found on the Hugging Face Hub (offline mode is enabled).
Found the latest cached dataset configuration 'Indonesian' at /home/mai.chau/.cache/huggingface/datasets/CohereForAI___include-base-44/Indonesian/0.0.0/d2e1f6015f67a43c02a9a68db98e2298e2d6a660 (last modified on Thu Oct  8 01:39:56 2026).
Using the latest cached version of the dataset since CohereForAI/include-base-44 couldn't be found on the Hugging Face Hub (offline mode is enabled).
Found the latest cached dataset configuration 'Indonesian' at /home/mai.chau/.cache/huggingface/datasets/CohereForAI___include-base-44/Indonesian/0.0.0/d2e1f6015f67a43c02a9a68db98e2298e2d6a660 (last modified on Thu Oct  8 01:39:56 2026).
Using the latest cached version of the dataset since CohereForAI/include-base-44 couldn't be found on the Hugging Face Hub (offline mode is enabled).
Found the latest cached dataset configuration 'Indonesian' at /home/mai.chau/.cache/huggingface/datasets/CohereForAI___include-base-44/Indonesian/0.0.0/d2e1f6015f67a43c02a9a68db98e2298e2d6a660 (last modified on Thu Oct  8 01:39:56 2026).
Using the latest cached version of the dataset since CohereForAI/include-base-44 couldn't be found on the Hugging Face Hub (offline mode is enabled).
Found the latest cached dataset configuration 'Indonesian' at /home/mai.chau/.cache/huggingface/datasets/CohereForAI___include-base-44/Indonesian/0.0.0/d2e1f6015f67a43c02a9a68db98e2298e2d6a660 (last modified on Thu Oct  8 01:39:56 2026).
Using the latest cached version of the dataset since CohereForAI/include-base-44 couldn't be found on the Hugging Face Hub (offline mode is enabled).
Found the latest cached dataset configuration 'Malay' at /home/mai.chau/.cache/huggingface/datasets/CohereForAI___include-base-44/Malay/0.0.0/d2e1f6015f67a43c02a9a68db98e2298e2d6a660 (last modified on Thu Oct  8 01:39:56 2026).
Using the latest cached version of the dataset since CohereForAI/include-base-44 couldn't be found on the Hugging Face Hub (offline mode is enabled).
Found the latest cached dataset configuration 'Malay' at /home/mai.chau/.cache/huggingface/datasets/CohereForAI___include-base-44/Malay/0.0.0/d2e1f6015f67a43c02a9a68db98e2298e2d6a660 (last modified on Thu Oct  8 01:39:56 2026).
Using the latest cached version of the dataset since CohereForAI/include-base-44 couldn't be found on the Hugging Face Hub (offline mode is enabled).
Found the latest cached dataset configuration 'Malay' at /home/mai.chau/.cache/huggingface/datasets/CohereForAI___include-base-44/Malay/0.0.0/d2e1f6015f67a43c02a9a68db98e2298e2d6a660 (last modified on Thu Oct  8 01:39:56 2026).
Using the latest cached version of the dataset since CohereForAI/include-base-44 couldn't be found on the Hugging Face Hub (offline mode is enabled).
Found the latest cached dataset configuration 'Vietnamese' at /home/mai.chau/.cache/huggingface/datasets/CohereForAI___include-base-44/Vietnamese/0.0.0/d2e1f6015f67a43c02a9a68db98e2298e2d6a660 (last modified on Thu Oct  8 00:36:39 2026).
Using the latest cached version of the dataset since CohereForAI/include-base-44 couldn't be found on the Hugging Face Hub (offline mode is enabled).
Found the latest cached dataset configuration 'Vietnamese' at /home/mai.chau/.cache/huggingface/datasets/CohereForAI___include-base-44/Vietnamese/0.0.0/d2e1f6015f67a43c02a9a68db98e2298e2d6a660 (last modified on Thu Oct  8 00:36:39 2026).
Using the latest cached version of the dataset since CohereForAI/include-base-44 couldn't be found on the Hugging Face Hub (offline mode is enabled).
Found the latest cached dataset configuration 'Vietnamese' at /home/mai.chau/.cache/huggingface/datasets/CohereForAI___include-base-44/Vietnamese/0.0.0/d2e1f6015f67a43c02a9a68db98e2298e2d6a660 (last modified on Thu Oct  8 00:36:39 2026).
Using the latest cached version of the dataset since Davlan/sib200 couldn't be found on the Hugging Face Hub (offline mode is enabled).
Found the latest cached dataset configuration 'mya_Mymr' at /home/mai.chau/.cache/huggingface/datasets/Davlan___sib200/mya_Mymr/0.0.0/38977a667f6fc264d5c26ec57a01e16db040b358 (last modified on Thu Oct  8 11:16:14 2026).
Using the latest cached version of the dataset since Davlan/sib200 couldn't be found on the Hugging Face Hub (offline mode is enabled).
Found the latest cached dataset configuration 'tgl_Latn' at /home/mai.chau/.cache/huggingface/datasets/Davlan___sib200/tgl_Latn/0.0.0/38977a667f6fc264d5c26ec57a01e16db040b358 (last modified on Thu Oct  8 11:16:43 2026).
Using the latest cached version of the dataset since Davlan/sib200 couldn't be found on the Hugging Face Hub (offline mode is enabled).
Found the latest cached dataset configuration 'ind_Latn' at /home/mai.chau/.cache/huggingface/datasets/Davlan___sib200/ind_Latn/0.0.0/38977a667f6fc264d5c26ec57a01e16db040b358 (last modified on Thu Oct  8 11:15:12 2026).
Using the latest cached version of the dataset since Davlan/sib200 couldn't be found on the Hugging Face Hub (offline mode is enabled).
Found the latest cached dataset configuration 'khm_Khmr' at /home/mai.chau/.cache/huggingface/datasets/Davlan___sib200/khm_Khmr/0.0.0/38977a667f6fc264d5c26ec57a01e16db040b358 (last modified on Thu Oct  8 11:16:47 2026).
Using the latest cached version of the dataset since Davlan/sib200 couldn't be found on the Hugging Face Hub (offline mode is enabled).
Found the latest cached dataset configuration 'zsm_Latn' at /home/mai.chau/.cache/huggingface/datasets/Davlan___sib200/zsm_Latn/0.0.0/38977a667f6fc264d5c26ec57a01e16db040b358 (last modified on Thu Oct  8 11:24:24 2026).
Using the latest cached version of the dataset since Davlan/sib200 couldn't be found on the Hugging Face Hub (offline mode is enabled).
Found the latest cached dataset configuration 'tha_Thai' at /home/mai.chau/.cache/huggingface/datasets/Davlan___sib200/tha_Thai/0.0.0/38977a667f6fc264d5c26ec57a01e16db040b358 (last modified on Thu Oct  8 11:24:52 2026).
Using the latest cached version of the dataset since Davlan/sib200 couldn't be found on the Hugging Face Hub (offline mode is enabled).
Found the latest cached dataset configuration 'vie_Latn' at /home/mai.chau/.cache/huggingface/datasets/Davlan___sib200/vie_Latn/0.0.0/38977a667f6fc264d5c26ec57a01e16db040b358 (last modified on Thu Oct  8 11:16:51 2026).
Using the latest cached version of the dataset since aisingapore/SEA-NLI couldn't be found on the Hugging Face Hub (offline mode is enabled).
Found the latest cached dataset configuration 'normal' at /home/mai.chau/.cache/huggingface/datasets/aisingapore___sea-nli/normal/0.0.0/f3a73ccb4213ff995ef2bf8bcb903eaf53195713 (last modified on Thu Oct  8 11:27:41 2026).
Using the latest cached version of the dataset since aisingapore/SEA-NLI couldn't be found on the Hugging Face Hub (offline mode is enabled).
Found the latest cached dataset configuration 'normal' at /home/mai.chau/.cache/huggingface/datasets/aisingapore___sea-nli/normal/0.0.0/f3a73ccb4213ff995ef2bf8bcb903eaf53195713 (last modified on Thu Oct  8 11:27:41 2026).
Using the latest cached version of the dataset since aisingapore/SEA-NLI couldn't be found on the Hugging Face Hub (offline mode is enabled).
Found the latest cached dataset configuration 'normal' at /home/mai.chau/.cache/huggingface/datasets/aisingapore___sea-nli/normal/0.0.0/f3a73ccb4213ff995ef2bf8bcb903eaf53195713 (last modified on Thu Oct  8 11:27:41 2026).
Using the latest cached version of the dataset since aisingapore/SEA-NLI couldn't be found on the Hugging Face Hub (offline mode is enabled).
Found the latest cached dataset configuration 'normal' at /home/mai.chau/.cache/huggingface/datasets/aisingapore___sea-nli/normal/0.0.0/f3a73ccb4213ff995ef2bf8bcb903eaf53195713 (last modified on Thu Oct  8 11:27:41 2026).
Using the latest cached version of the dataset since aisingapore/SEA-NLI couldn't be found on the Hugging Face Hub (offline mode is enabled).
Found the latest cached dataset configuration 'normal' at /home/mai.chau/.cache/huggingface/datasets/aisingapore___sea-nli/normal/0.0.0/f3a73ccb4213ff995ef2bf8bcb903eaf53195713 (last modified on Thu Oct  8 11:27:41 2026).
Using the latest cached version of the dataset since aisingapore/SEA-NLI couldn't be found on the Hugging Face Hub (offline mode is enabled).
Found the latest cached dataset configuration 'normal' at /home/mai.chau/.cache/huggingface/datasets/aisingapore___sea-nli/normal/0.0.0/f3a73ccb4213ff995ef2bf8bcb903eaf53195713 (last modified on Thu Oct  8 11:27:41 2026).
Using the latest cached version of the dataset since aisingapore/SEA-NLI couldn't be found on the Hugging Face Hub (offline mode is enabled).
Found the latest cached dataset configuration 'normal' at /home/mai.chau/.cache/huggingface/datasets/aisingapore___sea-nli/normal/0.0.0/f3a73ccb4213ff995ef2bf8bcb903eaf53195713 (last modified on Thu Oct  8 11:27:41 2026).
Using the latest cached version of the dataset since aisingapore/SEA-NLI couldn't be found on the Hugging Face Hub (offline mode is enabled).
Found the latest cached dataset configuration 'hard' at /home/mai.chau/.cache/huggingface/datasets/aisingapore___sea-nli/hard/0.0.0/f3a73ccb4213ff995ef2bf8bcb903eaf53195713 (last modified on Thu Oct  8 11:27:51 2026).
Using the latest cached version of the dataset since aisingapore/SEA-NLI couldn't be found on the Hugging Face Hub (offline mode is enabled).
Found the latest cached dataset configuration 'hard' at /home/mai.chau/.cache/huggingface/datasets/aisingapore___sea-nli/hard/0.0.0/f3a73ccb4213ff995ef2bf8bcb903eaf53195713 (last modified on Thu Oct  8 11:27:51 2026).
Using the latest cached version of the dataset since aisingapore/SEA-NLI couldn't be found on the Hugging Face Hub (offline mode is enabled).
Found the latest cached dataset configuration 'hard' at /home/mai.chau/.cache/huggingface/datasets/aisingapore___sea-nli/hard/0.0.0/f3a73ccb4213ff995ef2bf8bcb903eaf53195713 (last modified on Thu Oct  8 11:27:51 2026).
Using the latest cached version of the dataset since aisingapore/SEA-NLI couldn't be found on the Hugging Face Hub (offline mode is enabled).
Found the latest cached dataset configuration 'hard' at /home/mai.chau/.cache/huggingface/datasets/aisingapore___sea-nli/hard/0.0.0/f3a73ccb4213ff995ef2bf8bcb903eaf53195713 (last modified on Thu Oct  8 11:27:51 2026).
Using the latest cached version of the dataset since aisingapore/SEA-NLI couldn't be found on the Hugging Face Hub (offline mode is enabled).
Found the latest cached dataset configuration 'hard' at /home/mai.chau/.cache/huggingface/datasets/aisingapore___sea-nli/hard/0.0.0/f3a73ccb4213ff995ef2bf8bcb903eaf53195713 (last modified on Thu Oct  8 11:27:51 2026).
Using the latest cached version of the dataset since aisingapore/SEA-NLI couldn't be found on the Hugging Face Hub (offline mode is enabled).
Found the latest cached dataset configuration 'hard' at /home/mai.chau/.cache/huggingface/datasets/aisingapore___sea-nli/hard/0.0.0/f3a73ccb4213ff995ef2bf8bcb903eaf53195713 (last modified on Thu Oct  8 11:27:51 2026).
Using the latest cached version of the dataset since aisingapore/SEA-NLI couldn't be found on the Hugging Face Hub (offline mode is enabled).
Found the latest cached dataset configuration 'hard' at /home/mai.chau/.cache/huggingface/datasets/aisingapore___sea-nli/hard/0.0.0/f3a73ccb4213ff995ef2bf8bcb903eaf53195713 (last modified on Thu Oct  8 11:27:51 2026).
  0%|          | 0/500 [00:00<?, ?it/s]  3%|▎         | 15/500 [00:00<00:03, 145.06it/s]  6%|▌         | 30/500 [00:00<00:03, 145.88it/s]  9%|▉         | 45/500 [00:00<00:03, 146.00it/s] 12%|█▏        | 60/500 [00:00<00:03, 145.27it/s] 15%|█▌        | 75/500 [00:00<00:02, 145.71it/s] 18%|█▊        | 90/500 [00:00<00:02, 145.94it/s] 21%|██        | 105/500 [00:00<00:02, 146.18it/s] 24%|██▍       | 120/500 [00:00<00:02, 146.21it/s] 27%|██▋       | 135/500 [00:00<00:02, 145.93it/s] 30%|███       | 150/500 [00:01<00:02, 146.21it/s] 33%|███▎      | 165/500 [00:01<00:02, 146.40it/s] 36%|███▌      | 180/500 [00:01<00:02, 146.26it/s] 39%|███▉      | 195/500 [00:01<00:02, 146.13it/s] 42%|████▏     | 210/500 [00:01<00:01, 145.99it/s] 45%|████▌     | 225/500 [00:01<00:01, 146.01it/s] 48%|████▊     | 240/500 [00:01<00:01, 146.20it/s] 51%|█████     | 255/500 [00:01<00:01, 146.20it/s] 54%|█████▍    | 270/500 [00:01<00:01, 146.14it/s] 57%|█████▋    | 285/500 [00:01<00:01, 146.06it/s] 60%|██████    | 300/500 [00:02<00:01, 146.02it/s] 63%|██████▎   | 315/500 [00:02<00:01, 146.16it/s] 66%|██████▌   | 330/500 [00:02<00:01, 146.28it/s] 69%|██████▉   | 345/500 [00:02<00:01, 146.16it/s] 72%|███████▏  | 360/500 [00:02<00:00, 145.87it/s] 75%|███████▌  | 375/500 [00:02<00:00, 145.91it/s] 78%|███████▊  | 390/500 [00:02<00:00, 146.17it/s] 81%|████████  | 405/500 [00:02<00:00, 146.14it/s] 84%|████████▍ | 420/500 [00:02<00:00, 145.98it/s] 87%|████████▋ | 435/500 [00:02<00:00, 145.74it/s] 90%|█████████ | 450/500 [00:03<00:00, 145.74it/s] 93%|█████████▎| 465/500 [00:03<00:00, 146.09it/s] 96%|█████████▌| 480/500 [00:03<00:00, 146.30it/s] 99%|█████████▉| 495/500 [00:03<00:00, 146.18it/s]100%|██████████| 500/500 [00:03<00:00, 146.05it/s]
  0%|          | 0/500 [00:00<?, ?it/s]  3%|▎         | 15/500 [00:00<00:03, 145.41it/s]  6%|▌         | 30/500 [00:00<00:03, 145.34it/s]  9%|▉         | 45/500 [00:00<00:03, 145.47it/s] 12%|█▏        | 60/500 [00:00<00:03, 145.22it/s] 15%|█▌        | 75/500 [00:00<00:02, 145.18it/s] 18%|█▊        | 90/500 [00:00<00:02, 145.24it/s] 21%|██        | 105/500 [00:00<00:02, 145.32it/s] 24%|██▍       | 120/500 [00:00<00:02, 145.40it/s] 27%|██▋       | 135/500 [00:00<00:02, 145.82it/s] 30%|███       | 150/500 [00:01<00:02, 145.98it/s] 33%|███▎      | 165/500 [00:01<00:02, 146.00it/s] 36%|███▌      | 180/500 [00:01<00:02, 146.37it/s] 39%|███▉      | 195/500 [00:01<00:02, 146.84it/s] 42%|████▏     | 210/500 [00:01<00:01, 146.83it/s] 45%|████▌     | 225/500 [00:01<00:01, 146.66it/s] 48%|████▊     | 240/500 [00:01<00:01, 146.65it/s] 51%|█████     | 255/500 [00:01<00:01, 146.56it/s] 54%|█████▍    | 270/500 [00:01<00:01, 146.87it/s] 57%|█████▋    | 285/500 [00:01<00:01, 146.85it/s] 60%|██████    | 300/500 [00:02<00:01, 146.52it/s] 63%|██████▎   | 315/500 [00:02<00:01, 146.52it/s] 66%|██████▌   | 330/500 [00:02<00:01, 146.66it/s] 69%|██████▉   | 345/500 [00:02<00:01, 146.74it/s] 72%|███████▏  | 360/500 [00:02<00:00, 146.73it/s] 75%|███████▌  | 375/500 [00:02<00:00, 146.69it/s] 78%|███████▊  | 390/500 [00:02<00:00, 146.61it/s] 81%|████████  | 405/500 [00:02<00:00, 146.60it/s] 84%|████████▍ | 420/500 [00:02<00:00, 146.59it/s] 87%|████████▋ | 435/500 [00:02<00:00, 146.67it/s] 90%|█████████ | 450/500 [00:03<00:00, 146.41it/s] 93%|█████████▎| 465/500 [00:03<00:00, 146.14it/s] 96%|█████████▌| 480/500 [00:03<00:00, 145.79it/s] 99%|█████████▉| 495/500 [00:03<00:00, 145.89it/s]100%|██████████| 500/500 [00:03<00:00, 146.23it/s]
  0%|          | 0/500 [00:00<?, ?it/s]  3%|▎         | 15/500 [00:00<00:03, 147.10it/s]  6%|▌         | 30/500 [00:00<00:03, 146.96it/s]  9%|▉         | 45/500 [00:00<00:03, 146.83it/s] 12%|█▏        | 60/500 [00:00<00:02, 146.70it/s] 15%|█▌        | 75/500 [00:00<00:02, 146.81it/s] 18%|█▊        | 90/500 [00:00<00:02, 146.88it/s] 21%|██        | 105/500 [00:00<00:02, 146.80it/s] 24%|██▍       | 120/500 [00:00<00:02, 146.69it/s] 27%|██▋       | 135/500 [00:00<00:02, 146.65it/s] 30%|███       | 150/500 [00:01<00:02, 146.91it/s] 33%|███▎      | 165/500 [00:01<00:02, 147.05it/s] 36%|███▌      | 180/500 [00:01<00:02, 146.99it/s] 39%|███▉      | 195/500 [00:01<00:02, 146.91it/s] 42%|████▏     | 210/500 [00:01<00:01, 146.75it/s] 45%|████▌     | 225/500 [00:01<00:01, 146.81it/s] 48%|████▊     | 240/500 [00:01<00:01, 146.96it/s] 51%|█████     | 255/500 [00:01<00:01, 146.95it/s] 54%|█████▍    | 270/500 [00:01<00:01, 146.95it/s] 57%|█████▋    | 285/500 [00:01<00:01, 146.82it/s] 60%|██████    | 300/500 [00:02<00:01, 146.83it/s] 63%|██████▎   | 315/500 [00:02<00:01, 147.07it/s] 66%|██████▌   | 330/500 [00:02<00:01, 147.04it/s] 69%|██████▉   | 345/500 [00:02<00:01, 145.46it/s] 72%|███████▏  | 360/500 [00:02<00:00, 145.83it/s] 75%|███████▌  | 375/500 [00:02<00:00, 146.21it/s] 78%|███████▊  | 390/500 [00:02<00:00, 146.59it/s] 81%|████████  | 405/500 [00:02<00:00, 146.95it/s] 84%|████████▍ | 420/500 [00:02<00:00, 146.89it/s] 87%|████████▋ | 435/500 [00:02<00:00, 146.77it/s] 90%|█████████ | 450/500 [00:03<00:00, 146.80it/s] 93%|█████████▎| 465/500 [00:03<00:00, 147.02it/s] 96%|█████████▌| 480/500 [00:03<00:00, 147.03it/s] 99%|█████████▉| 495/500 [00:03<00:00, 146.87it/s]100%|██████████| 500/500 [00:03<00:00, 146.79it/s]
  0%|          | 0/500 [00:00<?, ?it/s]  3%|▎         | 15/500 [00:00<00:03, 146.06it/s]  6%|▌         | 30/500 [00:00<00:03, 146.58it/s]  9%|▉         | 45/500 [00:00<00:03, 147.25it/s] 12%|█▏        | 60/500 [00:00<00:02, 147.38it/s] 15%|█▌        | 75/500 [00:00<00:02, 147.11it/s] 18%|█▊        | 90/500 [00:00<00:02, 147.04it/s] 21%|██        | 105/500 [00:00<00:02, 146.96it/s] 24%|██▍       | 120/500 [00:00<00:02, 147.21it/s] 27%|██▋       | 135/500 [00:00<00:02, 147.43it/s] 30%|███       | 150/500 [00:01<00:02, 147.49it/s] 33%|███▎      | 165/500 [00:01<00:02, 147.29it/s] 36%|███▌      | 180/500 [00:01<00:02, 147.19it/s] 39%|███▉      | 195/500 [00:01<00:02, 147.45it/s] 42%|████▏     | 210/500 [00:01<00:01, 147.61it/s] 45%|████▌     | 225/500 [00:01<00:01, 147.62it/s] 48%|████▊     | 240/500 [00:01<00:01, 147.57it/s] 51%|█████     | 255/500 [00:01<00:01, 147.44it/s] 54%|█████▍    | 270/500 [00:01<00:01, 147.38it/s] 57%|█████▋    | 285/500 [00:01<00:01, 147.51it/s] 60%|██████    | 300/500 [00:02<00:01, 147.43it/s] 63%|██████▎   | 315/500 [00:02<00:01, 147.35it/s] 66%|██████▌   | 330/500 [00:02<00:01, 147.29it/s] 69%|██████▉   | 345/500 [00:02<00:01, 147.29it/s] 72%|███████▏  | 360/500 [00:02<00:00, 147.34it/s] 75%|███████▌  | 375/500 [00:02<00:00, 147.40it/s] 78%|███████▊  | 390/500 [00:02<00:00, 147.31it/s] 81%|████████  | 405/500 [00:02<00:00, 147.16it/s] 84%|████████▍ | 420/500 [00:02<00:00, 147.29it/s] 87%|████████▋ | 435/500 [00:02<00:00, 147.39it/s] 90%|█████████ | 450/500 [00:03<00:00, 147.46it/s] 93%|█████████▎| 465/500 [00:03<00:00, 147.49it/s] 96%|█████████▌| 480/500 [00:03<00:00, 147.34it/s] 99%|█████████▉| 495/500 [00:03<00:00, 146.17it/s]100%|██████████| 500/500 [00:03<00:00, 147.19it/s]
  0%|          | 0/500 [00:00<?, ?it/s]  3%|▎         | 15/500 [00:00<00:03, 147.45it/s]  6%|▌         | 30/500 [00:00<00:03, 147.12it/s]  9%|▉         | 45/500 [00:00<00:03, 147.02it/s] 12%|█▏        | 60/500 [00:00<00:02, 147.06it/s] 15%|█▌        | 75/500 [00:00<00:02, 147.09it/s] 18%|█▊        | 90/500 [00:00<00:02, 147.32it/s] 21%|██        | 105/500 [00:00<00:02, 147.36it/s] 24%|██▍       | 120/500 [00:00<00:02, 147.13it/s] 27%|██▋       | 135/500 [00:00<00:02, 146.99it/s] 30%|███       | 150/500 [00:01<00:02, 147.10it/s] 33%|███▎      | 165/500 [00:01<00:02, 147.32it/s] 36%|███▌      | 180/500 [00:01<00:02, 147.37it/s] 39%|███▉      | 195/500 [00:01<00:02, 147.27it/s] 42%|████▏     | 210/500 [00:01<00:01, 146.99it/s] 45%|████▌     | 225/500 [00:01<00:01, 147.20it/s] 48%|████▊     | 240/500 [00:01<00:01, 147.54it/s] 51%|█████     | 255/500 [00:01<00:01, 147.70it/s] 54%|█████▍    | 270/500 [00:01<00:01, 147.63it/s] 57%|█████▋    | 285/500 [00:01<00:01, 147.62it/s] 60%|██████    | 300/500 [00:02<00:01, 147.39it/s] 63%|██████▎   | 315/500 [00:02<00:01, 147.41it/s] 66%|██████▌   | 330/500 [00:02<00:01, 147.41it/s] 69%|██████▉   | 345/500 [00:02<00:01, 147.19it/s] 72%|███████▏  | 360/500 [00:02<00:00, 147.15it/s] 75%|███████▌  | 375/500 [00:02<00:00, 146.92it/s] 78%|███████▊  | 390/500 [00:02<00:00, 146.63it/s] 81%|████████  | 405/500 [00:02<00:00, 146.82it/s] 84%|████████▍ | 420/500 [00:02<00:00, 146.82it/s] 87%|████████▋ | 435/500 [00:02<00:00, 146.63it/s] 90%|█████████ | 450/500 [00:03<00:00, 146.73it/s] 93%|█████████▎| 465/500 [00:03<00:00, 146.97it/s] 96%|█████████▌| 480/500 [00:03<00:00, 147.20it/s] 99%|█████████▉| 495/500 [00:03<00:00, 147.19it/s]100%|██████████| 500/500 [00:03<00:00, 147.16it/s]
  0%|          | 0/500 [00:00<?, ?it/s]  3%|▎         | 15/500 [00:00<00:03, 147.44it/s]  6%|▌         | 30/500 [00:00<00:03, 147.37it/s]  9%|▉         | 45/500 [00:00<00:03, 147.87it/s] 12%|█▏        | 60/500 [00:00<00:02, 147.66it/s] 15%|█▌        | 75/500 [00:00<00:02, 147.39it/s] 18%|█▊        | 90/500 [00:00<00:02, 147.29it/s] 21%|██        | 105/500 [00:00<00:02, 147.25it/s] 24%|██▍       | 120/500 [00:00<00:02, 147.48it/s] 27%|██▋       | 135/500 [00:00<00:02, 147.07it/s] 30%|███       | 150/500 [00:01<00:02, 146.93it/s] 33%|███▎      | 165/500 [00:01<00:02, 146.92it/s] 36%|███▌      | 180/500 [00:01<00:02, 146.89it/s] 39%|███▉      | 195/500 [00:01<00:02, 146.87it/s] 42%|████▏     | 210/500 [00:01<00:01, 146.87it/s] 45%|████▌     | 225/500 [00:01<00:01, 146.91it/s] 48%|████▊     | 240/500 [00:01<00:01, 146.87it/s] 51%|█████     | 255/500 [00:01<00:01, 146.68it/s] 54%|█████▍    | 270/500 [00:01<00:01, 146.67it/s] 57%|█████▋    | 285/500 [00:01<00:01, 146.85it/s] 60%|██████    | 300/500 [00:02<00:01, 146.88it/s] 63%|██████▎   | 315/500 [00:02<00:01, 146.99it/s] 66%|██████▌   | 330/500 [00:02<00:01, 146.98it/s] 69%|██████▉   | 345/500 [00:02<00:01, 146.88it/s] 72%|███████▏  | 360/500 [00:02<00:00, 147.17it/s] 75%|███████▌  | 375/500 [00:02<00:00, 147.32it/s] 78%|███████▊  | 390/500 [00:02<00:00, 147.09it/s] 81%|████████  | 405/500 [00:02<00:00, 146.98it/s] 84%|████████▍ | 420/500 [00:02<00:00, 146.81it/s] 87%|████████▋ | 435/500 [00:02<00:00, 147.01it/s] 90%|█████████ | 450/500 [00:03<00:00, 147.39it/s] 93%|█████████▎| 465/500 [00:03<00:00, 147.21it/s] 96%|█████████▌| 480/500 [00:03<00:00, 147.05it/s] 99%|█████████▉| 495/500 [00:03<00:00, 146.88it/s]100%|██████████| 500/500 [00:03<00:00, 147.04it/s]
  0%|          | 0/500 [00:00<?, ?it/s]  3%|▎         | 15/500 [00:00<00:03, 147.39it/s]  6%|▌         | 30/500 [00:00<00:03, 147.20it/s]  9%|▉         | 45/500 [00:00<00:03, 147.11it/s] 12%|█▏        | 60/500 [00:00<00:02, 147.12it/s] 15%|█▌        | 75/500 [00:00<00:02, 147.20it/s] 18%|█▊        | 90/500 [00:00<00:02, 147.03it/s] 21%|██        | 105/500 [00:00<00:02, 147.18it/s] 24%|██▍       | 120/500 [00:00<00:02, 147.24it/s] 27%|██▋       | 135/500 [00:00<00:02, 147.26it/s] 30%|███       | 150/500 [00:01<00:02, 147.08it/s] 33%|███▎      | 165/500 [00:01<00:02, 147.31it/s] 36%|███▌      | 180/500 [00:01<00:02, 147.50it/s] 39%|███▉      | 195/500 [00:01<00:02, 147.39it/s] 42%|████▏     | 210/500 [00:01<00:01, 147.18it/s] 45%|████▌     | 225/500 [00:01<00:01, 147.22it/s] 48%|████▊     | 240/500 [00:01<00:01, 147.47it/s] 51%|█████     | 255/500 [00:01<00:01, 147.18it/s] 54%|█████▍    | 270/500 [00:01<00:01, 147.06it/s] 57%|█████▋    | 285/500 [00:01<00:01, 147.00it/s] 60%|██████    | 300/500 [00:02<00:01, 146.66it/s] 63%|██████▎   | 315/500 [00:02<00:01, 146.47it/s] 66%|██████▌   | 330/500 [00:02<00:01, 146.61it/s] 69%|██████▉   | 345/500 [00:02<00:01, 146.58it/s] 72%|███████▏  | 360/500 [00:02<00:00, 146.58it/s] 75%|███████▌  | 375/500 [00:02<00:00, 146.50it/s] 78%|███████▊  | 390/500 [00:02<00:00, 146.26it/s] 81%|████████  | 405/500 [00:02<00:00, 146.37it/s] 84%|████████▍ | 420/500 [00:02<00:00, 146.34it/s] 87%|████████▋ | 435/500 [00:02<00:00, 146.13it/s] 90%|█████████ | 450/500 [00:03<00:00, 146.04it/s] 93%|█████████▎| 465/500 [00:03<00:00, 145.38it/s] 96%|█████████▌| 480/500 [00:03<00:00, 145.59it/s] 99%|█████████▉| 495/500 [00:03<00:00, 145.76it/s]100%|██████████| 500/500 [00:03<00:00, 146.69it/s]
  0%|          | 0/95 [00:00<?, ?it/s] 49%|████▉     | 47/95 [00:00<00:00, 463.76it/s] 99%|█████████▉| 94/95 [00:00<00:00, 465.43it/s]100%|██████████| 95/95 [00:00<00:00, 465.12it/s]
  0%|          | 0/95 [00:00<?, ?it/s] 51%|█████     | 48/95 [00:00<00:00, 471.77it/s]100%|██████████| 95/95 [00:00<00:00, 472.15it/s]
  0%|          | 0/95 [00:00<?, ?it/s] 49%|████▉     | 47/95 [00:00<00:00, 467.26it/s]100%|██████████| 95/95 [00:00<00:00, 469.35it/s]100%|██████████| 95/95 [00:00<00:00, 468.86it/s]
  0%|          | 0/95 [00:00<?, ?it/s] 48%|████▊     | 46/95 [00:00<00:00, 451.61it/s] 97%|█████████▋| 92/95 [00:00<00:00, 455.12it/s]100%|██████████| 95/95 [00:00<00:00, 454.85it/s]
  0%|          | 0/95 [00:00<?, ?it/s] 47%|████▋     | 45/95 [00:00<00:00, 443.37it/s] 95%|█████████▍| 90/95 [00:00<00:00, 444.29it/s]100%|██████████| 95/95 [00:00<00:00, 444.09it/s]
  0%|          | 0/4 [00:00<?, ?it/s]100%|██████████| 4/4 [00:00<00:00, 285.23it/s]
  0%|          | 0/6 [00:00<?, ?it/s]100%|██████████| 6/6 [00:00<00:00, 289.44it/s]
  0%|          | 0/6 [00:00<?, ?it/s]100%|██████████| 6/6 [00:00<00:00, 290.88it/s]
  0%|          | 0/4 [00:00<?, ?it/s]100%|██████████| 4/4 [00:00<00:00, 291.95it/s]
  0%|          | 0/6 [00:00<?, ?it/s]100%|██████████| 6/6 [00:00<00:00, 289.71it/s]
  0%|          | 0/2 [00:00<?, ?it/s]100%|██████████| 2/2 [00:00<00:00, 287.44it/s]
  0%|          | 0/3 [00:00<?, ?it/s]100%|██████████| 3/3 [00:00<00:00, 286.12it/s]
  0%|          | 0/5 [00:00<?, ?it/s]100%|██████████| 5/5 [00:00<00:00, 291.28it/s]
  0%|          | 0/2 [00:00<?, ?it/s]100%|██████████| 2/2 [00:00<00:00, 285.14it/s]
  0%|          | 0/8 [00:00<?, ?it/s]100%|██████████| 8/8 [00:00<00:00, 292.88it/s]
  0%|          | 0/4 [00:00<?, ?it/s]100%|██████████| 4/4 [00:00<00:00, 292.32it/s]
  0%|          | 0/11 [00:00<?, ?it/s]100%|██████████| 11/11 [00:00<00:00, 291.64it/s]
  0%|          | 0/12 [00:00<?, ?it/s]100%|██████████| 12/12 [00:00<00:00, 294.03it/s]
  0%|          | 0/5 [00:00<?, ?it/s]100%|██████████| 5/5 [00:00<00:00, 292.76it/s]
  0%|          | 0/7 [00:00<?, ?it/s]100%|██████████| 7/7 [00:00<00:00, 294.59it/s]
  0%|          | 0/7 [00:00<?, ?it/s]100%|██████████| 7/7 [00:00<00:00, 296.06it/s]
  0%|          | 0/3 [00:00<?, ?it/s]100%|██████████| 3/3 [00:00<00:00, 291.18it/s]
  0%|          | 0/4 [00:00<?, ?it/s]100%|██████████| 4/4 [00:00<00:00, 295.99it/s]
  0%|          | 0/1 [00:00<?, ?it/s]100%|██████████| 1/1 [00:00<00:00, 288.39it/s]
  0%|          | 0/15 [00:00<?, ?it/s]100%|██████████| 15/15 [00:00<00:00, 298.64it/s]
  0%|          | 0/21 [00:00<?, ?it/s]100%|██████████| 21/21 [00:00<00:00, 297.62it/s]
  0%|          | 0/14 [00:00<?, ?it/s]100%|██████████| 14/14 [00:00<00:00, 294.64it/s]
  0%|          | 0/16 [00:00<?, ?it/s]100%|██████████| 16/16 [00:00<00:00, 296.46it/s]
  0%|          | 0/10 [00:00<?, ?it/s]100%|██████████| 10/10 [00:00<00:00, 294.03it/s]
  0%|          | 0/12 [00:00<?, ?it/s]100%|██████████| 12/12 [00:00<00:00, 297.87it/s]
  0%|          | 0/28 [00:00<?, ?it/s]100%|██████████| 28/28 [00:00<00:00, 300.49it/s]
  0%|          | 0/6 [00:00<?, ?it/s]100%|██████████| 6/6 [00:00<00:00, 292.51it/s]
  0%|          | 0/84 [00:00<?, ?it/s] 36%|███▌      | 30/84 [00:00<00:00, 298.51it/s] 71%|███████▏  | 60/84 [00:00<00:00, 299.11it/s]100%|██████████| 84/84 [00:00<00:00, 298.85it/s]
  0%|          | 0/23 [00:00<?, ?it/s]100%|██████████| 23/23 [00:00<00:00, 296.92it/s]
  0%|          | 0/45 [00:00<?, ?it/s] 67%|██████▋   | 30/45 [00:00<00:00, 299.28it/s]100%|██████████| 45/45 [00:00<00:00, 299.95it/s]
  0%|          | 0/17 [00:00<?, ?it/s]100%|██████████| 17/17 [00:00<00:00, 299.85it/s]
  0%|          | 0/9 [00:00<?, ?it/s]100%|██████████| 9/9 [00:00<00:00, 298.76it/s]
  0%|          | 0/4 [00:00<?, ?it/s]100%|██████████| 4/4 [00:00<00:00, 290.39it/s]
  0%|          | 0/4 [00:00<?, ?it/s]100%|██████████| 4/4 [00:00<00:00, 295.58it/s]
  0%|          | 0/11 [00:00<?, ?it/s]100%|██████████| 11/11 [00:00<00:00, 297.03it/s]
  0%|          | 0/15 [00:00<?, ?it/s]100%|██████████| 15/15 [00:00<00:00, 297.92it/s]
  0%|          | 0/7 [00:00<?, ?it/s]100%|██████████| 7/7 [00:00<00:00, 293.60it/s]
  0%|          | 0/16 [00:00<?, ?it/s]100%|██████████| 16/16 [00:00<00:00, 294.95it/s]
  0%|          | 0/3 [00:00<?, ?it/s]100%|██████████| 3/3 [00:00<00:00, 288.24it/s]
  0%|          | 0/18 [00:00<?, ?it/s]100%|██████████| 18/18 [00:00<00:00, 297.82it/s]
  0%|          | 0/5 [00:00<?, ?it/s]100%|██████████| 5/5 [00:00<00:00, 294.17it/s]
  0%|          | 0/8 [00:00<?, ?it/s]100%|██████████| 8/8 [00:00<00:00, 295.49it/s]
  0%|          | 0/5 [00:00<?, ?it/s]100%|██████████| 5/5 [00:00<00:00, 294.57it/s]
  0%|          | 0/4 [00:00<?, ?it/s]100%|██████████| 4/4 [00:00<00:00, 292.98it/s]
  0%|          | 0/3 [00:00<?, ?it/s]100%|██████████| 3/3 [00:00<00:00, 292.99it/s]
  0%|          | 0/5 [00:00<?, ?it/s]100%|██████████| 5/5 [00:00<00:00, 290.77it/s]
  0%|          | 0/6 [00:00<?, ?it/s]100%|██████████| 6/6 [00:00<00:00, 290.45it/s]
  0%|          | 0/5 [00:00<?, ?it/s]100%|██████████| 5/5 [00:00<00:00, 294.62it/s]
  0%|          | 0/4 [00:00<?, ?it/s]100%|██████████| 4/4 [00:00<00:00, 292.20it/s]
  0%|          | 0/2 [00:00<?, ?it/s]100%|██████████| 2/2 [00:00<00:00, 298.94it/s]
  0%|          | 0/2 [00:00<?, ?it/s]100%|██████████| 2/2 [00:00<00:00, 298.29it/s]
  0%|          | 0/7 [00:00<?, ?it/s]100%|██████████| 7/7 [00:00<00:00, 299.47it/s]
  0%|          | 0/13 [00:00<?, ?it/s]100%|██████████| 13/13 [00:00<00:00, 297.36it/s]
  0%|          | 0/7 [00:00<?, ?it/s]100%|██████████| 7/7 [00:00<00:00, 295.95it/s]
  0%|          | 0/10 [00:00<?, ?it/s]100%|██████████| 10/10 [00:00<00:00, 295.72it/s]
  0%|          | 0/34 [00:00<?, ?it/s] 88%|████████▊ | 30/34 [00:00<00:00, 298.16it/s]100%|██████████| 34/34 [00:00<00:00, 298.08it/s]
  0%|          | 0/2 [00:00<?, ?it/s]100%|██████████| 2/2 [00:00<00:00, 291.54it/s]
  0%|          | 0/4 [00:00<?, ?it/s]100%|██████████| 4/4 [00:00<00:00, 296.49it/s]
  0%|          | 0/6 [00:00<?, ?it/s]100%|██████████| 6/6 [00:00<00:00, 292.27it/s]
  0%|          | 0/6 [00:00<?, ?it/s]100%|██████████| 6/6 [00:00<00:00, 292.91it/s]
  0%|          | 0/4 [00:00<?, ?it/s]100%|██████████| 4/4 [00:00<00:00, 291.97it/s]
  0%|          | 0/6 [00:00<?, ?it/s]100%|██████████| 6/6 [00:00<00:00, 293.43it/s]
  0%|          | 0/2 [00:00<?, ?it/s]100%|██████████| 2/2 [00:00<00:00, 292.70it/s]
  0%|          | 0/3 [00:00<?, ?it/s]100%|██████████| 3/3 [00:00<00:00, 288.88it/s]
  0%|          | 0/5 [00:00<?, ?it/s]100%|██████████| 5/5 [00:00<00:00, 293.85it/s]
  0%|          | 0/2 [00:00<?, ?it/s]100%|██████████| 2/2 [00:00<00:00, 287.20it/s]
  0%|          | 0/8 [00:00<?, ?it/s]100%|██████████| 8/8 [00:00<00:00, 297.75it/s]
  0%|          | 0/4 [00:00<?, ?it/s]100%|██████████| 4/4 [00:00<00:00, 292.61it/s]
  0%|          | 0/11 [00:00<?, ?it/s]100%|██████████| 11/11 [00:00<00:00, 297.17it/s]
  0%|          | 0/12 [00:00<?, ?it/s]100%|██████████| 12/12 [00:00<00:00, 297.65it/s]
  0%|          | 0/5 [00:00<?, ?it/s]100%|██████████| 5/5 [00:00<00:00, 290.81it/s]
  0%|          | 0/7 [00:00<?, ?it/s]100%|██████████| 7/7 [00:00<00:00, 292.09it/s]
  0%|          | 0/7 [00:00<?, ?it/s]100%|██████████| 7/7 [00:00<00:00, 297.81it/s]
  0%|          | 0/3 [00:00<?, ?it/s]100%|██████████| 3/3 [00:00<00:00, 286.58it/s]
  0%|          | 0/4 [00:00<?, ?it/s]100%|██████████| 4/4 [00:00<00:00, 291.94it/s]
  0%|          | 0/1 [00:00<?, ?it/s]100%|██████████| 1/1 [00:00<00:00, 288.17it/s]
  0%|          | 0/15 [00:00<?, ?it/s]100%|██████████| 15/15 [00:00<00:00, 296.33it/s]
  0%|          | 0/21 [00:00<?, ?it/s]100%|██████████| 21/21 [00:00<00:00, 296.24it/s]
  0%|          | 0/14 [00:00<?, ?it/s]100%|██████████| 14/14 [00:00<00:00, 296.80it/s]
  0%|          | 0/16 [00:00<?, ?it/s]100%|██████████| 16/16 [00:00<00:00, 296.10it/s]
  0%|          | 0/10 [00:00<?, ?it/s]100%|██████████| 10/10 [00:00<00:00, 298.81it/s]
  0%|          | 0/12 [00:00<?, ?it/s]100%|██████████| 12/12 [00:00<00:00, 297.86it/s]
  0%|          | 0/28 [00:00<?, ?it/s]100%|██████████| 28/28 [00:00<00:00, 299.06it/s]
  0%|          | 0/6 [00:00<?, ?it/s]100%|██████████| 6/6 [00:00<00:00, 295.78it/s]
  0%|          | 0/84 [00:00<?, ?it/s] 36%|███▌      | 30/84 [00:00<00:00, 296.47it/s] 71%|███████▏  | 60/84 [00:00<00:00, 296.93it/s]100%|██████████| 84/84 [00:00<00:00, 297.00it/s]
  0%|          | 0/23 [00:00<?, ?it/s]100%|██████████| 23/23 [00:00<00:00, 299.82it/s]
  0%|          | 0/45 [00:00<?, ?it/s] 67%|██████▋   | 30/45 [00:00<00:00, 299.43it/s]100%|██████████| 45/45 [00:00<00:00, 299.72it/s]
  0%|          | 0/17 [00:00<?, ?it/s]100%|██████████| 17/17 [00:00<00:00, 297.09it/s]
  0%|          | 0/9 [00:00<?, ?it/s]100%|██████████| 9/9 [00:00<00:00, 295.09it/s]
  0%|          | 0/4 [00:00<?, ?it/s]100%|██████████| 4/4 [00:00<00:00, 295.31it/s]
  0%|          | 0/4 [00:00<?, ?it/s]100%|██████████| 4/4 [00:00<00:00, 294.93it/s]
  0%|          | 0/11 [00:00<?, ?it/s]100%|██████████| 11/11 [00:00<00:00, 295.78it/s]
  0%|          | 0/15 [00:00<?, ?it/s]100%|██████████| 15/15 [00:00<00:00, 296.90it/s]
  0%|          | 0/7 [00:00<?, ?it/s]100%|██████████| 7/7 [00:00<00:00, 296.19it/s]
  0%|          | 0/16 [00:00<?, ?it/s]100%|██████████| 16/16 [00:00<00:00, 298.56it/s]
  0%|          | 0/3 [00:00<?, ?it/s]100%|██████████| 3/3 [00:00<00:00, 294.28it/s]
  0%|          | 0/18 [00:00<?, ?it/s]100%|██████████| 18/18 [00:00<00:00, 298.52it/s]
  0%|          | 0/5 [00:00<?, ?it/s]100%|██████████| 5/5 [00:00<00:00, 295.63it/s]
  0%|          | 0/8 [00:00<?, ?it/s]100%|██████████| 8/8 [00:00<00:00, 301.25it/s]
  0%|          | 0/5 [00:00<?, ?it/s]100%|██████████| 5/5 [00:00<00:00, 299.61it/s]
  0%|          | 0/4 [00:00<?, ?it/s]100%|██████████| 4/4 [00:00<00:00, 297.57it/s]
  0%|          | 0/3 [00:00<?, ?it/s]100%|██████████| 3/3 [00:00<00:00, 293.27it/s]
  0%|          | 0/5 [00:00<?, ?it/s]100%|██████████| 5/5 [00:00<00:00, 296.85it/s]
  0%|          | 0/6 [00:00<?, ?it/s]100%|██████████| 6/6 [00:00<00:00, 295.10it/s]
  0%|          | 0/5 [00:00<?, ?it/s]100%|██████████| 5/5 [00:00<00:00, 288.26it/s]
  0%|          | 0/4 [00:00<?, ?it/s]100%|██████████| 4/4 [00:00<00:00, 290.02it/s]
  0%|          | 0/2 [00:00<?, ?it/s]100%|██████████| 2/2 [00:00<00:00, 286.41it/s]
  0%|          | 0/2 [00:00<?, ?it/s]100%|██████████| 2/2 [00:00<00:00, 285.69it/s]
  0%|          | 0/7 [00:00<?, ?it/s]100%|██████████| 7/7 [00:00<00:00, 295.67it/s]
  0%|          | 0/13 [00:00<?, ?it/s]100%|██████████| 13/13 [00:00<00:00, 298.97it/s]
  0%|          | 0/7 [00:00<?, ?it/s]100%|██████████| 7/7 [00:00<00:00, 298.28it/s]
  0%|          | 0/10 [00:00<?, ?it/s]100%|██████████| 10/10 [00:00<00:00, 297.07it/s]
  0%|          | 0/34 [00:00<?, ?it/s] 88%|████████▊ | 30/34 [00:00<00:00, 297.19it/s]100%|██████████| 34/34 [00:00<00:00, 295.48it/s]
  0%|          | 0/2 [00:00<?, ?it/s]100%|██████████| 2/2 [00:00<00:00, 281.71it/s]
  0%|          | 0/4 [00:00<?, ?it/s]100%|██████████| 4/4 [00:00<00:00, 295.25it/s]
  0%|          | 0/6 [00:00<?, ?it/s]100%|██████████| 6/6 [00:00<00:00, 293.61it/s]
  0%|          | 0/6 [00:00<?, ?it/s]100%|██████████| 6/6 [00:00<00:00, 294.61it/s]
  0%|          | 0/4 [00:00<?, ?it/s]100%|██████████| 4/4 [00:00<00:00, 296.87it/s]
  0%|          | 0/6 [00:00<?, ?it/s]100%|██████████| 6/6 [00:00<00:00, 293.61it/s]
  0%|          | 0/2 [00:00<?, ?it/s]100%|██████████| 2/2 [00:00<00:00, 288.42it/s]
  0%|          | 0/3 [00:00<?, ?it/s]100%|██████████| 3/3 [00:00<00:00, 289.56it/s]
  0%|          | 0/5 [00:00<?, ?it/s]100%|██████████| 5/5 [00:00<00:00, 298.50it/s]
  0%|          | 0/2 [00:00<?, ?it/s]100%|██████████| 2/2 [00:00<00:00, 291.83it/s]
  0%|          | 0/8 [00:00<?, ?it/s]100%|██████████| 8/8 [00:00<00:00, 297.14it/s]
  0%|          | 0/4 [00:00<?, ?it/s]100%|██████████| 4/4 [00:00<00:00, 292.61it/s]
  0%|          | 0/11 [00:00<?, ?it/s]100%|██████████| 11/11 [00:00<00:00, 294.73it/s]
  0%|          | 0/12 [00:00<?, ?it/s]100%|██████████| 12/12 [00:00<00:00, 297.11it/s]
  0%|          | 0/5 [00:00<?, ?it/s]100%|██████████| 5/5 [00:00<00:00, 289.85it/s]
  0%|          | 0/7 [00:00<?, ?it/s]100%|██████████| 7/7 [00:00<00:00, 294.95it/s]
  0%|          | 0/7 [00:00<?, ?it/s]100%|██████████| 7/7 [00:00<00:00, 299.30it/s]
  0%|          | 0/3 [00:00<?, ?it/s]100%|██████████| 3/3 [00:00<00:00, 285.30it/s]
  0%|          | 0/4 [00:00<?, ?it/s]100%|██████████| 4/4 [00:00<00:00, 296.91it/s]
  0%|          | 0/1 [00:00<?, ?it/s]100%|██████████| 1/1 [00:00<00:00, 281.06it/s]
  0%|          | 0/15 [00:00<?, ?it/s]100%|██████████| 15/15 [00:00<00:00, 295.64it/s]
  0%|          | 0/21 [00:00<?, ?it/s]100%|██████████| 21/21 [00:00<00:00, 299.24it/s]
  0%|          | 0/14 [00:00<?, ?it/s]100%|██████████| 14/14 [00:00<00:00, 297.94it/s]
  0%|          | 0/16 [00:00<?, ?it/s]100%|██████████| 16/16 [00:00<00:00, 299.29it/s]
  0%|          | 0/10 [00:00<?, ?it/s]100%|██████████| 10/10 [00:00<00:00, 298.33it/s]
  0%|          | 0/12 [00:00<?, ?it/s]100%|██████████| 12/12 [00:00<00:00, 298.48it/s]
  0%|          | 0/28 [00:00<?, ?it/s]100%|██████████| 28/28 [00:00<00:00, 298.20it/s]
  0%|          | 0/6 [00:00<?, ?it/s]100%|██████████| 6/6 [00:00<00:00, 298.87it/s]
  0%|          | 0/84 [00:00<?, ?it/s] 36%|███▌      | 30/84 [00:00<00:00, 299.73it/s] 73%|███████▎  | 61/84 [00:00<00:00, 299.94it/s]100%|██████████| 84/84 [00:00<00:00, 299.82it/s]
  0%|          | 0/23 [00:00<?, ?it/s]100%|██████████| 23/23 [00:00<00:00, 297.10it/s]
  0%|          | 0/45 [00:00<?, ?it/s] 67%|██████▋   | 30/45 [00:00<00:00, 297.70it/s]100%|██████████| 45/45 [00:00<00:00, 298.25it/s]
  0%|          | 0/17 [00:00<?, ?it/s]100%|██████████| 17/17 [00:00<00:00, 296.27it/s]
  0%|          | 0/9 [00:00<?, ?it/s]100%|██████████| 9/9 [00:00<00:00, 295.05it/s]
  0%|          | 0/4 [00:00<?, ?it/s]100%|██████████| 4/4 [00:00<00:00, 288.09it/s]
  0%|          | 0/4 [00:00<?, ?it/s]100%|██████████| 4/4 [00:00<00:00, 289.71it/s]
  0%|          | 0/11 [00:00<?, ?it/s]100%|██████████| 11/11 [00:00<00:00, 296.38it/s]
  0%|          | 0/15 [00:00<?, ?it/s]100%|██████████| 15/15 [00:00<00:00, 297.12it/s]
  0%|          | 0/7 [00:00<?, ?it/s]100%|██████████| 7/7 [00:00<00:00, 297.39it/s]
  0%|          | 0/16 [00:00<?, ?it/s]100%|██████████| 16/16 [00:00<00:00, 296.97it/s]
  0%|          | 0/3 [00:00<?, ?it/s]100%|██████████| 3/3 [00:00<00:00, 294.70it/s]
  0%|          | 0/18 [00:00<?, ?it/s]100%|██████████| 18/18 [00:00<00:00, 298.61it/s]
  0%|          | 0/5 [00:00<?, ?it/s]100%|██████████| 5/5 [00:00<00:00, 289.97it/s]
  0%|          | 0/8 [00:00<?, ?it/s]100%|██████████| 8/8 [00:00<00:00, 297.75it/s]
  0%|          | 0/5 [00:00<?, ?it/s]100%|██████████| 5/5 [00:00<00:00, 293.43it/s]
  0%|          | 0/4 [00:00<?, ?it/s]100%|██████████| 4/4 [00:00<00:00, 293.49it/s]
  0%|          | 0/3 [00:00<?, ?it/s]100%|██████████| 3/3 [00:00<00:00, 293.38it/s]
  0%|          | 0/5 [00:00<?, ?it/s]100%|██████████| 5/5 [00:00<00:00, 293.45it/s]
  0%|          | 0/6 [00:00<?, ?it/s]100%|██████████| 6/6 [00:00<00:00, 292.04it/s]
  0%|          | 0/5 [00:00<?, ?it/s]100%|██████████| 5/5 [00:00<00:00, 291.76it/s]
  0%|          | 0/4 [00:00<?, ?it/s]100%|██████████| 4/4 [00:00<00:00, 292.52it/s]
  0%|          | 0/2 [00:00<?, ?it/s]100%|██████████| 2/2 [00:00<00:00, 290.49it/s]
  0%|          | 0/2 [00:00<?, ?it/s]100%|██████████| 2/2 [00:00<00:00, 293.29it/s]
  0%|          | 0/7 [00:00<?, ?it/s]100%|██████████| 7/7 [00:00<00:00, 294.80it/s]
  0%|          | 0/13 [00:00<?, ?it/s]100%|██████████| 13/13 [00:00<00:00, 293.40it/s]
  0%|          | 0/7 [00:00<?, ?it/s]100%|██████████| 7/7 [00:00<00:00, 292.39it/s]
  0%|          | 0/10 [00:00<?, ?it/s]100%|██████████| 10/10 [00:00<00:00, 297.14it/s]
  0%|          | 0/34 [00:00<?, ?it/s] 88%|████████▊ | 30/34 [00:00<00:00, 298.99it/s]100%|██████████| 34/34 [00:00<00:00, 298.94it/s]
  0%|          | 0/2 [00:00<?, ?it/s]100%|██████████| 2/2 [00:00<00:00, 289.98it/s]
  0%|          | 0/4 [00:00<?, ?it/s]100%|██████████| 4/4 [00:00<00:00, 298.59it/s]
  0%|          | 0/6 [00:00<?, ?it/s]100%|██████████| 6/6 [00:00<00:00, 293.77it/s]
  0%|          | 0/6 [00:00<?, ?it/s]100%|██████████| 6/6 [00:00<00:00, 292.95it/s]
  0%|          | 0/4 [00:00<?, ?it/s]100%|██████████| 4/4 [00:00<00:00, 292.30it/s]
  0%|          | 0/6 [00:00<?, ?it/s]100%|██████████| 6/6 [00:00<00:00, 294.62it/s]
  0%|          | 0/2 [00:00<?, ?it/s]100%|██████████| 2/2 [00:00<00:00, 295.93it/s]
  0%|          | 0/3 [00:00<?, ?it/s]100%|██████████| 3/3 [00:00<00:00, 287.11it/s]
  0%|          | 0/5 [00:00<?, ?it/s]100%|██████████| 5/5 [00:00<00:00, 293.47it/s]
  0%|          | 0/2 [00:00<?, ?it/s]100%|██████████| 2/2 [00:00<00:00, 283.49it/s]
  0%|          | 0/8 [00:00<?, ?it/s]100%|██████████| 8/8 [00:00<00:00, 295.52it/s]
  0%|          | 0/4 [00:00<?, ?it/s]100%|██████████| 4/4 [00:00<00:00, 287.96it/s]
  0%|          | 0/11 [00:00<?, ?it/s]100%|██████████| 11/11 [00:00<00:00, 295.45it/s]
  0%|          | 0/12 [00:00<?, ?it/s]100%|██████████| 12/12 [00:00<00:00, 295.81it/s]
  0%|          | 0/5 [00:00<?, ?it/s]100%|██████████| 5/5 [00:00<00:00, 290.89it/s]
  0%|          | 0/7 [00:00<?, ?it/s]100%|██████████| 7/7 [00:00<00:00, 294.07it/s]
  0%|          | 0/7 [00:00<?, ?it/s]100%|██████████| 7/7 [00:00<00:00, 294.06it/s]
  0%|          | 0/3 [00:00<?, ?it/s]100%|██████████| 3/3 [00:00<00:00, 287.43it/s]
  0%|          | 0/4 [00:00<?, ?it/s]100%|██████████| 4/4 [00:00<00:00, 293.75it/s]
  0%|          | 0/1 [00:00<?, ?it/s]100%|██████████| 1/1 [00:00<00:00, 275.74it/s]
  0%|          | 0/15 [00:00<?, ?it/s]100%|██████████| 15/15 [00:00<00:00, 299.13it/s]
  0%|          | 0/21 [00:00<?, ?it/s]100%|██████████| 21/21 [00:00<00:00, 297.55it/s]
  0%|          | 0/14 [00:00<?, ?it/s]100%|██████████| 14/14 [00:00<00:00, 297.82it/s]
  0%|          | 0/16 [00:00<?, ?it/s]100%|██████████| 16/16 [00:00<00:00, 295.21it/s]
  0%|          | 0/10 [00:00<?, ?it/s]100%|██████████| 10/10 [00:00<00:00, 297.17it/s]
  0%|          | 0/12 [00:00<?, ?it/s]100%|██████████| 12/12 [00:00<00:00, 297.65it/s]
  0%|          | 0/28 [00:00<?, ?it/s]100%|██████████| 28/28 [00:00<00:00, 295.92it/s]
  0%|          | 0/6 [00:00<?, ?it/s]100%|██████████| 6/6 [00:00<00:00, 293.82it/s]
  0%|          | 0/84 [00:00<?, ?it/s] 36%|███▌      | 30/84 [00:00<00:00, 298.20it/s] 71%|███████▏  | 60/84 [00:00<00:00, 298.88it/s]100%|██████████| 84/84 [00:00<00:00, 298.64it/s]
  0%|          | 0/23 [00:00<?, ?it/s]100%|██████████| 23/23 [00:00<00:00, 295.20it/s]
  0%|          | 0/45 [00:00<?, ?it/s] 67%|██████▋   | 30/45 [00:00<00:00, 295.96it/s]100%|██████████| 45/45 [00:00<00:00, 296.22it/s]
  0%|          | 0/17 [00:00<?, ?it/s]100%|██████████| 17/17 [00:00<00:00, 295.91it/s]
  0%|          | 0/9 [00:00<?, ?it/s]100%|██████████| 9/9 [00:00<00:00, 296.77it/s]
  0%|          | 0/4 [00:00<?, ?it/s]100%|██████████| 4/4 [00:00<00:00, 293.17it/s]
  0%|          | 0/4 [00:00<?, ?it/s]100%|██████████| 4/4 [00:00<00:00, 290.11it/s]
  0%|          | 0/11 [00:00<?, ?it/s]100%|██████████| 11/11 [00:00<00:00, 294.90it/s]
  0%|          | 0/15 [00:00<?, ?it/s]100%|██████████| 15/15 [00:00<00:00, 298.02it/s]
  0%|          | 0/7 [00:00<?, ?it/s]100%|██████████| 7/7 [00:00<00:00, 297.36it/s]
  0%|          | 0/16 [00:00<?, ?it/s]100%|██████████| 16/16 [00:00<00:00, 293.72it/s]
  0%|          | 0/3 [00:00<?, ?it/s]100%|██████████| 3/3 [00:00<00:00, 289.99it/s]
  0%|          | 0/18 [00:00<?, ?it/s]100%|██████████| 18/18 [00:00<00:00, 295.10it/s]
  0%|          | 0/5 [00:00<?, ?it/s]100%|██████████| 5/5 [00:00<00:00, 289.79it/s]
  0%|          | 0/8 [00:00<?, ?it/s]100%|██████████| 8/8 [00:00<00:00, 293.90it/s]
  0%|          | 0/5 [00:00<?, ?it/s]100%|██████████| 5/5 [00:00<00:00, 291.80it/s]
  0%|          | 0/4 [00:00<?, ?it/s]100%|██████████| 4/4 [00:00<00:00, 292.01it/s]
  0%|          | 0/3 [00:00<?, ?it/s]100%|██████████| 3/3 [00:00<00:00, 289.16it/s]
  0%|          | 0/5 [00:00<?, ?it/s]100%|██████████| 5/5 [00:00<00:00, 294.46it/s]
  0%|          | 0/6 [00:00<?, ?it/s]100%|██████████| 6/6 [00:00<00:00, 292.31it/s]
  0%|          | 0/5 [00:00<?, ?it/s]100%|██████████| 5/5 [00:00<00:00, 283.99it/s]
  0%|          | 0/4 [00:00<?, ?it/s]100%|██████████| 4/4 [00:00<00:00, 288.32it/s]
  0%|          | 0/2 [00:00<?, ?it/s]100%|██████████| 2/2 [00:00<00:00, 285.41it/s]
  0%|          | 0/2 [00:00<?, ?it/s]100%|██████████| 2/2 [00:00<00:00, 282.80it/s]
  0%|          | 0/7 [00:00<?, ?it/s]100%|██████████| 7/7 [00:00<00:00, 292.43it/s]
  0%|          | 0/13 [00:00<?, ?it/s]100%|██████████| 13/13 [00:00<00:00, 297.89it/s]
  0%|          | 0/7 [00:00<?, ?it/s]100%|██████████| 7/7 [00:00<00:00, 298.26it/s]
  0%|          | 0/10 [00:00<?, ?it/s]100%|██████████| 10/10 [00:00<00:00, 296.20it/s]
  0%|          | 0/34 [00:00<?, ?it/s] 88%|████████▊ | 30/34 [00:00<00:00, 295.55it/s]100%|██████████| 34/34 [00:00<00:00, 295.29it/s]
  0%|          | 0/2 [00:00<?, ?it/s]100%|██████████| 2/2 [00:00<00:00, 284.08it/s]
  0%|          | 0/422 [00:00<?, ?it/s]  7%|▋         | 29/422 [00:00<00:01, 280.88it/s] 14%|█▎        | 58/422 [00:00<00:01, 280.92it/s] 21%|██        | 87/422 [00:00<00:01, 282.05it/s] 27%|██▋       | 116/422 [00:00<00:01, 282.52it/s] 34%|███▍      | 145/422 [00:00<00:00, 282.89it/s] 41%|████      | 174/422 [00:00<00:00, 282.83it/s] 48%|████▊     | 203/422 [00:00<00:00, 282.52it/s] 55%|█████▍    | 232/422 [00:00<00:00, 282.82it/s] 62%|██████▏   | 261/422 [00:00<00:00, 283.10it/s] 69%|██████▊   | 290/422 [00:01<00:00, 282.71it/s] 76%|███████▌  | 319/422 [00:01<00:00, 282.76it/s] 82%|████████▏ | 348/422 [00:01<00:00, 282.96it/s] 89%|████████▉ | 377/422 [00:01<00:00, 282.73it/s] 96%|█████████▌| 406/422 [00:01<00:00, 283.42it/s]100%|██████████| 422/422 [00:01<00:00, 282.79it/s]
  0%|          | 0/73 [00:00<?, ?it/s] 40%|███▉      | 29/73 [00:00<00:00, 282.28it/s] 79%|███████▉  | 58/73 [00:00<00:00, 282.74it/s]100%|██████████| 73/73 [00:00<00:00, 282.55it/s]
  0%|          | 0/122 [00:00<?, ?it/s] 24%|██▍       | 29/122 [00:00<00:00, 285.05it/s] 48%|████▊     | 58/122 [00:00<00:00, 285.07it/s] 71%|███████▏  | 87/122 [00:00<00:00, 284.92it/s] 95%|█████████▌| 116/122 [00:00<00:00, 284.45it/s]100%|██████████| 122/122 [00:00<00:00, 284.50it/s]
  0%|          | 0/125 [00:00<?, ?it/s] 23%|██▎       | 29/125 [00:00<00:00, 281.98it/s] 46%|████▋     | 58/125 [00:00<00:00, 283.49it/s] 70%|██████▉   | 87/125 [00:00<00:00, 284.68it/s] 93%|█████████▎| 116/125 [00:00<00:00, 283.84it/s]100%|██████████| 125/125 [00:00<00:00, 283.47it/s]
  0%|          | 0/50 [00:00<?, ?it/s] 58%|█████▊    | 29/50 [00:00<00:00, 282.21it/s]100%|██████████| 50/50 [00:00<00:00, 282.55it/s]
  0%|          | 0/125 [00:00<?, ?it/s] 23%|██▎       | 29/125 [00:00<00:00, 284.81it/s] 46%|████▋     | 58/125 [00:00<00:00, 284.91it/s] 70%|██████▉   | 87/125 [00:00<00:00, 284.24it/s] 93%|█████████▎| 116/125 [00:00<00:00, 284.42it/s]100%|██████████| 125/125 [00:00<00:00, 284.35it/s]
  0%|          | 0/123 [00:00<?, ?it/s] 24%|██▎       | 29/123 [00:00<00:00, 282.77it/s] 47%|████▋     | 58/123 [00:00<00:00, 284.57it/s] 71%|███████   | 87/123 [00:00<00:00, 284.91it/s] 94%|█████████▍| 116/123 [00:00<00:00, 284.73it/s]100%|██████████| 123/123 [00:00<00:00, 284.70it/s]
  0%|          | 0/145 [00:00<?, ?it/s] 20%|██        | 29/145 [00:00<00:00, 283.37it/s] 40%|████      | 58/145 [00:00<00:00, 284.20it/s] 60%|██████    | 87/145 [00:00<00:00, 284.90it/s] 80%|████████  | 116/145 [00:00<00:00, 285.19it/s]100%|██████████| 145/145 [00:00<00:00, 284.96it/s]100%|██████████| 145/145 [00:00<00:00, 284.76it/s]
  0%|          | 0/177 [00:00<?, ?it/s] 16%|█▋        | 29/177 [00:00<00:00, 283.37it/s] 33%|███▎      | 58/177 [00:00<00:00, 284.53it/s] 49%|████▉     | 87/177 [00:00<00:00, 285.30it/s] 66%|██████▌   | 116/177 [00:00<00:00, 286.17it/s] 82%|████████▏ | 145/177 [00:00<00:00, 285.46it/s] 98%|█████████▊| 174/177 [00:00<00:00, 284.94it/s]100%|██████████| 177/177 [00:00<00:00, 285.05it/s]
  0%|          | 0/174 [00:00<?, ?it/s] 17%|█▋        | 29/174 [00:00<00:00, 281.85it/s] 33%|███▎      | 58/174 [00:00<00:00, 283.79it/s] 50%|█████     | 87/174 [00:00<00:00, 284.65it/s] 67%|██████▋   | 116/174 [00:00<00:00, 284.68it/s] 83%|████████▎ | 145/174 [00:00<00:00, 284.57it/s]100%|██████████| 174/174 [00:00<00:00, 284.16it/s]100%|██████████| 174/174 [00:00<00:00, 284.14it/s]
  0%|          | 0/50 [00:00<?, ?it/s] 58%|█████▊    | 29/50 [00:00<00:00, 283.76it/s]100%|██████████| 50/50 [00:00<00:00, 283.73it/s]
  0%|          | 0/247 [00:00<?, ?it/s] 12%|█▏        | 29/247 [00:00<00:00, 280.71it/s] 23%|██▎       | 58/247 [00:00<00:00, 280.86it/s] 35%|███▌      | 87/247 [00:00<00:00, 280.61it/s] 47%|████▋     | 116/247 [00:00<00:00, 280.84it/s] 59%|█████▊    | 145/247 [00:00<00:00, 281.56it/s] 70%|███████   | 174/247 [00:00<00:00, 281.34it/s] 82%|████████▏ | 203/247 [00:00<00:00, 281.12it/s] 94%|█████████▍| 232/247 [00:00<00:00, 281.41it/s]100%|██████████| 247/247 [00:00<00:00, 281.31it/s]
  0%|          | 0/248 [00:00<?, ?it/s] 12%|█▏        | 29/248 [00:00<00:00, 282.57it/s] 23%|██▎       | 58/248 [00:00<00:00, 283.80it/s] 35%|███▌      | 87/248 [00:00<00:00, 283.68it/s] 47%|████▋     | 116/248 [00:00<00:00, 282.21it/s] 58%|█████▊    | 145/248 [00:00<00:00, 281.17it/s] 70%|███████   | 174/248 [00:00<00:00, 280.89it/s] 82%|████████▏ | 203/248 [00:00<00:00, 280.68it/s] 94%|█████████▎| 232/248 [00:00<00:00, 280.05it/s]100%|██████████| 248/248 [00:00<00:00, 281.11it/s]
  0%|          | 0/204 [00:00<?, ?it/s] 31%|███       | 63/204 [00:00<00:00, 627.35it/s] 62%|██████▏   | 127/204 [00:00<00:00, 634.21it/s] 94%|█████████▍| 192/204 [00:00<00:00, 637.24it/s]100%|██████████| 204/204 [00:00<00:00, 635.75it/s]
  0%|          | 0/204 [00:00<?, ?it/s] 31%|███▏      | 64/204 [00:00<00:00, 639.37it/s] 63%|██████▎   | 129/204 [00:00<00:00, 641.71it/s] 95%|█████████▌| 194/204 [00:00<00:00, 640.65it/s]100%|██████████| 204/204 [00:00<00:00, 640.52it/s]
  0%|          | 0/204 [00:00<?, ?it/s] 32%|███▏      | 65/204 [00:00<00:00, 640.09it/s] 64%|██████▎   | 130/204 [00:00<00:00, 642.58it/s] 96%|█████████▌| 195/204 [00:00<00:00, 642.73it/s]100%|██████████| 204/204 [00:00<00:00, 642.39it/s]
  0%|          | 0/204 [00:00<?, ?it/s] 31%|███▏      | 64/204 [00:00<00:00, 636.75it/s] 63%|██████▎   | 128/204 [00:00<00:00, 637.06it/s] 94%|█████████▍| 192/204 [00:00<00:00, 638.39it/s]100%|██████████| 204/204 [00:00<00:00, 638.28it/s]
  0%|          | 0/204 [00:00<?, ?it/s] 32%|███▏      | 65/204 [00:00<00:00, 640.99it/s] 64%|██████▎   | 130/204 [00:00<00:00, 642.11it/s] 96%|█████████▌| 195/204 [00:00<00:00, 643.43it/s]100%|██████████| 204/204 [00:00<00:00, 642.52it/s]
  0%|          | 0/204 [00:00<?, ?it/s] 31%|███▏      | 64/204 [00:00<00:00, 637.64it/s] 63%|██████▎   | 128/204 [00:00<00:00, 638.86it/s] 95%|█████████▍| 193/204 [00:00<00:00, 639.69it/s]100%|██████████| 204/204 [00:00<00:00, 638.87it/s]
  0%|          | 0/204 [00:00<?, ?it/s] 31%|███▏      | 64/204 [00:00<00:00, 634.07it/s] 63%|██████▎   | 128/204 [00:00<00:00, 636.33it/s] 94%|█████████▍| 192/204 [00:00<00:00, 634.80it/s]100%|██████████| 204/204 [00:00<00:00, 635.14it/s]
  0%|          | 0/136 [00:00<?, ?it/s] 38%|███▊      | 51/136 [00:00<00:00, 502.76it/s] 75%|███████▌  | 102/136 [00:00<00:00, 505.11it/s]100%|██████████| 136/136 [00:00<00:00, 505.00it/s]
  0%|          | 0/208 [00:00<?, ?it/s] 25%|██▍       | 51/208 [00:00<00:00, 503.55it/s] 49%|████▉     | 102/208 [00:00<00:00, 503.64it/s] 74%|███████▎  | 153/208 [00:00<00:00, 505.04it/s] 98%|█████████▊| 204/208 [00:00<00:00, 506.41it/s]100%|██████████| 208/208 [00:00<00:00, 505.57it/s]
  0%|          | 0/241 [00:00<?, ?it/s] 21%|██        | 51/241 [00:00<00:00, 503.54it/s] 42%|████▏     | 102/241 [00:00<00:00, 504.06it/s] 63%|██████▎   | 153/241 [00:00<00:00, 504.76it/s] 85%|████████▍ | 204/241 [00:00<00:00, 506.04it/s]100%|██████████| 241/241 [00:00<00:00, 506.14it/s]
  0%|          | 0/37 [00:00<?, ?it/s]100%|██████████| 37/37 [00:00<00:00, 504.07it/s]
  0%|          | 0/109 [00:00<?, ?it/s] 47%|████▋     | 51/109 [00:00<00:00, 503.11it/s] 94%|█████████▎| 102/109 [00:00<00:00, 504.53it/s]100%|██████████| 109/109 [00:00<00:00, 503.96it/s]
  0%|          | 0/232 [00:00<?, ?it/s] 22%|██▏       | 51/232 [00:00<00:00, 501.65it/s] 44%|████▍     | 102/232 [00:00<00:00, 503.64it/s] 66%|██████▌   | 153/232 [00:00<00:00, 504.63it/s] 88%|████████▊ | 204/232 [00:00<00:00, 504.29it/s]100%|██████████| 232/232 [00:00<00:00, 503.99it/s]
  0%|          | 0/142 [00:00<?, ?it/s] 36%|███▌      | 51/142 [00:00<00:00, 502.68it/s] 72%|███████▏  | 102/142 [00:00<00:00, 504.16it/s]100%|██████████| 142/142 [00:00<00:00, 504.66it/s]
  0%|          | 0/39 [00:00<?, ?it/s]100%|██████████| 39/39 [00:00<00:00, 499.73it/s]
  0%|          | 0/113 [00:00<?, ?it/s] 44%|████▍     | 50/113 [00:00<00:00, 499.99it/s] 89%|████████▉ | 101/113 [00:00<00:00, 499.73it/s]100%|██████████| 113/113 [00:00<00:00, 499.60it/s]
  0%|          | 0/139 [00:00<?, ?it/s] 37%|███▋      | 51/139 [00:00<00:00, 502.67it/s] 73%|███████▎  | 102/139 [00:00<00:00, 505.38it/s]100%|██████████| 139/139 [00:00<00:00, 504.60it/s]
  0%|          | 0/18 [00:00<?, ?it/s]100%|██████████| 18/18 [00:00<00:00, 498.59it/s]
  0%|          | 0/76 [00:00<?, ?it/s] 67%|██████▋   | 51/76 [00:00<00:00, 504.35it/s]100%|██████████| 76/76 [00:00<00:00, 503.96it/s]
  0%|          | 0/107 [00:00<?, ?it/s] 48%|████▊     | 51/107 [00:00<00:00, 501.10it/s] 95%|█████████▌| 102/107 [00:00<00:00, 505.44it/s]100%|██████████| 107/107 [00:00<00:00, 504.89it/s]
  0%|          | 0/69 [00:00<?, ?it/s] 72%|███████▏  | 50/69 [00:00<00:00, 498.93it/s]100%|██████████| 69/69 [00:00<00:00, 498.23it/s]
Tokenizing inputs:   0%|          | 0/47868 [00:00<?, ?it/s]Tokenizing inputs:   0%|          | 22/47868 [00:00<03:41, 215.95it/s]Tokenizing inputs:   0%|          | 46/47868 [00:00<03:29, 227.84it/s]Tokenizing inputs:   0%|          | 69/47868 [00:00<03:29, 228.06it/s]Tokenizing inputs:   0%|          | 93/47868 [00:00<03:27, 230.22it/s]Tokenizing inputs:   0%|          | 117/47868 [00:00<03:26, 230.69it/s]Tokenizing inputs:   0%|          | 141/47868 [00:00<03:28, 228.50it/s]Tokenizing inputs:   0%|          | 166/47868 [00:00<03:25, 232.18it/s]Tokenizing inputs:   0%|          | 190/47868 [00:00<03:24, 233.49it/s]Tokenizing inputs:   0%|          | 214/47868 [00:00<03:22, 234.93it/s]Tokenizing inputs:   0%|          | 238/47868 [00:01<03:24, 233.10it/s]Tokenizing inputs:   1%|          | 262/47868 [00:01<03:24, 232.33it/s]Tokenizing inputs:   1%|          | 286/47868 [00:01<03:27, 228.94it/s]Tokenizing inputs:   1%|          | 309/47868 [00:01<03:27, 229.03it/s]Tokenizing inputs:   1%|          | 332/47868 [00:01<03:27, 228.76it/s]Tokenizing inputs:   1%|          | 356/47868 [00:01<03:26, 230.60it/s]Tokenizing inputs:   1%|          | 380/47868 [00:01<03:30, 225.79it/s]Tokenizing inputs:   1%|          | 404/47868 [00:01<03:28, 227.99it/s]Tokenizing inputs:   1%|          | 428/47868 [00:01<03:25, 230.57it/s]Tokenizing inputs:   1%|          | 452/47868 [00:01<03:24, 231.75it/s]Tokenizing inputs:   1%|          | 476/47868 [00:02<03:22, 234.15it/s]Tokenizing inputs:   1%|          | 500/47868 [00:02<03:24, 232.02it/s]Tokenizing inputs:   1%|          | 524/47868 [00:02<03:23, 232.65it/s]Tokenizing inputs:   1%|          | 548/47868 [00:02<03:23, 232.90it/s]Tokenizing inputs:   1%|          | 572/47868 [00:02<03:22, 233.61it/s]Tokenizing inputs:   1%|          | 596/47868 [00:02<03:21, 234.59it/s]Tokenizing inputs:   1%|▏         | 621/47868 [00:02<03:19, 236.70it/s]Tokenizing inputs:   1%|▏         | 646/47868 [00:02<03:18, 237.54it/s]Tokenizing inputs:   1%|▏         | 670/47868 [00:02<03:20, 235.51it/s]Tokenizing inputs:   1%|▏         | 694/47868 [00:02<03:21, 234.28it/s]Tokenizing inputs:   2%|▏         | 719/47868 [00:03<03:18, 236.99it/s]Tokenizing inputs:   2%|▏         | 743/47868 [00:03<03:19, 235.66it/s]Tokenizing inputs:   2%|▏         | 767/47868 [00:03<03:19, 235.63it/s]Tokenizing inputs:   2%|▏         | 792/47868 [00:03<03:17, 238.73it/s]Tokenizing inputs:   2%|▏         | 816/47868 [00:03<03:18, 236.91it/s]Tokenizing inputs:   2%|▏         | 841/47868 [00:03<03:17, 238.69it/s]Tokenizing inputs:   2%|▏         | 865/47868 [00:03<03:19, 236.07it/s]Tokenizing inputs:   2%|▏         | 889/47868 [00:03<03:18, 236.30it/s]Tokenizing inputs:   2%|▏         | 913/47868 [00:03<03:17, 237.34it/s]Tokenizing inputs:   2%|▏         | 938/47868 [00:04<03:16, 238.46it/s]Tokenizing inputs:   2%|▏         | 964/47868 [00:04<03:13, 241.97it/s]Tokenizing inputs:   2%|▏         | 989/47868 [00:04<03:15, 239.92it/s]Tokenizing inputs:   2%|▏         | 1013/47868 [00:04<03:16, 238.04it/s]Tokenizing inputs:   2%|▏         | 1037/47868 [00:04<03:19, 234.78it/s]Tokenizing inputs:   2%|▏         | 1062/47868 [00:04<03:17, 236.48it/s]Tokenizing inputs:   2%|▏         | 1086/47868 [00:04<03:18, 235.77it/s]Tokenizing inputs:   2%|▏         | 1111/47868 [00:04<03:16, 237.60it/s]Tokenizing inputs:   2%|▏         | 1135/47868 [00:04<03:17, 236.62it/s]Tokenizing inputs:   2%|▏         | 1159/47868 [00:04<03:18, 235.72it/s]Tokenizing inputs:   2%|▏         | 1183/47868 [00:05<03:17, 235.94it/s]Tokenizing inputs:   3%|▎         | 1207/47868 [00:05<03:17, 236.00it/s]Tokenizing inputs:   3%|▎         | 1231/47868 [00:05<03:18, 235.05it/s]Tokenizing inputs:   3%|▎         | 1255/47868 [00:05<03:19, 233.94it/s]Tokenizing inputs:   3%|▎         | 1279/47868 [00:05<03:19, 233.72it/s]Tokenizing inputs:   3%|▎         | 1305/47868 [00:05<03:13, 240.32it/s]Tokenizing inputs:   3%|▎         | 1330/47868 [00:05<03:15, 238.08it/s]Tokenizing inputs:   3%|▎         | 1354/47868 [00:05<03:17, 235.75it/s]Tokenizing inputs:   3%|▎         | 1379/47868 [00:05<03:15, 237.75it/s]Tokenizing inputs:   3%|▎         | 1403/47868 [00:05<03:16, 237.04it/s]Tokenizing inputs:   3%|▎         | 1427/47868 [00:06<03:16, 236.55it/s]Tokenizing inputs:   3%|▎         | 1451/47868 [00:06<03:16, 236.66it/s]Tokenizing inputs:   3%|▎         | 1475/47868 [00:06<03:16, 236.28it/s]Tokenizing inputs:   3%|▎         | 1499/47868 [00:06<03:18, 233.73it/s]Tokenizing inputs:   3%|▎         | 1523/47868 [00:06<03:18, 233.30it/s]Tokenizing inputs:   3%|▎         | 1547/47868 [00:06<03:20, 231.47it/s]Tokenizing inputs:   3%|▎         | 1571/47868 [00:06<03:20, 231.45it/s]Tokenizing inputs:   3%|▎         | 1595/47868 [00:06<03:19, 231.51it/s]Tokenizing inputs:   3%|▎         | 1619/47868 [00:06<03:19, 231.34it/s]Tokenizing inputs:   3%|▎         | 1643/47868 [00:07<03:18, 232.42it/s]Tokenizing inputs:   3%|▎         | 1667/47868 [00:07<03:21, 228.84it/s]Tokenizing inputs:   4%|▎         | 1691/47868 [00:07<03:20, 230.24it/s]Tokenizing inputs:   4%|▎         | 1715/47868 [00:07<03:19, 230.91it/s]Tokenizing inputs:   4%|▎         | 1739/47868 [00:07<03:20, 229.61it/s]Tokenizing inputs:   4%|▎         | 1763/47868 [00:07<03:20, 230.24it/s]Tokenizing inputs:   4%|▎         | 1787/47868 [00:07<03:19, 230.72it/s]Tokenizing inputs:   4%|▍         | 1811/47868 [00:07<03:19, 231.16it/s]Tokenizing inputs:   4%|▍         | 1835/47868 [00:07<03:17, 233.46it/s]Tokenizing inputs:   4%|▍         | 1859/47868 [00:07<03:19, 231.06it/s]Tokenizing inputs:   4%|▍         | 1883/47868 [00:08<03:18, 231.66it/s]Tokenizing inputs:   4%|▍         | 1907/47868 [00:08<03:19, 230.94it/s]Tokenizing inputs:   4%|▍         | 1931/47868 [00:08<03:20, 229.03it/s]Tokenizing inputs:   4%|▍         | 1955/47868 [00:08<03:19, 230.21it/s]Tokenizing inputs:   4%|▍         | 1979/47868 [00:08<03:19, 230.25it/s]Tokenizing inputs:   4%|▍         | 2003/47868 [00:08<03:19, 230.07it/s]Tokenizing inputs:   4%|▍         | 2032/47868 [00:08<03:07, 245.06it/s]Tokenizing inputs:   4%|▍         | 2061/47868 [00:08<02:57, 257.63it/s]Tokenizing inputs:   4%|▍         | 2090/47868 [00:08<02:51, 266.66it/s]Tokenizing inputs:   4%|▍         | 2119/47868 [00:08<02:48, 271.15it/s]Tokenizing inputs:   4%|▍         | 2148/47868 [00:09<02:45, 276.57it/s]Tokenizing inputs:   5%|▍         | 2177/47868 [00:09<02:42, 280.55it/s]Tokenizing inputs:   5%|▍         | 2207/47868 [00:09<02:40, 284.85it/s]Tokenizing inputs:   5%|▍         | 2236/47868 [00:09<02:40, 284.48it/s]Tokenizing inputs:   5%|▍         | 2265/47868 [00:09<02:40, 284.12it/s]Tokenizing inputs:   5%|▍         | 2294/47868 [00:09<02:42, 281.20it/s]Tokenizing inputs:   5%|▍         | 2323/47868 [00:09<02:41, 281.61it/s]Tokenizing inputs:   5%|▍         | 2352/47868 [00:09<02:40, 283.38it/s]Tokenizing inputs:   5%|▍         | 2381/47868 [00:09<02:41, 281.35it/s]Tokenizing inputs:   5%|▌         | 2410/47868 [00:10<02:40, 283.85it/s]Tokenizing inputs:   5%|▌         | 2439/47868 [00:10<02:57, 256.17it/s]Tokenizing inputs:   5%|▌         | 2469/47868 [00:10<02:50, 266.27it/s]Tokenizing inputs:   5%|▌         | 2498/47868 [00:10<02:47, 270.73it/s]Tokenizing inputs:   5%|▌         | 2528/47868 [00:10<02:43, 276.80it/s]Tokenizing inputs:   5%|▌         | 2558/47868 [00:10<02:41, 281.08it/s]Tokenizing inputs:   5%|▌         | 2588/47868 [00:10<02:39, 284.00it/s]Tokenizing inputs:   5%|▌         | 2618/47868 [00:10<02:38, 286.20it/s]Tokenizing inputs:   6%|▌         | 2647/47868 [00:10<02:37, 287.07it/s]Tokenizing inputs:   6%|▌         | 2676/47868 [00:10<02:37, 286.91it/s]Tokenizing inputs:   6%|▌         | 2706/47868 [00:11<02:36, 289.32it/s]Tokenizing inputs:   6%|▌         | 2735/47868 [00:11<02:36, 288.48it/s]Tokenizing inputs:   6%|▌         | 2765/47868 [00:11<02:35, 289.70it/s]Tokenizing inputs:   6%|▌         | 2794/47868 [00:11<02:35, 289.72it/s]Tokenizing inputs:   6%|▌         | 2824/47868 [00:11<02:35, 290.23it/s]Tokenizing inputs:   6%|▌         | 2854/47868 [00:11<02:34, 291.45it/s]Tokenizing inputs:   6%|▌         | 2884/47868 [00:11<02:35, 289.24it/s]Tokenizing inputs:   6%|▌         | 2914/47868 [00:11<02:34, 290.46it/s]Tokenizing inputs:   6%|▌         | 2944/47868 [00:11<02:34, 291.34it/s]Tokenizing inputs:   6%|▌         | 2974/47868 [00:11<02:33, 292.36it/s]Tokenizing inputs:   6%|▋         | 3004/47868 [00:12<02:33, 292.89it/s]Tokenizing inputs:   6%|▋         | 3034/47868 [00:12<02:34, 289.97it/s]Tokenizing inputs:   6%|▋         | 3064/47868 [00:12<02:34, 290.31it/s]Tokenizing inputs:   6%|▋         | 3094/47868 [00:12<02:34, 290.60it/s]Tokenizing inputs:   7%|▋         | 3124/47868 [00:12<02:34, 290.50it/s]Tokenizing inputs:   7%|▋         | 3154/47868 [00:12<02:33, 292.06it/s]Tokenizing inputs:   7%|▋         | 3184/47868 [00:12<02:32, 292.08it/s]Tokenizing inputs:   7%|▋         | 3214/47868 [00:12<02:33, 291.57it/s]Tokenizing inputs:   7%|▋         | 3244/47868 [00:12<02:33, 291.04it/s]Tokenizing inputs:   7%|▋         | 3274/47868 [00:13<02:33, 290.66it/s]Tokenizing inputs:   7%|▋         | 3305/47868 [00:13<02:31, 293.55it/s]Tokenizing inputs:   7%|▋         | 3335/47868 [00:13<02:32, 292.84it/s]Tokenizing inputs:   7%|▋         | 3365/47868 [00:13<02:33, 290.52it/s]Tokenizing inputs:   7%|▋         | 3395/47868 [00:13<02:31, 292.61it/s]Tokenizing inputs:   7%|▋         | 3425/47868 [00:13<02:31, 292.95it/s]Tokenizing inputs:   7%|▋         | 3455/47868 [00:13<02:31, 292.88it/s]Tokenizing inputs:   7%|▋         | 3485/47868 [00:13<02:31, 292.33it/s]Tokenizing inputs:   7%|▋         | 3515/47868 [00:13<02:31, 292.20it/s]Tokenizing inputs:   7%|▋         | 3545/47868 [00:13<02:33, 289.57it/s]Tokenizing inputs:   7%|▋         | 3574/47868 [00:14<02:33, 289.08it/s]Tokenizing inputs:   8%|▊         | 3603/47868 [00:14<02:33, 288.79it/s]Tokenizing inputs:   8%|▊         | 3632/47868 [00:14<02:33, 288.08it/s]Tokenizing inputs:   8%|▊         | 3661/47868 [00:14<02:35, 284.26it/s]Tokenizing inputs:   8%|▊         | 3690/47868 [00:14<02:34, 285.06it/s]Tokenizing inputs:   8%|▊         | 3719/47868 [00:14<02:35, 284.44it/s]Tokenizing inputs:   8%|▊         | 3748/47868 [00:14<02:34, 284.65it/s]Tokenizing inputs:   8%|▊         | 3777/47868 [00:14<02:34, 285.05it/s]Tokenizing inputs:   8%|▊         | 3806/47868 [00:14<02:35, 283.91it/s]Tokenizing inputs:   8%|▊         | 3836/47868 [00:14<02:33, 287.01it/s]Tokenizing inputs:   8%|▊         | 3865/47868 [00:15<02:34, 284.84it/s]Tokenizing inputs:   8%|▊         | 3894/47868 [00:15<02:34, 284.03it/s]Tokenizing inputs:   8%|▊         | 3923/47868 [00:15<02:34, 283.62it/s]Tokenizing inputs:   8%|▊         | 3953/47868 [00:15<02:33, 285.71it/s]Tokenizing inputs:   8%|▊         | 3982/47868 [00:15<02:34, 284.30it/s]Tokenizing inputs:   8%|▊         | 4016/47868 [00:15<02:26, 299.13it/s]Tokenizing inputs:   8%|▊         | 4059/47868 [00:15<02:10, 335.90it/s]Tokenizing inputs:   9%|▊         | 4101/47868 [00:15<02:01, 358.86it/s]Tokenizing inputs:   9%|▊         | 4143/47868 [00:15<01:56, 375.15it/s]Tokenizing inputs:   9%|▊         | 4185/47868 [00:15<01:52, 388.27it/s]Tokenizing inputs:   9%|▉         | 4228/47868 [00:16<01:49, 399.08it/s]Tokenizing inputs:   9%|▉         | 4270/47868 [00:16<01:48, 403.04it/s]Tokenizing inputs:   9%|▉         | 4313/47868 [00:16<01:46, 408.06it/s]Tokenizing inputs:   9%|▉         | 4355/47868 [00:16<01:45, 410.77it/s]Tokenizing inputs:   9%|▉         | 4398/47868 [00:16<01:44, 414.67it/s]Tokenizing inputs:   9%|▉         | 4441/47868 [00:16<01:44, 416.64it/s]Tokenizing inputs:   9%|▉         | 4483/47868 [00:16<01:50, 394.28it/s]Tokenizing inputs:   9%|▉         | 4526/47868 [00:16<01:47, 402.56it/s]Tokenizing inputs:  10%|▉         | 4569/47868 [00:16<01:45, 409.88it/s]Tokenizing inputs:  10%|▉         | 4611/47868 [00:17<01:44, 412.16it/s]Tokenizing inputs:  10%|▉         | 4653/47868 [00:17<01:45, 410.28it/s]Tokenizing inputs:  10%|▉         | 4695/47868 [00:17<01:45, 410.46it/s]Tokenizing inputs:  10%|▉         | 4737/47868 [00:17<01:44, 412.77it/s]Tokenizing inputs:  10%|▉         | 4780/47868 [00:17<01:43, 415.91it/s]Tokenizing inputs:  10%|█         | 4822/47868 [00:17<01:44, 413.65it/s]Tokenizing inputs:  10%|█         | 4864/47868 [00:17<01:44, 413.15it/s]Tokenizing inputs:  10%|█         | 4908/47868 [00:17<01:42, 418.70it/s]Tokenizing inputs:  10%|█         | 4950/47868 [00:17<01:43, 414.17it/s]Tokenizing inputs:  10%|█         | 4993/47868 [00:17<01:42, 416.80it/s]Tokenizing inputs:  11%|█         | 5036/47868 [00:18<01:42, 418.72it/s]Tokenizing inputs:  11%|█         | 5078/47868 [00:18<01:42, 418.29it/s]Tokenizing inputs:  11%|█         | 5120/47868 [00:18<01:42, 417.17it/s]Tokenizing inputs:  11%|█         | 5162/47868 [00:18<01:43, 413.13it/s]Tokenizing inputs:  11%|█         | 5204/47868 [00:18<01:43, 412.83it/s]Tokenizing inputs:  11%|█         | 5246/47868 [00:18<01:42, 414.08it/s]Tokenizing inputs:  11%|█         | 5288/47868 [00:18<01:43, 410.57it/s]Tokenizing inputs:  11%|█         | 5330/47868 [00:18<01:44, 408.60it/s]Tokenizing inputs:  11%|█         | 5372/47868 [00:18<01:43, 410.75it/s]Tokenizing inputs:  11%|█▏        | 5414/47868 [00:18<01:43, 411.06it/s]Tokenizing inputs:  11%|█▏        | 5457/47868 [00:19<01:42, 414.49it/s]Tokenizing inputs:  11%|█▏        | 5499/47868 [00:19<01:41, 415.64it/s]Tokenizing inputs:  12%|█▏        | 5541/47868 [00:19<01:41, 415.58it/s]Tokenizing inputs:  12%|█▏        | 5583/47868 [00:19<01:42, 410.59it/s]Tokenizing inputs:  12%|█▏        | 5625/47868 [00:19<01:43, 409.18it/s]Tokenizing inputs:  12%|█▏        | 5666/47868 [00:19<01:43, 409.03it/s]Tokenizing inputs:  12%|█▏        | 5707/47868 [00:19<01:43, 408.00it/s]Tokenizing inputs:  12%|█▏        | 5749/47868 [00:19<01:42, 410.90it/s]Tokenizing inputs:  12%|█▏        | 5791/47868 [00:19<01:42, 410.32it/s]Tokenizing inputs:  12%|█▏        | 5833/47868 [00:19<01:41, 413.04it/s]Tokenizing inputs:  12%|█▏        | 5875/47868 [00:20<01:42, 409.78it/s]Tokenizing inputs:  12%|█▏        | 5916/47868 [00:20<01:43, 407.12it/s]Tokenizing inputs:  12%|█▏        | 5957/47868 [00:20<01:42, 407.50it/s]Tokenizing inputs:  13%|█▎        | 5998/47868 [00:20<01:43, 406.31it/s]Tokenizing inputs:  13%|█▎        | 6039/47868 [00:20<02:04, 336.75it/s]Tokenizing inputs:  13%|█▎        | 6075/47868 [00:20<02:17, 303.23it/s]Tokenizing inputs:  13%|█▎        | 6108/47868 [00:20<02:29, 280.06it/s]Tokenizing inputs:  13%|█▎        | 6138/47868 [00:20<02:37, 265.44it/s]Tokenizing inputs:  13%|█▎        | 6166/47868 [00:21<02:41, 258.36it/s]Tokenizing inputs:  13%|█▎        | 6193/47868 [00:21<02:47, 248.59it/s]Tokenizing inputs:  13%|█▎        | 6219/47868 [00:21<02:51, 243.45it/s]Tokenizing inputs:  13%|█▎        | 6244/47868 [00:21<02:53, 239.25it/s]Tokenizing inputs:  13%|█▎        | 6269/47868 [00:21<02:54, 238.47it/s]Tokenizing inputs:  13%|█▎        | 6293/47868 [00:21<02:56, 235.62it/s]Tokenizing inputs:  13%|█▎        | 6317/47868 [00:21<02:57, 234.43it/s]Tokenizing inputs:  13%|█▎        | 6341/47868 [00:21<02:58, 232.36it/s]Tokenizing inputs:  13%|█▎        | 6365/47868 [00:21<02:57, 233.63it/s]Tokenizing inputs:  13%|█▎        | 6390/47868 [00:22<02:55, 236.79it/s]Tokenizing inputs:  13%|█▎        | 6414/47868 [00:22<02:56, 234.72it/s]Tokenizing inputs:  13%|█▎        | 6438/47868 [00:22<02:56, 234.36it/s]Tokenizing inputs:  14%|█▎        | 6463/47868 [00:22<02:54, 236.75it/s]Tokenizing inputs:  14%|█▎        | 6488/47868 [00:22<02:52, 240.42it/s]Tokenizing inputs:  14%|█▎        | 6513/47868 [00:22<02:54, 236.68it/s]Tokenizing inputs:  14%|█▎        | 6537/47868 [00:22<03:04, 224.18it/s]Tokenizing inputs:  14%|█▎        | 6562/47868 [00:22<02:59, 229.58it/s]Tokenizing inputs:  14%|█▍        | 6586/47868 [00:22<02:58, 231.78it/s]Tokenizing inputs:  14%|█▍        | 6610/47868 [00:23<02:56, 234.04it/s]Tokenizing inputs:  14%|█▍        | 6634/47868 [00:23<02:56, 233.64it/s]Tokenizing inputs:  14%|█▍        | 6658/47868 [00:23<02:55, 235.39it/s]Tokenizing inputs:  14%|█▍        | 6682/47868 [00:23<02:55, 234.24it/s]Tokenizing inputs:  14%|█▍        | 6706/47868 [00:23<06:42, 102.14it/s]Tokenizing inputs:  14%|█▍        | 6730/47868 [00:23<05:35, 122.64it/s]Tokenizing inputs:  14%|█▍        | 6753/47868 [00:24<04:50, 141.68it/s]Tokenizing inputs:  14%|█▍        | 6777/47868 [00:24<04:16, 160.46it/s]Tokenizing inputs:  14%|█▍        | 6801/47868 [00:24<03:52, 176.73it/s]Tokenizing inputs:  14%|█▍        | 6825/47868 [00:24<03:35, 190.81it/s]Tokenizing inputs:  14%|█▍        | 6848/47868 [00:24<03:26, 198.29it/s]Tokenizing inputs:  14%|█▍        | 6871/47868 [00:24<03:18, 206.21it/s]Tokenizing inputs:  14%|█▍        | 6896/47868 [00:24<03:08, 217.83it/s]Tokenizing inputs:  14%|█▍        | 6920/47868 [00:24<03:05, 220.96it/s]Tokenizing inputs:  15%|█▍        | 6944/47868 [00:24<03:02, 224.14it/s]Tokenizing inputs:  15%|█▍        | 6968/47868 [00:24<03:00, 226.64it/s]Tokenizing inputs:  15%|█▍        | 6992/47868 [00:25<02:58, 229.63it/s]Tokenizing inputs:  15%|█▍        | 7016/47868 [00:25<02:56, 231.34it/s]Tokenizing inputs:  15%|█▍        | 7041/47868 [00:25<02:54, 234.56it/s]Tokenizing inputs:  15%|█▍        | 7066/47868 [00:25<02:50, 238.97it/s]Tokenizing inputs:  15%|█▍        | 7091/47868 [00:25<02:51, 238.11it/s]Tokenizing inputs:  15%|█▍        | 7115/47868 [00:25<02:52, 236.08it/s]Tokenizing inputs:  15%|█▍        | 7139/47868 [00:25<02:55, 232.64it/s]Tokenizing inputs:  15%|█▍        | 7163/47868 [00:25<02:55, 232.21it/s]Tokenizing inputs:  15%|█▌        | 7187/47868 [00:25<02:55, 231.77it/s]Tokenizing inputs:  15%|█▌        | 7211/47868 [00:26<02:56, 230.73it/s]Tokenizing inputs:  15%|█▌        | 7235/47868 [00:26<02:57, 229.27it/s]Tokenizing inputs:  15%|█▌        | 7259/47868 [00:26<02:56, 230.00it/s]Tokenizing inputs:  15%|█▌        | 7284/47868 [00:26<02:53, 234.29it/s]Tokenizing inputs:  15%|█▌        | 7308/47868 [00:26<02:52, 235.16it/s]Tokenizing inputs:  15%|█▌        | 7332/47868 [00:26<02:52, 234.77it/s]Tokenizing inputs:  15%|█▌        | 7356/47868 [00:26<02:54, 232.03it/s]Tokenizing inputs:  15%|█▌        | 7380/47868 [00:26<02:54, 232.08it/s]Tokenizing inputs:  15%|█▌        | 7404/47868 [00:26<02:54, 232.25it/s]Tokenizing inputs:  16%|█▌        | 7428/47868 [00:26<02:53, 232.73it/s]Tokenizing inputs:  16%|█▌        | 7453/47868 [00:27<02:50, 236.59it/s]Tokenizing inputs:  16%|█▌        | 7477/47868 [00:27<02:51, 235.49it/s]Tokenizing inputs:  16%|█▌        | 7501/47868 [00:27<02:51, 235.75it/s]Tokenizing inputs:  16%|█▌        | 7525/47868 [00:27<02:53, 232.31it/s]Tokenizing inputs:  16%|█▌        | 7549/47868 [00:27<02:52, 234.17it/s]Tokenizing inputs:  16%|█▌        | 7573/47868 [00:27<02:51, 235.40it/s]Tokenizing inputs:  16%|█▌        | 7597/47868 [00:27<02:51, 235.22it/s]Tokenizing inputs:  16%|█▌        | 7621/47868 [00:27<02:51, 234.28it/s]Tokenizing inputs:  16%|█▌        | 7646/47868 [00:27<02:48, 238.07it/s]Tokenizing inputs:  16%|█▌        | 7670/47868 [00:27<02:49, 236.90it/s]Tokenizing inputs:  16%|█▌        | 7694/47868 [00:28<02:49, 236.84it/s]Tokenizing inputs:  16%|█▌        | 7718/47868 [00:28<02:50, 235.75it/s]Tokenizing inputs:  16%|█▌        | 7742/47868 [00:28<02:51, 233.46it/s]Tokenizing inputs:  16%|█▌        | 7767/47868 [00:28<02:49, 235.89it/s]Tokenizing inputs:  16%|█▋        | 7792/47868 [00:28<02:48, 237.21it/s]Tokenizing inputs:  16%|█▋        | 7817/47868 [00:28<02:47, 239.75it/s]Tokenizing inputs:  16%|█▋        | 7841/47868 [00:28<02:47, 239.39it/s]Tokenizing inputs:  16%|█▋        | 7865/47868 [00:28<02:49, 236.33it/s]Tokenizing inputs:  16%|█▋        | 7889/47868 [00:28<02:51, 233.17it/s]Tokenizing inputs:  17%|█▋        | 7914/47868 [00:29<02:49, 235.09it/s]Tokenizing inputs:  17%|█▋        | 7938/47868 [00:29<02:50, 233.53it/s]Tokenizing inputs:  17%|█▋        | 7962/47868 [00:29<02:51, 233.29it/s]Tokenizing inputs:  17%|█▋        | 7986/47868 [00:29<02:50, 233.43it/s]Tokenizing inputs:  17%|█▋        | 8016/47868 [00:29<02:37, 252.40it/s]Tokenizing inputs:  17%|█▋        | 8055/47868 [00:29<02:16, 292.16it/s]Tokenizing inputs:  17%|█▋        | 8095/47868 [00:29<02:03, 322.17it/s]Tokenizing inputs:  17%|█▋        | 8134/47868 [00:29<01:56, 342.04it/s]Tokenizing inputs:  17%|█▋        | 8175/47868 [00:29<01:50, 359.93it/s]Tokenizing inputs:  17%|█▋        | 8215/47868 [00:29<01:46, 371.07it/s]Tokenizing inputs:  17%|█▋        | 8254/47868 [00:30<01:45, 376.44it/s]Tokenizing inputs:  17%|█▋        | 8292/47868 [00:30<01:45, 376.01it/s]Tokenizing inputs:  17%|█▋        | 8332/47868 [00:30<01:43, 381.11it/s]Tokenizing inputs:  17%|█▋        | 8371/47868 [00:30<01:44, 379.27it/s]Tokenizing inputs:  18%|█▊        | 8411/47868 [00:30<01:42, 384.06it/s]Tokenizing inputs:  18%|█▊        | 8451/47868 [00:30<01:41, 388.71it/s]Tokenizing inputs:  18%|█▊        | 8491/47868 [00:30<01:41, 389.61it/s]Tokenizing inputs:  18%|█▊        | 8531/47868 [00:30<01:40, 391.45it/s]Tokenizing inputs:  18%|█▊        | 8571/47868 [00:30<01:40, 392.38it/s]Tokenizing inputs:  18%|█▊        | 8612/47868 [00:30<01:39, 395.17it/s]Tokenizing inputs:  18%|█▊        | 8652/47868 [00:31<01:40, 388.83it/s]Tokenizing inputs:  18%|█▊        | 8692/47868 [00:31<01:40, 390.26it/s]Tokenizing inputs:  18%|█▊        | 8732/47868 [00:31<01:45, 369.68it/s]Tokenizing inputs:  18%|█▊        | 8771/47868 [00:31<01:44, 374.54it/s]Tokenizing inputs:  18%|█▊        | 8811/47868 [00:31<01:42, 380.15it/s]Tokenizing inputs:  18%|█▊        | 8851/47868 [00:31<01:41, 383.59it/s]Tokenizing inputs:  19%|█▊        | 8890/47868 [00:31<01:42, 381.03it/s]Tokenizing inputs:  19%|█▊        | 8930/47868 [00:31<01:41, 384.78it/s]Tokenizing inputs:  19%|█▊        | 8970/47868 [00:31<01:40, 388.01it/s]Tokenizing inputs:  19%|█▉        | 9009/47868 [00:31<01:40, 387.80it/s]Tokenizing inputs:  19%|█▉        | 9048/47868 [00:32<01:41, 382.92it/s]Tokenizing inputs:  19%|█▉        | 9087/47868 [00:32<01:41, 383.07it/s]Tokenizing inputs:  19%|█▉        | 9126/47868 [00:32<01:40, 384.72it/s]Tokenizing inputs:  19%|█▉        | 9165/47868 [00:32<01:41, 383.18it/s]Tokenizing inputs:  19%|█▉        | 9204/47868 [00:32<01:40, 383.83it/s]Tokenizing inputs:  19%|█▉        | 9243/47868 [00:32<01:41, 382.40it/s]Tokenizing inputs:  19%|█▉        | 9282/47868 [00:32<01:40, 383.61it/s]Tokenizing inputs:  19%|█▉        | 9322/47868 [00:32<01:39, 387.30it/s]Tokenizing inputs:  20%|█▉        | 9361/47868 [00:32<01:40, 383.99it/s]Tokenizing inputs:  20%|█▉        | 9401/47868 [00:33<01:39, 386.36it/s]Tokenizing inputs:  20%|█▉        | 9441/47868 [00:33<01:39, 387.42it/s]Tokenizing inputs:  20%|█▉        | 9480/47868 [00:33<01:38, 388.11it/s]Tokenizing inputs:  20%|█▉        | 9519/47868 [00:33<01:39, 386.42it/s]Tokenizing inputs:  20%|█▉        | 9558/47868 [00:33<01:40, 382.41it/s]Tokenizing inputs:  20%|██        | 9597/47868 [00:33<01:40, 380.28it/s]Tokenizing inputs:  20%|██        | 9636/47868 [00:33<01:40, 380.86it/s]Tokenizing inputs:  20%|██        | 9675/47868 [00:33<01:40, 378.76it/s]Tokenizing inputs:  20%|██        | 9713/47868 [00:33<01:40, 377.88it/s]Tokenizing inputs:  20%|██        | 9752/47868 [00:33<01:40, 378.88it/s]Tokenizing inputs:  20%|██        | 9791/47868 [00:34<01:40, 379.67it/s]Tokenizing inputs:  21%|██        | 9830/47868 [00:34<01:39, 381.65it/s]Tokenizing inputs:  21%|██        | 9869/47868 [00:34<01:40, 379.09it/s]Tokenizing inputs:  21%|██        | 9907/47868 [00:34<01:41, 375.68it/s]Tokenizing inputs:  21%|██        | 9945/47868 [00:34<01:40, 375.60it/s]Tokenizing inputs:  21%|██        | 9983/47868 [00:34<01:41, 374.11it/s]Tokenizing inputs:  21%|██        | 10021/47868 [00:34<01:44, 363.50it/s]Tokenizing inputs:  21%|██        | 10058/47868 [00:34<01:46, 354.65it/s]Tokenizing inputs:  21%|██        | 10094/47868 [00:34<01:48, 347.29it/s]Tokenizing inputs:  21%|██        | 10129/47868 [00:34<01:50, 341.51it/s]Tokenizing inputs:  21%|██        | 10164/47868 [00:35<01:50, 340.78it/s]Tokenizing inputs:  21%|██▏       | 10199/47868 [00:35<01:50, 340.06it/s]Tokenizing inputs:  21%|██▏       | 10234/47868 [00:35<01:51, 337.08it/s]Tokenizing inputs:  21%|██▏       | 10268/47868 [00:35<01:53, 331.76it/s]Tokenizing inputs:  22%|██▏       | 10302/47868 [00:35<01:54, 329.37it/s]Tokenizing inputs:  22%|██▏       | 10335/47868 [00:35<01:54, 328.67it/s]Tokenizing inputs:  22%|██▏       | 10368/47868 [00:35<01:55, 324.93it/s]Tokenizing inputs:  22%|██▏       | 10401/47868 [00:35<01:54, 326.13it/s]Tokenizing inputs:  22%|██▏       | 10435/47868 [00:35<01:54, 328.27it/s]Tokenizing inputs:  22%|██▏       | 10469/47868 [00:36<01:52, 331.55it/s]Tokenizing inputs:  22%|██▏       | 10503/47868 [00:36<01:53, 330.21it/s]Tokenizing inputs:  22%|██▏       | 10537/47868 [00:36<01:52, 330.54it/s]Tokenizing inputs:  22%|██▏       | 10571/47868 [00:36<01:52, 331.85it/s]Tokenizing inputs:  22%|██▏       | 10605/47868 [00:36<01:51, 332.74it/s]Tokenizing inputs:  22%|██▏       | 10639/47868 [00:36<01:51, 333.92it/s]Tokenizing inputs:  22%|██▏       | 10673/47868 [00:36<01:52, 331.93it/s]Tokenizing inputs:  22%|██▏       | 10707/47868 [00:36<01:51, 332.66it/s]Tokenizing inputs:  22%|██▏       | 10741/47868 [00:36<01:52, 330.73it/s]Tokenizing inputs:  23%|██▎       | 10775/47868 [00:36<01:56, 318.60it/s]Tokenizing inputs:  23%|██▎       | 10809/47868 [00:37<01:54, 324.05it/s]Tokenizing inputs:  23%|██▎       | 10843/47868 [00:37<01:53, 327.16it/s]Tokenizing inputs:  23%|██▎       | 10876/47868 [00:37<01:53, 326.53it/s]Tokenizing inputs:  23%|██▎       | 10909/47868 [00:37<01:52, 327.55it/s]Tokenizing inputs:  23%|██▎       | 10943/47868 [00:37<01:52, 329.38it/s]Tokenizing inputs:  23%|██▎       | 10978/47868 [00:37<01:50, 332.71it/s]Tokenizing inputs:  23%|██▎       | 11012/47868 [00:37<01:50, 332.27it/s]Tokenizing inputs:  23%|██▎       | 11046/47868 [00:37<01:51, 329.24it/s]Tokenizing inputs:  23%|██▎       | 11080/47868 [00:37<01:51, 329.71it/s]Tokenizing inputs:  23%|██▎       | 11113/47868 [00:37<01:51, 329.62it/s]Tokenizing inputs:  23%|██▎       | 11147/47868 [00:38<01:51, 330.04it/s]Tokenizing inputs:  23%|██▎       | 11181/47868 [00:38<01:51, 329.87it/s]Tokenizing inputs:  23%|██▎       | 11215/47868 [00:38<01:50, 330.52it/s]Tokenizing inputs:  24%|██▎       | 11249/47868 [00:38<01:51, 329.14it/s]Tokenizing inputs:  24%|██▎       | 11282/47868 [00:38<01:52, 326.35it/s]Tokenizing inputs:  24%|██▎       | 11316/47868 [00:38<01:50, 329.71it/s]Tokenizing inputs:  24%|██▎       | 11349/47868 [00:38<01:51, 327.16it/s]Tokenizing inputs:  24%|██▍       | 11383/47868 [00:38<01:51, 328.00it/s]Tokenizing inputs:  24%|██▍       | 11417/47868 [00:38<01:50, 329.17it/s]Tokenizing inputs:  24%|██▍       | 11450/47868 [00:39<01:50, 328.68it/s]Tokenizing inputs:  24%|██▍       | 11484/47868 [00:39<01:50, 329.47it/s]Tokenizing inputs:  24%|██▍       | 11518/47868 [00:39<01:50, 329.44it/s]Tokenizing inputs:  24%|██▍       | 11551/47868 [00:39<01:51, 326.86it/s]Tokenizing inputs:  24%|██▍       | 11584/47868 [00:39<01:51, 325.54it/s]Tokenizing inputs:  24%|██▍       | 11617/47868 [00:39<01:51, 324.26it/s]Tokenizing inputs:  24%|██▍       | 11651/47868 [00:39<01:51, 325.87it/s]Tokenizing inputs:  24%|██▍       | 11684/47868 [00:39<01:51, 324.08it/s]Tokenizing inputs:  24%|██▍       | 11717/47868 [00:39<01:51, 324.54it/s]Tokenizing inputs:  25%|██▍       | 11750/47868 [00:39<01:51, 325.16it/s]Tokenizing inputs:  25%|██▍       | 11783/47868 [00:40<01:51, 324.17it/s]Tokenizing inputs:  25%|██▍       | 11816/47868 [00:40<01:51, 324.73it/s]Tokenizing inputs:  25%|██▍       | 11849/47868 [00:40<01:50, 326.17it/s]Tokenizing inputs:  25%|██▍       | 11882/47868 [00:40<01:50, 325.18it/s]Tokenizing inputs:  25%|██▍       | 11915/47868 [00:40<01:51, 322.52it/s]Tokenizing inputs:  25%|██▍       | 11948/47868 [00:40<01:51, 322.02it/s]Tokenizing inputs:  25%|██▌       | 11981/47868 [00:40<01:51, 322.01it/s]Tokenizing inputs:  25%|██▌       | 12014/47868 [00:40<01:52, 318.34it/s]Tokenizing inputs:  25%|██▌       | 12046/47868 [00:40<01:54, 314.18it/s]Tokenizing inputs:  25%|██▌       | 12078/47868 [00:40<01:56, 307.43it/s]Tokenizing inputs:  25%|██▌       | 12109/47868 [00:41<01:58, 302.67it/s]Tokenizing inputs:  25%|██▌       | 12140/47868 [00:41<01:58, 301.50it/s]Tokenizing inputs:  25%|██▌       | 12171/47868 [00:41<01:57, 302.62it/s]Tokenizing inputs:  25%|██▌       | 12202/47868 [00:41<01:57, 304.02it/s]Tokenizing inputs:  26%|██▌       | 12233/47868 [00:41<01:57, 304.01it/s]Tokenizing inputs:  26%|██▌       | 12264/47868 [00:41<01:56, 304.34it/s]Tokenizing inputs:  26%|██▌       | 12295/47868 [00:41<01:57, 303.62it/s]Tokenizing inputs:  26%|██▌       | 12326/47868 [00:41<01:57, 302.35it/s]Tokenizing inputs:  26%|██▌       | 12357/47868 [00:41<01:57, 301.39it/s]Tokenizing inputs:  26%|██▌       | 12388/47868 [00:41<01:58, 299.47it/s]Tokenizing inputs:  26%|██▌       | 12418/47868 [00:42<01:58, 298.70it/s]Tokenizing inputs:  26%|██▌       | 12448/47868 [00:42<01:59, 297.42it/s]Tokenizing inputs:  26%|██▌       | 12479/47868 [00:42<01:58, 298.32it/s]Tokenizing inputs:  26%|██▌       | 12509/47868 [00:42<01:59, 295.37it/s]Tokenizing inputs:  26%|██▌       | 12539/47868 [00:42<01:59, 296.14it/s]Tokenizing inputs:  26%|██▋       | 12570/47868 [00:42<01:58, 297.31it/s]Tokenizing inputs:  26%|██▋       | 12600/47868 [00:42<01:58, 297.58it/s]Tokenizing inputs:  26%|██▋       | 12630/47868 [00:42<01:58, 297.72it/s]Tokenizing inputs:  26%|██▋       | 12660/47868 [00:42<01:58, 298.04it/s]Tokenizing inputs:  27%|██▋       | 12691/47868 [00:43<01:57, 298.88it/s]Tokenizing inputs:  27%|██▋       | 12721/47868 [00:43<01:58, 296.67it/s]Tokenizing inputs:  27%|██▋       | 12751/47868 [00:43<01:58, 295.90it/s]Tokenizing inputs:  27%|██▋       | 12781/47868 [00:43<01:58, 295.93it/s]Tokenizing inputs:  27%|██▋       | 12811/47868 [00:43<02:03, 283.01it/s]Tokenizing inputs:  27%|██▋       | 12841/47868 [00:43<02:02, 285.28it/s]Tokenizing inputs:  27%|██▋       | 12870/47868 [00:43<02:02, 286.57it/s]Tokenizing inputs:  27%|██▋       | 12899/47868 [00:43<02:02, 286.60it/s]Tokenizing inputs:  27%|██▋       | 12928/47868 [00:43<02:02, 285.88it/s]Tokenizing inputs:  27%|██▋       | 12958/47868 [00:43<02:01, 287.54it/s]Tokenizing inputs:  27%|██▋       | 12988/47868 [00:44<02:00, 290.61it/s]Tokenizing inputs:  27%|██▋       | 13018/47868 [00:44<01:59, 291.07it/s]Tokenizing inputs:  27%|██▋       | 13049/47868 [00:44<01:57, 295.95it/s]Tokenizing inputs:  27%|██▋       | 13080/47868 [00:44<01:55, 300.05it/s]Tokenizing inputs:  27%|██▋       | 13111/47868 [00:44<01:55, 300.14it/s]Tokenizing inputs:  27%|██▋       | 13142/47868 [00:44<01:55, 300.89it/s]Tokenizing inputs:  28%|██▊       | 13173/47868 [00:44<01:54, 302.91it/s]Tokenizing inputs:  28%|██▊       | 13204/47868 [00:44<01:53, 304.25it/s]Tokenizing inputs:  28%|██▊       | 13235/47868 [00:44<01:53, 305.63it/s]Tokenizing inputs:  28%|██▊       | 13266/47868 [00:44<01:52, 306.83it/s]Tokenizing inputs:  28%|██▊       | 13297/47868 [00:45<01:53, 305.62it/s]Tokenizing inputs:  28%|██▊       | 13328/47868 [00:45<01:53, 305.27it/s]Tokenizing inputs:  28%|██▊       | 13359/47868 [00:45<01:53, 304.80it/s]Tokenizing inputs:  28%|██▊       | 13390/47868 [00:45<01:52, 305.54it/s]Tokenizing inputs:  28%|██▊       | 13421/47868 [00:45<01:52, 306.67it/s]Tokenizing inputs:  28%|██▊       | 13452/47868 [00:45<01:51, 307.37it/s]Tokenizing inputs:  28%|██▊       | 13483/47868 [00:45<01:51, 307.52it/s]Tokenizing inputs:  28%|██▊       | 13514/47868 [00:45<01:53, 303.90it/s]Tokenizing inputs:  28%|██▊       | 13545/47868 [00:45<01:52, 305.14it/s]Tokenizing inputs:  28%|██▊       | 13576/47868 [00:45<01:51, 306.18it/s]Tokenizing inputs:  28%|██▊       | 13608/47868 [00:46<01:50, 309.01it/s]Tokenizing inputs:  28%|██▊       | 13639/47868 [00:46<01:51, 308.06it/s]Tokenizing inputs:  29%|██▊       | 13670/47868 [00:46<01:52, 304.00it/s]Tokenizing inputs:  29%|██▊       | 13701/47868 [00:46<01:52, 304.49it/s]Tokenizing inputs:  29%|██▊       | 13732/47868 [00:46<01:51, 305.31it/s]Tokenizing inputs:  29%|██▉       | 13763/47868 [00:46<01:51, 306.15it/s]Tokenizing inputs:  29%|██▉       | 13794/47868 [00:46<01:51, 304.37it/s]Tokenizing inputs:  29%|██▉       | 13825/47868 [00:46<01:52, 303.94it/s]Tokenizing inputs:  29%|██▉       | 13856/47868 [00:46<01:52, 303.26it/s]Tokenizing inputs:  29%|██▉       | 13887/47868 [00:46<01:52, 302.43it/s]Tokenizing inputs:  29%|██▉       | 13919/47868 [00:47<01:51, 305.83it/s]Tokenizing inputs:  29%|██▉       | 13950/47868 [00:47<01:50, 306.49it/s]Tokenizing inputs:  29%|██▉       | 13981/47868 [00:47<01:51, 303.08it/s]Tokenizing inputs:  29%|██▉       | 14038/47868 [00:47<01:28, 381.44it/s]Tokenizing inputs:  30%|██▉       | 14137/47868 [00:47<01:00, 560.08it/s]Tokenizing inputs:  30%|██▉       | 14249/47868 [00:47<00:46, 726.00it/s]Tokenizing inputs:  30%|███       | 14378/47868 [00:47<00:37, 892.18it/s]Tokenizing inputs:  30%|███       | 14477/47868 [00:47<00:36, 921.10it/s]Tokenizing inputs:  30%|███       | 14576/47868 [00:47<00:35, 940.52it/s]Tokenizing inputs:  31%|███       | 14671/47868 [00:48<00:36, 902.88it/s]Tokenizing inputs:  31%|███       | 14762/47868 [00:48<00:37, 882.26it/s]Tokenizing inputs:  31%|███       | 14851/47868 [00:48<00:49, 666.11it/s]Tokenizing inputs:  31%|███       | 14926/47868 [00:48<00:56, 586.60it/s]Tokenizing inputs:  31%|███▏      | 14998/47868 [00:48<00:53, 614.71it/s]Tokenizing inputs:  31%|███▏      | 15066/47868 [00:48<00:53, 610.13it/s]Tokenizing inputs:  32%|███▏      | 15157/47868 [00:48<00:47, 683.62it/s]Tokenizing inputs:  32%|███▏      | 15230/47868 [00:48<00:47, 681.67it/s]Tokenizing inputs:  32%|███▏      | 15301/47868 [00:49<00:51, 631.32it/s]Tokenizing inputs:  32%|███▏      | 15367/47868 [00:49<00:52, 616.85it/s]Tokenizing inputs:  32%|███▏      | 15431/47868 [00:49<00:52, 618.73it/s]Tokenizing inputs:  32%|███▏      | 15509/47868 [00:49<00:49, 654.22it/s]Tokenizing inputs:  33%|███▎      | 15576/47868 [00:49<00:53, 608.27it/s]Tokenizing inputs:  33%|███▎      | 15671/47868 [00:49<00:46, 698.65it/s]Tokenizing inputs:  33%|███▎      | 15750/47868 [00:49<00:44, 722.30it/s]Tokenizing inputs:  33%|███▎      | 15824/47868 [00:49<00:45, 712.06it/s]Tokenizing inputs:  33%|███▎      | 15955/47868 [00:49<00:36, 880.91it/s]Tokenizing inputs:  34%|███▎      | 16094/47868 [00:50<00:30, 1025.76it/s]Tokenizing inputs:  34%|███▍      | 16199/47868 [00:50<00:31, 1017.36it/s]Tokenizing inputs:  34%|███▍      | 16302/47868 [00:50<00:39, 796.26it/s] Tokenizing inputs:  34%|███▍      | 16390/47868 [00:50<00:46, 682.32it/s]Tokenizing inputs:  34%|███▍      | 16467/47868 [00:50<00:53, 582.71it/s]Tokenizing inputs:  35%|███▍      | 16533/47868 [00:50<01:01, 509.77it/s]Tokenizing inputs:  35%|███▍      | 16601/47868 [00:50<00:57, 543.32it/s]Tokenizing inputs:  35%|███▍      | 16667/47868 [00:51<00:54, 568.41it/s]Tokenizing inputs:  35%|███▍      | 16736/47868 [00:51<00:52, 596.78it/s]Tokenizing inputs:  35%|███▌      | 16800/47868 [00:51<00:51, 600.79it/s]Tokenizing inputs:  35%|███▌      | 16863/47868 [00:51<00:53, 576.49it/s]Tokenizing inputs:  35%|███▌      | 16923/47868 [00:51<01:07, 456.06it/s]Tokenizing inputs:  35%|███▌      | 16974/47868 [00:51<01:17, 396.65it/s]Tokenizing inputs:  36%|███▌      | 17018/47868 [00:52<01:48, 283.27it/s]Tokenizing inputs:  36%|███▌      | 17060/47868 [00:52<01:40, 307.09it/s]Tokenizing inputs:  36%|███▌      | 17120/47868 [00:52<01:24, 365.68it/s]Tokenizing inputs:  36%|███▌      | 17189/47868 [00:52<01:10, 436.87it/s]Tokenizing inputs:  36%|███▌      | 17241/47868 [00:52<01:27, 348.10it/s]Tokenizing inputs:  36%|███▌      | 17284/47868 [00:52<01:48, 281.27it/s]Tokenizing inputs:  36%|███▌      | 17320/47868 [00:53<02:03, 247.81it/s]Tokenizing inputs:  36%|███▌      | 17350/47868 [00:53<02:05, 243.21it/s]Tokenizing inputs:  36%|███▋      | 17432/47868 [00:53<01:25, 356.78it/s]Tokenizing inputs:  37%|███▋      | 17511/47868 [00:53<01:07, 451.90it/s]Tokenizing inputs:  37%|███▋      | 17603/47868 [00:53<00:53, 562.42it/s]Tokenizing inputs:  37%|███▋      | 17675/47868 [00:53<00:50, 599.54it/s]Tokenizing inputs:  37%|███▋      | 17742/47868 [00:53<00:49, 604.43it/s]Tokenizing inputs:  37%|███▋      | 17808/47868 [00:53<00:50, 597.56it/s]Tokenizing inputs:  37%|███▋      | 17903/47868 [00:53<00:43, 692.52it/s]Tokenizing inputs:  38%|███▊      | 17976/47868 [00:54<00:45, 657.48it/s]Tokenizing inputs:  38%|███▊      | 18084/47868 [00:54<00:38, 771.29it/s]Tokenizing inputs:  38%|███▊      | 18168/47868 [00:54<00:37, 789.98it/s]Tokenizing inputs:  38%|███▊      | 18262/47868 [00:54<00:35, 831.68it/s]Tokenizing inputs:  38%|███▊      | 18403/47868 [00:54<00:29, 998.22it/s]Tokenizing inputs:  39%|███▊      | 18540/47868 [00:54<00:26, 1106.53it/s]Tokenizing inputs:  39%|███▉      | 18653/47868 [00:54<00:30, 965.52it/s] Tokenizing inputs:  39%|███▉      | 18754/47868 [00:54<00:36, 787.02it/s]Tokenizing inputs:  39%|███▉      | 18841/47868 [00:55<00:41, 698.69it/s]Tokenizing inputs:  40%|███▉      | 18918/47868 [00:55<00:52, 550.91it/s]Tokenizing inputs:  40%|███▉      | 18999/47868 [00:55<00:47, 602.25it/s]Tokenizing inputs:  40%|███▉      | 19076/47868 [00:55<00:45, 638.52it/s]Tokenizing inputs:  40%|████      | 19153/47868 [00:55<00:42, 669.25it/s]Tokenizing inputs:  40%|████      | 19226/47868 [00:55<00:43, 664.56it/s]Tokenizing inputs:  40%|████      | 19297/47868 [00:55<00:47, 604.11it/s]Tokenizing inputs:  40%|████      | 19361/47868 [00:55<00:50, 565.57it/s]Tokenizing inputs:  41%|████      | 19421/47868 [00:56<01:26, 327.01it/s]Tokenizing inputs:  41%|████      | 19478/47868 [00:56<01:17, 367.59it/s]Tokenizing inputs:  41%|████      | 19536/47868 [00:56<01:09, 407.77it/s]Tokenizing inputs:  41%|████      | 19607/47868 [00:56<00:59, 472.97it/s]Tokenizing inputs:  41%|████      | 19665/47868 [00:57<01:25, 329.19it/s]Tokenizing inputs:  41%|████      | 19711/47868 [00:57<01:41, 277.36it/s]Tokenizing inputs:  41%|████▏     | 19749/47868 [00:57<01:47, 260.40it/s]Tokenizing inputs:  41%|████▏     | 19832/47868 [00:57<01:17, 360.46it/s]Tokenizing inputs:  42%|████▏     | 19913/47868 [00:57<01:02, 450.13it/s]Tokenizing inputs:  42%|████▏     | 20004/47868 [00:57<00:50, 552.38it/s]Tokenizing inputs:  42%|████▏     | 20074/47868 [00:57<00:47, 587.02it/s]Tokenizing inputs:  42%|████▏     | 20143/47868 [00:57<00:46, 595.31it/s]Tokenizing inputs:  42%|████▏     | 20210/47868 [00:58<00:46, 593.14it/s]Tokenizing inputs:  42%|████▏     | 20305/47868 [00:58<00:40, 686.48it/s]Tokenizing inputs:  43%|████▎     | 20379/47868 [00:58<00:42, 648.08it/s]Tokenizing inputs:  43%|████▎     | 20485/47868 [00:58<00:36, 756.53it/s]Tokenizing inputs:  43%|████▎     | 20569/47868 [00:58<00:35, 776.99it/s]Tokenizing inputs:  43%|████▎     | 20662/47868 [00:58<00:33, 819.77it/s]Tokenizing inputs:  43%|████▎     | 20804/47868 [00:58<00:27, 991.05it/s]Tokenizing inputs:  44%|████▍     | 20943/47868 [00:58<00:24, 1105.75it/s]Tokenizing inputs:  44%|████▍     | 21056/47868 [00:58<00:28, 938.65it/s] Tokenizing inputs:  44%|████▍     | 21156/47868 [00:59<00:34, 783.57it/s]Tokenizing inputs:  44%|████▍     | 21243/47868 [00:59<00:37, 704.45it/s]Tokenizing inputs:  45%|████▍     | 21320/47868 [00:59<00:47, 561.26it/s]Tokenizing inputs:  45%|████▍     | 21402/47868 [00:59<00:43, 612.00it/s]Tokenizing inputs:  45%|████▍     | 21480/47868 [00:59<00:40, 648.11it/s]Tokenizing inputs:  45%|████▌     | 21556/47868 [00:59<00:38, 675.02it/s]Tokenizing inputs:  45%|████▌     | 21629/47868 [00:59<00:39, 666.01it/s]Tokenizing inputs:  45%|████▌     | 21700/47868 [01:00<00:43, 597.02it/s]Tokenizing inputs:  45%|████▌     | 21764/47868 [01:00<00:47, 554.93it/s]Tokenizing inputs:  46%|████▌     | 21823/47868 [01:00<01:18, 330.89it/s]Tokenizing inputs:  46%|████▌     | 21885/47868 [01:00<01:08, 379.74it/s]Tokenizing inputs:  46%|████▌     | 21953/47868 [01:00<00:59, 437.71it/s]Tokenizing inputs:  46%|████▌     | 22011/47868 [01:00<00:55, 464.90it/s]Tokenizing inputs:  46%|████▌     | 22067/47868 [01:01<01:16, 335.47it/s]Tokenizing inputs:  46%|████▌     | 22112/47868 [01:01<01:30, 285.38it/s]Tokenizing inputs:  46%|████▋     | 22150/47868 [01:01<01:34, 271.57it/s]Tokenizing inputs:  46%|████▋     | 22231/47868 [01:01<01:09, 371.23it/s]Tokenizing inputs:  47%|████▋     | 22310/47868 [01:01<00:55, 458.03it/s]Tokenizing inputs:  47%|████▋     | 22405/47868 [01:01<00:44, 571.00it/s]Tokenizing inputs:  47%|████▋     | 22474/47868 [01:02<00:42, 596.52it/s]Tokenizing inputs:  47%|████▋     | 22542/47868 [01:02<00:42, 600.12it/s]Tokenizing inputs:  47%|████▋     | 22608/47868 [01:02<00:43, 584.29it/s]Tokenizing inputs:  47%|████▋     | 22698/47868 [01:02<00:37, 665.57it/s]Tokenizing inputs:  48%|████▊     | 22769/47868 [01:02<00:40, 625.71it/s]Tokenizing inputs:  48%|████▊     | 22866/47868 [01:02<00:34, 716.17it/s]Tokenizing inputs:  48%|████▊     | 22955/47868 [01:02<00:32, 763.75it/s]Tokenizing inputs:  48%|████▊     | 23035/47868 [01:02<00:32, 757.48it/s]Tokenizing inputs:  48%|████▊     | 23166/47868 [01:02<00:27, 912.74it/s]Tokenizing inputs:  49%|████▊     | 23298/47868 [01:03<00:23, 1027.69it/s]Tokenizing inputs:  49%|████▉     | 23403/47868 [01:03<00:24, 1013.68it/s]Tokenizing inputs:  49%|████▉     | 23506/47868 [01:03<00:29, 812.83it/s] Tokenizing inputs:  49%|████▉     | 23595/47868 [01:03<00:34, 713.87it/s]Tokenizing inputs:  49%|████▉     | 23673/47868 [01:03<00:39, 616.33it/s]Tokenizing inputs:  50%|████▉     | 23741/47868 [01:03<00:42, 568.14it/s]Tokenizing inputs:  50%|████▉     | 23812/47868 [01:03<00:40, 598.62it/s]Tokenizing inputs:  50%|████▉     | 23888/47868 [01:03<00:37, 635.69it/s]Tokenizing inputs:  50%|█████     | 23959/47868 [01:04<00:36, 653.25it/s]Tokenizing inputs:  50%|█████     | 24028/47868 [01:04<00:37, 640.39it/s]Tokenizing inputs:  50%|█████     | 24095/47868 [01:04<00:40, 582.83it/s]Tokenizing inputs:  50%|█████     | 24156/47868 [01:04<00:45, 522.04it/s]Tokenizing inputs:  51%|█████     | 24211/47868 [01:04<01:17, 304.10it/s]Tokenizing inputs:  51%|█████     | 24254/47868 [01:05<01:14, 316.68it/s]Tokenizing inputs:  51%|█████     | 24318/47868 [01:05<01:02, 377.10it/s]Tokenizing inputs:  51%|█████     | 24388/47868 [01:05<00:52, 445.47it/s]Tokenizing inputs:  51%|█████     | 24443/47868 [01:05<01:04, 363.95it/s]Tokenizing inputs:  51%|█████     | 24489/47868 [01:05<01:18, 296.50it/s]Tokenizing inputs:  51%|█████     | 24527/47868 [01:05<01:28, 262.41it/s]Tokenizing inputs:  51%|█████▏    | 24562/47868 [01:05<01:23, 277.99it/s]Tokenizing inputs:  52%|█████▏    | 24653/47868 [01:06<00:57, 407.20it/s]Tokenizing inputs:  52%|█████▏    | 24746/47868 [01:06<00:44, 525.04it/s]Tokenizing inputs:  52%|█████▏    | 24836/47868 [01:06<00:37, 616.51it/s]Tokenizing inputs:  52%|█████▏    | 24928/47868 [01:06<00:33, 693.52it/s]Tokenizing inputs:  52%|█████▏    | 25021/47868 [01:06<00:30, 755.11it/s]Tokenizing inputs:  52%|█████▏    | 25103/47868 [01:06<00:29, 769.81it/s]Tokenizing inputs:  53%|█████▎    | 25196/47868 [01:06<00:27, 813.31it/s]Tokenizing inputs:  53%|█████▎    | 25287/47868 [01:06<00:26, 839.34it/s]Tokenizing inputs:  53%|█████▎    | 25378/47868 [01:06<00:26, 857.84it/s]Tokenizing inputs:  53%|█████▎    | 25469/47868 [01:07<00:25, 871.94it/s]Tokenizing inputs:  53%|█████▎    | 25561/47868 [01:07<00:25, 885.90it/s]Tokenizing inputs:  54%|█████▎    | 25654/47868 [01:07<00:24, 896.91it/s]Tokenizing inputs:  54%|█████▍    | 25745/47868 [01:07<00:24, 899.48it/s]Tokenizing inputs:  54%|█████▍    | 25837/47868 [01:07<00:24, 904.32it/s]Tokenizing inputs:  54%|█████▍    | 25928/47868 [01:07<00:24, 902.70it/s]Tokenizing inputs:  54%|█████▍    | 26019/47868 [01:07<00:24, 899.05it/s]Tokenizing inputs:  55%|█████▍    | 26111/47868 [01:07<00:24, 902.97it/s]Tokenizing inputs:  55%|█████▍    | 26204/47868 [01:07<00:23, 908.09it/s]Tokenizing inputs:  55%|█████▍    | 26298/47868 [01:07<00:23, 915.53it/s]Tokenizing inputs:  55%|█████▌    | 26392/47868 [01:08<00:23, 921.44it/s]Tokenizing inputs:  55%|█████▌    | 26487/47868 [01:08<00:23, 927.34it/s]Tokenizing inputs:  56%|█████▌    | 26580/47868 [01:08<00:25, 822.03it/s]Tokenizing inputs:  56%|█████▌    | 26665/47868 [01:08<00:29, 708.57it/s]Tokenizing inputs:  56%|█████▌    | 26740/47868 [01:08<00:32, 647.62it/s]Tokenizing inputs:  56%|█████▌    | 26808/47868 [01:08<00:34, 603.18it/s]Tokenizing inputs:  56%|█████▌    | 26871/47868 [01:08<00:36, 572.20it/s]Tokenizing inputs:  56%|█████▋    | 26930/47868 [01:08<00:37, 552.76it/s]Tokenizing inputs:  56%|█████▋    | 26987/47868 [01:09<00:38, 540.12it/s]Tokenizing inputs:  56%|█████▋    | 27042/47868 [01:09<00:38, 534.96it/s]Tokenizing inputs:  57%|█████▋    | 27096/47868 [01:09<00:39, 526.14it/s]Tokenizing inputs:  57%|█████▋    | 27149/47868 [01:09<00:39, 524.72it/s]Tokenizing inputs:  57%|█████▋    | 27202/47868 [01:09<00:39, 520.78it/s]Tokenizing inputs:  57%|█████▋    | 27256/47868 [01:09<00:39, 524.94it/s]Tokenizing inputs:  57%|█████▋    | 27309/47868 [01:09<00:39, 525.80it/s]Tokenizing inputs:  57%|█████▋    | 27363/47868 [01:09<00:38, 528.16it/s]Tokenizing inputs:  57%|█████▋    | 27416/47868 [01:09<00:38, 527.78it/s]Tokenizing inputs:  57%|█████▋    | 27470/47868 [01:09<00:38, 529.68it/s]Tokenizing inputs:  57%|█████▋    | 27524/47868 [01:10<00:38, 531.19it/s]Tokenizing inputs:  58%|█████▊    | 27578/47868 [01:10<00:38, 531.53it/s]Tokenizing inputs:  58%|█████▊    | 27632/47868 [01:10<00:38, 532.08it/s]Tokenizing inputs:  58%|█████▊    | 27686/47868 [01:10<00:37, 532.89it/s]Tokenizing inputs:  58%|█████▊    | 27741/47868 [01:10<00:37, 537.23it/s]Tokenizing inputs:  58%|█████▊    | 27796/47868 [01:10<00:37, 538.39it/s]Tokenizing inputs:  58%|█████▊    | 27852/47868 [01:10<00:36, 542.66it/s]Tokenizing inputs:  58%|█████▊    | 27907/47868 [01:10<00:36, 543.14it/s]Tokenizing inputs:  58%|█████▊    | 27962/47868 [01:10<00:36, 544.47it/s]Tokenizing inputs:  59%|█████▊    | 28017/47868 [01:10<00:36, 545.09it/s]Tokenizing inputs:  59%|█████▊    | 28073/47868 [01:11<00:36, 547.47it/s]Tokenizing inputs:  59%|█████▉    | 28128/47868 [01:11<00:36, 546.60it/s]Tokenizing inputs:  59%|█████▉    | 28183/47868 [01:11<00:35, 546.86it/s]Tokenizing inputs:  59%|█████▉    | 28238/47868 [01:11<00:36, 543.60it/s]Tokenizing inputs:  59%|█████▉    | 28293/47868 [01:11<00:36, 537.80it/s]Tokenizing inputs:  59%|█████▉    | 28347/47868 [01:11<00:36, 531.51it/s]Tokenizing inputs:  59%|█████▉    | 28401/47868 [01:11<00:36, 530.59it/s]Tokenizing inputs:  59%|█████▉    | 28455/47868 [01:11<00:36, 526.57it/s]Tokenizing inputs:  60%|█████▉    | 28508/47868 [01:11<00:36, 524.84it/s]Tokenizing inputs:  60%|█████▉    | 28561/47868 [01:12<00:36, 524.70it/s]Tokenizing inputs:  60%|█████▉    | 28614/47868 [01:12<00:36, 525.85it/s]Tokenizing inputs:  60%|█████▉    | 28667/47868 [01:12<00:36, 521.14it/s]Tokenizing inputs:  60%|██████    | 28725/47868 [01:12<00:35, 537.27it/s]Tokenizing inputs:  60%|██████    | 28815/47868 [01:12<00:29, 642.95it/s]Tokenizing inputs:  60%|██████    | 28906/47868 [01:12<00:26, 720.41it/s]Tokenizing inputs:  61%|██████    | 28995/47868 [01:12<00:24, 770.47it/s]Tokenizing inputs:  61%|██████    | 29085/47868 [01:12<00:23, 806.41it/s]Tokenizing inputs:  61%|██████    | 29168/47868 [01:12<00:23, 811.66it/s]Tokenizing inputs:  61%|██████    | 29257/47868 [01:12<00:22, 834.17it/s]Tokenizing inputs:  61%|██████▏   | 29343/47868 [01:13<00:22, 841.72it/s]Tokenizing inputs:  61%|██████▏   | 29429/47868 [01:13<00:21, 844.89it/s]Tokenizing inputs:  62%|██████▏   | 29515/47868 [01:13<00:21, 847.41it/s]Tokenizing inputs:  62%|██████▏   | 29602/47868 [01:13<00:21, 852.84it/s]Tokenizing inputs:  62%|██████▏   | 29689/47868 [01:13<00:21, 857.88it/s]Tokenizing inputs:  62%|██████▏   | 29775/47868 [01:13<00:21, 853.76it/s]Tokenizing inputs:  62%|██████▏   | 29861/47868 [01:13<00:21, 854.73it/s]Tokenizing inputs:  63%|██████▎   | 29948/47868 [01:13<00:20, 858.35it/s]Tokenizing inputs:  63%|██████▎   | 30035/47868 [01:13<00:20, 858.84it/s]Tokenizing inputs:  63%|██████▎   | 30121/47868 [01:13<00:20, 857.68it/s]Tokenizing inputs:  63%|██████▎   | 30209/47868 [01:14<00:20, 862.95it/s]Tokenizing inputs:  63%|██████▎   | 30296/47868 [01:14<00:20, 863.81it/s]Tokenizing inputs:  63%|██████▎   | 30384/47868 [01:14<00:20, 867.67it/s]Tokenizing inputs:  64%|██████▎   | 30472/47868 [01:14<00:20, 869.59it/s]Tokenizing inputs:  64%|██████▍   | 30560/47868 [01:14<00:19, 869.64it/s]Tokenizing inputs:  64%|██████▍   | 30647/47868 [01:14<00:19, 867.29it/s]Tokenizing inputs:  64%|██████▍   | 30734/47868 [01:14<00:20, 824.96it/s]Tokenizing inputs:  64%|██████▍   | 30817/47868 [01:14<00:22, 771.08it/s]Tokenizing inputs:  65%|██████▍   | 30895/47868 [01:14<00:22, 742.85it/s]Tokenizing inputs:  65%|██████▍   | 30970/47868 [01:15<00:23, 715.46it/s]Tokenizing inputs:  65%|██████▍   | 31043/47868 [01:15<00:24, 700.09it/s]Tokenizing inputs:  65%|██████▍   | 31114/47868 [01:15<00:24, 686.32it/s]Tokenizing inputs:  65%|██████▌   | 31183/47868 [01:15<00:24, 670.05it/s]Tokenizing inputs:  65%|██████▌   | 31251/47868 [01:15<00:25, 664.57it/s]Tokenizing inputs:  65%|██████▌   | 31318/47868 [01:15<00:25, 658.58it/s]Tokenizing inputs:  66%|██████▌   | 31384/47868 [01:15<00:25, 657.51it/s]Tokenizing inputs:  66%|██████▌   | 31450/47868 [01:15<00:24, 657.81it/s]Tokenizing inputs:  66%|██████▌   | 31516/47868 [01:15<00:24, 658.02it/s]Tokenizing inputs:  66%|██████▌   | 31583/47868 [01:15<00:24, 660.15it/s]Tokenizing inputs:  66%|██████▌   | 31650/47868 [01:16<00:24, 656.51it/s]Tokenizing inputs:  66%|██████▋   | 31716/47868 [01:16<00:24, 653.69it/s]Tokenizing inputs:  66%|██████▋   | 31783/47868 [01:16<00:24, 658.26it/s]Tokenizing inputs:  67%|██████▋   | 31849/47868 [01:16<00:24, 654.74it/s]Tokenizing inputs:  67%|██████▋   | 31915/47868 [01:16<00:24, 653.04it/s]Tokenizing inputs:  67%|██████▋   | 31981/47868 [01:16<00:24, 653.75it/s]Tokenizing inputs:  67%|██████▋   | 32048/47868 [01:16<00:24, 656.03it/s]Tokenizing inputs:  67%|██████▋   | 32117/47868 [01:16<00:23, 664.03it/s]Tokenizing inputs:  67%|██████▋   | 32184/47868 [01:16<00:23, 663.08it/s]Tokenizing inputs:  67%|██████▋   | 32251/47868 [01:16<00:23, 664.23it/s]Tokenizing inputs:  68%|██████▊   | 32318/47868 [01:17<00:23, 665.75it/s]Tokenizing inputs:  68%|██████▊   | 32385/47868 [01:17<00:23, 658.98it/s]Tokenizing inputs:  68%|██████▊   | 32452/47868 [01:17<00:23, 660.51it/s]Tokenizing inputs:  68%|██████▊   | 32519/47868 [01:17<00:23, 662.73it/s]Tokenizing inputs:  68%|██████▊   | 32587/47868 [01:17<00:22, 665.85it/s]Tokenizing inputs:  68%|██████▊   | 32654/47868 [01:17<00:22, 663.50it/s]Tokenizing inputs:  68%|██████▊   | 32721/47868 [01:17<00:22, 662.72it/s]Tokenizing inputs:  68%|██████▊   | 32788/47868 [01:17<00:22, 658.97it/s]Tokenizing inputs:  69%|██████▊   | 32856/47868 [01:17<00:22, 663.00it/s]Tokenizing inputs:  69%|██████▉   | 32942/47868 [01:17<00:20, 719.57it/s]Tokenizing inputs:  69%|██████▉   | 33028/47868 [01:18<00:19, 759.08it/s]Tokenizing inputs:  69%|██████▉   | 33119/47868 [01:18<00:18, 803.77it/s]Tokenizing inputs:  69%|██████▉   | 33200/47868 [01:18<00:18, 802.00it/s]Tokenizing inputs:  70%|██████▉   | 33289/47868 [01:18<00:17, 828.05it/s]Tokenizing inputs:  70%|██████▉   | 33383/47868 [01:18<00:16, 859.85it/s]Tokenizing inputs:  70%|██████▉   | 33472/47868 [01:18<00:16, 868.02it/s]Tokenizing inputs:  70%|███████   | 33562/47868 [01:18<00:16, 875.24it/s]Tokenizing inputs:  70%|███████   | 33652/47868 [01:18<00:16, 879.98it/s]Tokenizing inputs:  70%|███████   | 33745/47868 [01:18<00:15, 893.77it/s]Tokenizing inputs:  71%|███████   | 33835/47868 [01:18<00:15, 895.04it/s]Tokenizing inputs:  71%|███████   | 33927/47868 [01:19<00:15, 902.15it/s]Tokenizing inputs:  71%|███████   | 34022/47868 [01:19<00:15, 914.62it/s]Tokenizing inputs:  71%|███████▏  | 34115/47868 [01:19<00:14, 917.55it/s]Tokenizing inputs:  71%|███████▏  | 34208/47868 [01:19<00:14, 919.12it/s]Tokenizing inputs:  72%|███████▏  | 34300/47868 [01:19<00:14, 911.88it/s]Tokenizing inputs:  72%|███████▏  | 34406/47868 [01:19<00:14, 953.91it/s]Tokenizing inputs:  72%|███████▏  | 34507/47868 [01:19<00:13, 969.82it/s]Tokenizing inputs:  72%|███████▏  | 34605/47868 [01:19<00:13, 969.97it/s]Tokenizing inputs:  73%|███████▎  | 34708/47868 [01:19<00:13, 986.44it/s]Tokenizing inputs:  73%|███████▎  | 34812/47868 [01:19<00:13, 1000.07it/s]Tokenizing inputs:  73%|███████▎  | 34913/47868 [01:20<00:12, 996.54it/s] Tokenizing inputs:  73%|███████▎  | 35016/47868 [01:20<00:12, 1005.93it/s]Tokenizing inputs:  73%|███████▎  | 35118/47868 [01:20<00:12, 1009.48it/s]Tokenizing inputs:  74%|███████▎  | 35219/47868 [01:20<00:12, 1009.16it/s]Tokenizing inputs:  74%|███████▍  | 35320/47868 [01:20<00:12, 987.50it/s] Tokenizing inputs:  74%|███████▍  | 35423/47868 [01:20<00:12, 999.01it/s]Tokenizing inputs:  74%|███████▍  | 35527/47868 [01:20<00:12, 1010.63it/s]Tokenizing inputs:  74%|███████▍  | 35631/47868 [01:20<00:12, 1016.60it/s]Tokenizing inputs:  75%|███████▍  | 35733/47868 [01:20<00:11, 1011.87it/s]Tokenizing inputs:  75%|███████▍  | 35850/47868 [01:20<00:11, 1058.36it/s]Tokenizing inputs:  75%|███████▌  | 35963/47868 [01:21<00:11, 1076.72it/s]Tokenizing inputs:  75%|███████▌  | 36076/47868 [01:21<00:10, 1088.96it/s]Tokenizing inputs:  76%|███████▌  | 36190/47868 [01:21<00:10, 1102.15it/s]Tokenizing inputs:  76%|███████▌  | 36304/47868 [01:21<00:10, 1110.73it/s]Tokenizing inputs:  76%|███████▌  | 36418/47868 [01:21<00:10, 1118.30it/s]Tokenizing inputs:  76%|███████▋  | 36533/47868 [01:21<00:10, 1126.99it/s]Tokenizing inputs:  77%|███████▋  | 36646/47868 [01:21<00:09, 1125.12it/s]Tokenizing inputs:  77%|███████▋  | 36761/47868 [01:21<00:09, 1130.20it/s]Tokenizing inputs:  77%|███████▋  | 36877/47868 [01:21<00:09, 1138.78it/s]Tokenizing inputs:  77%|███████▋  | 36996/47868 [01:22<00:09, 1152.46it/s]Tokenizing inputs:  78%|███████▊  | 37112/47868 [01:22<00:09, 1145.37it/s]Tokenizing inputs:  78%|███████▊  | 37227/47868 [01:22<00:09, 1106.04it/s]Tokenizing inputs:  78%|███████▊  | 37338/47868 [01:22<00:10, 1015.74it/s]Tokenizing inputs:  78%|███████▊  | 37442/47868 [01:22<00:10, 968.41it/s] Tokenizing inputs:  78%|███████▊  | 37541/47868 [01:22<00:10, 961.32it/s]Tokenizing inputs:  79%|███████▊  | 37638/47868 [01:22<00:10, 945.79it/s]Tokenizing inputs:  79%|███████▉  | 37734/47868 [01:22<00:10, 933.13it/s]Tokenizing inputs:  79%|███████▉  | 37828/47868 [01:22<00:10, 917.28it/s]Tokenizing inputs:  79%|███████▉  | 37920/47868 [01:23<00:10, 908.72it/s]Tokenizing inputs:  79%|███████▉  | 38011/47868 [01:23<00:10, 903.63it/s]Tokenizing inputs:  80%|███████▉  | 38102/47868 [01:23<00:10, 896.45it/s]Tokenizing inputs:  80%|███████▉  | 38194/47868 [01:23<00:10, 902.12it/s]Tokenizing inputs:  80%|███████▉  | 38285/47868 [01:23<00:10, 899.48it/s]Tokenizing inputs:  80%|████████  | 38378/47868 [01:23<00:10, 906.44it/s]Tokenizing inputs:  80%|████████  | 38470/47868 [01:23<00:10, 908.72it/s]Tokenizing inputs:  81%|████████  | 38561/47868 [01:23<00:10, 897.66it/s]Tokenizing inputs:  81%|████████  | 38669/47868 [01:23<00:09, 950.71it/s]Tokenizing inputs:  81%|████████  | 38780/47868 [01:23<00:09, 995.87it/s]Tokenizing inputs:  81%|████████  | 38888/47868 [01:24<00:08, 1020.43it/s]Tokenizing inputs:  81%|████████▏ | 39000/47868 [01:24<00:08, 1048.10it/s]Tokenizing inputs:  82%|████████▏ | 39114/47868 [01:24<00:08, 1074.18it/s]Tokenizing inputs:  82%|████████▏ | 39224/47868 [01:24<00:08, 1079.78it/s]Tokenizing inputs:  82%|████████▏ | 39333/47868 [01:24<00:07, 1070.76it/s]Tokenizing inputs:  82%|████████▏ | 39445/47868 [01:24<00:07, 1083.94it/s]Tokenizing inputs:  83%|████████▎ | 39557/47868 [01:24<00:07, 1093.11it/s]Tokenizing inputs:  83%|████████▎ | 39670/47868 [01:24<00:07, 1103.08it/s]Tokenizing inputs:  83%|████████▎ | 39787/47868 [01:24<00:07, 1121.26it/s]Tokenizing inputs:  83%|████████▎ | 39901/47868 [01:24<00:07, 1124.77it/s]Tokenizing inputs:  84%|████████▎ | 40014/47868 [01:25<00:07, 1112.36it/s]Tokenizing inputs:  84%|████████▍ | 40126/47868 [01:25<00:07, 1101.29it/s]Tokenizing inputs:  84%|████████▍ | 40237/47868 [01:25<00:07, 1085.88it/s]Tokenizing inputs:  84%|████████▍ | 40346/47868 [01:25<00:07, 1068.38it/s]Tokenizing inputs:  85%|████████▍ | 40453/47868 [01:25<00:06, 1068.04it/s]Tokenizing inputs:  85%|████████▍ | 40560/47868 [01:25<00:06, 1064.81it/s]Tokenizing inputs:  85%|████████▍ | 40667/47868 [01:25<00:06, 1057.73it/s]Tokenizing inputs:  85%|████████▌ | 40773/47868 [01:25<00:06, 1052.84it/s]Tokenizing inputs:  85%|████████▌ | 40879/47868 [01:25<00:06, 1047.80it/s]Tokenizing inputs:  86%|████████▌ | 40984/47868 [01:25<00:06, 1047.51it/s]Tokenizing inputs:  86%|████████▌ | 41089/47868 [01:26<00:06, 1044.46it/s]Tokenizing inputs:  86%|████████▌ | 41199/47868 [01:26<00:06, 1058.50it/s]Tokenizing inputs:  86%|████████▋ | 41307/47868 [01:26<00:06, 1064.24it/s]Tokenizing inputs:  87%|████████▋ | 41414/47868 [01:26<00:06, 1041.49it/s]Tokenizing inputs:  87%|████████▋ | 41525/47868 [01:26<00:05, 1060.33it/s]Tokenizing inputs:  87%|████████▋ | 41634/47868 [01:26<00:05, 1066.85it/s]Tokenizing inputs:  87%|████████▋ | 41741/47868 [01:26<00:05, 1045.30it/s]Tokenizing inputs:  87%|████████▋ | 41850/47868 [01:26<00:05, 1058.02it/s]Tokenizing inputs:  88%|████████▊ | 41961/47868 [01:26<00:05, 1071.38it/s]Tokenizing inputs:  88%|████████▊ | 42069/47868 [01:26<00:05, 1073.44it/s]Tokenizing inputs:  88%|████████▊ | 42177/47868 [01:27<00:05, 1069.45it/s]Tokenizing inputs:  88%|████████▊ | 42287/47868 [01:27<00:05, 1078.26it/s]Tokenizing inputs:  89%|████████▊ | 42395/47868 [01:27<00:05, 1076.12it/s]Tokenizing inputs:  89%|████████▉ | 42504/47868 [01:27<00:04, 1079.50it/s]Tokenizing inputs:  89%|████████▉ | 42616/47868 [01:27<00:04, 1090.87it/s]Tokenizing inputs:  89%|████████▉ | 42730/47868 [01:27<00:04, 1103.48it/s]Tokenizing inputs:  89%|████████▉ | 42841/47868 [01:27<00:04, 1095.22it/s]Tokenizing inputs:  90%|████████▉ | 42951/47868 [01:27<00:05, 949.43it/s] Tokenizing inputs:  90%|████████▉ | 43050/47868 [01:27<00:05, 842.09it/s]Tokenizing inputs:  90%|█████████ | 43139/47868 [01:28<00:06, 783.76it/s]Tokenizing inputs:  90%|█████████ | 43221/47868 [01:28<00:06, 744.55it/s]Tokenizing inputs:  90%|█████████ | 43298/47868 [01:28<00:06, 724.47it/s]Tokenizing inputs:  91%|█████████ | 43372/47868 [01:28<00:06, 720.85it/s]Tokenizing inputs:  91%|█████████ | 43445/47868 [01:28<00:06, 705.59it/s]Tokenizing inputs:  91%|█████████ | 43517/47868 [01:28<00:06, 707.30it/s]Tokenizing inputs:  91%|█████████ | 43589/47868 [01:28<00:06, 708.81it/s]Tokenizing inputs:  91%|█████████ | 43661/47868 [01:28<00:05, 710.19it/s]Tokenizing inputs:  91%|█████████▏| 43733/47868 [01:28<00:05, 710.51it/s]Tokenizing inputs:  92%|█████████▏| 43805/47868 [01:29<00:05, 711.59it/s]Tokenizing inputs:  92%|█████████▏| 43877/47868 [01:29<00:05, 711.50it/s]Tokenizing inputs:  92%|█████████▏| 43951/47868 [01:29<00:05, 718.31it/s]Tokenizing inputs:  92%|█████████▏| 44027/47868 [01:29<00:05, 727.75it/s]Tokenizing inputs:  92%|█████████▏| 44103/47868 [01:29<00:05, 736.74it/s]Tokenizing inputs:  92%|█████████▏| 44180/47868 [01:29<00:04, 744.59it/s]Tokenizing inputs:  92%|█████████▏| 44256/47868 [01:29<00:04, 747.59it/s]Tokenizing inputs:  93%|█████████▎| 44333/47868 [01:29<00:04, 752.84it/s]Tokenizing inputs:  93%|█████████▎| 44410/47868 [01:29<00:04, 756.46it/s]Tokenizing inputs:  93%|█████████▎| 44486/47868 [01:29<00:04, 756.16it/s]Tokenizing inputs:  93%|█████████▎| 44563/47868 [01:30<00:04, 758.78it/s]Tokenizing inputs:  93%|█████████▎| 44640/47868 [01:30<00:04, 760.94it/s]Tokenizing inputs:  93%|█████████▎| 44723/47868 [01:30<00:04, 780.99it/s]Tokenizing inputs:  94%|█████████▎| 44802/47868 [01:30<00:03, 769.63it/s]Tokenizing inputs:  94%|█████████▍| 44880/47868 [01:30<00:03, 760.56it/s]Tokenizing inputs:  94%|█████████▍| 44957/47868 [01:30<00:03, 754.28it/s]Tokenizing inputs:  94%|█████████▍| 45033/47868 [01:30<00:03, 750.64it/s]Tokenizing inputs:  94%|█████████▍| 45112/47868 [01:30<00:03, 760.54it/s]Tokenizing inputs:  94%|█████████▍| 45195/47868 [01:30<00:03, 780.46it/s]Tokenizing inputs:  95%|█████████▍| 45277/47868 [01:31<00:03, 791.06it/s]Tokenizing inputs:  95%|█████████▍| 45359/47868 [01:31<00:03, 797.28it/s]Tokenizing inputs:  95%|█████████▍| 45439/47868 [01:31<00:03, 791.66it/s]Tokenizing inputs:  95%|█████████▌| 45522/47868 [01:31<00:02, 799.83it/s]Tokenizing inputs:  95%|█████████▌| 45604/47868 [01:31<00:02, 805.07it/s]Tokenizing inputs:  95%|█████████▌| 45687/47868 [01:31<00:02, 810.53it/s]Tokenizing inputs:  96%|█████████▌| 45769/47868 [01:31<00:02, 812.76it/s]Tokenizing inputs:  96%|█████████▌| 45851/47868 [01:31<00:02, 809.45it/s]Tokenizing inputs:  96%|█████████▌| 45932/47868 [01:31<00:02, 803.44it/s]Tokenizing inputs:  96%|█████████▌| 46013/47868 [01:31<00:02, 805.11it/s]Tokenizing inputs:  96%|█████████▋| 46094/47868 [01:32<00:02, 803.58it/s]Tokenizing inputs:  96%|█████████▋| 46175/47868 [01:32<00:02, 800.90it/s]Tokenizing inputs:  97%|█████████▋| 46256/47868 [01:32<00:02, 626.27it/s]Tokenizing inputs:  97%|█████████▋| 46325/47868 [01:32<00:02, 551.85it/s]Tokenizing inputs:  97%|█████████▋| 46386/47868 [01:32<00:02, 545.89it/s]Tokenizing inputs:  97%|█████████▋| 46445/47868 [01:32<00:02, 531.76it/s]Tokenizing inputs:  97%|█████████▋| 46501/47868 [01:32<00:02, 526.03it/s]Tokenizing inputs:  97%|█████████▋| 46556/47868 [01:32<00:02, 524.28it/s]Tokenizing inputs:  97%|█████████▋| 46610/47868 [01:33<00:02, 520.29it/s]Tokenizing inputs:  97%|█████████▋| 46663/47868 [01:33<00:02, 514.73it/s]Tokenizing inputs:  98%|█████████▊| 46715/47868 [01:33<00:02, 511.09it/s]Tokenizing inputs:  98%|█████████▊| 46767/47868 [01:33<00:02, 507.15it/s]Tokenizing inputs:  98%|█████████▊| 46818/47868 [01:33<00:02, 500.84it/s]Tokenizing inputs:  98%|█████████▊| 46869/47868 [01:33<00:02, 494.59it/s]Tokenizing inputs:  98%|█████████▊| 46919/47868 [01:33<00:01, 492.20it/s]Tokenizing inputs:  98%|█████████▊| 46969/47868 [01:33<00:01, 487.85it/s]Tokenizing inputs:  98%|█████████▊| 47018/47868 [01:33<00:01, 483.69it/s]Tokenizing inputs:  98%|█████████▊| 47067/47868 [01:33<00:01, 484.68it/s]Tokenizing inputs:  98%|█████████▊| 47120/47868 [01:34<00:01, 495.79it/s]Tokenizing inputs:  99%|█████████▊| 47175/47868 [01:34<00:01, 510.33it/s]Tokenizing inputs:  99%|█████████▊| 47231/47868 [01:34<00:01, 522.18it/s]Tokenizing inputs:  99%|█████████▉| 47286/47868 [01:34<00:01, 528.06it/s]Tokenizing inputs:  99%|█████████▉| 47339/47868 [01:34<00:01, 525.15it/s]Tokenizing inputs:  99%|█████████▉| 47395/47868 [01:34<00:00, 533.24it/s]Tokenizing inputs:  99%|█████████▉| 47451/47868 [01:34<00:00, 538.84it/s]Tokenizing inputs:  99%|█████████▉| 47505/47868 [01:34<00:00, 531.97it/s]Tokenizing inputs:  99%|█████████▉| 47559/47868 [01:34<00:00, 531.81it/s]Tokenizing inputs:  99%|█████████▉| 47613/47868 [01:34<00:00, 532.69it/s]Tokenizing inputs: 100%|█████████▉| 47667/47868 [01:35<00:00, 530.35it/s]Tokenizing inputs: 100%|█████████▉| 47722/47868 [01:35<00:00, 534.50it/s]Tokenizing inputs: 100%|█████████▉| 47776/47868 [01:35<00:00, 535.14it/s]Tokenizing inputs: 100%|█████████▉| 47830/47868 [01:35<00:00, 533.75it/s]Tokenizing inputs: 100%|██████████| 47868/47868 [01:35<00:00, 501.40it/s]
Running loglikelihood requests:   0%|          | 0/47868 [00:00<?, ?it/s]Running loglikelihood requests:   0%|          | 1/47868 [01:06<878:12:20, 66.05s/it]Running loglikelihood requests:   0%|          | 17/47868 [01:06<37:07:05,  2.79s/it]Running loglikelihood requests:   0%|          | 33/47868 [01:06<15:49:41,  1.19s/it]Running loglikelihood requests:   0%|          | 49/47868 [01:07<8:47:06,  1.51it/s] Running loglikelihood requests:   0%|          | 65/47868 [01:07<5:25:54,  2.44it/s]Running loglikelihood requests:   0%|          | 81/47868 [01:07<3:33:55,  3.72it/s]Running loglikelihood requests:   0%|          | 97/47868 [01:07<2:26:03,  5.45it/s]Running loglikelihood requests:   0%|          | 113/47868 [01:08<1:42:53,  7.74it/s]Running loglikelihood requests:   0%|          | 129/47868 [01:08<1:14:20, 10.70it/s]Running loglikelihood requests:   0%|          | 145/47868 [01:08<55:08, 14.43it/s]  Running loglikelihood requests:   0%|          | 161/47868 [01:09<42:00, 18.93it/s]Running loglikelihood requests:   0%|          | 177/47868 [01:09<33:00, 24.08it/s]Running loglikelihood requests:   0%|          | 193/47868 [01:09<26:47, 29.66it/s]Running loglikelihood requests:   0%|          | 209/47868 [01:09<22:27, 35.36it/s]Running loglikelihood requests:   0%|          | 225/47868 [01:10<19:26, 40.84it/s]Running loglikelihood requests:   1%|          | 241/47868 [01:10<17:19, 45.84it/s]Running loglikelihood requests:   1%|          | 257/47868 [01:10<15:49, 50.13it/s]Running loglikelihood requests:   1%|          | 273/47868 [01:10<14:46, 53.66it/s]Running loglikelihood requests:   1%|          | 289/47868 [01:11<13:59, 56.69it/s]Running loglikelihood requests:   1%|          | 305/47868 [01:11<13:29, 58.76it/s]Running loglikelihood requests:   1%|          | 321/47868 [01:11<13:08, 60.28it/s]Running loglikelihood requests:   1%|          | 337/47868 [01:11<12:53, 61.48it/s]Running loglikelihood requests:   1%|          | 353/47868 [01:12<12:44, 62.19it/s]Running loglikelihood requests:   1%|          | 369/47868 [01:12<12:35, 62.89it/s]Running loglikelihood requests:   1%|          | 385/47868 [01:12<12:25, 63.66it/s]Running loglikelihood requests:   1%|          | 401/47868 [01:12<12:22, 63.97it/s]Running loglikelihood requests:   1%|          | 417/47868 [01:13<12:16, 64.44it/s]Running loglikelihood requests:   1%|          | 433/47868 [01:13<12:12, 64.77it/s]Running loglikelihood requests:   1%|          | 449/47868 [01:13<12:09, 65.02it/s]Running loglikelihood requests:   1%|          | 465/47868 [01:13<12:06, 65.20it/s]Running loglikelihood requests:   1%|          | 481/47868 [01:13<12:05, 65.35it/s]Running loglikelihood requests:   1%|          | 497/47868 [01:14<12:03, 65.50it/s]Running loglikelihood requests:   1%|          | 513/47868 [01:14<12:01, 65.60it/s]Running loglikelihood requests:   1%|          | 529/47868 [01:14<12:00, 65.67it/s]Running loglikelihood requests:   1%|          | 545/47868 [01:14<11:59, 65.73it/s]Running loglikelihood requests:   1%|          | 561/47868 [01:15<11:58, 65.86it/s]Running loglikelihood requests:   1%|          | 577/47868 [01:15<11:58, 65.79it/s]Running loglikelihood requests:   1%|          | 593/47868 [01:15<11:57, 65.87it/s]Running loglikelihood requests:   1%|▏         | 609/47868 [01:15<11:56, 65.93it/s]Running loglikelihood requests:   1%|▏         | 625/47868 [01:16<11:56, 65.97it/s]Running loglikelihood requests:   1%|▏         | 641/47868 [01:16<11:55, 65.99it/s]Running loglikelihood requests:   1%|▏         | 657/47868 [01:16<11:55, 65.99it/s]Running loglikelihood requests:   1%|▏         | 673/47868 [01:16<11:54, 66.01it/s]Running loglikelihood requests:   1%|▏         | 689/47868 [01:17<11:54, 66.07it/s]Running loglikelihood requests:   1%|▏         | 705/47868 [01:17<11:53, 66.13it/s]Running loglikelihood requests:   2%|▏         | 721/47868 [01:17<11:52, 66.21it/s]Running loglikelihood requests:   2%|▏         | 737/47868 [01:17<11:51, 66.26it/s]Running loglikelihood requests:   2%|▏         | 753/47868 [01:18<11:50, 66.30it/s]Running loglikelihood requests:   2%|▏         | 769/47868 [01:18<11:50, 66.34it/s]Running loglikelihood requests:   2%|▏         | 785/47868 [01:18<11:45, 66.75it/s]Running loglikelihood requests:   2%|▏         | 801/47868 [01:18<11:45, 66.71it/s]Running loglikelihood requests:   2%|▏         | 817/47868 [01:19<11:45, 66.65it/s]Running loglikelihood requests:   2%|▏         | 833/47868 [01:19<11:45, 66.67it/s]Running loglikelihood requests:   2%|▏         | 849/47868 [01:19<11:44, 66.74it/s]Running loglikelihood requests:   2%|▏         | 865/47868 [01:19<11:43, 66.84it/s]Running loglikelihood requests:   2%|▏         | 881/47868 [01:20<11:42, 66.85it/s]Running loglikelihood requests:   2%|▏         | 897/47868 [01:20<11:42, 66.86it/s]Running loglikelihood requests:   2%|▏         | 913/47868 [01:20<11:41, 66.91it/s]Running loglikelihood requests:   2%|▏         | 929/47868 [01:20<11:40, 66.97it/s]Running loglikelihood requests:   2%|▏         | 945/47868 [01:20<11:40, 66.99it/s]Running loglikelihood requests:   2%|▏         | 961/47868 [01:21<11:40, 66.96it/s]Running loglikelihood requests:   2%|▏         | 977/47868 [01:21<11:37, 67.26it/s]Running loglikelihood requests:   2%|▏         | 993/47868 [01:21<11:37, 67.25it/s]Running loglikelihood requests:   2%|▏         | 1009/47868 [01:21<11:37, 67.18it/s]Running loglikelihood requests:   2%|▏         | 1025/47868 [01:22<11:38, 67.10it/s]Running loglikelihood requests:   2%|▏         | 1041/47868 [01:22<11:37, 67.16it/s]Running loglikelihood requests:   2%|▏         | 1057/47868 [01:22<11:35, 67.28it/s]Running loglikelihood requests:   2%|▏         | 1073/47868 [01:22<11:32, 67.55it/s]Running loglikelihood requests:   2%|▏         | 1089/47868 [01:23<11:33, 67.48it/s]Running loglikelihood requests:   2%|▏         | 1105/47868 [01:23<11:32, 67.50it/s]Running loglikelihood requests:   2%|▏         | 1121/47868 [01:23<11:32, 67.48it/s]Running loglikelihood requests:   2%|▏         | 1137/47868 [01:23<11:32, 67.43it/s]Running loglikelihood requests:   2%|▏         | 1153/47868 [01:24<11:32, 67.47it/s]Running loglikelihood requests:   2%|▏         | 1169/47868 [01:24<11:31, 67.51it/s]Running loglikelihood requests:   2%|▏         | 1185/47868 [01:24<11:28, 67.80it/s]Running loglikelihood requests:   3%|▎         | 1201/47868 [01:24<11:30, 67.59it/s]Running loglikelihood requests:   3%|▎         | 1217/47868 [01:25<11:29, 67.64it/s]Running loglikelihood requests:   3%|▎         | 1233/47868 [01:25<11:23, 68.21it/s]Running loglikelihood requests:   3%|▎         | 1249/47868 [01:25<11:22, 68.33it/s]Running loglikelihood requests:   3%|▎         | 1265/47868 [01:25<11:21, 68.43it/s]Running loglikelihood requests:   3%|▎         | 1281/47868 [01:25<11:19, 68.51it/s]Running loglikelihood requests:   3%|▎         | 1297/47868 [01:26<11:16, 68.88it/s]Running loglikelihood requests:   3%|▎         | 1313/47868 [01:26<11:16, 68.82it/s]Running loglikelihood requests:   3%|▎         | 1329/47868 [01:26<11:16, 68.81it/s]Running loglikelihood requests:   3%|▎         | 1345/47868 [01:26<11:16, 68.78it/s]Running loglikelihood requests:   3%|▎         | 1361/47868 [01:27<11:15, 68.80it/s]Running loglikelihood requests:   3%|▎         | 1377/47868 [01:27<11:15, 68.77it/s]Running loglikelihood requests:   3%|▎         | 1393/47868 [01:27<11:15, 68.83it/s]Running loglikelihood requests:   3%|▎         | 1409/47868 [01:27<11:14, 68.84it/s]Running loglikelihood requests:   3%|▎         | 1425/47868 [01:28<11:11, 69.19it/s]Running loglikelihood requests:   3%|▎         | 1441/47868 [01:28<11:11, 69.14it/s]Running loglikelihood requests:   3%|▎         | 1457/47868 [01:28<11:11, 69.07it/s]Running loglikelihood requests:   3%|▎         | 1473/47868 [01:28<11:12, 69.01it/s]Running loglikelihood requests:   3%|▎         | 1489/47868 [01:28<11:12, 69.01it/s]Running loglikelihood requests:   3%|▎         | 1505/47868 [01:29<11:05, 69.71it/s]Running loglikelihood requests:   3%|▎         | 1521/47868 [01:29<11:02, 69.92it/s]Running loglikelihood requests:   3%|▎         | 1537/47868 [01:29<11:01, 70.08it/s]Running loglikelihood requests:   3%|▎         | 1553/47868 [01:29<10:57, 70.47it/s]Running loglikelihood requests:   3%|▎         | 1569/47868 [01:30<10:56, 70.49it/s]Running loglikelihood requests:   3%|▎         | 1585/47868 [01:30<10:56, 70.52it/s]Running loglikelihood requests:   3%|▎         | 1601/47868 [01:30<10:56, 70.48it/s]Running loglikelihood requests:   3%|▎         | 1617/47868 [01:30<10:52, 70.86it/s]Running loglikelihood requests:   3%|▎         | 1633/47868 [01:30<10:53, 70.76it/s]Running loglikelihood requests:   3%|▎         | 1649/47868 [01:31<10:53, 70.72it/s]Running loglikelihood requests:   3%|▎         | 1665/47868 [01:31<10:53, 70.71it/s]Running loglikelihood requests:   4%|▎         | 1681/47868 [01:31<10:50, 71.02it/s]Running loglikelihood requests:   4%|▎         | 1697/47868 [01:31<10:50, 70.94it/s]Running loglikelihood requests:   4%|▎         | 1713/47868 [01:32<10:51, 70.87it/s]Running loglikelihood requests:   4%|▎         | 1729/47868 [01:32<10:51, 70.84it/s]Running loglikelihood requests:   4%|▎         | 1745/47868 [01:32<10:51, 70.78it/s]Running loglikelihood requests:   4%|▎         | 1761/47868 [01:32<10:47, 71.16it/s]Running loglikelihood requests:   4%|▎         | 1777/47868 [01:33<10:48, 71.07it/s]Running loglikelihood requests:   4%|▎         | 1793/47868 [01:33<10:48, 71.05it/s]Running loglikelihood requests:   4%|▍         | 1809/47868 [01:33<10:48, 71.08it/s]Running loglikelihood requests:   4%|▍         | 1825/47868 [01:33<10:47, 71.12it/s]Running loglikelihood requests:   4%|▍         | 1841/47868 [01:33<10:46, 71.15it/s]Running loglikelihood requests:   4%|▍         | 1857/47868 [01:34<10:46, 71.16it/s]Running loglikelihood requests:   4%|▍         | 1873/47868 [01:34<10:46, 71.15it/s]Running loglikelihood requests:   4%|▍         | 1889/47868 [01:34<10:45, 71.19it/s]Running loglikelihood requests:   4%|▍         | 1905/47868 [01:34<10:45, 71.23it/s]Running loglikelihood requests:   4%|▍         | 1921/47868 [01:35<10:41, 71.63it/s]Running loglikelihood requests:   4%|▍         | 1937/47868 [01:35<10:41, 71.56it/s]Running loglikelihood requests:   4%|▍         | 1953/47868 [01:35<10:42, 71.52it/s]Running loglikelihood requests:   4%|▍         | 1969/47868 [01:35<10:42, 71.47it/s]Running loglikelihood requests:   4%|▍         | 1985/47868 [01:35<10:42, 71.46it/s]Running loglikelihood requests:   4%|▍         | 2001/47868 [01:36<10:39, 71.76it/s]Running loglikelihood requests:   4%|▍         | 2017/47868 [01:36<10:39, 71.66it/s]Running loglikelihood requests:   4%|▍         | 2033/47868 [01:36<10:39, 71.64it/s]Running loglikelihood requests:   4%|▍         | 2049/47868 [01:36<10:39, 71.65it/s]Running loglikelihood requests:   4%|▍         | 2065/47868 [01:37<10:35, 72.03it/s]Running loglikelihood requests:   4%|▍         | 2081/47868 [01:37<10:36, 71.96it/s]Running loglikelihood requests:   4%|▍         | 2097/47868 [01:37<10:36, 71.93it/s]Running loglikelihood requests:   4%|▍         | 2113/47868 [01:37<10:36, 71.91it/s]Running loglikelihood requests:   4%|▍         | 2129/47868 [01:37<10:36, 71.87it/s]Running loglikelihood requests:   4%|▍         | 2145/47868 [01:38<10:35, 71.90it/s]Running loglikelihood requests:   5%|▍         | 2161/47868 [01:38<10:32, 72.27it/s]Running loglikelihood requests:   5%|▍         | 2177/47868 [01:38<10:33, 72.17it/s]Running loglikelihood requests:   5%|▍         | 2193/47868 [01:38<10:33, 72.07it/s]Running loglikelihood requests:   5%|▍         | 2209/47868 [01:39<10:34, 72.00it/s]Running loglikelihood requests:   5%|▍         | 2225/47868 [01:39<10:31, 72.25it/s]Running loglikelihood requests:   5%|▍         | 2241/47868 [01:39<10:28, 72.58it/s]Running loglikelihood requests:   5%|▍         | 2257/47868 [01:39<10:26, 72.80it/s]Running loglikelihood requests:   5%|▍         | 2273/47868 [01:39<10:25, 72.94it/s]Running loglikelihood requests:   5%|▍         | 2289/47868 [01:40<10:20, 73.42it/s]Running loglikelihood requests:   5%|▍         | 2305/47868 [01:40<10:19, 73.53it/s]Running loglikelihood requests:   5%|▍         | 2321/47868 [01:40<10:19, 73.56it/s]Running loglikelihood requests:   5%|▍         | 2337/47868 [01:40<10:18, 73.64it/s]Running loglikelihood requests:   5%|▍         | 2353/47868 [01:40<10:16, 73.78it/s]Running loglikelihood requests:   5%|▍         | 2369/47868 [01:41<10:14, 73.99it/s]Running loglikelihood requests:   5%|▍         | 2385/47868 [01:41<10:12, 74.22it/s]Running loglikelihood requests:   5%|▌         | 2401/47868 [01:41<10:11, 74.38it/s]Running loglikelihood requests:   5%|▌         | 2417/47868 [01:41<10:09, 74.62it/s]Running loglikelihood requests:   5%|▌         | 2433/47868 [01:42<10:07, 74.79it/s]Running loglikelihood requests:   5%|▌         | 2449/47868 [01:42<10:05, 74.99it/s]Running loglikelihood requests:   5%|▌         | 2465/47868 [01:42<10:04, 75.07it/s]Running loglikelihood requests:   5%|▌         | 2481/47868 [01:42<10:03, 75.17it/s]Running loglikelihood requests:   5%|▌         | 2497/47868 [01:42<10:03, 75.21it/s]Running loglikelihood requests:   5%|▌         | 2513/47868 [01:43<10:01, 75.36it/s]Running loglikelihood requests:   5%|▌         | 2529/47868 [01:43<09:58, 75.79it/s]Running loglikelihood requests:   5%|▌         | 2545/47868 [01:43<09:55, 76.07it/s]Running loglikelihood requests:   5%|▌         | 2561/47868 [01:43<09:53, 76.29it/s]Running loglikelihood requests:   5%|▌         | 2577/47868 [01:43<09:52, 76.44it/s]Running loglikelihood requests:   5%|▌         | 2593/47868 [01:44<09:51, 76.48it/s]Running loglikelihood requests:   5%|▌         | 2609/47868 [01:44<09:51, 76.53it/s]Running loglikelihood requests:   5%|▌         | 2625/47868 [01:44<09:50, 76.64it/s]Running loglikelihood requests:   6%|▌         | 2641/47868 [01:44<09:49, 76.75it/s]Running loglikelihood requests:   6%|▌         | 2657/47868 [01:44<09:48, 76.87it/s]Running loglikelihood requests:   6%|▌         | 2673/47868 [01:45<09:47, 76.87it/s]Running loglikelihood requests:   6%|▌         | 2689/47868 [01:45<09:47, 76.90it/s]Running loglikelihood requests:   6%|▌         | 2705/47868 [01:45<09:46, 76.95it/s]Running loglikelihood requests:   6%|▌         | 2721/47868 [01:45<09:46, 76.99it/s]Running loglikelihood requests:   6%|▌         | 2737/47868 [01:46<09:45, 77.08it/s]Running loglikelihood requests:   6%|▌         | 2753/47868 [01:46<09:45, 77.10it/s]Running loglikelihood requests:   6%|▌         | 2769/47868 [01:46<09:43, 77.23it/s]Running loglikelihood requests:   6%|▌         | 2785/47868 [01:46<09:43, 77.30it/s]Running loglikelihood requests:   6%|▌         | 2801/47868 [01:46<09:42, 77.34it/s]Running loglikelihood requests:   6%|▌         | 2817/47868 [01:47<09:41, 77.45it/s]Running loglikelihood requests:   6%|▌         | 2833/47868 [01:47<09:41, 77.50it/s]Running loglikelihood requests:   6%|▌         | 2849/47868 [01:47<09:40, 77.53it/s]Running loglikelihood requests:   6%|▌         | 2865/47868 [01:47<09:37, 77.92it/s]Running loglikelihood requests:   6%|▌         | 2881/47868 [01:47<09:37, 77.86it/s]Running loglikelihood requests:   6%|▌         | 2897/47868 [01:48<09:37, 77.82it/s]Running loglikelihood requests:   6%|▌         | 2913/47868 [01:48<09:37, 77.80it/s]Running loglikelihood requests:   6%|▌         | 2929/47868 [01:48<09:37, 77.85it/s]Running loglikelihood requests:   6%|▌         | 2945/47868 [01:48<09:37, 77.84it/s]Running loglikelihood requests:   6%|▌         | 2961/47868 [01:48<09:31, 78.56it/s]Running loglikelihood requests:   6%|▌         | 2977/47868 [01:49<09:27, 79.07it/s]Running loglikelihood requests:   6%|▋         | 2993/47868 [01:49<09:25, 79.42it/s]Running loglikelihood requests:   6%|▋         | 3009/47868 [01:49<09:23, 79.67it/s]Running loglikelihood requests:   6%|▋         | 3025/47868 [01:49<09:21, 79.82it/s]Running loglikelihood requests:   6%|▋         | 3041/47868 [01:49<09:20, 80.00it/s]Running loglikelihood requests:   6%|▋         | 3057/47868 [01:50<09:19, 80.13it/s]Running loglikelihood requests:   6%|▋         | 3073/47868 [01:50<09:18, 80.24it/s]Running loglikelihood requests:   6%|▋         | 3089/47868 [01:50<09:17, 80.28it/s]Running loglikelihood requests:   6%|▋         | 3105/47868 [01:50<09:17, 80.26it/s]Running loglikelihood requests:   7%|▋         | 3121/47868 [01:50<09:17, 80.28it/s]Running loglikelihood requests:   7%|▋         | 3137/47868 [01:51<09:16, 80.36it/s]Running loglikelihood requests:   7%|▋         | 3153/47868 [01:51<09:16, 80.42it/s]Running loglikelihood requests:   7%|▋         | 3169/47868 [01:51<09:15, 80.47it/s]Running loglikelihood requests:   7%|▋         | 3185/47868 [01:51<09:15, 80.47it/s]Running loglikelihood requests:   7%|▋         | 3201/47868 [01:51<09:15, 80.40it/s]Running loglikelihood requests:   7%|▋         | 3217/47868 [01:52<09:11, 80.92it/s]Running loglikelihood requests:   7%|▋         | 3233/47868 [01:52<09:11, 80.96it/s]Running loglikelihood requests:   7%|▋         | 3249/47868 [01:52<09:11, 80.93it/s]Running loglikelihood requests:   7%|▋         | 3265/47868 [01:52<09:11, 80.93it/s]Running loglikelihood requests:   7%|▋         | 3281/47868 [01:52<09:07, 81.39it/s]Running loglikelihood requests:   7%|▋         | 3297/47868 [01:53<09:06, 81.52it/s]Running loglikelihood requests:   7%|▋         | 3313/47868 [01:53<09:07, 81.40it/s]Running loglikelihood requests:   7%|▋         | 3329/47868 [01:53<09:07, 81.36it/s]Running loglikelihood requests:   7%|▋         | 3345/47868 [01:53<09:07, 81.29it/s]Running loglikelihood requests:   7%|▋         | 3361/47868 [01:53<09:05, 81.56it/s]Running loglikelihood requests:   7%|▋         | 3377/47868 [01:54<09:05, 81.52it/s]Running loglikelihood requests:   7%|▋         | 3393/47868 [01:54<09:06, 81.40it/s]Running loglikelihood requests:   7%|▋         | 3409/47868 [01:54<09:06, 81.31it/s]Running loglikelihood requests:   7%|▋         | 3425/47868 [01:54<09:06, 81.36it/s]Running loglikelihood requests:   7%|▋         | 3441/47868 [01:54<09:06, 81.31it/s]Running loglikelihood requests:   7%|▋         | 3457/47868 [01:55<09:06, 81.25it/s]Running loglikelihood requests:   7%|▋         | 3473/47868 [01:55<09:02, 81.84it/s]Running loglikelihood requests:   7%|▋         | 3489/47868 [01:55<09:02, 81.88it/s]Running loglikelihood requests:   7%|▋         | 3505/47868 [01:55<09:01, 81.95it/s]Running loglikelihood requests:   7%|▋         | 3521/47868 [01:55<09:00, 82.00it/s]Running loglikelihood requests:   7%|▋         | 3537/47868 [01:56<08:58, 82.29it/s]Running loglikelihood requests:   7%|▋         | 3553/47868 [01:56<08:58, 82.33it/s]Running loglikelihood requests:   7%|▋         | 3569/47868 [01:56<08:58, 82.20it/s]Running loglikelihood requests:   7%|▋         | 3585/47868 [01:56<08:58, 82.29it/s]Running loglikelihood requests:   8%|▊         | 3601/47868 [01:56<08:56, 82.56it/s]Running loglikelihood requests:   8%|▊         | 3617/47868 [01:56<08:56, 82.53it/s]Running loglikelihood requests:   8%|▊         | 3633/47868 [01:57<08:56, 82.51it/s]Running loglikelihood requests:   8%|▊         | 3649/47868 [01:57<08:55, 82.51it/s]Running loglikelihood requests:   8%|▊         | 3665/47868 [01:57<08:55, 82.52it/s]Running loglikelihood requests:   8%|▊         | 3681/47868 [01:57<08:53, 82.82it/s]Running loglikelihood requests:   8%|▊         | 3697/47868 [01:57<08:54, 82.69it/s]Running loglikelihood requests:   8%|▊         | 3713/47868 [01:58<08:55, 82.53it/s]Running loglikelihood requests:   8%|▊         | 3729/47868 [01:58<08:54, 82.56it/s]Running loglikelihood requests:   8%|▊         | 3745/47868 [01:58<08:55, 82.43it/s]Running loglikelihood requests:   8%|▊         | 3761/47868 [01:58<08:50, 83.15it/s]Running loglikelihood requests:   8%|▊         | 3777/47868 [01:58<08:49, 83.21it/s]Running loglikelihood requests:   8%|▊         | 3793/47868 [01:59<08:48, 83.33it/s]Running loglikelihood requests:   8%|▊         | 3809/47868 [01:59<08:48, 83.42it/s]Running loglikelihood requests:   8%|▊         | 3825/47868 [01:59<08:47, 83.44it/s]Running loglikelihood requests:   8%|▊         | 3841/47868 [01:59<08:46, 83.55it/s]Running loglikelihood requests:   8%|▊         | 3857/47868 [01:59<08:46, 83.52it/s]Running loglikelihood requests:   8%|▊         | 3873/47868 [02:00<08:46, 83.63it/s]Running loglikelihood requests:   8%|▊         | 3889/47868 [02:00<08:45, 83.63it/s]Running loglikelihood requests:   8%|▊         | 3905/47868 [02:00<08:45, 83.70it/s]Running loglikelihood requests:   8%|▊         | 3921/47868 [02:00<08:44, 83.71it/s]Running loglikelihood requests:   8%|▊         | 3937/47868 [02:00<08:44, 83.76it/s]Running loglikelihood requests:   8%|▊         | 3953/47868 [02:01<08:43, 83.84it/s]Running loglikelihood requests:   8%|▊         | 3969/47868 [02:01<08:44, 83.78it/s]Running loglikelihood requests:   8%|▊         | 3985/47868 [02:01<08:43, 83.82it/s]Running loglikelihood requests:   8%|▊         | 4001/47868 [02:01<08:43, 83.75it/s]Running loglikelihood requests:   8%|▊         | 4017/47868 [02:01<08:43, 83.76it/s]Running loglikelihood requests:   8%|▊         | 4033/47868 [02:01<08:42, 83.85it/s]Running loglikelihood requests:   8%|▊         | 4049/47868 [02:02<08:39, 84.38it/s]Running loglikelihood requests:   8%|▊         | 4065/47868 [02:02<08:38, 84.46it/s]Running loglikelihood requests:   9%|▊         | 4081/47868 [02:02<08:38, 84.51it/s]Running loglikelihood requests:   9%|▊         | 4097/47868 [02:02<08:37, 84.51it/s]Running loglikelihood requests:   9%|▊         | 4113/47868 [02:02<08:37, 84.58it/s]Running loglikelihood requests:   9%|▊         | 4129/47868 [02:03<08:34, 85.01it/s]Running loglikelihood requests:   9%|▊         | 4145/47868 [02:03<08:34, 84.95it/s]Running loglikelihood requests:   9%|▊         | 4161/47868 [02:03<08:35, 84.85it/s]Running loglikelihood requests:   9%|▊         | 4177/47868 [02:03<08:34, 84.86it/s]Running loglikelihood requests:   9%|▉         | 4193/47868 [02:03<08:34, 84.93it/s]Running loglikelihood requests:   9%|▉         | 4209/47868 [02:04<08:34, 84.90it/s]Running loglikelihood requests:   9%|▉         | 4225/47868 [02:04<08:33, 84.92it/s]Running loglikelihood requests:   9%|▉         | 4241/47868 [02:04<08:33, 84.99it/s]Running loglikelihood requests:   9%|▉         | 4257/47868 [02:04<08:33, 84.96it/s]Running loglikelihood requests:   9%|▉         | 4273/47868 [02:04<08:32, 84.99it/s]Running loglikelihood requests:   9%|▉         | 4289/47868 [02:04<08:32, 85.10it/s]Running loglikelihood requests:   9%|▉         | 4305/47868 [02:05<08:29, 85.52it/s]Running loglikelihood requests:   9%|▉         | 4321/47868 [02:05<08:29, 85.41it/s]Running loglikelihood requests:   9%|▉         | 4337/47868 [02:05<08:30, 85.35it/s]Running loglikelihood requests:   9%|▉         | 4353/47868 [02:05<08:29, 85.40it/s]Running loglikelihood requests:   9%|▉         | 4369/47868 [02:05<08:28, 85.49it/s]Running loglikelihood requests:   9%|▉         | 4385/47868 [02:06<08:28, 85.51it/s]Running loglikelihood requests:   9%|▉         | 4401/47868 [02:06<08:28, 85.55it/s]Running loglikelihood requests:   9%|▉         | 4417/47868 [02:06<08:27, 85.63it/s]Running loglikelihood requests:   9%|▉         | 4433/47868 [02:06<08:24, 86.18it/s]Running loglikelihood requests:   9%|▉         | 4449/47868 [02:06<08:22, 86.35it/s]Running loglikelihood requests:   9%|▉         | 4465/47868 [02:07<08:22, 86.45it/s]Running loglikelihood requests:   9%|▉         | 4481/47868 [02:07<08:21, 86.53it/s]Running loglikelihood requests:   9%|▉         | 4497/47868 [02:07<08:20, 86.66it/s]Running loglikelihood requests:   9%|▉         | 4513/47868 [02:07<08:20, 86.71it/s]Running loglikelihood requests:   9%|▉         | 4529/47868 [02:07<08:19, 86.72it/s]Running loglikelihood requests:   9%|▉         | 4545/47868 [02:07<08:17, 87.10it/s]Running loglikelihood requests:  10%|▉         | 4561/47868 [02:08<08:15, 87.41it/s]Running loglikelihood requests:  10%|▉         | 4577/47868 [02:08<08:12, 87.98it/s]Running loglikelihood requests:  10%|▉         | 4593/47868 [02:08<08:08, 88.67it/s]Running loglikelihood requests:  10%|▉         | 4609/47868 [02:08<08:04, 89.28it/s]Running loglikelihood requests:  10%|▉         | 4625/47868 [02:08<08:01, 89.73it/s]Running loglikelihood requests:  10%|▉         | 4641/47868 [02:09<08:00, 89.91it/s]Running loglikelihood requests:  10%|▉         | 4657/47868 [02:09<07:59, 90.12it/s]Running loglikelihood requests:  10%|▉         | 4673/47868 [02:09<07:54, 90.99it/s]Running loglikelihood requests:  10%|▉         | 4689/47868 [02:09<07:53, 91.14it/s]Running loglikelihood requests:  10%|▉         | 4705/47868 [02:09<07:52, 91.39it/s]Running loglikelihood requests:  10%|▉         | 4721/47868 [02:09<07:51, 91.44it/s]Running loglikelihood requests:  10%|▉         | 4737/47868 [02:10<07:50, 91.64it/s]Running loglikelihood requests:  10%|▉         | 4753/47868 [02:10<07:49, 91.76it/s]Running loglikelihood requests:  10%|▉         | 4769/47868 [02:10<07:49, 91.79it/s]Running loglikelihood requests:  10%|▉         | 4785/47868 [02:10<07:48, 91.90it/s]Running loglikelihood requests:  10%|█         | 4801/47868 [02:10<07:48, 91.87it/s]Running loglikelihood requests:  10%|█         | 4817/47868 [02:10<07:47, 92.05it/s]Running loglikelihood requests:  10%|█         | 4833/47868 [02:11<07:45, 92.37it/s]Running loglikelihood requests:  10%|█         | 4849/47868 [02:11<07:45, 92.40it/s]Running loglikelihood requests:  10%|█         | 4865/47868 [02:11<07:45, 92.30it/s]Running loglikelihood requests:  10%|█         | 4881/47868 [02:11<07:45, 92.32it/s]Running loglikelihood requests:  10%|█         | 4897/47868 [02:11<07:45, 92.37it/s]Running loglikelihood requests:  10%|█         | 4913/47868 [02:11<07:45, 92.34it/s]Running loglikelihood requests:  10%|█         | 4929/47868 [02:12<07:44, 92.48it/s]Running loglikelihood requests:  10%|█         | 4945/47868 [02:12<07:42, 92.80it/s]Running loglikelihood requests:  10%|█         | 4961/47868 [02:12<07:42, 92.79it/s]Running loglikelihood requests:  10%|█         | 4977/47868 [02:12<07:42, 92.74it/s]Running loglikelihood requests:  10%|█         | 4993/47868 [02:12<07:40, 93.11it/s]Running loglikelihood requests:  10%|█         | 5009/47868 [02:12<07:40, 93.07it/s]Running loglikelihood requests:  10%|█         | 5025/47868 [02:13<07:40, 93.03it/s]Running loglikelihood requests:  11%|█         | 5041/47868 [02:13<07:38, 93.40it/s]Running loglikelihood requests:  11%|█         | 5057/47868 [02:13<07:37, 93.54it/s]Running loglikelihood requests:  11%|█         | 5073/47868 [02:13<07:36, 93.83it/s]Running loglikelihood requests:  11%|█         | 5089/47868 [02:13<07:35, 93.89it/s]Running loglikelihood requests:  11%|█         | 5105/47868 [02:14<07:35, 93.98it/s]Running loglikelihood requests:  11%|█         | 5121/47868 [02:14<07:29, 95.03it/s]Running loglikelihood requests:  11%|█         | 5137/47868 [02:14<07:27, 95.39it/s]Running loglikelihood requests:  11%|█         | 5153/47868 [02:14<07:26, 95.57it/s]Running loglikelihood requests:  11%|█         | 5169/47868 [02:14<07:26, 95.70it/s]Running loglikelihood requests:  11%|█         | 5185/47868 [02:14<07:25, 95.91it/s]Running loglikelihood requests:  11%|█         | 5201/47868 [02:15<07:23, 96.17it/s]Running loglikelihood requests:  11%|█         | 5217/47868 [02:15<07:23, 96.26it/s]Running loglikelihood requests:  11%|█         | 5233/47868 [02:15<07:21, 96.58it/s]Running loglikelihood requests:  11%|█         | 5249/47868 [02:15<07:21, 96.45it/s]Running loglikelihood requests:  11%|█         | 5265/47868 [02:15<07:22, 96.32it/s]Running loglikelihood requests:  11%|█         | 5281/47868 [02:15<07:21, 96.45it/s]Running loglikelihood requests:  11%|█         | 5297/47868 [02:16<07:21, 96.48it/s]Running loglikelihood requests:  11%|█         | 5313/47868 [02:16<07:21, 96.46it/s]Running loglikelihood requests:  11%|█         | 5329/47868 [02:16<07:21, 96.35it/s]Running loglikelihood requests:  11%|█         | 5345/47868 [02:16<07:19, 96.78it/s]Running loglikelihood requests:  11%|█         | 5361/47868 [02:16<07:19, 96.70it/s]Running loglikelihood requests:  11%|█         | 5377/47868 [02:16<07:19, 96.76it/s]Running loglikelihood requests:  11%|█▏        | 5393/47868 [02:16<07:18, 96.91it/s]Running loglikelihood requests:  11%|█▏        | 5409/47868 [02:17<07:17, 96.95it/s]Running loglikelihood requests:  11%|█▏        | 5425/47868 [02:17<07:16, 97.16it/s]Running loglikelihood requests:  11%|█▏        | 5441/47868 [02:17<07:17, 97.05it/s]Running loglikelihood requests:  11%|█▏        | 5457/47868 [02:17<07:17, 96.96it/s]Running loglikelihood requests:  11%|█▏        | 5473/47868 [02:17<07:17, 96.96it/s]Running loglikelihood requests:  11%|█▏        | 5489/47868 [02:17<07:17, 96.96it/s]Running loglikelihood requests:  12%|█▏        | 5505/47868 [02:18<07:16, 97.08it/s]Running loglikelihood requests:  12%|█▏        | 5521/47868 [02:18<07:14, 97.50it/s]Running loglikelihood requests:  12%|█▏        | 5537/47868 [02:18<07:14, 97.44it/s]Running loglikelihood requests:  12%|█▏        | 5553/47868 [02:18<07:14, 97.37it/s]Running loglikelihood requests:  12%|█▏        | 5569/47868 [02:18<07:15, 97.23it/s]Running loglikelihood requests:  12%|█▏        | 5585/47868 [02:18<07:15, 97.15it/s]Running loglikelihood requests:  12%|█▏        | 5601/47868 [02:19<07:15, 97.16it/s]Running loglikelihood requests:  12%|█▏        | 5617/47868 [02:19<07:14, 97.16it/s]Running loglikelihood requests:  12%|█▏        | 5633/47868 [02:19<07:14, 97.19it/s]Running loglikelihood requests:  12%|█▏        | 5649/47868 [02:19<07:13, 97.30it/s]Running loglikelihood requests:  12%|█▏        | 5665/47868 [02:19<07:13, 97.41it/s]Running loglikelihood requests:  12%|█▏        | 5681/47868 [02:19<07:12, 97.49it/s]Running loglikelihood requests:  12%|█▏        | 5697/47868 [02:20<07:12, 97.47it/s]Running loglikelihood requests:  12%|█▏        | 5713/47868 [02:20<07:12, 97.42it/s]Running loglikelihood requests:  12%|█▏        | 5729/47868 [02:20<07:12, 97.37it/s]Running loglikelihood requests:  12%|█▏        | 5745/47868 [02:20<07:12, 97.35it/s]Running loglikelihood requests:  12%|█▏        | 5761/47868 [02:20<07:12, 97.44it/s]Running loglikelihood requests:  12%|█▏        | 5777/47868 [02:20<07:11, 97.48it/s]Running loglikelihood requests:  12%|█▏        | 5793/47868 [02:21<07:11, 97.48it/s]Running loglikelihood requests:  12%|█▏        | 5809/47868 [02:21<07:10, 97.64it/s]Running loglikelihood requests:  12%|█▏        | 5825/47868 [02:21<07:10, 97.71it/s]Running loglikelihood requests:  12%|█▏        | 5841/47868 [02:21<07:09, 97.80it/s]Running loglikelihood requests:  12%|█▏        | 5857/47868 [02:21<07:08, 97.95it/s]Running loglikelihood requests:  12%|█▏        | 5873/47868 [02:21<07:08, 98.03it/s]Running loglikelihood requests:  12%|█▏        | 5889/47868 [02:22<07:06, 98.53it/s]Running loglikelihood requests:  12%|█▏        | 5905/47868 [02:22<07:05, 98.60it/s]Running loglikelihood requests:  12%|█▏        | 5921/47868 [02:22<07:04, 98.72it/s]Running loglikelihood requests:  12%|█▏        | 5937/47868 [02:22<07:04, 98.79it/s]Running loglikelihood requests:  12%|█▏        | 5953/47868 [02:22<07:04, 98.82it/s]Running loglikelihood requests:  12%|█▏        | 5969/47868 [02:22<07:03, 98.83it/s]Running loglikelihood requests:  13%|█▎        | 5985/47868 [02:23<07:02, 99.19it/s]Running loglikelihood requests:  13%|█▎        | 6001/47868 [02:23<07:02, 99.07it/s]Running loglikelihood requests:  13%|█▎        | 6017/47868 [02:23<07:02, 98.99it/s]Running loglikelihood requests:  13%|█▎        | 6033/47868 [02:23<07:02, 99.00it/s]Running loglikelihood requests:  13%|█▎        | 6049/47868 [02:23<07:02, 99.00it/s]Running loglikelihood requests:  13%|█▎        | 6065/47868 [02:23<07:02, 99.00it/s]Running loglikelihood requests:  13%|█▎        | 6081/47868 [02:24<07:00, 99.36it/s]Running loglikelihood requests:  13%|█▎        | 6097/47868 [02:24<07:01, 99.19it/s]Running loglikelihood requests:  13%|█▎        | 6113/47868 [02:24<07:01, 99.08it/s]Running loglikelihood requests:  13%|█▎        | 6129/47868 [02:24<07:01, 98.97it/s]Running loglikelihood requests:  13%|█▎        | 6145/47868 [02:24<07:01, 98.98it/s]Running loglikelihood requests:  13%|█▎        | 6161/47868 [02:24<07:01, 98.93it/s]Running loglikelihood requests:  13%|█▎        | 6177/47868 [02:24<07:01, 98.88it/s]Running loglikelihood requests:  13%|█▎        | 6193/47868 [02:25<07:01, 98.81it/s]Running loglikelihood requests:  13%|█▎        | 6209/47868 [02:25<07:00, 99.13it/s]Running loglikelihood requests:  13%|█▎        | 6225/47868 [02:25<07:00, 99.01it/s]Running loglikelihood requests:  13%|█▎        | 6241/47868 [02:25<07:00, 99.04it/s]Running loglikelihood requests:  13%|█▎        | 6257/47868 [02:25<06:59, 99.19it/s]Running loglikelihood requests:  13%|█▎        | 6273/47868 [02:25<06:58, 99.28it/s]Running loglikelihood requests:  13%|█▎        | 6289/47868 [02:26<06:56, 99.77it/s]Running loglikelihood requests:  13%|█▎        | 6305/47868 [02:26<06:56, 99.77it/s]Running loglikelihood requests:  13%|█▎        | 6321/47868 [02:26<06:56, 99.78it/s]Running loglikelihood requests:  13%|█▎        | 6337/47868 [02:26<06:56, 99.79it/s]Running loglikelihood requests:  13%|█▎        | 6353/47868 [02:26<06:56, 99.63it/s]Running loglikelihood requests:  13%|█▎        | 6369/47868 [02:26<06:56, 99.56it/s]Running loglikelihood requests:  13%|█▎        | 6385/47868 [02:27<06:56, 99.51it/s]Running loglikelihood requests:  13%|█▎        | 6401/47868 [02:27<06:56, 99.49it/s]Running loglikelihood requests:  13%|█▎        | 6417/47868 [02:27<06:56, 99.41it/s]Running loglikelihood requests:  13%|█▎        | 6433/47868 [02:27<06:56, 99.43it/s]Running loglikelihood requests:  13%|█▎        | 6449/47868 [02:27<06:55, 99.58it/s]Running loglikelihood requests:  14%|█▎        | 6465/47868 [02:27<06:55, 99.69it/s]Running loglikelihood requests:  14%|█▎        | 6481/47868 [02:28<06:54, 99.88it/s]Running loglikelihood requests:  14%|█▎        | 6497/47868 [02:28<06:53, 100.04it/s]Running loglikelihood requests:  14%|█▎        | 6513/47868 [02:28<06:53, 100.09it/s]Running loglikelihood requests:  14%|█▎        | 6529/47868 [02:28<06:52, 100.12it/s]Running loglikelihood requests:  14%|█▎        | 6545/47868 [02:28<06:51, 100.37it/s]Running loglikelihood requests:  14%|█▎        | 6561/47868 [02:28<06:52, 100.19it/s]Running loglikelihood requests:  14%|█▎        | 6577/47868 [02:29<06:52, 100.17it/s]Running loglikelihood requests:  14%|█▍        | 6593/47868 [02:29<06:51, 100.25it/s]Running loglikelihood requests:  14%|█▍        | 6609/47868 [02:29<06:51, 100.35it/s]Running loglikelihood requests:  14%|█▍        | 6625/47868 [02:29<06:47, 101.16it/s]Running loglikelihood requests:  14%|█▍        | 6641/47868 [02:29<06:45, 101.69it/s]Running loglikelihood requests:  14%|█▍        | 6657/47868 [02:29<06:43, 102.12it/s]Running loglikelihood requests:  14%|█▍        | 6673/47868 [02:29<06:41, 102.53it/s]Running loglikelihood requests:  14%|█▍        | 6689/47868 [02:30<06:39, 102.95it/s]Running loglikelihood requests:  14%|█▍        | 6705/47868 [02:30<06:38, 103.22it/s]Running loglikelihood requests:  14%|█▍        | 6721/47868 [02:30<06:38, 103.38it/s]Running loglikelihood requests:  14%|█▍        | 6737/47868 [02:30<06:37, 103.39it/s]Running loglikelihood requests:  14%|█▍        | 6753/47868 [02:30<06:36, 103.64it/s]Running loglikelihood requests:  14%|█▍        | 6769/47868 [02:30<06:36, 103.60it/s]Running loglikelihood requests:  14%|█▍        | 6785/47868 [02:31<06:35, 103.91it/s]Running loglikelihood requests:  14%|█▍        | 6801/47868 [02:31<06:34, 104.02it/s]Running loglikelihood requests:  14%|█▍        | 6817/47868 [02:31<06:31, 104.92it/s]Running loglikelihood requests:  14%|█▍        | 6833/47868 [02:31<06:28, 105.74it/s]Running loglikelihood requests:  14%|█▍        | 6849/47868 [02:31<06:24, 106.79it/s]Running loglikelihood requests:  14%|█▍        | 6865/47868 [02:31<06:16, 108.78it/s]Running loglikelihood requests:  14%|█▍        | 6881/47868 [02:31<06:10, 110.61it/s]Running loglikelihood requests:  14%|█▍        | 6897/47868 [02:32<06:05, 112.24it/s]Running loglikelihood requests:  14%|█▍        | 6913/47868 [02:32<06:01, 113.27it/s]Running loglikelihood requests:  14%|█▍        | 6929/47868 [02:32<05:58, 114.11it/s]Running loglikelihood requests:  15%|█▍        | 6945/47868 [02:32<05:51, 116.54it/s]Running loglikelihood requests:  15%|█▍        | 6961/47868 [02:32<05:44, 118.67it/s]Running loglikelihood requests:  15%|█▍        | 6977/47868 [02:32<05:40, 120.07it/s]Running loglikelihood requests:  15%|█▍        | 6993/47868 [02:32<05:37, 121.18it/s]Running loglikelihood requests:  15%|█▍        | 7009/47868 [02:32<05:33, 122.63it/s]Running loglikelihood requests:  15%|█▍        | 7025/47868 [02:33<05:31, 123.30it/s]Running loglikelihood requests:  15%|█▍        | 7041/47868 [02:33<05:28, 124.13it/s]Running loglikelihood requests:  15%|█▍        | 7057/47868 [02:33<05:27, 124.64it/s]Running loglikelihood requests:  15%|█▍        | 7073/47868 [02:33<05:26, 125.11it/s]Running loglikelihood requests:  15%|█▍        | 7089/47868 [02:33<05:24, 125.64it/s]Running loglikelihood requests:  15%|█▍        | 7105/47868 [02:33<05:23, 126.12it/s]Running loglikelihood requests:  15%|█▍        | 7121/47868 [02:33<05:21, 126.59it/s]Running loglikelihood requests:  15%|█▍        | 7137/47868 [02:33<05:20, 127.16it/s]Running loglikelihood requests:  15%|█▍        | 7153/47868 [02:34<05:19, 127.56it/s]Running loglikelihood requests:  15%|█▍        | 7169/47868 [02:34<05:18, 127.62it/s]Running loglikelihood requests:  15%|█▌        | 7185/47868 [02:34<05:19, 127.50it/s]Running loglikelihood requests:  15%|█▌        | 7201/47868 [02:34<05:18, 127.67it/s]Running loglikelihood requests:  15%|█▌        | 7217/47868 [02:34<05:17, 128.04it/s]Running loglikelihood requests:  15%|█▌        | 7233/47868 [02:34<05:16, 128.47it/s]Running loglikelihood requests:  15%|█▌        | 7249/47868 [02:34<05:15, 128.87it/s]Running loglikelihood requests:  15%|█▌        | 7265/47868 [02:34<05:13, 129.33it/s]Running loglikelihood requests:  15%|█▌        | 7281/47868 [02:35<05:13, 129.53it/s]Running loglikelihood requests:  15%|█▌        | 7297/47868 [02:35<05:13, 129.48it/s]Running loglikelihood requests:  15%|█▌        | 7313/47868 [02:35<05:13, 129.32it/s]Running loglikelihood requests:  15%|█▌        | 7329/47868 [02:35<05:13, 129.11it/s]Running loglikelihood requests:  15%|█▌        | 7345/47868 [02:35<05:13, 129.17it/s]Running loglikelihood requests:  15%|█▌        | 7361/47868 [02:35<05:13, 129.25it/s]Running loglikelihood requests:  15%|█▌        | 7377/47868 [02:35<05:12, 129.71it/s]Running loglikelihood requests:  15%|█▌        | 7393/47868 [02:35<05:11, 129.78it/s]Running loglikelihood requests:  15%|█▌        | 7409/47868 [02:36<05:11, 129.98it/s]Running loglikelihood requests:  16%|█▌        | 7425/47868 [02:36<05:10, 130.26it/s]Running loglikelihood requests:  16%|█▌        | 7441/47868 [02:36<05:09, 130.41it/s]Running loglikelihood requests:  16%|█▌        | 7457/47868 [02:36<05:09, 130.42it/s]Running loglikelihood requests:  16%|█▌        | 7473/47868 [02:36<05:09, 130.50it/s]Running loglikelihood requests:  16%|█▌        | 7489/47868 [02:36<05:09, 130.40it/s]Running loglikelihood requests:  16%|█▌        | 7505/47868 [02:36<05:09, 130.37it/s]Running loglikelihood requests:  16%|█▌        | 7521/47868 [02:36<05:09, 130.16it/s]Running loglikelihood requests:  16%|█▌        | 7537/47868 [02:37<05:10, 130.04it/s]Running loglikelihood requests:  16%|█▌        | 7553/47868 [02:37<05:10, 129.92it/s]Running loglikelihood requests:  16%|█▌        | 7569/47868 [02:37<05:07, 131.18it/s]Running loglikelihood requests:  16%|█▌        | 7585/47868 [02:37<05:05, 131.71it/s]Running loglikelihood requests:  16%|█▌        | 7601/47868 [02:37<05:04, 132.21it/s]Running loglikelihood requests:  16%|█▌        | 7617/47868 [02:37<05:03, 132.63it/s]Running loglikelihood requests:  16%|█▌        | 7633/47868 [02:37<05:02, 133.12it/s]Running loglikelihood requests:  16%|█▌        | 7649/47868 [02:37<05:00, 133.64it/s]Running loglikelihood requests:  16%|█▌        | 7665/47868 [02:38<05:00, 133.99it/s]Running loglikelihood requests:  16%|█▌        | 7681/47868 [02:38<04:59, 134.11it/s]Running loglikelihood requests:  16%|█▌        | 7697/47868 [02:38<04:59, 134.04it/s]Running loglikelihood requests:  16%|█▌        | 7713/47868 [02:38<05:00, 133.85it/s]Running loglikelihood requests:  16%|█▌        | 7729/47868 [02:38<04:59, 134.08it/s]Running loglikelihood requests:  16%|█▌        | 7745/47868 [02:38<04:59, 134.01it/s]Running loglikelihood requests:  16%|█▌        | 7761/47868 [02:38<04:58, 134.15it/s]Running loglikelihood requests:  16%|█▌        | 7777/47868 [02:38<04:57, 134.55it/s]Running loglikelihood requests:  16%|█▋        | 7793/47868 [02:38<04:57, 134.85it/s]Running loglikelihood requests:  16%|█▋        | 7809/47868 [02:39<04:57, 134.77it/s]Running loglikelihood requests:  16%|█▋        | 7825/47868 [02:39<04:57, 134.50it/s]Running loglikelihood requests:  16%|█▋        | 7841/47868 [02:39<04:57, 134.42it/s]Running loglikelihood requests:  16%|█▋        | 7857/47868 [02:39<04:58, 134.19it/s]Running loglikelihood requests:  16%|█▋        | 7873/47868 [02:39<04:58, 134.16it/s]Running loglikelihood requests:  16%|█▋        | 7889/47868 [02:39<04:56, 134.77it/s]Running loglikelihood requests:  17%|█▋        | 7905/47868 [02:39<04:55, 135.08it/s]Running loglikelihood requests:  17%|█▋        | 7921/47868 [02:39<04:55, 135.07it/s]Running loglikelihood requests:  17%|█▋        | 7937/47868 [02:40<04:56, 134.90it/s]Running loglikelihood requests:  17%|█▋        | 7953/47868 [02:40<04:56, 134.61it/s]Running loglikelihood requests:  17%|█▋        | 7969/47868 [02:40<04:56, 134.48it/s]Running loglikelihood requests:  17%|█▋        | 7985/47868 [02:40<04:56, 134.55it/s]Running loglikelihood requests:  17%|█▋        | 8001/47868 [02:40<04:55, 134.99it/s]Running loglikelihood requests:  17%|█▋        | 8017/47868 [02:40<04:54, 135.27it/s]Running loglikelihood requests:  17%|█▋        | 8033/47868 [02:40<04:54, 135.08it/s]Running loglikelihood requests:  17%|█▋        | 8049/47868 [02:40<04:55, 134.97it/s]Running loglikelihood requests:  17%|█▋        | 8065/47868 [02:40<04:54, 135.08it/s]Running loglikelihood requests:  17%|█▋        | 8081/47868 [02:41<04:54, 135.33it/s]Running loglikelihood requests:  17%|█▋        | 8097/47868 [02:41<04:53, 135.39it/s]Running loglikelihood requests:  17%|█▋        | 8113/47868 [02:41<04:53, 135.60it/s]Running loglikelihood requests:  17%|█▋        | 8129/47868 [02:41<04:53, 135.53it/s]Running loglikelihood requests:  17%|█▋        | 8145/47868 [02:41<04:53, 135.28it/s]Running loglikelihood requests:  17%|█▋        | 8161/47868 [02:41<04:54, 134.85it/s]Running loglikelihood requests:  17%|█▋        | 8177/47868 [02:41<04:54, 134.78it/s]Running loglikelihood requests:  17%|█▋        | 8193/47868 [02:41<04:54, 134.87it/s]Running loglikelihood requests:  17%|█▋        | 8209/47868 [02:42<04:53, 135.33it/s]Running loglikelihood requests:  17%|█▋        | 8225/47868 [02:42<04:52, 135.52it/s]Running loglikelihood requests:  17%|█▋        | 8241/47868 [02:42<04:52, 135.37it/s]Running loglikelihood requests:  17%|█▋        | 8257/47868 [02:42<04:53, 135.15it/s]Running loglikelihood requests:  17%|█▋        | 8273/47868 [02:42<04:53, 135.11it/s]Running loglikelihood requests:  17%|█▋        | 8289/47868 [02:42<04:51, 135.74it/s]Running loglikelihood requests:  17%|█▋        | 8305/47868 [02:42<04:50, 136.10it/s]Running loglikelihood requests:  17%|█▋        | 8321/47868 [02:42<04:50, 136.08it/s]Running loglikelihood requests:  17%|█▋        | 8337/47868 [02:42<04:50, 135.96it/s]Running loglikelihood requests:  17%|█▋        | 8353/47868 [02:43<04:50, 135.94it/s]Running loglikelihood requests:  17%|█▋        | 8369/47868 [02:43<04:49, 136.28it/s]Running loglikelihood requests:  18%|█▊        | 8385/47868 [02:43<04:49, 136.29it/s]Running loglikelihood requests:  18%|█▊        | 8401/47868 [02:43<04:49, 136.23it/s]Running loglikelihood requests:  18%|█▊        | 8417/47868 [02:43<04:50, 135.96it/s]Running loglikelihood requests:  18%|█▊        | 8433/47868 [02:43<04:50, 135.89it/s]Running loglikelihood requests:  18%|█▊        | 8449/47868 [02:43<04:49, 136.23it/s]Running loglikelihood requests:  18%|█▊        | 8465/47868 [02:43<04:48, 136.37it/s]Running loglikelihood requests:  18%|█▊        | 8481/47868 [02:44<04:49, 136.25it/s]Running loglikelihood requests:  18%|█▊        | 8497/47868 [02:44<04:49, 136.02it/s]Running loglikelihood requests:  18%|█▊        | 8513/47868 [02:44<04:49, 136.05it/s]Running loglikelihood requests:  18%|█▊        | 8529/47868 [02:44<04:48, 136.39it/s]Running loglikelihood requests:  18%|█▊        | 8545/47868 [02:44<04:47, 136.95it/s]Running loglikelihood requests:  18%|█▊        | 8561/47868 [02:44<04:47, 136.94it/s]Running loglikelihood requests:  18%|█▊        | 8577/47868 [02:44<04:47, 136.69it/s]Running loglikelihood requests:  18%|█▊        | 8593/47868 [02:44<04:46, 136.95it/s]Running loglikelihood requests:  18%|█▊        | 8609/47868 [02:44<04:46, 136.95it/s]Running loglikelihood requests:  18%|█▊        | 8625/47868 [02:45<04:47, 136.67it/s]Running loglikelihood requests:  18%|█▊        | 8641/47868 [02:45<04:47, 136.60it/s]Running loglikelihood requests:  18%|█▊        | 8657/47868 [02:45<04:46, 136.72it/s]Running loglikelihood requests:  18%|█▊        | 8673/47868 [02:45<04:46, 136.98it/s]Running loglikelihood requests:  18%|█▊        | 8689/47868 [02:45<04:46, 136.88it/s]Running loglikelihood requests:  18%|█▊        | 8705/47868 [02:45<04:46, 136.68it/s]Running loglikelihood requests:  18%|█▊        | 8721/47868 [02:45<04:46, 136.74it/s]Running loglikelihood requests:  18%|█▊        | 8737/47868 [02:45<04:44, 137.35it/s]Running loglikelihood requests:  18%|█▊        | 8753/47868 [02:46<04:45, 137.00it/s]Running loglikelihood requests:  18%|█▊        | 8769/47868 [02:46<04:46, 136.36it/s]Running loglikelihood requests:  18%|█▊        | 8785/47868 [02:46<04:47, 136.15it/s]Running loglikelihood requests:  18%|█▊        | 8801/47868 [02:46<04:46, 136.33it/s]Running loglikelihood requests:  18%|█▊        | 8817/47868 [02:46<04:46, 136.32it/s]Running loglikelihood requests:  18%|█▊        | 8833/47868 [02:46<04:47, 136.00it/s]Running loglikelihood requests:  18%|█▊        | 8849/47868 [02:46<04:47, 135.56it/s]Running loglikelihood requests:  19%|█▊        | 8865/47868 [02:46<04:47, 135.65it/s]Running loglikelihood requests:  19%|█▊        | 8881/47868 [02:46<04:46, 135.92it/s]Running loglikelihood requests:  19%|█▊        | 8897/47868 [02:47<04:46, 136.16it/s]Running loglikelihood requests:  19%|█▊        | 8913/47868 [02:47<04:46, 135.91it/s]Running loglikelihood requests:  19%|█▊        | 8929/47868 [02:47<04:47, 135.65it/s]Running loglikelihood requests:  19%|█▊        | 8945/47868 [02:47<04:45, 136.29it/s]Running loglikelihood requests:  19%|█▊        | 8961/47868 [02:47<04:44, 136.96it/s]Running loglikelihood requests:  19%|█▉        | 8977/47868 [02:47<04:44, 136.62it/s]Running loglikelihood requests:  19%|█▉        | 8993/47868 [02:47<04:46, 135.91it/s]Running loglikelihood requests:  19%|█▉        | 9009/47868 [02:47<04:46, 135.80it/s]Running loglikelihood requests:  19%|█▉        | 9025/47868 [02:48<04:45, 136.10it/s]Running loglikelihood requests:  19%|█▉        | 9041/47868 [02:48<04:44, 136.44it/s]Running loglikelihood requests:  19%|█▉        | 9057/47868 [02:48<04:44, 136.39it/s]Running loglikelihood requests:  19%|█▉        | 9073/47868 [02:48<04:44, 136.28it/s]Running loglikelihood requests:  19%|█▉        | 9089/47868 [02:48<04:44, 136.44it/s]Running loglikelihood requests:  19%|█▉        | 9105/47868 [02:48<04:43, 136.82it/s]Running loglikelihood requests:  19%|█▉        | 9121/47868 [02:48<04:43, 136.78it/s]Running loglikelihood requests:  19%|█▉        | 9137/47868 [02:48<04:43, 136.50it/s]Running loglikelihood requests:  19%|█▉        | 9153/47868 [02:48<04:43, 136.57it/s]Running loglikelihood requests:  19%|█▉        | 9169/47868 [02:49<04:42, 136.86it/s]Running loglikelihood requests:  19%|█▉        | 9185/47868 [02:49<04:42, 136.85it/s]Running loglikelihood requests:  19%|█▉        | 9201/47868 [02:49<04:41, 137.30it/s]Running loglikelihood requests:  19%|█▉        | 9217/47868 [02:49<04:39, 138.17it/s]Running loglikelihood requests:  19%|█▉        | 9233/47868 [02:49<04:39, 138.34it/s]Running loglikelihood requests:  19%|█▉        | 9249/47868 [02:49<04:39, 138.37it/s]Running loglikelihood requests:  19%|█▉        | 9265/47868 [02:49<04:38, 138.74it/s]Running loglikelihood requests:  19%|█▉        | 9281/47868 [02:49<04:38, 138.74it/s]Running loglikelihood requests:  19%|█▉        | 9297/47868 [02:50<04:38, 138.40it/s]Running loglikelihood requests:  19%|█▉        | 9313/47868 [02:50<04:38, 138.44it/s]Running loglikelihood requests:  19%|█▉        | 9329/47868 [02:50<04:38, 138.37it/s]Running loglikelihood requests:  20%|█▉        | 9345/47868 [02:50<04:38, 138.10it/s]Running loglikelihood requests:  20%|█▉        | 9361/47868 [02:50<04:38, 138.08it/s]Running loglikelihood requests:  20%|█▉        | 9377/47868 [02:50<04:38, 138.20it/s]Running loglikelihood requests:  20%|█▉        | 9393/47868 [02:50<04:38, 138.12it/s]Running loglikelihood requests:  20%|█▉        | 9409/47868 [02:50<04:39, 137.83it/s]Running loglikelihood requests:  20%|█▉        | 9425/47868 [02:50<04:37, 138.30it/s]Running loglikelihood requests:  20%|█▉        | 9441/47868 [02:51<04:36, 138.74it/s]Running loglikelihood requests:  20%|█▉        | 9457/47868 [02:51<04:37, 138.45it/s]Running loglikelihood requests:  20%|█▉        | 9473/47868 [02:51<04:36, 138.80it/s]Running loglikelihood requests:  20%|█▉        | 9489/47868 [02:51<04:37, 138.42it/s]Running loglikelihood requests:  20%|█▉        | 9505/47868 [02:51<04:37, 138.05it/s]Running loglikelihood requests:  20%|█▉        | 9521/47868 [02:51<04:37, 138.35it/s]Running loglikelihood requests:  20%|█▉        | 9537/47868 [02:51<04:37, 138.37it/s]Running loglikelihood requests:  20%|█▉        | 9553/47868 [02:51<04:36, 138.70it/s]Running loglikelihood requests:  20%|█▉        | 9569/47868 [02:51<04:34, 139.36it/s]Running loglikelihood requests:  20%|██        | 9585/47868 [02:52<04:34, 139.42it/s]Running loglikelihood requests:  20%|██        | 9601/47868 [02:52<04:34, 139.49it/s]Running loglikelihood requests:  20%|██        | 9617/47868 [02:52<04:33, 139.94it/s]Running loglikelihood requests:  20%|██        | 9633/47868 [02:52<04:33, 139.83it/s]Running loglikelihood requests:  20%|██        | 9649/47868 [02:52<04:32, 140.35it/s]Running loglikelihood requests:  20%|██        | 9665/47868 [02:52<04:31, 140.73it/s]Running loglikelihood requests:  20%|██        | 9681/47868 [02:52<04:32, 140.33it/s]Running loglikelihood requests:  20%|██        | 9697/47868 [02:52<04:31, 140.53it/s]Running loglikelihood requests:  20%|██        | 9713/47868 [02:53<04:31, 140.40it/s]Running loglikelihood requests:  20%|██        | 9729/47868 [02:53<04:31, 140.47it/s]Running loglikelihood requests:  20%|██        | 9745/47868 [02:53<04:30, 140.70it/s]Running loglikelihood requests:  20%|██        | 9761/47868 [02:53<04:31, 140.24it/s]Running loglikelihood requests:  20%|██        | 9777/47868 [02:53<04:31, 140.50it/s]Running loglikelihood requests:  20%|██        | 9793/47868 [02:53<04:31, 140.47it/s]Running loglikelihood requests:  20%|██        | 9809/47868 [02:53<04:31, 140.29it/s]Running loglikelihood requests:  21%|██        | 9825/47868 [02:53<04:30, 140.59it/s]Running loglikelihood requests:  21%|██        | 9841/47868 [02:53<04:31, 140.24it/s]Running loglikelihood requests:  21%|██        | 9857/47868 [02:54<04:30, 140.48it/s]Running loglikelihood requests:  21%|██        | 9873/47868 [02:54<04:30, 140.49it/s]Running loglikelihood requests:  21%|██        | 9889/47868 [02:54<04:30, 140.29it/s]Running loglikelihood requests:  21%|██        | 9905/47868 [02:54<04:29, 140.97it/s]Running loglikelihood requests:  21%|██        | 9921/47868 [02:54<04:29, 140.97it/s]Running loglikelihood requests:  21%|██        | 9937/47868 [02:54<04:28, 141.16it/s]Running loglikelihood requests:  21%|██        | 9953/47868 [02:54<04:29, 140.82it/s]Running loglikelihood requests:  21%|██        | 9969/47868 [02:54<04:29, 140.73it/s]Running loglikelihood requests:  21%|██        | 9985/47868 [02:54<04:29, 140.77it/s]Running loglikelihood requests:  21%|██        | 10001/47868 [02:55<04:29, 140.43it/s]Running loglikelihood requests:  21%|██        | 10017/47868 [02:55<04:29, 140.54it/s]Running loglikelihood requests:  21%|██        | 10033/47868 [02:55<04:29, 140.56it/s]Running loglikelihood requests:  21%|██        | 10049/47868 [02:55<04:29, 140.44it/s]Running loglikelihood requests:  21%|██        | 10065/47868 [02:55<04:28, 140.84it/s]Running loglikelihood requests:  21%|██        | 10081/47868 [02:55<04:28, 140.57it/s]Running loglikelihood requests:  21%|██        | 10097/47868 [02:55<04:27, 141.10it/s]Running loglikelihood requests:  21%|██        | 10113/47868 [02:55<04:26, 141.50it/s]Running loglikelihood requests:  21%|██        | 10129/47868 [02:55<04:25, 141.89it/s]Running loglikelihood requests:  21%|██        | 10145/47868 [02:56<04:26, 141.80it/s]Running loglikelihood requests:  21%|██        | 10161/47868 [02:56<04:26, 141.57it/s]Running loglikelihood requests:  21%|██▏       | 10177/47868 [02:56<04:25, 141.86it/s]Running loglikelihood requests:  21%|██▏       | 10193/47868 [02:56<04:26, 141.62it/s]Running loglikelihood requests:  21%|██▏       | 10209/47868 [02:56<04:25, 141.98it/s]Running loglikelihood requests:  21%|██▏       | 10225/47868 [02:56<04:25, 141.85it/s]Running loglikelihood requests:  21%|██▏       | 10241/47868 [02:56<04:24, 142.18it/s]Running loglikelihood requests:  21%|██▏       | 10257/47868 [02:56<04:24, 141.99it/s]Running loglikelihood requests:  21%|██▏       | 10273/47868 [02:56<04:25, 141.85it/s]Running loglikelihood requests:  21%|██▏       | 10289/47868 [02:57<04:24, 142.19it/s]Running loglikelihood requests:  22%|██▏       | 10305/47868 [02:57<04:24, 142.25it/s]Running loglikelihood requests:  22%|██▏       | 10321/47868 [02:57<04:23, 142.46it/s]Running loglikelihood requests:  22%|██▏       | 10337/47868 [02:57<04:23, 142.21it/s]Running loglikelihood requests:  22%|██▏       | 10353/47868 [02:57<04:23, 142.56it/s]Running loglikelihood requests:  22%|██▏       | 10369/47868 [02:57<04:23, 142.30it/s]Running loglikelihood requests:  22%|██▏       | 10385/47868 [02:57<04:22, 142.58it/s]Running loglikelihood requests:  22%|██▏       | 10401/47868 [02:57<04:23, 142.44it/s]Running loglikelihood requests:  22%|██▏       | 10417/47868 [02:57<04:22, 142.54it/s]Running loglikelihood requests:  22%|██▏       | 10433/47868 [02:58<04:22, 142.52it/s]Running loglikelihood requests:  22%|██▏       | 10449/47868 [02:58<04:22, 142.55it/s]Running loglikelihood requests:  22%|██▏       | 10465/47868 [02:58<04:21, 142.86it/s]Running loglikelihood requests:  22%|██▏       | 10481/47868 [02:58<04:21, 142.78it/s]Running loglikelihood requests:  22%|██▏       | 10497/47868 [02:58<04:21, 142.89it/s]Running loglikelihood requests:  22%|██▏       | 10513/47868 [02:58<04:21, 142.67it/s]Running loglikelihood requests:  22%|██▏       | 10529/47868 [02:58<04:21, 142.94it/s]Running loglikelihood requests:  22%|██▏       | 10545/47868 [02:58<04:21, 142.70it/s]Running loglikelihood requests:  22%|██▏       | 10561/47868 [02:58<04:20, 143.10it/s]Running loglikelihood requests:  22%|██▏       | 10577/47868 [02:59<04:21, 142.76it/s]Running loglikelihood requests:  22%|██▏       | 10593/47868 [02:59<04:20, 143.03it/s]Running loglikelihood requests:  22%|██▏       | 10609/47868 [02:59<04:20, 142.87it/s]Running loglikelihood requests:  22%|██▏       | 10625/47868 [02:59<04:20, 143.16it/s]Running loglikelihood requests:  22%|██▏       | 10640/47868 [02:59<04:30, 137.45it/s]Running loglikelihood requests:  22%|██▏       | 10654/47868 [02:59<04:37, 133.96it/s]Running loglikelihood requests:  22%|██▏       | 10668/47868 [02:59<04:42, 131.72it/s]Running loglikelihood requests:  22%|██▏       | 10684/47868 [02:59<04:35, 134.85it/s]Running loglikelihood requests:  22%|██▏       | 10700/47868 [03:00<04:30, 137.65it/s]Running loglikelihood requests:  22%|██▏       | 10716/47868 [03:00<04:27, 139.09it/s]Running loglikelihood requests:  22%|██▏       | 10730/47868 [03:00<04:34, 135.27it/s]Running loglikelihood requests:  22%|██▏       | 10745/47868 [03:00<04:35, 134.70it/s]Running loglikelihood requests:  22%|██▏       | 10759/47868 [03:00<04:40, 132.28it/s]Running loglikelihood requests:  23%|██▎       | 10775/47868 [03:00<04:32, 136.08it/s]Running loglikelihood requests:  23%|██▎       | 10791/47868 [03:00<04:24, 140.26it/s]Running loglikelihood requests:  23%|██▎       | 10807/47868 [03:00<04:19, 142.84it/s]Running loglikelihood requests:  23%|██▎       | 10823/47868 [03:00<04:16, 144.53it/s]Running loglikelihood requests:  23%|██▎       | 10838/47868 [03:00<04:18, 143.34it/s]Running loglikelihood requests:  23%|██▎       | 10853/47868 [03:01<04:19, 142.78it/s]Running loglikelihood requests:  23%|██▎       | 10868/47868 [03:01<04:20, 142.00it/s]Running loglikelihood requests:  23%|██▎       | 10883/47868 [03:01<04:21, 141.34it/s]Running loglikelihood requests:  23%|██▎       | 10898/47868 [03:01<04:21, 141.54it/s]Running loglikelihood requests:  23%|██▎       | 10913/47868 [03:01<04:20, 141.91it/s]Running loglikelihood requests:  23%|██▎       | 10928/47868 [03:01<04:21, 141.48it/s]Running loglikelihood requests:  23%|██▎       | 10943/47868 [03:01<04:21, 140.95it/s]Running loglikelihood requests:  23%|██▎       | 10958/47868 [03:01<04:21, 141.02it/s]Running loglikelihood requests:  23%|██▎       | 10973/47868 [03:01<04:20, 141.71it/s]Running loglikelihood requests:  23%|██▎       | 10988/47868 [03:02<04:20, 141.58it/s]Running loglikelihood requests:  23%|██▎       | 11003/47868 [03:02<04:21, 141.12it/s]Running loglikelihood requests:  23%|██▎       | 11018/47868 [03:02<04:21, 141.17it/s]Running loglikelihood requests:  23%|██▎       | 11033/47868 [03:02<04:20, 141.49it/s]Running loglikelihood requests:  23%|██▎       | 11048/47868 [03:02<04:19, 141.93it/s]Running loglikelihood requests:  23%|██▎       | 11063/47868 [03:02<04:19, 141.84it/s]Running loglikelihood requests:  23%|██▎       | 11078/47868 [03:02<05:35, 109.51it/s]Running loglikelihood requests:  23%|██▎       | 11092/47868 [03:02<05:18, 115.49it/s]Running loglikelihood requests:  23%|██▎       | 11108/47868 [03:02<04:53, 125.11it/s]Running loglikelihood requests:  23%|██▎       | 11122/47868 [03:03<04:48, 127.41it/s]Running loglikelihood requests:  23%|██▎       | 11136/47868 [03:03<04:45, 128.63it/s]Running loglikelihood requests:  23%|██▎       | 11150/47868 [03:03<04:42, 129.81it/s]Running loglikelihood requests:  23%|██▎       | 11164/47868 [03:03<04:40, 130.86it/s]Running loglikelihood requests:  23%|██▎       | 11178/47868 [03:03<04:38, 131.94it/s]Running loglikelihood requests:  23%|██▎       | 11192/47868 [03:03<04:36, 132.48it/s]Running loglikelihood requests:  23%|██▎       | 11206/47868 [03:03<04:36, 132.73it/s]Running loglikelihood requests:  23%|██▎       | 11220/47868 [03:03<05:55, 103.02it/s]Running loglikelihood requests:  23%|██▎       | 11232/47868 [03:04<05:45, 106.05it/s]Running loglikelihood requests:  23%|██▎       | 11244/47868 [03:04<05:37, 108.62it/s]Running loglikelihood requests:  24%|██▎       | 11256/47868 [03:04<05:30, 110.85it/s]Running loglikelihood requests:  24%|██▎       | 11268/47868 [03:04<05:23, 113.03it/s]Running loglikelihood requests:  24%|██▎       | 11280/47868 [03:04<06:48, 89.60it/s] Running loglikelihood requests:  24%|██▎       | 11290/47868 [03:04<06:38, 91.68it/s]Running loglikelihood requests:  24%|██▎       | 11300/47868 [03:04<06:30, 93.62it/s]Running loglikelihood requests:  24%|██▎       | 11315/47868 [03:04<05:38, 107.96it/s]Running loglikelihood requests:  24%|██▎       | 11328/47868 [03:04<05:22, 113.36it/s]Running loglikelihood requests:  24%|██▎       | 11342/47868 [03:05<05:03, 120.36it/s]Running loglikelihood requests:  24%|██▎       | 11355/47868 [03:05<04:58, 122.52it/s]Running loglikelihood requests:  24%|██▎       | 11368/47868 [03:05<04:54, 123.97it/s]Running loglikelihood requests:  24%|██▍       | 11381/47868 [03:05<04:50, 125.39it/s]Running loglikelihood requests:  24%|██▍       | 11394/47868 [03:05<04:49, 126.07it/s]Running loglikelihood requests:  24%|██▍       | 11407/47868 [03:05<04:47, 126.65it/s]Running loglikelihood requests:  24%|██▍       | 11420/47868 [03:05<04:45, 127.44it/s]Running loglikelihood requests:  24%|██▍       | 11433/47868 [03:05<04:45, 127.74it/s]Running loglikelihood requests:  24%|██▍       | 11449/47868 [03:05<04:25, 137.26it/s]Running loglikelihood requests:  24%|██▍       | 11463/47868 [03:05<04:23, 137.92it/s]Running loglikelihood requests:  24%|██▍       | 11477/47868 [03:06<04:22, 138.43it/s]Running loglikelihood requests:  24%|██▍       | 11491/47868 [03:06<04:22, 138.82it/s]Running loglikelihood requests:  24%|██▍       | 11509/47868 [03:06<04:00, 151.07it/s]Running loglikelihood requests:  24%|██▍       | 11525/47868 [03:06<05:05, 118.85it/s]Running loglikelihood requests:  24%|██▍       | 11539/47868 [03:06<04:52, 124.02it/s]Running loglikelihood requests:  24%|██▍       | 11553/47868 [03:06<05:56, 101.74it/s]Running loglikelihood requests:  24%|██▍       | 11569/47868 [03:06<05:16, 114.80it/s]Running loglikelihood requests:  24%|██▍       | 11582/47868 [03:06<05:06, 118.35it/s]Running loglikelihood requests:  24%|██▍       | 11596/47868 [03:07<04:53, 123.78it/s]Running loglikelihood requests:  24%|██▍       | 11612/47868 [03:07<04:32, 133.23it/s]Running loglikelihood requests:  24%|██▍       | 11628/47868 [03:07<04:17, 140.50it/s]Running loglikelihood requests:  24%|██▍       | 11643/47868 [03:07<04:13, 142.80it/s]Running loglikelihood requests:  24%|██▍       | 11658/47868 [03:07<04:10, 144.41it/s]Running loglikelihood requests:  24%|██▍       | 11673/47868 [03:07<04:08, 145.70it/s]Running loglikelihood requests:  24%|██▍       | 11688/47868 [03:07<04:06, 146.84it/s]Running loglikelihood requests:  24%|██▍       | 11703/47868 [03:07<04:04, 147.61it/s]Running loglikelihood requests:  25%|██▍       | 11729/47868 [03:07<04:14, 141.79it/s]Running loglikelihood requests:  25%|██▍       | 11758/47868 [03:08<04:09, 144.85it/s]Running loglikelihood requests:  25%|██▍       | 11787/47868 [03:08<04:06, 146.32it/s]Running loglikelihood requests:  25%|██▍       | 11819/47868 [03:08<03:55, 152.90it/s]Running loglikelihood requests:  25%|██▍       | 11851/47868 [03:08<03:49, 156.83it/s]Running loglikelihood requests:  25%|██▍       | 11877/47868 [03:08<03:59, 150.06it/s]Running loglikelihood requests:  25%|██▍       | 11903/47868 [03:09<04:07, 145.15it/s]Running loglikelihood requests:  25%|██▍       | 11935/47868 [03:09<03:57, 151.60it/s]Running loglikelihood requests:  25%|██▌       | 11967/47868 [03:09<03:50, 155.77it/s]Running loglikelihood requests:  25%|██▌       | 11999/47868 [03:09<03:45, 158.83it/s]Running loglikelihood requests:  25%|██▌       | 12028/47868 [03:09<03:48, 156.57it/s]Running loglikelihood requests:  25%|██▌       | 12060/47868 [03:10<03:44, 159.51it/s]Running loglikelihood requests:  25%|██▌       | 12084/47868 [03:10<03:59, 149.14it/s]Running loglikelihood requests:  25%|██▌       | 12116/47868 [03:10<03:51, 154.30it/s]Running loglikelihood requests:  25%|██▌       | 12148/47868 [03:10<03:45, 158.08it/s]Running loglikelihood requests:  25%|██▌       | 12180/47868 [03:10<03:41, 161.16it/s]Running loglikelihood requests:  26%|██▌       | 12212/47868 [03:11<03:38, 163.41it/s]Running loglikelihood requests:  26%|██▌       | 12244/47868 [03:11<03:35, 165.26it/s]Running loglikelihood requests:  26%|██▌       | 12276/47868 [03:11<03:33, 166.67it/s]Running loglikelihood requests:  26%|██▌       | 12308/47868 [03:11<03:32, 167.65it/s]Running loglikelihood requests:  26%|██▌       | 12340/47868 [03:11<03:30, 168.39it/s]Running loglikelihood requests:  26%|██▌       | 12372/47868 [03:11<03:29, 169.04it/s]Running loglikelihood requests:  26%|██▌       | 12404/47868 [03:12<03:29, 169.28it/s]Running loglikelihood requests:  26%|██▌       | 12436/47868 [03:12<03:28, 169.61it/s]Running loglikelihood requests:  26%|██▌       | 12468/47868 [03:12<03:28, 170.02it/s]Running loglikelihood requests:  26%|██▌       | 12497/47868 [03:12<03:33, 165.62it/s]Running loglikelihood requests:  26%|██▌       | 12526/47868 [03:12<03:37, 162.44it/s]Running loglikelihood requests:  26%|██▌       | 12555/47868 [03:13<03:40, 160.17it/s]Running loglikelihood requests:  26%|██▋       | 12587/47868 [03:13<03:35, 163.64it/s]Running loglikelihood requests:  26%|██▋       | 12616/47868 [03:13<03:38, 161.34it/s]Running loglikelihood requests:  26%|██▋       | 12648/47868 [03:13<03:34, 164.50it/s]Running loglikelihood requests:  26%|██▋       | 12680/47868 [03:13<03:31, 166.51it/s]Running loglikelihood requests:  27%|██▋       | 12709/47868 [03:14<03:35, 163.14it/s]Running loglikelihood requests:  27%|██▋       | 12738/47868 [03:14<03:38, 161.01it/s]Running loglikelihood requests:  27%|██▋       | 12770/47868 [03:14<03:33, 164.40it/s]Running loglikelihood requests:  27%|██▋       | 12802/47868 [03:14<03:30, 166.77it/s]Running loglikelihood requests:  27%|██▋       | 12834/47868 [03:14<03:28, 168.27it/s]Running loglikelihood requests:  27%|██▋       | 12860/47868 [03:14<03:39, 159.85it/s]Running loglikelihood requests:  27%|██▋       | 12889/47868 [03:15<03:40, 158.74it/s]Running loglikelihood requests:  27%|██▋       | 12921/47868 [03:15<03:34, 162.81it/s]Running loglikelihood requests:  27%|██▋       | 12953/47868 [03:15<03:30, 165.86it/s]Running loglikelihood requests:  27%|██▋       | 12985/47868 [03:15<03:28, 167.69it/s]Running loglikelihood requests:  27%|██▋       | 13014/47868 [03:15<03:32, 163.85it/s]Running loglikelihood requests:  27%|██▋       | 13046/47868 [03:16<03:29, 166.12it/s]Running loglikelihood requests:  27%|██▋       | 13078/47868 [03:16<03:27, 167.62it/s]Running loglikelihood requests:  27%|██▋       | 13110/47868 [03:16<03:25, 169.24it/s]Running loglikelihood requests:  27%|██▋       | 13142/47868 [03:16<03:24, 170.21it/s]Running loglikelihood requests:  28%|██▊       | 13174/47868 [03:16<03:23, 170.61it/s]Running loglikelihood requests:  28%|██▊       | 13203/47868 [03:17<03:28, 166.41it/s]Running loglikelihood requests:  28%|██▊       | 13232/47868 [03:17<03:31, 163.40it/s]Running loglikelihood requests:  28%|██▊       | 13264/47868 [03:17<03:28, 166.23it/s]Running loglikelihood requests:  28%|██▊       | 13296/47868 [03:17<03:25, 168.12it/s]Running loglikelihood requests:  28%|██▊       | 13322/47868 [03:17<03:35, 160.11it/s]Running loglikelihood requests:  28%|██▊       | 13351/47868 [03:17<03:36, 159.08it/s]Running loglikelihood requests:  28%|██▊       | 13380/47868 [03:18<03:37, 158.42it/s]Running loglikelihood requests:  28%|██▊       | 13409/47868 [03:18<03:38, 157.98it/s]Running loglikelihood requests:  28%|██▊       | 13439/47868 [03:18<03:35, 159.72it/s]Running loglikelihood requests:  28%|██▊       | 13471/47868 [03:18<03:30, 163.77it/s]Running loglikelihood requests:  28%|██▊       | 13500/47868 [03:18<03:32, 161.78it/s]Running loglikelihood requests:  28%|██▊       | 13529/47868 [03:19<03:33, 160.52it/s]Running loglikelihood requests:  28%|██▊       | 13558/47868 [03:19<03:34, 159.78it/s]Running loglikelihood requests:  28%|██▊       | 13584/47868 [03:19<03:41, 154.66it/s]Running loglikelihood requests:  28%|██▊       | 13613/47868 [03:19<03:39, 155.74it/s]Running loglikelihood requests:  28%|██▊       | 13642/47868 [03:19<03:39, 156.20it/s]Running loglikelihood requests:  29%|██▊       | 13671/47868 [03:19<03:38, 156.71it/s]Running loglikelihood requests:  29%|██▊       | 13697/47868 [03:20<03:44, 152.45it/s]Running loglikelihood requests:  29%|██▊       | 13729/47868 [03:20<03:34, 158.86it/s]Running loglikelihood requests:  29%|██▊       | 13761/47868 [03:20<03:28, 163.66it/s]Running loglikelihood requests:  29%|██▉       | 13790/47868 [03:20<03:29, 162.42it/s]Running loglikelihood requests:  29%|██▉       | 13820/47868 [03:20<03:28, 163.16it/s]Running loglikelihood requests:  29%|██▉       | 13841/47868 [03:21<03:48, 149.10it/s]Running loglikelihood requests:  29%|██▉       | 13873/47868 [03:21<03:36, 157.10it/s]Running loglikelihood requests:  29%|██▉       | 13905/47868 [03:21<03:28, 162.74it/s]Running loglikelihood requests:  29%|██▉       | 13931/47868 [03:21<03:34, 158.38it/s]Running loglikelihood requests:  29%|██▉       | 13960/47868 [03:21<03:31, 160.31it/s]Running loglikelihood requests:  29%|██▉       | 13989/47868 [03:21<03:29, 162.03it/s]Running loglikelihood requests:  29%|██▉       | 14021/47868 [03:22<03:21, 167.78it/s]Running loglikelihood requests:  29%|██▉       | 14050/47868 [03:22<03:22, 167.19it/s]Running loglikelihood requests:  29%|██▉       | 14073/47868 [03:22<03:35, 156.87it/s]Running loglikelihood requests:  29%|██▉       | 14099/47868 [03:22<03:38, 154.40it/s]Running loglikelihood requests:  30%|██▉       | 14129/47868 [03:22<03:31, 159.42it/s]Running loglikelihood requests:  30%|██▉       | 14161/47868 [03:23<03:22, 166.68it/s]Running loglikelihood requests:  30%|██▉       | 14190/47868 [03:23<03:22, 166.57it/s]Running loglikelihood requests:  30%|██▉       | 14222/47868 [03:23<03:16, 171.54it/s]Running loglikelihood requests:  30%|██▉       | 14251/47868 [03:23<03:17, 169.94it/s]Running loglikelihood requests:  30%|██▉       | 14277/47868 [03:23<03:25, 163.68it/s]Running loglikelihood requests:  30%|██▉       | 14306/47868 [03:23<03:23, 164.73it/s]Running loglikelihood requests:  30%|██▉       | 14332/47868 [03:24<03:29, 160.03it/s]Running loglikelihood requests:  30%|███       | 14362/47868 [03:24<03:24, 164.05it/s]Running loglikelihood requests:  30%|███       | 14386/47868 [03:24<03:34, 156.39it/s]Running loglikelihood requests:  30%|███       | 14418/47868 [03:24<03:23, 164.54it/s]Running loglikelihood requests:  30%|███       | 14442/47868 [03:24<03:32, 157.02it/s]Running loglikelihood requests:  30%|███       | 14474/47868 [03:24<03:22, 165.02it/s]Running loglikelihood requests:  30%|███       | 14497/47868 [03:25<03:33, 155.95it/s]Running loglikelihood requests:  30%|███       | 14529/47868 [03:25<03:22, 164.63it/s]Running loglikelihood requests:  30%|███       | 14561/47868 [03:25<03:14, 170.99it/s]Running loglikelihood requests:  30%|███       | 14584/47868 [03:25<03:28, 159.76it/s]Running loglikelihood requests:  31%|███       | 14610/47868 [03:25<03:31, 157.34it/s]Running loglikelihood requests:  31%|███       | 14630/47868 [03:25<03:49, 144.98it/s]Running loglikelihood requests:  31%|███       | 14651/47868 [03:26<03:59, 138.48it/s]Running loglikelihood requests:  31%|███       | 14678/47868 [03:26<03:50, 143.97it/s]Running loglikelihood requests:  31%|███       | 14705/47868 [03:26<03:43, 148.20it/s]Running loglikelihood requests:  31%|███       | 14737/47868 [03:26<03:28, 159.13it/s]Running loglikelihood requests:  31%|███       | 14769/47868 [03:26<03:17, 167.23it/s]Running loglikelihood requests:  31%|███       | 14798/47868 [03:26<03:17, 167.41it/s]Running loglikelihood requests:  31%|███       | 14821/47868 [03:27<03:29, 157.72it/s]Running loglikelihood requests:  31%|███       | 14853/47868 [03:27<03:18, 166.22it/s]Running loglikelihood requests:  31%|███       | 14879/47868 [03:27<03:23, 162.03it/s]Running loglikelihood requests:  31%|███       | 14905/47868 [03:27<03:27, 158.72it/s]Running loglikelihood requests:  31%|███       | 14932/47868 [03:27<03:27, 158.58it/s]Running loglikelihood requests:  31%|███▏      | 14964/47868 [03:28<03:17, 166.69it/s]Running loglikelihood requests:  31%|███▏      | 14990/47868 [03:28<03:22, 162.47it/s]Running loglikelihood requests:  31%|███▏      | 15016/47868 [03:28<03:26, 159.33it/s]Running loglikelihood requests:  31%|███▏      | 15046/47868 [03:28<03:19, 164.25it/s]Running loglikelihood requests:  31%|███▏      | 15070/47868 [03:28<03:28, 157.18it/s]Running loglikelihood requests:  32%|███▏      | 15102/47868 [03:28<03:17, 166.04it/s]Running loglikelihood requests:  32%|███▏      | 15131/47868 [03:29<03:15, 167.14it/s]Running loglikelihood requests:  32%|███▏      | 15157/47868 [03:29<03:20, 163.33it/s]Running loglikelihood requests:  32%|███▏      | 15183/47868 [03:29<03:22, 161.47it/s]Running loglikelihood requests:  32%|███▏      | 15206/47868 [03:29<03:30, 155.05it/s]Running loglikelihood requests:  32%|███▏      | 15238/47868 [03:29<03:15, 166.64it/s]Running loglikelihood requests:  32%|███▏      | 15270/47868 [03:29<03:06, 174.38it/s]Running loglikelihood requests:  32%|███▏      | 15302/47868 [03:30<03:00, 180.03it/s]Running loglikelihood requests:  32%|███▏      | 15331/47868 [03:30<03:01, 179.22it/s]Running loglikelihood requests:  32%|███▏      | 15357/47868 [03:30<03:07, 173.28it/s]Running loglikelihood requests:  32%|███▏      | 15383/47868 [03:30<03:11, 169.35it/s]Running loglikelihood requests:  32%|███▏      | 15407/47868 [03:30<03:19, 162.84it/s]Running loglikelihood requests:  32%|███▏      | 15431/47868 [03:30<03:25, 158.14it/s]Running loglikelihood requests:  32%|███▏      | 15463/47868 [03:31<03:11, 169.29it/s]Running loglikelihood requests:  32%|███▏      | 15495/47868 [03:31<03:02, 176.91it/s]Running loglikelihood requests:  32%|███▏      | 15521/47868 [03:31<03:09, 171.09it/s]Running loglikelihood requests:  32%|███▏      | 15553/47868 [03:31<03:01, 178.18it/s]Running loglikelihood requests:  33%|███▎      | 15576/47868 [03:31<03:13, 166.77it/s]Running loglikelihood requests:  33%|███▎      | 15602/47868 [03:31<03:15, 164.70it/s]Running loglikelihood requests:  33%|███▎      | 15631/47868 [03:31<03:11, 168.66it/s]Running loglikelihood requests:  33%|███▎      | 15660/47868 [03:32<03:08, 171.27it/s]Running loglikelihood requests:  33%|███▎      | 15692/47868 [03:32<03:00, 178.75it/s]Running loglikelihood requests:  33%|███▎      | 15721/47868 [03:32<02:59, 178.78it/s]Running loglikelihood requests:  33%|███▎      | 15744/47868 [03:32<03:11, 167.77it/s]Running loglikelihood requests:  33%|███▎      | 15770/47868 [03:32<03:14, 165.44it/s]Running loglikelihood requests:  33%|███▎      | 15796/47868 [03:32<03:15, 163.97it/s]Running loglikelihood requests:  33%|███▎      | 15828/47868 [03:33<03:04, 173.83it/s]Running loglikelihood requests:  33%|███▎      | 15860/47868 [03:33<02:56, 181.32it/s]Running loglikelihood requests:  33%|███▎      | 15880/47868 [03:33<03:14, 164.82it/s]Running loglikelihood requests:  33%|███▎      | 15903/47868 [03:33<03:21, 158.67it/s]Running loglikelihood requests:  33%|███▎      | 15932/47868 [03:33<03:13, 165.37it/s]Running loglikelihood requests:  33%|███▎      | 15964/47868 [03:33<03:01, 175.56it/s]Running loglikelihood requests:  33%|███▎      | 15993/47868 [03:34<03:00, 176.45it/s]Running loglikelihood requests:  33%|███▎      | 16016/47868 [03:34<03:10, 166.85it/s]Running loglikelihood requests:  34%|███▎      | 16042/47868 [03:34<03:12, 165.64it/s]Running loglikelihood requests:  34%|███▎      | 16060/47868 [03:34<03:31, 150.11it/s]Running loglikelihood requests:  34%|███▎      | 16089/47868 [03:34<03:19, 159.05it/s]Running loglikelihood requests:  34%|███▎      | 16115/47868 [03:34<03:18, 159.70it/s]Running loglikelihood requests:  34%|███▎      | 16138/47868 [03:35<03:25, 154.69it/s]Running loglikelihood requests:  34%|███▍      | 16163/47868 [03:35<03:24, 155.21it/s]Running loglikelihood requests:  34%|███▍      | 16195/47868 [03:35<03:08, 168.13it/s]Running loglikelihood requests:  34%|███▍      | 16212/47868 [03:35<03:30, 150.05it/s]Running loglikelihood requests:  34%|███▍      | 16237/47868 [03:35<03:27, 152.22it/s]Running loglikelihood requests:  34%|███▍      | 16266/47868 [03:35<03:13, 163.00it/s]Running loglikelihood requests:  34%|███▍      | 16289/47868 [03:36<03:18, 159.00it/s]Running loglikelihood requests:  34%|███▍      | 16307/47868 [03:36<03:34, 147.13it/s]Running loglikelihood requests:  34%|███▍      | 16330/47868 [03:36<03:32, 148.10it/s]Running loglikelihood requests:  34%|███▍      | 16345/47868 [03:36<03:55, 133.62it/s]Running loglikelihood requests:  34%|███▍      | 16364/47868 [03:36<04:00, 131.11it/s]Running loglikelihood requests:  34%|███▍      | 16387/47868 [03:36<03:49, 137.11it/s]Running loglikelihood requests:  34%|███▍      | 16403/47868 [03:36<04:06, 127.79it/s]Running loglikelihood requests:  34%|███▍      | 16421/47868 [03:37<04:10, 125.33it/s]Running loglikelihood requests:  34%|███▍      | 16440/47868 [03:37<04:10, 125.42it/s]Running loglikelihood requests:  34%|███▍      | 16459/47868 [03:37<04:10, 125.60it/s]Running loglikelihood requests:  34%|███▍      | 16473/47868 [03:37<04:30, 115.87it/s]Running loglikelihood requests:  34%|███▍      | 16490/47868 [03:37<04:32, 115.08it/s]Running loglikelihood requests:  34%|███▍      | 16509/47868 [03:37<04:24, 118.37it/s]Running loglikelihood requests:  35%|███▍      | 16527/47868 [03:37<04:23, 118.87it/s]Running loglikelihood requests:  35%|███▍      | 16540/47868 [03:38<04:46, 109.24it/s]Running loglikelihood requests:  35%|███▍      | 16557/47868 [03:38<04:43, 110.42it/s]Running loglikelihood requests:  35%|███▍      | 16571/47868 [03:38<04:56, 105.50it/s]Running loglikelihood requests:  35%|███▍      | 16587/47868 [03:38<04:56, 105.67it/s]Running loglikelihood requests:  35%|███▍      | 16598/47868 [03:38<05:22, 96.98it/s] Running loglikelihood requests:  35%|███▍      | 16615/47868 [03:38<05:04, 102.60it/s]Running loglikelihood requests:  35%|███▍      | 16626/47868 [03:39<05:31, 94.34it/s] Running loglikelihood requests:  35%|███▍      | 16638/47868 [03:39<05:44, 90.58it/s]Running loglikelihood requests:  35%|███▍      | 16657/47868 [03:39<05:05, 102.10it/s]Running loglikelihood requests:  35%|███▍      | 16678/47868 [03:39<04:32, 114.42it/s]Running loglikelihood requests:  35%|███▍      | 16703/47868 [03:39<03:58, 130.80it/s]Running loglikelihood requests:  35%|███▍      | 16723/47868 [03:39<03:54, 132.55it/s]Running loglikelihood requests:  35%|███▍      | 16744/47868 [03:39<03:49, 135.69it/s]Running loglikelihood requests:  35%|███▌      | 16763/47868 [03:40<03:52, 133.84it/s]Running loglikelihood requests:  35%|███▌      | 16785/47868 [03:40<03:44, 138.37it/s]Running loglikelihood requests:  35%|███▌      | 16802/47868 [03:40<03:55, 131.69it/s]Running loglikelihood requests:  35%|███▌      | 16817/47868 [03:40<04:12, 123.20it/s]Running loglikelihood requests:  35%|███▌      | 16836/47868 [03:40<04:07, 125.27it/s]Running loglikelihood requests:  35%|███▌      | 16853/47868 [03:40<04:13, 122.55it/s]Running loglikelihood requests:  35%|███▌      | 16875/47868 [03:40<03:57, 130.74it/s]Running loglikelihood requests:  35%|███▌      | 16894/47868 [03:41<03:57, 130.54it/s]Running loglikelihood requests:  35%|███▌      | 16910/47868 [03:41<04:08, 124.50it/s]Running loglikelihood requests:  35%|███▌      | 16923/47868 [03:41<04:31, 113.92it/s]Running loglikelihood requests:  35%|███▌      | 16941/47868 [03:41<04:24, 116.95it/s]Running loglikelihood requests:  35%|███▌      | 16957/47868 [03:41<04:29, 114.66it/s]Running loglikelihood requests:  35%|███▌      | 16969/47868 [03:41<04:53, 105.20it/s]Running loglikelihood requests:  35%|███▌      | 16991/47868 [03:41<04:19, 119.22it/s]Running loglikelihood requests:  36%|███▌      | 17003/47868 [03:42<04:44, 108.38it/s]Running loglikelihood requests:  36%|███▌      | 17021/47868 [03:42<04:33, 112.90it/s]Running loglikelihood requests:  36%|███▌      | 17041/47868 [03:42<04:16, 120.25it/s]Running loglikelihood requests:  36%|███▌      | 17061/47868 [03:42<04:05, 125.42it/s]Running loglikelihood requests:  36%|███▌      | 17082/47868 [03:42<03:54, 131.30it/s]Running loglikelihood requests:  36%|███▌      | 17101/47868 [03:42<03:52, 132.15it/s]Running loglikelihood requests:  36%|███▌      | 17119/47868 [03:42<03:55, 130.33it/s]Running loglikelihood requests:  36%|███▌      | 17137/47868 [03:43<03:58, 129.02it/s]Running loglikelihood requests:  36%|███▌      | 17160/47868 [03:43<03:42, 138.31it/s]Running loglikelihood requests:  36%|███▌      | 17179/47868 [03:43<03:44, 136.97it/s]Running loglikelihood requests:  36%|███▌      | 17196/47868 [03:43<03:52, 131.76it/s]Running loglikelihood requests:  36%|███▌      | 17211/47868 [03:43<04:07, 123.95it/s]Running loglikelihood requests:  36%|███▌      | 17230/47868 [03:43<04:01, 126.72it/s]Running loglikelihood requests:  36%|███▌      | 17249/47868 [03:43<03:57, 129.01it/s]Running loglikelihood requests:  36%|███▌      | 17271/47868 [03:44<03:43, 136.86it/s]Running loglikelihood requests:  36%|███▌      | 17289/47868 [03:44<03:47, 134.25it/s]Running loglikelihood requests:  36%|███▌      | 17308/47868 [03:44<03:47, 134.35it/s]Running loglikelihood requests:  36%|███▌      | 17333/47868 [03:44<03:27, 147.00it/s]Running loglikelihood requests:  36%|███▋      | 17355/47868 [03:44<03:24, 149.52it/s]Running loglikelihood requests:  36%|███▋      | 17379/47868 [03:44<03:15, 155.79it/s]Running loglikelihood requests:  36%|███▋      | 17395/47868 [03:44<03:32, 143.30it/s]Running loglikelihood requests:  36%|███▋      | 17413/47868 [03:45<03:39, 138.72it/s]Running loglikelihood requests:  36%|███▋      | 17435/47868 [03:45<03:31, 143.67it/s]Running loglikelihood requests:  36%|███▋      | 17454/47868 [03:45<03:35, 141.20it/s]Running loglikelihood requests:  37%|███▋      | 17472/47868 [03:45<03:41, 137.20it/s]Running loglikelihood requests:  37%|███▋      | 17491/47868 [03:45<03:42, 136.79it/s]Running loglikelihood requests:  37%|███▋      | 17513/47868 [03:45<03:32, 142.74it/s]Running loglikelihood requests:  37%|███▋      | 17533/47868 [03:45<03:32, 142.75it/s]Running loglikelihood requests:  37%|███▋      | 17555/47868 [03:46<03:25, 147.26it/s]Running loglikelihood requests:  37%|███▋      | 17575/47868 [03:46<03:27, 146.23it/s]Running loglikelihood requests:  37%|███▋      | 17592/47868 [03:46<03:37, 138.94it/s]Running loglikelihood requests:  37%|███▋      | 17607/47868 [03:46<03:53, 129.80it/s]Running loglikelihood requests:  37%|███▋      | 17622/47868 [03:46<04:05, 123.36it/s]Running loglikelihood requests:  37%|███▋      | 17640/47868 [03:46<04:01, 125.21it/s]Running loglikelihood requests:  37%|███▋      | 17664/47868 [03:46<03:37, 139.01it/s]Running loglikelihood requests:  37%|███▋      | 17678/47868 [03:47<03:56, 127.42it/s]Running loglikelihood requests:  37%|███▋      | 17694/47868 [03:47<04:03, 124.10it/s]Running loglikelihood requests:  37%|███▋      | 17715/47868 [03:47<03:48, 132.23it/s]Running loglikelihood requests:  37%|███▋      | 17733/47868 [03:47<03:49, 131.58it/s]Running loglikelihood requests:  37%|███▋      | 17753/47868 [03:47<03:42, 135.50it/s]Running loglikelihood requests:  37%|███▋      | 17778/47868 [03:47<03:22, 148.78it/s]Running loglikelihood requests:  37%|███▋      | 17797/47868 [03:47<03:26, 145.35it/s]Running loglikelihood requests:  37%|███▋      | 17816/47868 [03:47<03:30, 142.80it/s]Running loglikelihood requests:  37%|███▋      | 17833/47868 [03:48<03:39, 137.06it/s]Running loglikelihood requests:  37%|███▋      | 17851/47868 [03:48<03:42, 135.09it/s]Running loglikelihood requests:  37%|███▋      | 17870/47868 [03:48<03:40, 135.97it/s]Running loglikelihood requests:  37%|███▋      | 17895/47868 [03:48<03:20, 149.34it/s]Running loglikelihood requests:  37%|███▋      | 17920/47868 [03:48<03:06, 160.69it/s]Running loglikelihood requests:  37%|███▋      | 17939/47868 [03:48<03:09, 158.03it/s]Running loglikelihood requests:  38%|███▊      | 17966/47868 [03:48<02:52, 173.48it/s]Running loglikelihood requests:  38%|███▊      | 17984/47868 [03:49<03:01, 164.66it/s]Running loglikelihood requests:  38%|███▊      | 18002/47868 [03:49<03:08, 158.60it/s]Running loglikelihood requests:  38%|███▊      | 18025/47868 [03:49<02:59, 165.95it/s]Running loglikelihood requests:  38%|███▊      | 18055/47868 [03:49<02:39, 186.92it/s]Running loglikelihood requests:  38%|███▊      | 18084/47868 [03:49<02:29, 199.54it/s]Running loglikelihood requests:  38%|███▊      | 18108/47868 [03:49<02:31, 197.02it/s]Running loglikelihood requests:  38%|███▊      | 18130/47868 [03:49<02:35, 190.69it/s]Running loglikelihood requests:  38%|███▊      | 18155/47868 [03:49<02:33, 193.12it/s]Running loglikelihood requests:  38%|███▊      | 18184/47868 [03:50<02:25, 203.68it/s]Running loglikelihood requests:  38%|███▊      | 18213/47868 [03:50<02:20, 211.47it/s]Running loglikelihood requests:  38%|███▊      | 18235/47868 [03:50<02:27, 200.81it/s]Running loglikelihood requests:  38%|███▊      | 18257/47868 [03:50<02:33, 193.53it/s]Running loglikelihood requests:  38%|███▊      | 18278/47868 [03:50<02:39, 185.41it/s]Running loglikelihood requests:  38%|███▊      | 18301/47868 [03:50<02:39, 184.91it/s]Running loglikelihood requests:  38%|███▊      | 18323/47868 [03:50<02:42, 182.30it/s]Running loglikelihood requests:  38%|███▊      | 18342/47868 [03:50<02:50, 173.68it/s]Running loglikelihood requests:  38%|███▊      | 18364/47868 [03:51<02:48, 175.31it/s]Running loglikelihood requests:  38%|███▊      | 18384/47868 [03:51<02:51, 171.76it/s]Running loglikelihood requests:  38%|███▊      | 18403/47868 [03:51<02:56, 166.73it/s]Running loglikelihood requests:  38%|███▊      | 18422/47868 [03:51<03:00, 162.84it/s]Running loglikelihood requests:  39%|███▊      | 18440/47868 [03:51<03:06, 157.65it/s]Running loglikelihood requests:  39%|███▊      | 18456/47868 [03:51<03:16, 149.34it/s]Running loglikelihood requests:  39%|███▊      | 18471/47868 [03:51<03:27, 141.50it/s]Running loglikelihood requests:  39%|███▊      | 18496/47868 [03:51<03:03, 160.07it/s]Running loglikelihood requests:  39%|███▊      | 18513/47868 [03:52<03:10, 153.79it/s]Running loglikelihood requests:  39%|███▊      | 18533/47868 [03:52<03:07, 156.63it/s]Running loglikelihood requests:  39%|███▉      | 18553/47868 [03:52<03:04, 158.80it/s]Running loglikelihood requests:  39%|███▉      | 18574/47868 [03:52<02:59, 162.91it/s]Running loglikelihood requests:  39%|███▉      | 18603/47868 [03:52<02:38, 184.64it/s]Running loglikelihood requests:  39%|███▉      | 18624/47868 [03:52<02:41, 180.77it/s]Running loglikelihood requests:  39%|███▉      | 18647/47868 [03:52<02:39, 182.95it/s]Running loglikelihood requests:  39%|███▉      | 18669/47868 [03:52<02:40, 182.12it/s]Running loglikelihood requests:  39%|███▉      | 18688/47868 [03:53<02:47, 174.32it/s]Running loglikelihood requests:  39%|███▉      | 18706/47868 [03:53<02:55, 166.28it/s]Running loglikelihood requests:  39%|███▉      | 18736/47868 [03:53<02:33, 189.33it/s]Running loglikelihood requests:  39%|███▉      | 18755/47868 [03:53<02:42, 179.25it/s]Running loglikelihood requests:  39%|███▉      | 18774/47868 [03:53<02:48, 172.51it/s]Running loglikelihood requests:  39%|███▉      | 18794/47868 [03:53<02:51, 169.69it/s]Running loglikelihood requests:  39%|███▉      | 18811/47868 [03:53<03:01, 160.44it/s]Running loglikelihood requests:  39%|███▉      | 18828/47868 [03:53<03:08, 154.19it/s]Running loglikelihood requests:  39%|███▉      | 18853/47868 [03:54<02:51, 169.32it/s]Running loglikelihood requests:  39%|███▉      | 18870/47868 [03:54<03:00, 160.65it/s]Running loglikelihood requests:  39%|███▉      | 18891/47868 [03:54<02:56, 164.16it/s]Running loglikelihood requests:  40%|███▉      | 18908/47868 [03:54<03:04, 156.92it/s]Running loglikelihood requests:  40%|███▉      | 18924/47868 [03:54<03:13, 149.53it/s]Running loglikelihood requests:  40%|███▉      | 18940/47868 [03:54<03:20, 144.40it/s]Running loglikelihood requests:  40%|███▉      | 18970/47868 [03:54<02:45, 174.72it/s]Running loglikelihood requests:  40%|███▉      | 18988/47868 [03:54<03:18, 145.54it/s]Running loglikelihood requests:  40%|███▉      | 19012/47868 [03:55<03:00, 159.49it/s]Running loglikelihood requests:  40%|███▉      | 19029/47868 [03:55<03:07, 154.05it/s]Running loglikelihood requests:  40%|███▉      | 19051/47868 [03:55<02:57, 162.07it/s]Running loglikelihood requests:  40%|███▉      | 19070/47868 [03:55<02:59, 160.61it/s]Running loglikelihood requests:  40%|███▉      | 19094/47868 [03:55<02:47, 171.32it/s]Running loglikelihood requests:  40%|███▉      | 19117/47868 [03:55<02:42, 176.58it/s]Running loglikelihood requests:  40%|███▉      | 19138/47868 [03:55<02:43, 175.60it/s]Running loglikelihood requests:  40%|████      | 19157/47868 [03:55<02:49, 169.88it/s]Running loglikelihood requests:  40%|████      | 19189/47868 [03:56<02:25, 196.97it/s]Running loglikelihood requests:  40%|████      | 19209/47868 [03:56<02:33, 187.30it/s]Running loglikelihood requests:  40%|████      | 19228/47868 [03:56<02:40, 178.32it/s]Running loglikelihood requests:  40%|████      | 19246/47868 [03:56<02:48, 169.53it/s]Running loglikelihood requests:  40%|████      | 19263/47868 [03:56<03:23, 140.41it/s]Running loglikelihood requests:  40%|████      | 19281/47868 [03:56<03:20, 142.68it/s]Running loglikelihood requests:  40%|████      | 19299/47868 [03:56<03:17, 144.46it/s]Running loglikelihood requests:  40%|████      | 19319/47868 [03:56<03:09, 150.96it/s]Running loglikelihood requests:  40%|████      | 19337/47868 [03:57<03:08, 151.62it/s]Running loglikelihood requests:  40%|████      | 19353/47868 [03:57<03:14, 146.80it/s]Running loglikelihood requests:  40%|████      | 19371/47868 [03:57<03:12, 148.16it/s]Running loglikelihood requests:  40%|████      | 19386/47868 [03:57<03:20, 141.78it/s]Running loglikelihood requests:  41%|████      | 19409/47868 [03:57<03:01, 156.99it/s]Running loglikelihood requests:  41%|████      | 19425/47868 [03:57<03:36, 131.44it/s]Running loglikelihood requests:  41%|████      | 19451/47868 [03:57<03:03, 154.92it/s]Running loglikelihood requests:  41%|████      | 19469/47868 [03:57<03:04, 154.06it/s]Running loglikelihood requests:  41%|████      | 19485/47868 [03:58<03:11, 148.23it/s]Running loglikelihood requests:  41%|████      | 19502/47868 [03:58<03:13, 146.68it/s]Running loglikelihood requests:  41%|████      | 19517/47868 [03:58<03:21, 140.91it/s]Running loglikelihood requests:  41%|████      | 19547/47868 [03:58<02:43, 173.24it/s]Running loglikelihood requests:  41%|████      | 19565/47868 [03:58<02:49, 166.94it/s]Running loglikelihood requests:  41%|████      | 19586/47868 [03:58<02:46, 169.94it/s]Running loglikelihood requests:  41%|████      | 19604/47868 [03:58<02:51, 164.67it/s]Running loglikelihood requests:  41%|████      | 19633/47868 [03:58<02:30, 188.03it/s]Running loglikelihood requests:  41%|████      | 19652/47868 [03:59<02:59, 156.84it/s]Running loglikelihood requests:  41%|████      | 19684/47868 [03:59<02:30, 187.27it/s]Running loglikelihood requests:  41%|████      | 19704/47868 [03:59<02:34, 182.58it/s]Running loglikelihood requests:  41%|████      | 19723/47868 [03:59<02:39, 176.48it/s]Running loglikelihood requests:  41%|████▏     | 19746/47868 [03:59<02:34, 181.57it/s]Running loglikelihood requests:  41%|████▏     | 19765/47868 [03:59<02:40, 175.49it/s]Running loglikelihood requests:  41%|████▏     | 19783/47868 [03:59<03:10, 147.07it/s]Running loglikelihood requests:  41%|████▏     | 19808/47868 [03:59<02:51, 164.00it/s]Running loglikelihood requests:  41%|████▏     | 19826/47868 [04:00<02:54, 160.73it/s]Running loglikelihood requests:  41%|████▏     | 19847/47868 [04:00<02:49, 165.53it/s]Running loglikelihood requests:  41%|████▏     | 19864/47868 [04:00<02:55, 159.39it/s]Running loglikelihood requests:  42%|████▏     | 19884/47868 [04:00<02:52, 162.44it/s]Running loglikelihood requests:  42%|████▏     | 19902/47868 [04:00<02:55, 159.56it/s]Running loglikelihood requests:  42%|████▏     | 19919/47868 [04:00<03:00, 154.83it/s]Running loglikelihood requests:  42%|████▏     | 19945/47868 [04:00<02:40, 173.91it/s]Running loglikelihood requests:  42%|████▏     | 19967/47868 [04:00<02:37, 177.63it/s]Running loglikelihood requests:  42%|████▏     | 19986/47868 [04:00<02:41, 172.82it/s]Running loglikelihood requests:  42%|████▏     | 20018/47868 [04:01<02:18, 201.35it/s]Running loglikelihood requests:  42%|████▏     | 20042/47868 [04:01<02:18, 201.62it/s]Running loglikelihood requests:  42%|████▏     | 20064/47868 [04:01<02:20, 197.23it/s]Running loglikelihood requests:  42%|████▏     | 20084/47868 [04:01<02:27, 188.97it/s]Running loglikelihood requests:  42%|████▏     | 20103/47868 [04:01<02:33, 180.86it/s]Running loglikelihood requests:  42%|████▏     | 20128/47868 [04:01<02:26, 189.91it/s]Running loglikelihood requests:  42%|████▏     | 20147/47868 [04:01<02:33, 181.03it/s]Running loglikelihood requests:  42%|████▏     | 20166/47868 [04:01<02:38, 175.13it/s]Running loglikelihood requests:  42%|████▏     | 20184/47868 [04:02<02:44, 168.50it/s]Running loglikelihood requests:  42%|████▏     | 20213/47868 [04:02<02:24, 190.73it/s]Running loglikelihood requests:  42%|████▏     | 20233/47868 [04:02<02:30, 184.10it/s]Running loglikelihood requests:  42%|████▏     | 20260/47868 [04:02<02:20, 197.20it/s]Running loglikelihood requests:  42%|████▏     | 20280/47868 [04:02<02:26, 188.94it/s]Running loglikelihood requests:  42%|████▏     | 20306/47868 [04:02<02:19, 197.82it/s]Running loglikelihood requests:  42%|████▏     | 20326/47868 [04:02<02:25, 189.29it/s]Running loglikelihood requests:  43%|████▎     | 20358/47868 [04:02<02:09, 212.91it/s]Running loglikelihood requests:  43%|████▎     | 20380/47868 [04:03<02:14, 204.88it/s]Running loglikelihood requests:  43%|████▎     | 20403/47868 [04:03<02:16, 201.24it/s]Running loglikelihood requests:  43%|████▎     | 20424/47868 [04:03<02:21, 193.86it/s]Running loglikelihood requests:  43%|████▎     | 20446/47868 [04:03<02:22, 192.21it/s]Running loglikelihood requests:  43%|████▎     | 20467/47868 [04:03<02:25, 188.09it/s]Running loglikelihood requests:  43%|████▎     | 20499/47868 [04:03<02:08, 212.21it/s]Running loglikelihood requests:  43%|████▎     | 20521/47868 [04:03<02:13, 204.37it/s]Running loglikelihood requests:  43%|████▎     | 20545/47868 [04:03<02:13, 204.08it/s]Running loglikelihood requests:  43%|████▎     | 20575/47868 [04:03<02:04, 218.35it/s]Running loglikelihood requests:  43%|████▎     | 20597/47868 [04:04<02:10, 208.38it/s]Running loglikelihood requests:  43%|████▎     | 20631/47868 [04:04<01:57, 231.25it/s]Running loglikelihood requests:  43%|████▎     | 20656/47868 [04:04<02:00, 225.24it/s]Running loglikelihood requests:  43%|████▎     | 20680/47868 [04:04<02:04, 218.48it/s]Running loglikelihood requests:  43%|████▎     | 20702/47868 [04:04<02:10, 208.93it/s]Running loglikelihood requests:  43%|████▎     | 20725/47868 [04:04<02:12, 204.85it/s]Running loglikelihood requests:  43%|████▎     | 20746/47868 [04:04<02:17, 196.97it/s]Running loglikelihood requests:  43%|████▎     | 20773/47868 [04:04<02:11, 205.84it/s]Running loglikelihood requests:  43%|████▎     | 20794/47868 [04:05<02:17, 197.21it/s]Running loglikelihood requests:  43%|████▎     | 20820/47868 [04:05<02:12, 204.00it/s]Running loglikelihood requests:  44%|████▎     | 20841/47868 [04:05<02:37, 171.54it/s]Running loglikelihood requests:  44%|████▎     | 20867/47868 [04:05<02:25, 185.51it/s]Running loglikelihood requests:  44%|████▎     | 20894/47868 [04:05<02:16, 198.09it/s]Running loglikelihood requests:  44%|████▎     | 20915/47868 [04:05<02:19, 193.08it/s]Running loglikelihood requests:  44%|████▎     | 20942/47868 [04:05<02:12, 203.77it/s]Running loglikelihood requests:  44%|████▍     | 20968/47868 [04:05<02:08, 208.75it/s]Running loglikelihood requests:  44%|████▍     | 20993/47868 [04:06<02:07, 210.09it/s]Running loglikelihood requests:  44%|████▍     | 21025/47868 [04:06<01:57, 228.00it/s]Running loglikelihood requests:  44%|████▍     | 21048/47868 [04:06<02:02, 218.29it/s]Running loglikelihood requests:  44%|████▍     | 21074/47868 [04:06<02:02, 219.25it/s]Running loglikelihood requests:  44%|████▍     | 21103/47868 [04:06<01:57, 227.06it/s]Running loglikelihood requests:  44%|████▍     | 21126/47868 [04:06<02:02, 217.89it/s]Running loglikelihood requests:  44%|████▍     | 21148/47868 [04:06<02:07, 209.00it/s]Running loglikelihood requests:  44%|████▍     | 21175/47868 [04:06<02:04, 215.01it/s]Running loglikelihood requests:  44%|████▍     | 21197/47868 [04:06<02:08, 207.09it/s]Running loglikelihood requests:  44%|████▍     | 21221/47868 [04:07<02:08, 206.61it/s]Running loglikelihood requests:  44%|████▍     | 21252/47868 [04:07<01:59, 223.64it/s]Running loglikelihood requests:  44%|████▍     | 21275/47868 [04:07<02:03, 215.62it/s]Running loglikelihood requests:  44%|████▍     | 21300/47868 [04:07<02:03, 214.79it/s]Running loglikelihood requests:  45%|████▍     | 21332/47868 [04:07<01:54, 231.91it/s]Running loglikelihood requests:  45%|████▍     | 21356/47868 [04:07<01:58, 224.00it/s]Running loglikelihood requests:  45%|████▍     | 21379/47868 [04:07<02:02, 215.95it/s]Running loglikelihood requests:  45%|████▍     | 21401/47868 [04:07<02:07, 207.77it/s]Running loglikelihood requests:  45%|████▍     | 21425/47868 [04:08<02:07, 206.79it/s]Running loglikelihood requests:  45%|████▍     | 21446/47868 [04:08<02:12, 198.67it/s]Running loglikelihood requests:  45%|████▍     | 21466/47868 [04:08<02:17, 191.46it/s]Running loglikelihood requests:  45%|████▍     | 21491/47868 [04:08<02:12, 198.84it/s]Running loglikelihood requests:  45%|████▍     | 21511/47868 [04:08<02:18, 190.99it/s]Running loglikelihood requests:  45%|████▍     | 21536/47868 [04:08<02:13, 197.92it/s]Running loglikelihood requests:  45%|████▌     | 21560/47868 [04:08<02:11, 200.10it/s]Running loglikelihood requests:  45%|████▌     | 21581/47868 [04:08<02:15, 194.28it/s]Running loglikelihood requests:  45%|████▌     | 21607/47868 [04:08<02:09, 202.60it/s]Running loglikelihood requests:  45%|████▌     | 21628/47868 [04:09<02:13, 195.94it/s]Running loglikelihood requests:  45%|████▌     | 21660/47868 [04:09<01:59, 218.89it/s]Running loglikelihood requests:  45%|████▌     | 21682/47868 [04:09<02:22, 183.28it/s]Running loglikelihood requests:  45%|████▌     | 21710/47868 [04:09<02:11, 198.36it/s]Running loglikelihood requests:  45%|████▌     | 21742/47868 [04:09<01:59, 219.27it/s]Running loglikelihood requests:  45%|████▌     | 21770/47868 [04:09<01:55, 225.00it/s]Running loglikelihood requests:  46%|████▌     | 21793/47868 [04:09<02:00, 217.11it/s]Running loglikelihood requests:  46%|████▌     | 21816/47868 [04:09<02:03, 211.33it/s]Running loglikelihood requests:  46%|████▌     | 21838/47868 [04:10<02:07, 204.20it/s]Running loglikelihood requests:  46%|████▌     | 21859/47868 [04:10<02:11, 197.28it/s]Running loglikelihood requests:  46%|████▌     | 21884/47868 [04:10<02:08, 202.49it/s]Running loglikelihood requests:  46%|████▌     | 21906/47868 [04:10<02:10, 198.63it/s]Running loglikelihood requests:  46%|████▌     | 21938/47868 [04:10<01:57, 220.51it/s]Running loglikelihood requests:  46%|████▌     | 21967/47868 [04:10<01:53, 229.06it/s]Running loglikelihood requests:  46%|████▌     | 21999/47868 [04:10<01:46, 242.80it/s]Running loglikelihood requests:  46%|████▌     | 22029/47868 [04:10<01:44, 247.00it/s]Running loglikelihood requests:  46%|████▌     | 22058/47868 [04:10<01:44, 247.31it/s]Running loglikelihood requests:  46%|████▌     | 22087/47868 [04:11<01:44, 247.55it/s]Running loglikelihood requests:  46%|████▌     | 22112/47868 [04:11<01:48, 237.64it/s]Running loglikelihood requests:  46%|████▌     | 22136/47868 [04:11<01:52, 228.36it/s]Running loglikelihood requests:  46%|████▋     | 22159/47868 [04:11<01:57, 219.44it/s]Running loglikelihood requests:  46%|████▋     | 22181/47868 [04:11<02:01, 210.80it/s]Running loglikelihood requests:  46%|████▋     | 22203/47868 [04:11<02:05, 204.66it/s]Running loglikelihood requests:  46%|████▋     | 22224/47868 [04:11<02:09, 197.76it/s]Running loglikelihood requests:  46%|████▋     | 22245/47868 [04:11<02:12, 193.03it/s]Running loglikelihood requests:  47%|████▋     | 22273/47868 [04:12<02:03, 207.26it/s]Running loglikelihood requests:  47%|████▋     | 22297/47868 [04:12<02:03, 207.21it/s]Running loglikelihood requests:  47%|████▋     | 22326/47868 [04:12<01:56, 219.70it/s]Running loglikelihood requests:  47%|████▋     | 22351/47868 [04:12<01:56, 218.65it/s]Running loglikelihood requests:  47%|████▋     | 22380/47868 [04:12<01:51, 228.19it/s]Running loglikelihood requests:  47%|████▋     | 22403/47868 [04:12<01:56, 219.38it/s]Running loglikelihood requests:  47%|████▋     | 22432/47868 [04:12<01:51, 228.36it/s]Running loglikelihood requests:  47%|████▋     | 22463/47868 [04:12<01:46, 239.39it/s]Running loglikelihood requests:  47%|████▋     | 22487/47868 [04:12<01:50, 229.54it/s]Running loglikelihood requests:  47%|████▋     | 22510/47868 [04:13<02:11, 192.59it/s]Running loglikelihood requests:  47%|████▋     | 22532/47868 [04:13<02:11, 192.05it/s]Running loglikelihood requests:  47%|████▋     | 22552/47868 [04:13<02:15, 186.99it/s]Running loglikelihood requests:  47%|████▋     | 22575/47868 [04:13<02:12, 190.83it/s]Running loglikelihood requests:  47%|████▋     | 22607/47868 [04:13<01:56, 216.13it/s]Running loglikelihood requests:  47%|████▋     | 22632/47868 [04:13<01:56, 216.28it/s]Running loglikelihood requests:  47%|████▋     | 22654/47868 [04:13<01:58, 211.96it/s]Running loglikelihood requests:  47%|████▋     | 22676/47868 [04:13<02:00, 208.54it/s]Running loglikelihood requests:  47%|████▋     | 22704/47868 [04:14<01:53, 221.67it/s]Running loglikelihood requests:  47%|████▋     | 22727/47868 [04:14<01:55, 218.18it/s]Running loglikelihood requests:  48%|████▊     | 22753/47868 [04:14<01:52, 223.58it/s]Running loglikelihood requests:  48%|████▊     | 22785/47868 [04:14<01:43, 242.96it/s]Running loglikelihood requests:  48%|████▊     | 22810/47868 [04:14<01:45, 238.22it/s]Running loglikelihood requests:  48%|████▊     | 22834/47868 [04:14<01:47, 232.23it/s]Running loglikelihood requests:  48%|████▊     | 22860/47868 [04:14<01:47, 233.52it/s]Running loglikelihood requests:  48%|████▊     | 22886/47868 [04:14<01:46, 234.44it/s]Running loglikelihood requests:  48%|████▊     | 22922/47868 [04:14<01:35, 261.45it/s]Running loglikelihood requests:  48%|████▊     | 22949/47868 [04:15<01:36, 256.99it/s]Running loglikelihood requests:  48%|████▊     | 22975/47868 [04:15<01:38, 251.60it/s]Running loglikelihood requests:  48%|████▊     | 23003/47868 [04:15<01:38, 252.54it/s]Running loglikelihood requests:  48%|████▊     | 23029/47868 [04:15<01:40, 247.50it/s]Running loglikelihood requests:  48%|████▊     | 23061/47868 [04:15<01:35, 260.08it/s]Running loglikelihood requests:  48%|████▊     | 23087/47868 [04:15<01:37, 252.95it/s]Running loglikelihood requests:  48%|████▊     | 23113/47868 [04:15<01:39, 248.22it/s]Running loglikelihood requests:  48%|████▊     | 23140/47868 [04:15<01:39, 247.56it/s]Running loglikelihood requests:  48%|████▊     | 23165/47868 [04:15<01:42, 241.72it/s]Running loglikelihood requests:  48%|████▊     | 23192/47868 [04:16<01:41, 242.86it/s]Running loglikelihood requests:  49%|████▊     | 23217/47868 [04:16<01:43, 238.36it/s]Running loglikelihood requests:  49%|████▊     | 23241/47868 [04:16<01:45, 232.89it/s]Running loglikelihood requests:  49%|████▊     | 23265/47868 [04:16<01:47, 229.07it/s]Running loglikelihood requests:  49%|████▊     | 23292/47868 [04:16<01:44, 234.29it/s]Running loglikelihood requests:  49%|████▊     | 23322/47868 [04:16<01:39, 246.70it/s]Running loglikelihood requests:  49%|████▉     | 23355/47868 [04:16<01:33, 263.35it/s]Running loglikelihood requests:  49%|████▉     | 23384/47868 [04:16<01:32, 263.92it/s]Running loglikelihood requests:  49%|████▉     | 23417/47868 [04:16<01:29, 274.62it/s]Running loglikelihood requests:  49%|████▉     | 23445/47868 [04:17<01:30, 268.82it/s]Running loglikelihood requests:  49%|████▉     | 23472/47868 [04:17<01:33, 261.94it/s]Running loglikelihood requests:  49%|████▉     | 23499/47868 [04:17<01:34, 257.39it/s]Running loglikelihood requests:  49%|████▉     | 23526/47868 [04:17<01:35, 254.29it/s]Running loglikelihood requests:  49%|████▉     | 23562/47868 [04:17<01:28, 275.98it/s]Running loglikelihood requests:  49%|████▉     | 23590/47868 [04:17<01:29, 269.94it/s]Running loglikelihood requests:  49%|████▉     | 23617/47868 [04:17<01:32, 263.08it/s]Running loglikelihood requests:  49%|████▉     | 23648/47868 [04:17<01:30, 268.92it/s]Running loglikelihood requests:  49%|████▉     | 23676/47868 [04:17<01:31, 265.22it/s]Running loglikelihood requests:  50%|████▉     | 23703/47868 [04:17<01:32, 259.88it/s]Running loglikelihood requests:  50%|████▉     | 23734/47868 [04:18<01:30, 267.48it/s]Running loglikelihood requests:  50%|████▉     | 23766/47868 [04:18<01:27, 275.30it/s]Running loglikelihood requests:  50%|████▉     | 23798/47868 [04:18<01:25, 280.59it/s]Running loglikelihood requests:  50%|████▉     | 23834/47868 [04:18<01:21, 294.81it/s]Running loglikelihood requests:  50%|████▉     | 23866/47868 [04:18<01:21, 294.24it/s]Running loglikelihood requests:  50%|████▉     | 23896/47868 [04:18<01:23, 288.25it/s]Running loglikelihood requests:  50%|████▉     | 23925/47868 [04:18<01:25, 281.41it/s]Running loglikelihood requests:  50%|█████     | 23954/47868 [04:18<01:38, 242.02it/s]Running loglikelihood requests:  50%|█████     | 23983/47868 [04:19<01:36, 248.63it/s]Running loglikelihood requests:  50%|█████     | 24021/47868 [04:19<01:26, 275.50it/s]Running loglikelihood requests:  50%|█████     | 24055/47868 [04:19<01:23, 285.37it/s]Running loglikelihood requests:  50%|█████     | 24093/47868 [04:19<01:18, 302.76it/s]Running loglikelihood requests:  50%|█████     | 24124/47868 [04:19<01:19, 297.28it/s]Running loglikelihood requests:  50%|█████     | 24154/47868 [04:19<01:21, 290.80it/s]Running loglikelihood requests:  51%|█████     | 24184/47868 [04:19<01:22, 286.19it/s]Running loglikelihood requests:  51%|█████     | 24213/47868 [04:19<01:24, 281.23it/s]Running loglikelihood requests:  51%|█████     | 24242/47868 [04:19<01:25, 277.29it/s]Running loglikelihood requests:  51%|█████     | 24270/47868 [04:20<01:26, 271.58it/s]Running loglikelihood requests:  51%|█████     | 24298/47868 [04:20<01:28, 267.61it/s]Running loglikelihood requests:  51%|█████     | 24330/47868 [04:20<01:25, 275.30it/s]Running loglikelihood requests:  51%|█████     | 24366/47868 [04:20<01:20, 291.18it/s]Running loglikelihood requests:  51%|█████     | 24396/47868 [04:20<01:21, 286.47it/s]Running loglikelihood requests:  51%|█████     | 24425/47868 [04:20<01:23, 280.80it/s]Running loglikelihood requests:  51%|█████     | 24454/47868 [04:20<01:24, 276.56it/s]Running loglikelihood requests:  51%|█████     | 24485/47868 [04:20<01:23, 279.08it/s]Running loglikelihood requests:  51%|█████     | 24521/47868 [04:20<01:19, 294.09it/s]Running loglikelihood requests:  51%|█████▏    | 24553/47868 [04:20<01:19, 294.10it/s]Running loglikelihood requests:  51%|█████▏    | 24584/47868 [04:21<01:19, 291.64it/s]Running loglikelihood requests:  51%|█████▏    | 24614/47868 [04:21<01:20, 287.37it/s]Running loglikelihood requests:  51%|█████▏    | 24643/47868 [04:21<01:22, 282.27it/s]Running loglikelihood requests:  52%|█████▏    | 24672/47868 [04:21<01:23, 277.83it/s]Running loglikelihood requests:  52%|█████▏    | 24700/47868 [04:21<01:25, 272.27it/s]Running loglikelihood requests:  52%|█████▏    | 24740/47868 [04:21<01:17, 300.29it/s]Running loglikelihood requests:  52%|█████▏    | 24772/47868 [04:21<01:17, 298.50it/s]Running loglikelihood requests:  52%|█████▏    | 24802/47868 [04:21<01:30, 255.22it/s]Running loglikelihood requests:  52%|█████▏    | 24834/47868 [04:22<01:26, 265.86it/s]Running loglikelihood requests:  52%|█████▏    | 24868/47868 [04:22<01:22, 278.91it/s]Running loglikelihood requests:  52%|█████▏    | 24900/47868 [04:22<01:21, 283.40it/s]Running loglikelihood requests:  52%|█████▏    | 24933/47868 [04:22<01:19, 289.19it/s]Running loglikelihood requests:  52%|█████▏    | 24970/47868 [04:22<01:15, 303.62it/s]Running loglikelihood requests:  52%|█████▏    | 25002/47868 [04:22<01:16, 300.76it/s]Running loglikelihood requests:  52%|█████▏    | 25034/47868 [04:22<01:16, 299.09it/s]Running loglikelihood requests:  52%|█████▏    | 25066/47868 [04:22<01:16, 298.06it/s]Running loglikelihood requests:  52%|█████▏    | 25098/47868 [04:22<01:16, 297.28it/s]Running loglikelihood requests:  53%|█████▎    | 25131/47868 [04:22<01:16, 299.10it/s]Running loglikelihood requests:  53%|█████▎    | 25163/47868 [04:23<01:16, 297.95it/s]Running loglikelihood requests:  53%|█████▎    | 25193/47868 [04:23<01:17, 291.84it/s]Running loglikelihood requests:  53%|█████▎    | 25223/47868 [04:23<01:18, 288.59it/s]Running loglikelihood requests:  53%|█████▎    | 25252/47868 [04:23<01:19, 283.10it/s]Running loglikelihood requests:  53%|█████▎    | 25281/47868 [04:23<01:21, 278.66it/s]Running loglikelihood requests:  53%|█████▎    | 25316/47868 [04:23<01:17, 291.83it/s]Running loglikelihood requests:  53%|█████▎    | 25346/47868 [04:23<01:18, 287.61it/s]Running loglikelihood requests:  53%|█████▎    | 25377/47868 [04:23<01:18, 287.53it/s]Running loglikelihood requests:  53%|█████▎    | 25408/47868 [04:23<01:18, 287.39it/s]Running loglikelihood requests:  53%|█████▎    | 25438/47868 [04:24<01:18, 284.44it/s]Running loglikelihood requests:  53%|█████▎    | 25472/47868 [04:24<01:16, 293.23it/s]Running loglikelihood requests:  53%|█████▎    | 25502/47868 [04:24<01:17, 288.77it/s]Running loglikelihood requests:  53%|█████▎    | 25532/47868 [04:24<01:18, 285.59it/s]Running loglikelihood requests:  53%|█████▎    | 25561/47868 [04:24<01:19, 280.52it/s]Running loglikelihood requests:  53%|█████▎    | 25590/47868 [04:24<01:20, 277.04it/s]Running loglikelihood requests:  54%|█████▎    | 25618/47868 [04:24<01:21, 272.19it/s]Running loglikelihood requests:  54%|█████▎    | 25649/47868 [04:24<01:20, 276.83it/s]Running loglikelihood requests:  54%|█████▎    | 25683/47868 [04:24<01:16, 288.20it/s]Running loglikelihood requests:  54%|█████▎    | 25712/47868 [04:25<01:18, 282.50it/s]Running loglikelihood requests:  54%|█████▍    | 25743/47868 [04:25<01:17, 284.88it/s]Running loglikelihood requests:  54%|█████▍    | 25777/47868 [04:25<01:15, 294.28it/s]Running loglikelihood requests:  54%|█████▍    | 25807/47868 [04:25<01:16, 289.68it/s]Running loglikelihood requests:  54%|█████▍    | 25836/47868 [04:25<01:28, 247.97it/s]Running loglikelihood requests:  54%|█████▍    | 25867/47868 [04:25<01:25, 258.73it/s]Running loglikelihood requests:  54%|█████▍    | 25894/47868 [04:25<01:25, 256.59it/s]Running loglikelihood requests:  54%|█████▍    | 25921/47868 [04:25<01:25, 255.56it/s]Running loglikelihood requests:  54%|█████▍    | 25949/47868 [04:25<01:25, 257.26it/s]Running loglikelihood requests:  54%|█████▍    | 25975/47868 [04:26<01:26, 253.11it/s]Running loglikelihood requests:  54%|█████▍    | 26001/47868 [04:26<01:27, 250.11it/s]Running loglikelihood requests:  54%|█████▍    | 26029/47868 [04:26<01:26, 253.62it/s]Running loglikelihood requests:  54%|█████▍    | 26055/47868 [04:26<01:26, 251.39it/s]Running loglikelihood requests:  54%|█████▍    | 26081/47868 [04:26<01:26, 250.76it/s]Running loglikelihood requests:  55%|█████▍    | 26107/47868 [04:26<01:39, 217.97it/s]Running loglikelihood requests:  55%|█████▍    | 26130/47868 [04:26<01:39, 218.18it/s]Running loglikelihood requests:  55%|█████▍    | 26153/47868 [04:26<01:39, 218.37it/s]Running loglikelihood requests:  55%|█████▍    | 26176/47868 [04:26<01:39, 218.72it/s]Running loglikelihood requests:  55%|█████▍    | 26199/47868 [04:27<01:52, 191.94it/s]Running loglikelihood requests:  55%|█████▍    | 26228/47868 [04:27<01:41, 213.98it/s]Running loglikelihood requests:  55%|█████▍    | 26251/47868 [04:27<01:40, 215.44it/s]Running loglikelihood requests:  55%|█████▍    | 26276/47868 [04:27<01:37, 221.82it/s]Running loglikelihood requests:  55%|█████▍    | 26300/47868 [04:27<01:36, 223.89it/s]Running loglikelihood requests:  55%|█████▍    | 26323/47868 [04:27<01:36, 222.48it/s]Running loglikelihood requests:  55%|█████▌    | 26350/47868 [04:27<01:32, 232.22it/s]Running loglikelihood requests:  55%|█████▌    | 26374/47868 [04:27<01:46, 202.18it/s]Running loglikelihood requests:  55%|█████▌    | 26395/47868 [04:28<02:00, 178.73it/s]Running loglikelihood requests:  55%|█████▌    | 26417/47868 [04:28<01:54, 187.12it/s]Running loglikelihood requests:  55%|█████▌    | 26441/47868 [04:28<01:47, 198.81it/s]Running loglikelihood requests:  55%|█████▌    | 26462/47868 [04:28<01:47, 199.96it/s]Running loglikelihood requests:  55%|█████▌    | 26486/47868 [04:28<01:42, 208.27it/s]Running loglikelihood requests:  55%|█████▌    | 26514/47868 [04:28<01:34, 225.00it/s]Running loglikelihood requests:  55%|█████▌    | 26537/47868 [04:28<01:35, 223.11it/s]Running loglikelihood requests:  55%|█████▌    | 26560/47868 [04:28<01:35, 222.33it/s]Running loglikelihood requests:  56%|█████▌    | 26583/47868 [04:28<01:49, 193.66it/s]Running loglikelihood requests:  56%|█████▌    | 26604/47868 [04:29<01:48, 195.82it/s]Running loglikelihood requests:  56%|█████▌    | 26625/47868 [04:29<02:02, 173.81it/s]Running loglikelihood requests:  56%|█████▌    | 26644/47868 [04:29<02:15, 156.42it/s]Running loglikelihood requests:  56%|█████▌    | 26661/47868 [04:29<02:14, 158.18it/s]Running loglikelihood requests:  56%|█████▌    | 26679/47868 [04:29<02:10, 162.28it/s]Running loglikelihood requests:  56%|█████▌    | 26696/47868 [04:29<02:10, 162.75it/s]Running loglikelihood requests:  56%|█████▌    | 26713/47868 [04:29<02:09, 163.04it/s]Running loglikelihood requests:  56%|█████▌    | 26742/47868 [04:29<01:48, 195.51it/s]Running loglikelihood requests:  56%|█████▌    | 26762/47868 [04:29<01:48, 194.34it/s]Running loglikelihood requests:  56%|█████▌    | 26782/47868 [04:30<01:48, 193.90it/s]Running loglikelihood requests:  56%|█████▌    | 26802/47868 [04:30<02:20, 150.22it/s]Running loglikelihood requests:  56%|█████▌    | 26824/47868 [04:30<02:07, 165.21it/s]Running loglikelihood requests:  56%|█████▌    | 26843/47868 [04:30<02:03, 169.88it/s]Running loglikelihood requests:  56%|█████▌    | 26862/47868 [04:30<02:17, 153.18it/s]Running loglikelihood requests:  56%|█████▌    | 26879/47868 [04:30<02:14, 155.97it/s]Running loglikelihood requests:  56%|█████▌    | 26896/47868 [04:30<02:12, 158.60it/s]Running loglikelihood requests:  56%|█████▌    | 26913/47868 [04:30<02:10, 160.37it/s]Running loglikelihood requests:  56%|█████▋    | 26930/47868 [04:31<02:26, 142.51it/s]Running loglikelihood requests:  56%|█████▋    | 26949/47868 [04:31<02:16, 153.27it/s]Running loglikelihood requests:  56%|█████▋    | 26965/47868 [04:31<02:16, 153.42it/s]Running loglikelihood requests:  56%|█████▋    | 26981/47868 [04:31<02:15, 153.85it/s]Running loglikelihood requests:  56%|█████▋    | 26997/47868 [04:31<02:15, 154.17it/s]Running loglikelihood requests:  56%|█████▋    | 27013/47868 [04:31<02:15, 154.29it/s]Running loglikelihood requests:  56%|█████▋    | 27029/47868 [04:31<02:34, 135.25it/s]Running loglikelihood requests:  56%|█████▋    | 27044/47868 [04:31<02:30, 137.93it/s]Running loglikelihood requests:  57%|█████▋    | 27072/47868 [04:31<01:59, 174.01it/s]Running loglikelihood requests:  57%|█████▋    | 27090/47868 [04:32<01:59, 173.92it/s]Running loglikelihood requests:  57%|█████▋    | 27108/47868 [04:32<02:16, 152.46it/s]Running loglikelihood requests:  57%|█████▋    | 27141/47868 [04:32<01:45, 195.69it/s]Running loglikelihood requests:  57%|█████▋    | 27162/47868 [04:32<01:58, 174.02it/s]Running loglikelihood requests:  57%|█████▋    | 27181/47868 [04:32<01:57, 176.40it/s]Running loglikelihood requests:  57%|█████▋    | 27200/47868 [04:32<01:55, 178.37it/s]Running loglikelihood requests:  57%|█████▋    | 27219/47868 [04:32<02:10, 158.40it/s]Running loglikelihood requests:  57%|█████▋    | 27236/47868 [04:32<02:08, 160.06it/s]Running loglikelihood requests:  57%|█████▋    | 27253/47868 [04:33<02:24, 142.52it/s]Running loglikelihood requests:  57%|█████▋    | 27270/47868 [04:33<02:19, 148.12it/s]Running loglikelihood requests:  57%|█████▋    | 27293/47868 [04:33<02:02, 167.74it/s]Running loglikelihood requests:  57%|█████▋    | 27311/47868 [04:33<02:17, 149.34it/s]Running loglikelihood requests:  57%|█████▋    | 27330/47868 [04:33<02:09, 158.57it/s]Running loglikelihood requests:  57%|█████▋    | 27354/47868 [04:33<01:54, 178.64it/s]Running loglikelihood requests:  57%|█████▋    | 27373/47868 [04:33<02:08, 159.24it/s]Running loglikelihood requests:  57%|█████▋    | 27393/47868 [04:33<02:01, 167.95it/s]Running loglikelihood requests:  57%|█████▋    | 27411/47868 [04:34<02:16, 149.96it/s]Running loglikelihood requests:  57%|█████▋    | 27432/47868 [04:34<02:05, 163.44it/s]Running loglikelihood requests:  57%|█████▋    | 27452/47868 [04:34<01:59, 171.47it/s]Running loglikelihood requests:  57%|█████▋    | 27470/47868 [04:34<01:58, 172.40it/s]Running loglikelihood requests:  57%|█████▋    | 27488/47868 [04:34<01:57, 172.98it/s]Running loglikelihood requests:  57%|█████▋    | 27506/47868 [04:34<02:14, 151.92it/s]Running loglikelihood requests:  57%|█████▋    | 27522/47868 [04:34<02:30, 135.38it/s]Running loglikelihood requests:  58%|█████▊    | 27541/47868 [04:34<02:17, 147.65it/s]Running loglikelihood requests:  58%|█████▊    | 27563/47868 [04:35<02:03, 164.69it/s]Running loglikelihood requests:  58%|█████▊    | 27581/47868 [04:35<02:01, 167.39it/s]Running loglikelihood requests:  58%|█████▊    | 27599/47868 [04:35<01:59, 169.35it/s]Running loglikelihood requests:  58%|█████▊    | 27617/47868 [04:35<01:58, 170.78it/s]Running loglikelihood requests:  58%|█████▊    | 27648/47868 [04:35<01:37, 207.69it/s]Running loglikelihood requests:  58%|█████▊    | 27670/47868 [04:35<01:50, 182.92it/s]Running loglikelihood requests:  58%|█████▊    | 27705/47868 [04:35<01:30, 223.58it/s]Running loglikelihood requests:  58%|█████▊    | 27729/47868 [04:35<01:29, 225.68it/s]Running loglikelihood requests:  58%|█████▊    | 27753/47868 [04:35<01:28, 227.10it/s]Running loglikelihood requests:  58%|█████▊    | 27777/47868 [04:36<01:27, 228.37it/s]Running loglikelihood requests:  58%|█████▊    | 27801/47868 [04:36<01:39, 201.10it/s]Running loglikelihood requests:  58%|█████▊    | 27822/47868 [04:36<01:39, 202.11it/s]Running loglikelihood requests:  58%|█████▊    | 27844/47868 [04:36<01:37, 205.10it/s]Running loglikelihood requests:  58%|█████▊    | 27865/47868 [04:36<01:37, 204.59it/s]Running loglikelihood requests:  58%|█████▊    | 27895/47868 [04:36<01:27, 228.49it/s]Running loglikelihood requests:  58%|█████▊    | 27919/47868 [04:36<01:26, 229.42it/s]Running loglikelihood requests:  58%|█████▊    | 27943/47868 [04:36<01:26, 229.84it/s]Running loglikelihood requests:  58%|█████▊    | 27967/47868 [04:36<01:38, 201.77it/s]Running loglikelihood requests:  58%|█████▊    | 27988/47868 [04:37<01:38, 202.26it/s]Running loglikelihood requests:  59%|█████▊    | 28009/47868 [04:37<01:38, 202.56it/s]Running loglikelihood requests:  59%|█████▊    | 28036/47868 [04:37<01:30, 219.06it/s]Running loglikelihood requests:  59%|█████▊    | 28063/47868 [04:37<01:25, 230.99it/s]Running loglikelihood requests:  59%|█████▊    | 28090/47868 [04:37<01:22, 239.91it/s]Running loglikelihood requests:  59%|█████▉    | 28123/47868 [04:37<01:15, 262.96it/s]Running loglikelihood requests:  59%|█████▉    | 28161/47868 [04:37<01:07, 292.50it/s]Running loglikelihood requests:  59%|█████▉    | 28191/47868 [04:37<01:07, 290.88it/s]Running loglikelihood requests:  59%|█████▉    | 28221/47868 [04:37<01:17, 253.24it/s]Running loglikelihood requests:  59%|█████▉    | 28248/47868 [04:38<01:16, 254.95it/s]Running loglikelihood requests:  59%|█████▉    | 28275/47868 [04:38<01:16, 256.19it/s]Running loglikelihood requests:  59%|█████▉    | 28302/47868 [04:38<01:16, 256.89it/s]Running loglikelihood requests:  59%|█████▉    | 28329/47868 [04:38<01:15, 257.23it/s]Running loglikelihood requests:  59%|█████▉    | 28357/47868 [04:38<01:14, 260.30it/s]Running loglikelihood requests:  59%|█████▉    | 28384/47868 [04:38<01:14, 260.58it/s]Running loglikelihood requests:  59%|█████▉    | 28411/47868 [04:38<01:14, 261.22it/s]Running loglikelihood requests:  59%|█████▉    | 28438/47868 [04:38<01:14, 260.85it/s]Running loglikelihood requests:  59%|█████▉    | 28465/47868 [04:38<01:25, 227.93it/s]Running loglikelihood requests:  60%|█████▉    | 28497/47868 [04:39<01:17, 249.21it/s]Running loglikelihood requests:  60%|█████▉    | 28523/47868 [04:39<01:17, 249.67it/s]Running loglikelihood requests:  60%|█████▉    | 28555/47868 [04:39<01:12, 266.12it/s]Running loglikelihood requests:  60%|█████▉    | 28583/47868 [04:39<01:12, 266.78it/s]Running loglikelihood requests:  60%|█████▉    | 28610/47868 [04:39<01:12, 264.86it/s]Running loglikelihood requests:  60%|█████▉    | 28637/47868 [04:39<01:13, 263.41it/s]Running loglikelihood requests:  60%|█████▉    | 28664/47868 [04:39<01:23, 229.71it/s]Running loglikelihood requests:  60%|█████▉    | 28691/47868 [04:39<01:20, 238.29it/s]Running loglikelihood requests:  60%|█████▉    | 28716/47868 [04:39<01:20, 239.26it/s]Running loglikelihood requests:  60%|██████    | 28741/47868 [04:40<01:41, 189.37it/s]Running loglikelihood requests:  60%|██████    | 28762/47868 [04:40<01:38, 193.33it/s]Running loglikelihood requests:  60%|██████    | 28783/47868 [04:40<01:37, 196.41it/s]Running loglikelihood requests:  60%|██████    | 28804/47868 [04:40<01:35, 198.78it/s]Running loglikelihood requests:  60%|██████    | 28825/47868 [04:40<01:34, 200.52it/s]Running loglikelihood requests:  60%|██████    | 28848/47868 [04:40<01:31, 207.33it/s]Running loglikelihood requests:  60%|██████    | 28870/47868 [04:40<01:30, 209.59it/s]Running loglikelihood requests:  60%|██████    | 28895/47868 [04:40<01:26, 219.29it/s]Running loglikelihood requests:  60%|██████    | 28921/47868 [04:40<01:22, 228.72it/s]Running loglikelihood requests:  60%|██████    | 28945/47868 [04:41<01:22, 229.88it/s]Running loglikelihood requests:  61%|██████    | 28969/47868 [04:41<01:21, 230.93it/s]Running loglikelihood requests:  61%|██████    | 28993/47868 [04:41<01:21, 231.24it/s]Running loglikelihood requests:  61%|██████    | 29017/47868 [04:41<01:33, 202.49it/s]Running loglikelihood requests:  61%|██████    | 29040/47868 [04:41<01:30, 208.32it/s]Running loglikelihood requests:  61%|██████    | 29062/47868 [04:41<01:41, 184.82it/s]Running loglikelihood requests:  61%|██████    | 29089/47868 [04:41<01:31, 204.70it/s]Running loglikelihood requests:  61%|██████    | 29111/47868 [04:41<01:42, 183.09it/s]Running loglikelihood requests:  61%|██████    | 29135/47868 [04:41<01:35, 195.74it/s]Running loglikelihood requests:  61%|██████    | 29157/47868 [04:42<01:33, 200.59it/s]Running loglikelihood requests:  61%|██████    | 29178/47868 [04:42<01:32, 201.89it/s]Running loglikelihood requests:  61%|██████    | 29199/47868 [04:42<01:44, 179.16it/s]Running loglikelihood requests:  61%|██████    | 29232/47868 [04:42<01:34, 196.29it/s]Running loglikelihood requests:  61%|██████    | 29267/47868 [04:42<01:27, 213.80it/s]Running loglikelihood requests:  61%|██████    | 29289/47868 [04:42<01:43, 179.54it/s]Running loglikelihood requests:  61%|██████    | 29317/47868 [04:42<01:39, 186.37it/s]Running loglikelihood requests:  61%|██████▏   | 29351/47868 [04:43<01:31, 203.47it/s]Running loglikelihood requests:  61%|██████▏   | 29373/47868 [04:43<01:36, 190.95it/s]Running loglikelihood requests:  61%|██████▏   | 29396/47868 [04:43<01:40, 184.27it/s]Running loglikelihood requests:  61%|██████▏   | 29424/47868 [04:43<01:37, 189.97it/s]Running loglikelihood requests:  62%|██████▏   | 29444/47868 [04:43<01:44, 177.08it/s]Running loglikelihood requests:  62%|██████▏   | 29489/47868 [04:43<01:23, 220.93it/s]Running loglikelihood requests:  62%|██████▏   | 29512/47868 [04:43<01:29, 205.30it/s]Running loglikelihood requests:  62%|██████▏   | 29540/47868 [04:44<01:29, 204.80it/s]Running loglikelihood requests:  62%|██████▏   | 29561/47868 [04:44<01:36, 189.50it/s]Running loglikelihood requests:  62%|██████▏   | 29597/47868 [04:44<01:26, 210.82it/s]Running loglikelihood requests:  62%|██████▏   | 29627/47868 [04:44<01:25, 213.04it/s]Running loglikelihood requests:  62%|██████▏   | 29649/47868 [04:44<01:32, 197.37it/s]Running loglikelihood requests:  62%|██████▏   | 29671/47868 [04:44<01:37, 186.46it/s]Running loglikelihood requests:  62%|██████▏   | 29696/47868 [04:44<01:38, 185.30it/s]Running loglikelihood requests:  62%|██████▏   | 29727/47868 [04:45<01:31, 197.29it/s]Running loglikelihood requests:  62%|██████▏   | 29747/47868 [04:45<01:49, 165.98it/s]Running loglikelihood requests:  62%|██████▏   | 29769/47868 [04:45<01:49, 164.63it/s]Running loglikelihood requests:  62%|██████▏   | 29811/47868 [04:45<01:28, 204.11it/s]Running loglikelihood requests:  62%|██████▏   | 29833/47868 [04:45<01:34, 191.70it/s]Running loglikelihood requests:  62%|██████▏   | 29853/47868 [04:45<01:40, 178.66it/s]Running loglikelihood requests:  62%|██████▏   | 29892/47868 [04:45<01:25, 209.25it/s]Running loglikelihood requests:  63%|██████▎   | 29926/47868 [04:46<01:21, 220.34it/s]Running loglikelihood requests:  63%|██████▎   | 29949/47868 [04:46<01:27, 204.98it/s]Running loglikelihood requests:  63%|██████▎   | 29981/47868 [04:46<01:23, 213.22it/s]Running loglikelihood requests:  63%|██████▎   | 30003/47868 [04:46<01:39, 180.42it/s]Running loglikelihood requests:  63%|██████▎   | 30041/47868 [04:46<01:26, 206.94it/s]Running loglikelihood requests:  63%|██████▎   | 30063/47868 [04:46<01:31, 193.95it/s]Running loglikelihood requests:  63%|██████▎   | 30083/47868 [04:46<01:38, 180.47it/s]Running loglikelihood requests:  63%|██████▎   | 30121/47868 [04:47<01:25, 208.30it/s]Running loglikelihood requests:  63%|██████▎   | 30149/47868 [04:47<01:25, 207.20it/s]Running loglikelihood requests:  63%|██████▎   | 30170/47868 [04:47<01:32, 191.59it/s]Running loglikelihood requests:  63%|██████▎   | 30198/47868 [04:47<01:30, 195.29it/s]Running loglikelihood requests:  63%|██████▎   | 30238/47868 [04:47<01:18, 223.49it/s]Running loglikelihood requests:  63%|██████▎   | 30261/47868 [04:47<01:33, 189.03it/s]Running loglikelihood requests:  63%|██████▎   | 30289/47868 [04:47<01:30, 193.40it/s]Running loglikelihood requests:  63%|██████▎   | 30328/47868 [04:48<01:20, 218.89it/s]Running loglikelihood requests:  63%|██████▎   | 30351/47868 [04:48<01:25, 204.53it/s]Running loglikelihood requests:  63%|██████▎   | 30372/47868 [04:48<01:32, 189.94it/s]Running loglikelihood requests:  64%|██████▎   | 30403/47868 [04:48<01:27, 200.61it/s]Running loglikelihood requests:  64%|██████▎   | 30427/47868 [04:48<01:30, 193.39it/s]Running loglikelihood requests:  64%|██████▎   | 30450/47868 [04:48<01:33, 186.19it/s]Running loglikelihood requests:  64%|██████▎   | 30477/47868 [04:48<01:31, 189.60it/s]Running loglikelihood requests:  64%|██████▎   | 30512/47868 [04:48<01:23, 208.84it/s]Running loglikelihood requests:  64%|██████▍   | 30533/47868 [04:49<01:29, 192.76it/s]Running loglikelihood requests:  64%|██████▍   | 30559/47868 [04:49<01:30, 192.01it/s]Running loglikelihood requests:  64%|██████▍   | 30603/47868 [04:49<01:15, 229.72it/s]Running loglikelihood requests:  64%|██████▍   | 30630/47868 [04:49<01:18, 220.04it/s]Running loglikelihood requests:  64%|██████▍   | 30666/47868 [04:49<01:13, 232.49it/s]Running loglikelihood requests:  64%|██████▍   | 30709/47868 [04:49<01:07, 255.97it/s]Running loglikelihood requests:  64%|██████▍   | 30735/47868 [04:49<01:19, 215.67it/s]Running loglikelihood requests:  64%|██████▍   | 30764/47868 [04:50<01:19, 214.72it/s]Running loglikelihood requests:  64%|██████▍   | 30797/47868 [04:50<01:16, 222.23it/s]Running loglikelihood requests:  64%|██████▍   | 30827/47868 [04:50<01:16, 221.43it/s]Running loglikelihood requests:  64%|██████▍   | 30860/47868 [04:50<01:14, 227.10it/s]Running loglikelihood requests:  65%|██████▍   | 30887/47868 [04:50<01:17, 218.45it/s]Running loglikelihood requests:  65%|██████▍   | 30933/47868 [04:50<01:07, 252.42it/s]Running loglikelihood requests:  65%|██████▍   | 30959/47868 [04:50<01:19, 213.72it/s]Running loglikelihood requests:  65%|██████▍   | 30988/47868 [04:51<01:19, 213.33it/s]Running loglikelihood requests:  65%|██████▍   | 31010/47868 [04:51<01:24, 198.96it/s]Running loglikelihood requests:  65%|██████▍   | 31064/47868 [04:51<01:06, 254.31it/s]Running loglikelihood requests:  65%|██████▍   | 31090/47868 [04:51<01:11, 235.97it/s]Running loglikelihood requests:  65%|██████▌   | 31127/47868 [04:51<01:08, 245.89it/s]Running loglikelihood requests:  65%|██████▌   | 31158/47868 [04:51<01:09, 240.44it/s]Running loglikelihood requests:  65%|██████▌   | 31183/47868 [04:51<01:21, 204.26it/s]Running loglikelihood requests:  65%|██████▌   | 31217/47868 [04:52<01:17, 216.09it/s]Running loglikelihood requests:  65%|██████▌   | 31241/47868 [04:52<01:21, 205.13it/s]Running loglikelihood requests:  65%|██████▌   | 31265/47868 [04:52<01:24, 196.94it/s]Running loglikelihood requests:  65%|██████▌   | 31315/47868 [04:52<01:07, 245.20it/s]Running loglikelihood requests:  65%|██████▌   | 31350/47868 [04:52<01:06, 248.72it/s]Running loglikelihood requests:  66%|██████▌   | 31382/47868 [04:52<01:07, 244.38it/s]Running loglikelihood requests:  66%|██████▌   | 31422/47868 [04:52<01:03, 258.98it/s]Running loglikelihood requests:  66%|██████▌   | 31448/47868 [04:53<01:15, 218.40it/s]Running loglikelihood requests:  66%|██████▌   | 31483/47868 [04:53<01:11, 229.48it/s]Running loglikelihood requests:  66%|██████▌   | 31507/47868 [04:53<01:16, 215.10it/s]Running loglikelihood requests:  66%|██████▌   | 31540/47868 [04:53<01:13, 223.28it/s]Running loglikelihood requests:  66%|██████▌   | 31594/47868 [04:53<00:59, 272.28it/s]Running loglikelihood requests:  66%|██████▌   | 31622/47868 [04:53<01:04, 252.72it/s]Running loglikelihood requests:  66%|██████▌   | 31665/47868 [04:53<00:59, 270.75it/s]Running loglikelihood requests:  66%|██████▌   | 31696/47868 [04:54<01:02, 258.05it/s]Running loglikelihood requests:  66%|██████▋   | 31723/47868 [04:54<01:07, 240.53it/s]Running loglikelihood requests:  66%|██████▋   | 31748/47868 [04:54<01:11, 223.95it/s]Running loglikelihood requests:  66%|██████▋   | 31774/47868 [04:54<01:15, 214.51it/s]Running loglikelihood requests:  66%|██████▋   | 31822/47868 [04:54<01:02, 254.75it/s]Running loglikelihood requests:  67%|██████▋   | 31856/47868 [04:54<01:03, 252.96it/s]Running loglikelihood requests:  67%|██████▋   | 31893/47868 [04:54<01:01, 257.93it/s]Running loglikelihood requests:  67%|██████▋   | 31938/47868 [04:55<00:57, 278.72it/s]Running loglikelihood requests:  67%|██████▋   | 31966/47868 [04:55<01:01, 257.26it/s]Running loglikelihood requests:  67%|██████▋   | 32004/47868 [04:55<01:00, 263.22it/s]Running loglikelihood requests:  67%|██████▋   | 32047/47868 [04:55<00:56, 278.17it/s]Running loglikelihood requests:  67%|██████▋   | 32075/47868 [04:55<01:01, 256.89it/s]Running loglikelihood requests:  67%|██████▋   | 32114/47868 [04:55<00:59, 265.25it/s]Running loglikelihood requests:  67%|██████▋   | 32158/47868 [04:55<00:55, 281.50it/s]Running loglikelihood requests:  67%|██████▋   | 32187/47868 [04:55<01:00, 261.21it/s]Running loglikelihood requests:  67%|██████▋   | 32222/47868 [04:56<01:00, 259.35it/s]Running loglikelihood requests:  67%|██████▋   | 32249/47868 [04:56<01:04, 241.51it/s]Running loglikelihood requests:  67%|██████▋   | 32274/47868 [04:56<01:09, 224.44it/s]Running loglikelihood requests:  68%|██████▊   | 32312/47868 [04:56<01:04, 240.35it/s]Running loglikelihood requests:  68%|██████▊   | 32337/47868 [04:56<01:09, 223.82it/s]Running loglikelihood requests:  68%|██████▊   | 32360/47868 [04:56<01:21, 189.54it/s]Running loglikelihood requests:  68%|██████▊   | 32403/47868 [04:56<01:08, 224.53it/s]Running loglikelihood requests:  68%|██████▊   | 32435/47868 [04:57<01:07, 227.69it/s]Running loglikelihood requests:  68%|██████▊   | 32459/47868 [04:57<01:12, 213.31it/s]Running loglikelihood requests:  68%|██████▊   | 32488/47868 [04:57<01:12, 213.46it/s]Running loglikelihood requests:  68%|██████▊   | 32523/47868 [04:57<01:07, 226.30it/s]Running loglikelihood requests:  68%|██████▊   | 32546/47868 [04:57<01:12, 210.05it/s]Running loglikelihood requests:  68%|██████▊   | 32568/47868 [04:57<01:25, 178.97it/s]Running loglikelihood requests:  68%|██████▊   | 32609/47868 [04:57<01:11, 212.82it/s]Running loglikelihood requests:  68%|██████▊   | 32652/47868 [04:58<01:02, 241.70it/s]Running loglikelihood requests:  68%|██████▊   | 32677/47868 [04:58<01:07, 225.46it/s]Running loglikelihood requests:  68%|██████▊   | 32700/47868 [04:58<01:19, 191.46it/s]Running loglikelihood requests:  68%|██████▊   | 32733/47868 [04:58<01:13, 205.54it/s]Running loglikelihood requests:  68%|██████▊   | 32768/47868 [04:58<01:08, 220.18it/s]Running loglikelihood requests:  69%|██████▊   | 32791/47868 [04:58<01:13, 206.15it/s]Running loglikelihood requests:  69%|██████▊   | 32812/47868 [04:59<01:26, 175.04it/s]Running loglikelihood requests:  69%|██████▊   | 32862/47868 [04:59<01:05, 227.41it/s]Running loglikelihood requests:  69%|██████▊   | 32890/47868 [04:59<01:07, 221.78it/s]Running loglikelihood requests:  69%|██████▉   | 32913/47868 [04:59<01:12, 207.16it/s]Running loglikelihood requests:  69%|██████▉   | 32935/47868 [04:59<01:16, 194.51it/s]Running loglikelihood requests:  69%|██████▉   | 32976/47868 [04:59<01:05, 225.67it/s]Running loglikelihood requests:  69%|██████▉   | 33021/47868 [04:59<00:57, 256.20it/s]Running loglikelihood requests:  69%|██████▉   | 33047/47868 [05:00<01:14, 199.18it/s]Running loglikelihood requests:  69%|██████▉   | 33069/47868 [05:00<01:24, 175.11it/s]Running loglikelihood requests:  69%|██████▉   | 33106/47868 [05:00<01:13, 200.07it/s]Running loglikelihood requests:  69%|██████▉   | 33140/47868 [05:00<01:08, 213.52it/s]Running loglikelihood requests:  69%|██████▉   | 33163/47868 [05:00<01:19, 185.20it/s]Running loglikelihood requests:  69%|██████▉   | 33183/47868 [05:00<01:23, 175.64it/s]Running loglikelihood requests:  69%|██████▉   | 33202/47868 [05:00<01:28, 166.45it/s]Running loglikelihood requests:  69%|██████▉   | 33248/47868 [05:01<01:08, 214.64it/s]Running loglikelihood requests:  70%|██████▉   | 33290/47868 [05:01<01:00, 241.31it/s]Running loglikelihood requests:  70%|██████▉   | 33315/47868 [05:01<01:04, 225.29it/s]Running loglikelihood requests:  70%|██████▉   | 33338/47868 [05:01<01:15, 191.35it/s]Running loglikelihood requests:  70%|██████▉   | 33358/47868 [05:01<01:20, 179.69it/s]Running loglikelihood requests:  70%|██████▉   | 33398/47868 [05:01<01:08, 212.12it/s]Running loglikelihood requests:  70%|██████▉   | 33420/47868 [05:01<01:12, 198.39it/s]Running loglikelihood requests:  70%|██████▉   | 33441/47868 [05:02<01:17, 186.06it/s]Running loglikelihood requests:  70%|██████▉   | 33460/47868 [05:02<01:23, 173.05it/s]Running loglikelihood requests:  70%|██████▉   | 33488/47868 [05:02<01:18, 183.28it/s]Running loglikelihood requests:  70%|███████   | 33532/47868 [05:02<01:03, 224.86it/s]Running loglikelihood requests:  70%|███████   | 33555/47868 [05:02<01:08, 208.95it/s]Running loglikelihood requests:  70%|███████   | 33576/47868 [05:02<01:21, 176.23it/s]Running loglikelihood requests:  70%|███████   | 33595/47868 [05:02<01:25, 166.74it/s]Running loglikelihood requests:  70%|███████   | 33635/47868 [05:03<01:10, 203.08it/s]Running loglikelihood requests:  70%|███████   | 33680/47868 [05:03<00:59, 239.37it/s]Running loglikelihood requests:  70%|███████   | 33705/47868 [05:03<01:03, 223.69it/s]Running loglikelihood requests:  70%|███████   | 33728/47868 [05:03<01:14, 190.30it/s]Running loglikelihood requests:  71%|███████   | 33748/47868 [05:03<01:18, 178.97it/s]Running loglikelihood requests:  71%|███████   | 33779/47868 [05:03<01:12, 193.06it/s]Running loglikelihood requests:  71%|███████   | 33810/47868 [05:03<01:09, 203.50it/s]Running loglikelihood requests:  71%|███████   | 33831/47868 [05:04<01:13, 189.91it/s]Running loglikelihood requests:  71%|███████   | 33851/47868 [05:04<01:18, 178.07it/s]Running loglikelihood requests:  71%|███████   | 33869/47868 [05:04<01:24, 165.24it/s]Running loglikelihood requests:  71%|███████   | 33892/47868 [05:04<01:23, 167.02it/s]Running loglikelihood requests:  71%|███████   | 33941/47868 [05:04<01:02, 224.44it/s]Running loglikelihood requests:  71%|███████   | 33964/47868 [05:04<01:06, 208.65it/s]Running loglikelihood requests:  71%|███████   | 33985/47868 [05:04<01:11, 193.08it/s]Running loglikelihood requests:  71%|███████   | 34005/47868 [05:05<01:24, 164.19it/s]Running loglikelihood requests:  71%|███████   | 34022/47868 [05:05<01:29, 153.93it/s]Running loglikelihood requests:  71%|███████   | 34057/47868 [05:05<01:15, 183.98it/s]Running loglikelihood requests:  71%|███████   | 34099/47868 [05:05<01:02, 220.12it/s]Running loglikelihood requests:  71%|███████▏  | 34122/47868 [05:05<01:13, 188.24it/s]Running loglikelihood requests:  71%|███████▏  | 34144/47868 [05:05<01:15, 181.62it/s]Running loglikelihood requests:  71%|███████▏  | 34163/47868 [05:05<01:20, 170.45it/s]Running loglikelihood requests:  71%|███████▏  | 34188/47868 [05:06<01:18, 174.87it/s]Running loglikelihood requests:  72%|███████▏  | 34236/47868 [05:06<01:00, 226.67it/s]Running loglikelihood requests:  72%|███████▏  | 34259/47868 [05:06<01:04, 210.46it/s]Running loglikelihood requests:  72%|███████▏  | 34281/47868 [05:06<01:15, 179.37it/s]Running loglikelihood requests:  72%|███████▏  | 34300/47868 [05:06<01:20, 169.16it/s]Running loglikelihood requests:  72%|███████▏  | 34336/47868 [05:06<01:08, 196.69it/s]Running loglikelihood requests:  72%|███████▏  | 34378/47868 [05:06<00:58, 229.14it/s]Running loglikelihood requests:  72%|███████▏  | 34402/47868 [05:07<01:02, 214.36it/s]Running loglikelihood requests:  72%|███████▏  | 34424/47868 [05:07<01:13, 182.54it/s]Running loglikelihood requests:  72%|███████▏  | 34448/47868 [05:07<01:13, 181.62it/s]Running loglikelihood requests:  72%|███████▏  | 34498/47868 [05:07<00:57, 234.11it/s]Running loglikelihood requests:  72%|███████▏  | 34532/47868 [05:07<00:55, 238.98it/s]Running loglikelihood requests:  72%|███████▏  | 34557/47868 [05:07<01:05, 204.59it/s]Running loglikelihood requests:  72%|███████▏  | 34579/47868 [05:07<01:08, 193.55it/s]Running loglikelihood requests:  72%|███████▏  | 34618/47868 [05:08<01:00, 220.27it/s]Running loglikelihood requests:  72%|███████▏  | 34650/47868 [05:08<00:58, 225.41it/s]Running loglikelihood requests:  72%|███████▏  | 34673/47868 [05:08<01:08, 192.26it/s]Running loglikelihood requests:  72%|███████▏  | 34693/47868 [05:08<01:12, 180.84it/s]Running loglikelihood requests:  73%|███████▎  | 34741/47868 [05:08<00:57, 229.60it/s]Running loglikelihood requests:  73%|███████▎  | 34775/47868 [05:08<00:55, 236.42it/s]Running loglikelihood requests:  73%|███████▎  | 34800/47868 [05:08<01:04, 203.24it/s]Running loglikelihood requests:  73%|███████▎  | 34822/47868 [05:09<01:07, 192.84it/s]Running loglikelihood requests:  73%|███████▎  | 34862/47868 [05:09<00:58, 222.15it/s]Running loglikelihood requests:  73%|███████▎  | 34901/47868 [05:09<00:53, 241.59it/s]Running loglikelihood requests:  73%|███████▎  | 34926/47868 [05:09<01:02, 206.50it/s]Running loglikelihood requests:  73%|███████▎  | 34948/47868 [05:09<01:06, 195.33it/s]Running loglikelihood requests:  73%|███████▎  | 34987/47868 [05:09<00:58, 221.88it/s]Running loglikelihood requests:  73%|███████▎  | 35030/47868 [05:09<00:51, 249.81it/s]Running loglikelihood requests:  73%|███████▎  | 35056/47868 [05:10<00:59, 213.86it/s]Running loglikelihood requests:  73%|███████▎  | 35079/47868 [05:10<01:03, 202.66it/s]Running loglikelihood requests:  73%|███████▎  | 35112/47868 [05:10<00:59, 215.04it/s]Running loglikelihood requests:  73%|███████▎  | 35154/47868 [05:10<00:52, 242.77it/s]Running loglikelihood requests:  73%|███████▎  | 35179/47868 [05:10<00:55, 226.78it/s]Running loglikelihood requests:  74%|███████▎  | 35202/47868 [05:10<01:05, 192.85it/s]Running loglikelihood requests:  74%|███████▎  | 35245/47868 [05:10<00:55, 227.83it/s]Running loglikelihood requests:  74%|███████▎  | 35269/47868 [05:11<00:58, 214.33it/s]Running loglikelihood requests:  74%|███████▎  | 35295/47868 [05:11<01:00, 208.88it/s]Running loglikelihood requests:  74%|███████▍  | 35333/47868 [05:11<00:54, 230.27it/s]Running loglikelihood requests:  74%|███████▍  | 35360/47868 [05:11<00:56, 222.17it/s]Running loglikelihood requests:  74%|███████▍  | 35390/47868 [05:11<00:55, 223.04it/s]Running loglikelihood requests:  74%|███████▍  | 35421/47868 [05:11<00:55, 226.03it/s]Running loglikelihood requests:  74%|███████▍  | 35444/47868 [05:11<00:58, 210.59it/s]Running loglikelihood requests:  74%|███████▍  | 35486/47868 [05:12<00:51, 241.53it/s]Running loglikelihood requests:  74%|███████▍  | 35511/47868 [05:12<00:59, 206.01it/s]Running loglikelihood requests:  74%|███████▍  | 35560/47868 [05:12<00:49, 250.51it/s]Running loglikelihood requests:  74%|███████▍  | 35586/47868 [05:12<00:52, 235.35it/s]Running loglikelihood requests:  74%|███████▍  | 35612/47868 [05:12<00:54, 224.25it/s]Running loglikelihood requests:  74%|███████▍  | 35635/47868 [05:12<00:58, 209.77it/s]Running loglikelihood requests:  74%|███████▍  | 35658/47868 [05:12<01:01, 199.37it/s]Running loglikelihood requests:  75%|███████▍  | 35698/47868 [05:12<00:53, 229.08it/s]Running loglikelihood requests:  75%|███████▍  | 35741/47868 [05:13<00:47, 256.48it/s]Running loglikelihood requests:  75%|███████▍  | 35784/47868 [05:13<00:43, 275.61it/s]Running loglikelihood requests:  75%|███████▍  | 35813/47868 [05:13<00:46, 258.78it/s]Running loglikelihood requests:  75%|███████▍  | 35859/47868 [05:13<00:42, 283.97it/s]Running loglikelihood requests:  75%|███████▌  | 35901/47868 [05:13<00:40, 292.94it/s]Running loglikelihood requests:  75%|███████▌  | 35948/47868 [05:13<00:38, 309.82it/s]Running loglikelihood requests:  75%|███████▌  | 35994/47868 [05:13<00:37, 319.00it/s]Running loglikelihood requests:  75%|███████▌  | 36026/47868 [05:14<00:39, 296.14it/s]Running loglikelihood requests:  75%|███████▌  | 36061/47868 [05:14<00:41, 286.45it/s]Running loglikelihood requests:  75%|███████▌  | 36109/47868 [05:14<00:38, 307.64it/s]Running loglikelihood requests:  76%|███████▌  | 36146/47868 [05:14<00:39, 298.76it/s]Running loglikelihood requests:  76%|███████▌  | 36198/47868 [05:14<00:35, 325.13it/s]Running loglikelihood requests:  76%|███████▌  | 36239/47868 [05:14<00:36, 319.62it/s]Running loglikelihood requests:  76%|███████▌  | 36282/47868 [05:14<00:36, 320.08it/s]Running loglikelihood requests:  76%|███████▌  | 36323/47868 [05:14<00:36, 316.29it/s]Running loglikelihood requests:  76%|███████▌  | 36370/47868 [05:15<00:35, 326.74it/s]Running loglikelihood requests:  76%|███████▌  | 36412/47868 [05:15<00:35, 322.96it/s]Running loglikelihood requests:  76%|███████▌  | 36457/47868 [05:15<00:34, 327.17it/s]Running loglikelihood requests:  76%|███████▌  | 36490/47868 [05:15<00:37, 304.10it/s]Running loglikelihood requests:  76%|███████▋  | 36538/47868 [05:15<00:35, 320.47it/s]Running loglikelihood requests:  76%|███████▋  | 36589/47868 [05:15<00:33, 338.45it/s]Running loglikelihood requests:  77%|███████▋  | 36640/47868 [05:15<00:32, 350.84it/s]Running loglikelihood requests:  77%|███████▋  | 36679/47868 [05:16<00:33, 333.60it/s]Running loglikelihood requests:  77%|███████▋  | 36720/47868 [05:16<00:34, 326.07it/s]Running loglikelihood requests:  77%|███████▋  | 36762/47868 [05:16<00:34, 322.92it/s]Running loglikelihood requests:  77%|███████▋  | 36805/47868 [05:16<00:34, 322.90it/s]Running loglikelihood requests:  77%|███████▋  | 36842/47868 [05:16<00:35, 309.76it/s]Running loglikelihood requests:  77%|███████▋  | 36880/47868 [05:16<00:36, 303.15it/s]Running loglikelihood requests:  77%|███████▋  | 36922/47868 [05:16<00:35, 307.00it/s]Running loglikelihood requests:  77%|███████▋  | 36975/47868 [05:16<00:32, 333.65it/s]Running loglikelihood requests:  77%|███████▋  | 37019/47868 [05:17<00:32, 332.94it/s]Running loglikelihood requests:  77%|███████▋  | 37067/47868 [05:17<00:31, 341.38it/s]Running loglikelihood requests:  78%|███████▊  | 37102/47868 [05:17<00:33, 318.85it/s]Running loglikelihood requests:  78%|███████▊  | 37141/47868 [05:17<00:34, 311.81it/s]Running loglikelihood requests:  78%|███████▊  | 37189/47868 [05:17<00:32, 326.36it/s]Running loglikelihood requests:  78%|███████▊  | 37227/47868 [05:17<00:33, 315.35it/s]Running loglikelihood requests:  78%|███████▊  | 37275/47868 [05:17<00:32, 329.08it/s]Running loglikelihood requests:  78%|███████▊  | 37333/47868 [05:18<00:29, 360.38it/s]Running loglikelihood requests:  78%|███████▊  | 37369/47868 [05:18<00:31, 334.41it/s]Running loglikelihood requests:  78%|███████▊  | 37418/47868 [05:18<00:30, 344.83it/s]Running loglikelihood requests:  78%|███████▊  | 37465/47868 [05:18<00:29, 347.76it/s]Running loglikelihood requests:  78%|███████▊  | 37508/47868 [05:18<00:30, 341.09it/s]Running loglikelihood requests:  78%|███████▊  | 37556/47868 [05:18<00:29, 346.93it/s]Running loglikelihood requests:  79%|███████▊  | 37602/47868 [05:18<00:29, 346.96it/s]Running loglikelihood requests:  79%|███████▊  | 37649/47868 [05:18<00:29, 348.89it/s]Running loglikelihood requests:  79%|███████▊  | 37691/47868 [05:19<00:29, 339.36it/s]Running loglikelihood requests:  79%|███████▉  | 37735/47868 [05:19<00:30, 337.14it/s]Running loglikelihood requests:  79%|███████▉  | 37774/47868 [05:19<00:31, 325.47it/s]Running loglikelihood requests:  79%|███████▉  | 37817/47868 [05:19<00:30, 325.94it/s]Running loglikelihood requests:  79%|███████▉  | 37857/47868 [05:19<00:31, 319.42it/s]Running loglikelihood requests:  79%|███████▉  | 37906/47868 [05:19<00:29, 334.43it/s]Running loglikelihood requests:  79%|███████▉  | 37954/47868 [05:19<00:28, 343.36it/s]Running loglikelihood requests:  79%|███████▉  | 38002/47868 [05:20<00:28, 349.45it/s]Running loglikelihood requests:  79%|███████▉  | 38053/47868 [05:20<00:27, 359.54it/s]Running loglikelihood requests:  80%|███████▉  | 38091/47868 [05:20<00:28, 339.01it/s]Running loglikelihood requests:  80%|███████▉  | 38138/47868 [05:20<00:28, 344.52it/s]Running loglikelihood requests:  80%|███████▉  | 38178/47868 [05:20<00:29, 332.83it/s]Running loglikelihood requests:  80%|███████▉  | 38220/47868 [05:20<00:29, 328.68it/s]Running loglikelihood requests:  80%|███████▉  | 38266/47868 [05:20<00:28, 334.75it/s]Running loglikelihood requests:  80%|████████  | 38311/47868 [05:20<00:28, 336.64it/s]Running loglikelihood requests:  80%|████████  | 38354/47868 [05:21<00:28, 333.97it/s]Running loglikelihood requests:  80%|████████  | 38397/47868 [05:21<00:28, 331.86it/s]Running loglikelihood requests:  80%|████████  | 38443/47868 [05:21<00:27, 336.95it/s]Running loglikelihood requests:  80%|████████  | 38497/47868 [05:21<00:26, 358.20it/s]Running loglikelihood requests:  81%|████████  | 38535/47868 [05:21<00:27, 338.07it/s]Running loglikelihood requests:  81%|████████  | 38580/47868 [05:21<00:27, 338.87it/s]Running loglikelihood requests:  81%|████████  | 38626/47868 [05:21<00:27, 341.92it/s]Running loglikelihood requests:  81%|████████  | 38670/47868 [05:22<00:27, 339.98it/s]Running loglikelihood requests:  81%|████████  | 38714/47868 [05:22<00:27, 338.61it/s]Running loglikelihood requests:  81%|████████  | 38763/47868 [05:22<00:26, 348.28it/s]Running loglikelihood requests:  81%|████████  | 38809/47868 [05:22<00:25, 348.65it/s]Running loglikelihood requests:  81%|████████  | 38854/47868 [05:22<00:25, 346.71it/s]Running loglikelihood requests:  81%|████████▏ | 38905/47868 [05:22<00:25, 358.39it/s]Running loglikelihood requests:  81%|████████▏ | 38952/47868 [05:22<00:24, 357.98it/s]Running loglikelihood requests:  81%|████████▏ | 38999/47868 [05:22<00:24, 357.58it/s]Running loglikelihood requests:  82%|████████▏ | 39037/47868 [05:23<00:26, 338.02it/s]Running loglikelihood requests:  82%|████████▏ | 39073/47868 [05:23<00:27, 319.94it/s]Running loglikelihood requests:  82%|████████▏ | 39105/47868 [05:23<00:29, 298.11it/s]Running loglikelihood requests:  82%|████████▏ | 39148/47868 [05:23<00:28, 307.18it/s]Running loglikelihood requests:  82%|████████▏ | 39199/47868 [05:23<00:26, 331.63it/s]Running loglikelihood requests:  82%|████████▏ | 39238/47868 [05:23<00:26, 322.14it/s]Running loglikelihood requests:  82%|████████▏ | 39275/47868 [05:23<00:27, 310.85it/s]Running loglikelihood requests:  82%|████████▏ | 39308/47868 [05:23<00:29, 294.26it/s]Running loglikelihood requests:  82%|████████▏ | 39356/47868 [05:24<00:26, 316.05it/s]Running loglikelihood requests:  82%|████████▏ | 39406/47868 [05:24<00:25, 335.88it/s]Running loglikelihood requests:  82%|████████▏ | 39449/47868 [05:24<00:25, 333.65it/s]Running loglikelihood requests:  83%|████████▎ | 39492/47868 [05:24<00:25, 332.17it/s]Running loglikelihood requests:  83%|████████▎ | 39530/47868 [05:24<00:26, 320.64it/s]Running loglikelihood requests:  83%|████████▎ | 39574/47868 [05:24<00:25, 325.80it/s]Running loglikelihood requests:  83%|████████▎ | 39625/47868 [05:24<00:23, 344.74it/s]Running loglikelihood requests:  83%|████████▎ | 39676/47868 [05:25<00:22, 357.89it/s]Running loglikelihood requests:  83%|████████▎ | 39712/47868 [05:25<00:24, 334.35it/s]Running loglikelihood requests:  83%|████████▎ | 39746/47868 [05:25<00:28, 286.66it/s]Running loglikelihood requests:  83%|████████▎ | 39788/47868 [05:25<00:27, 299.23it/s]Running loglikelihood requests:  83%|████████▎ | 39841/47868 [05:25<00:24, 331.48it/s]Running loglikelihood requests:  83%|████████▎ | 39886/47868 [05:25<00:23, 337.79it/s]Running loglikelihood requests:  83%|████████▎ | 39922/47868 [05:25<00:24, 322.66it/s]Running loglikelihood requests:  83%|████████▎ | 39964/47868 [05:25<00:24, 325.37it/s]Running loglikelihood requests:  84%|████████▎ | 39997/47868 [05:26<00:25, 307.11it/s]Running loglikelihood requests:  84%|████████▎ | 40047/47868 [05:26<00:23, 332.58it/s]Running loglikelihood requests:  84%|████████▍ | 40090/47868 [05:26<00:23, 334.94it/s]Running loglikelihood requests:  84%|████████▍ | 40138/47868 [05:26<00:22, 347.29it/s]Running loglikelihood requests:  84%|████████▍ | 40177/47868 [05:26<00:22, 335.53it/s]Running loglikelihood requests:  84%|████████▍ | 40217/47868 [05:26<00:23, 330.05it/s]Running loglikelihood requests:  84%|████████▍ | 40277/47868 [05:26<00:20, 371.27it/s]Running loglikelihood requests:  84%|████████▍ | 40315/47868 [05:26<00:21, 350.47it/s]Running loglikelihood requests:  84%|████████▍ | 40351/47868 [05:27<00:24, 302.44it/s]Running loglikelihood requests:  84%|████████▍ | 40394/47868 [05:27<00:23, 312.89it/s]Running loglikelihood requests:  85%|████████▍ | 40451/47868 [05:27<00:21, 351.04it/s]Running loglikelihood requests:  85%|████████▍ | 40508/47868 [05:27<00:19, 377.93it/s]Running loglikelihood requests:  85%|████████▍ | 40547/47868 [05:27<00:20, 357.55it/s]Running loglikelihood requests:  85%|████████▍ | 40590/47868 [05:27<00:20, 352.15it/s]Running loglikelihood requests:  85%|████████▍ | 40626/47868 [05:27<00:21, 332.45it/s]Running loglikelihood requests:  85%|████████▍ | 40662/47868 [05:28<00:22, 317.42it/s]Running loglikelihood requests:  85%|████████▌ | 40705/47868 [05:28<00:22, 323.59it/s]Running loglikelihood requests:  85%|████████▌ | 40744/47868 [05:28<00:22, 318.90it/s]Running loglikelihood requests:  85%|████████▌ | 40784/47868 [05:28<00:22, 318.55it/s]Running loglikelihood requests:  85%|████████▌ | 40818/47868 [05:28<00:23, 304.51it/s]Running loglikelihood requests:  85%|████████▌ | 40862/47868 [05:28<00:22, 317.06it/s]Running loglikelihood requests:  85%|████████▌ | 40909/47868 [05:28<00:20, 332.86it/s]Running loglikelihood requests:  86%|████████▌ | 40949/47868 [05:28<00:21, 328.42it/s]Running loglikelihood requests:  86%|████████▌ | 40992/47868 [05:29<00:20, 331.76it/s]Running loglikelihood requests:  86%|████████▌ | 41045/47868 [05:29<00:19, 356.92it/s]Running loglikelihood requests:  86%|████████▌ | 41098/47868 [05:29<00:18, 374.31it/s]Running loglikelihood requests:  86%|████████▌ | 41136/47868 [05:29<00:19, 352.62it/s]Running loglikelihood requests:  86%|████████▌ | 41172/47868 [05:29<00:20, 333.23it/s]Running loglikelihood requests:  86%|████████▌ | 41206/47868 [05:29<00:21, 314.41it/s]Running loglikelihood requests:  86%|████████▌ | 41240/47868 [05:29<00:21, 301.63it/s]Running loglikelihood requests:  86%|████████▌ | 41283/47868 [05:29<00:20, 313.91it/s]Running loglikelihood requests:  86%|████████▋ | 41333/47868 [05:30<00:19, 338.51it/s]Running loglikelihood requests:  86%|████████▋ | 41386/47868 [05:30<00:17, 362.36it/s]Running loglikelihood requests:  87%|████████▋ | 41430/47868 [05:30<00:17, 358.40it/s]Running loglikelihood requests:  87%|████████▋ | 41466/47868 [05:30<00:19, 336.88it/s]Running loglikelihood requests:  87%|████████▋ | 41512/47868 [05:30<00:18, 345.54it/s]Running loglikelihood requests:  87%|████████▋ | 41557/47868 [05:30<00:18, 348.92it/s]Running loglikelihood requests:  87%|████████▋ | 41592/47868 [05:30<00:19, 329.05it/s]Running loglikelihood requests:  87%|████████▋ | 41633/47868 [05:30<00:18, 328.31it/s]Running loglikelihood requests:  87%|████████▋ | 41666/47868 [05:31<00:19, 310.24it/s]Running loglikelihood requests:  87%|████████▋ | 41697/47868 [05:31<00:21, 292.78it/s]Running loglikelihood requests:  87%|████████▋ | 41746/47868 [05:31<00:19, 321.62it/s]Running loglikelihood requests:  87%|████████▋ | 41779/47868 [05:31<00:19, 304.86it/s]Running loglikelihood requests:  87%|████████▋ | 41824/47868 [05:31<00:18, 321.18it/s]Running loglikelihood requests:  87%|████████▋ | 41863/47868 [05:31<00:18, 318.61it/s]Running loglikelihood requests:  88%|████████▊ | 41912/47868 [05:31<00:17, 339.91it/s]Running loglikelihood requests:  88%|████████▊ | 41957/47868 [05:31<00:17, 345.35it/s]Running loglikelihood requests:  88%|████████▊ | 41995/47868 [05:32<00:17, 333.63it/s]Running loglikelihood requests:  88%|████████▊ | 42036/47868 [05:32<00:17, 332.44it/s]Running loglikelihood requests:  88%|████████▊ | 42077/47868 [05:32<00:17, 331.23it/s]Running loglikelihood requests:  88%|████████▊ | 42117/47868 [05:32<00:17, 327.71it/s]Running loglikelihood requests:  88%|████████▊ | 42154/47868 [05:32<00:17, 318.49it/s]Running loglikelihood requests:  88%|████████▊ | 42186/47868 [05:32<00:18, 300.70it/s]Running loglikelihood requests:  88%|████████▊ | 42217/47868 [05:32<00:19, 285.12it/s]Running loglikelihood requests:  88%|████████▊ | 42254/47868 [05:32<00:19, 288.73it/s]Running loglikelihood requests:  88%|████████▊ | 42290/47868 [05:33<00:19, 288.40it/s]Running loglikelihood requests:  88%|████████▊ | 42328/47868 [05:33<00:18, 293.91it/s]Running loglikelihood requests:  88%|████████▊ | 42358/47868 [05:33<00:19, 278.79it/s]Running loglikelihood requests:  89%|████████▊ | 42403/47868 [05:33<00:18, 302.64it/s]Running loglikelihood requests:  89%|████████▊ | 42434/47868 [05:33<00:18, 286.88it/s]Running loglikelihood requests:  89%|████████▊ | 42474/47868 [05:33<00:18, 297.22it/s]Running loglikelihood requests:  89%|████████▉ | 42511/47868 [05:33<00:18, 297.54it/s]Running loglikelihood requests:  89%|████████▉ | 42546/47868 [05:33<00:18, 292.42it/s]Running loglikelihood requests:  89%|████████▉ | 42587/47868 [05:34<00:17, 303.14it/s]Running loglikelihood requests:  89%|████████▉ | 42618/47868 [05:34<00:20, 262.18it/s]Running loglikelihood requests:  89%|████████▉ | 42664/47868 [05:34<00:17, 292.20it/s]Running loglikelihood requests:  89%|████████▉ | 42714/47868 [05:34<00:15, 322.39it/s]Running loglikelihood requests:  89%|████████▉ | 42747/47868 [05:34<00:18, 280.39it/s]Running loglikelihood requests:  89%|████████▉ | 42777/47868 [05:34<00:18, 270.57it/s]Running loglikelihood requests:  89%|████████▉ | 42820/47868 [05:34<00:17, 291.24it/s]Running loglikelihood requests:  90%|████████▉ | 42859/47868 [05:34<00:16, 297.33it/s]Running loglikelihood requests:  90%|████████▉ | 42894/47868 [05:35<00:17, 291.34it/s]Running loglikelihood requests:  90%|████████▉ | 42945/47868 [05:35<00:15, 324.36it/s]Running loglikelihood requests:  90%|████████▉ | 42981/47868 [05:35<00:15, 314.36it/s]Running loglikelihood requests:  90%|████████▉ | 43024/47868 [05:35<00:15, 322.88it/s]Running loglikelihood requests:  90%|████████▉ | 43070/47868 [05:35<00:14, 335.87it/s]Running loglikelihood requests:  90%|█████████ | 43104/47868 [05:35<00:16, 290.28it/s]Running loglikelihood requests:  90%|█████████ | 43134/47868 [05:35<00:17, 277.25it/s]Running loglikelihood requests:  90%|█████████ | 43163/47868 [05:36<00:17, 265.56it/s]Running loglikelihood requests:  90%|█████████ | 43193/47868 [05:36<00:18, 259.03it/s]Running loglikelihood requests:  90%|█████████ | 43220/47868 [05:36<00:18, 247.45it/s]Running loglikelihood requests:  90%|█████████ | 43256/47868 [05:36<00:17, 260.50it/s]Running loglikelihood requests:  90%|█████████ | 43287/47868 [05:36<00:17, 257.88it/s]Running loglikelihood requests:  90%|█████████ | 43315/47868 [05:36<00:18, 248.60it/s]Running loglikelihood requests:  91%|█████████ | 43367/47868 [05:36<00:15, 298.16it/s]Running loglikelihood requests:  91%|█████████ | 43397/47868 [05:36<00:15, 282.17it/s]Running loglikelihood requests:  91%|█████████ | 43435/47868 [05:37<00:15, 290.03it/s]Running loglikelihood requests:  91%|█████████ | 43488/47868 [05:37<00:13, 330.24it/s]Running loglikelihood requests:  91%|█████████ | 43524/47868 [05:37<00:13, 318.71it/s]Running loglikelihood requests:  91%|█████████ | 43575/47868 [05:37<00:12, 346.06it/s]Running loglikelihood requests:  91%|█████████ | 43613/47868 [05:37<00:12, 334.41it/s]Running loglikelihood requests:  91%|█████████ | 43654/47868 [05:37<00:12, 333.71it/s]Running loglikelihood requests:  91%|█████████▏| 43693/47868 [05:37<00:12, 328.28it/s]Running loglikelihood requests:  91%|█████████▏| 43726/47868 [05:37<00:13, 310.45it/s]Running loglikelihood requests:  91%|█████████▏| 43769/47868 [05:38<00:12, 321.80it/s]Running loglikelihood requests:  92%|█████████▏| 43816/47868 [05:38<00:11, 338.26it/s]Running loglikelihood requests:  92%|█████████▏| 43873/47868 [05:38<00:10, 372.97it/s]Running loglikelihood requests:  92%|█████████▏| 43915/47868 [05:38<00:10, 362.76it/s]Running loglikelihood requests:  92%|█████████▏| 43952/47868 [05:38<00:11, 344.35it/s]Running loglikelihood requests:  92%|█████████▏| 43989/47868 [05:38<00:11, 331.24it/s]Running loglikelihood requests:  92%|█████████▏| 44023/47868 [05:38<00:12, 314.21it/s]Running loglikelihood requests:  92%|█████████▏| 44067/47868 [05:38<00:11, 326.22it/s]Running loglikelihood requests:  92%|█████████▏| 44107/47868 [05:39<00:11, 325.89it/s]Running loglikelihood requests:  92%|█████████▏| 44151/47868 [05:39<00:11, 334.29it/s]Running loglikelihood requests:  92%|█████████▏| 44201/47868 [05:39<00:10, 354.39it/s]Running loglikelihood requests:  92%|█████████▏| 44241/47868 [05:39<00:10, 344.63it/s]Running loglikelihood requests:  93%|█████████▎| 44296/47868 [05:39<00:09, 373.34it/s]Running loglikelihood requests:  93%|█████████▎| 44343/47868 [05:39<00:09, 373.93it/s]Running loglikelihood requests:  93%|█████████▎| 44381/47868 [05:39<00:09, 354.12it/s]Running loglikelihood requests:  93%|█████████▎| 44417/47868 [05:39<00:10, 336.10it/s]Running loglikelihood requests:  93%|█████████▎| 44451/47868 [05:39<00:10, 318.72it/s]Running loglikelihood requests:  93%|█████████▎| 44483/47868 [05:40<00:12, 275.23it/s]Running loglikelihood requests:  93%|█████████▎| 44540/47868 [05:40<00:10, 326.30it/s]Running loglikelihood requests:  93%|█████████▎| 44577/47868 [05:40<00:10, 318.73it/s]Running loglikelihood requests:  93%|█████████▎| 44626/47868 [05:40<00:09, 340.39it/s]Running loglikelihood requests:  93%|█████████▎| 44669/47868 [05:40<00:09, 342.63it/s]Running loglikelihood requests:  93%|█████████▎| 44721/47868 [05:40<00:08, 364.10it/s]Running loglikelihood requests:  94%|█████████▎| 44765/47868 [05:40<00:08, 361.28it/s]Running loglikelihood requests:  94%|█████████▎| 44809/47868 [05:41<00:08, 359.00it/s]Running loglikelihood requests:  94%|█████████▎| 44857/47868 [05:41<00:08, 367.45it/s]Running loglikelihood requests:  94%|█████████▍| 44912/47868 [05:41<00:07, 388.23it/s]Running loglikelihood requests:  94%|█████████▍| 44959/47868 [05:41<00:07, 385.35it/s]Running loglikelihood requests:  94%|█████████▍| 45006/47868 [05:41<00:07, 382.64it/s]Running loglikelihood requests:  94%|█████████▍| 45045/47868 [05:41<00:07, 363.41it/s]Running loglikelihood requests:  94%|█████████▍| 45082/47868 [05:41<00:08, 344.75it/s]Running loglikelihood requests:  94%|█████████▍| 45122/47868 [05:41<00:08, 338.47it/s]Running loglikelihood requests:  94%|█████████▍| 45168/47868 [05:42<00:07, 347.74it/s]Running loglikelihood requests:  94%|█████████▍| 45221/47868 [05:42<00:07, 370.82it/s]Running loglikelihood requests:  95%|█████████▍| 45269/47868 [05:42<00:06, 374.85it/s]Running loglikelihood requests:  95%|█████████▍| 45322/47868 [05:42<00:06, 388.87it/s]Running loglikelihood requests:  95%|█████████▍| 45361/47868 [05:42<00:06, 367.04it/s]Running loglikelihood requests:  95%|█████████▍| 45398/47868 [05:42<00:07, 317.91it/s]Running loglikelihood requests:  95%|█████████▍| 45439/47868 [05:42<00:07, 322.21it/s]Running loglikelihood requests:  95%|█████████▌| 45499/47868 [05:42<00:06, 366.91it/s]Running loglikelihood requests:  95%|█████████▌| 45546/47868 [05:43<00:06, 369.86it/s]Running loglikelihood requests:  95%|█████████▌| 45591/47868 [05:43<00:06, 367.82it/s]Running loglikelihood requests:  95%|█████████▌| 45643/47868 [05:43<00:05, 382.96it/s]Running loglikelihood requests:  95%|█████████▌| 45689/47868 [05:43<00:05, 378.93it/s]Running loglikelihood requests:  96%|█████████▌| 45728/47868 [05:43<00:05, 360.79it/s]Running loglikelihood requests:  96%|█████████▌| 45765/47868 [05:43<00:06, 343.24it/s]Running loglikelihood requests:  96%|█████████▌| 45800/47868 [05:43<00:06, 326.39it/s]Running loglikelihood requests:  96%|█████████▌| 45840/47868 [05:43<00:06, 325.94it/s]Running loglikelihood requests:  96%|█████████▌| 45881/47868 [05:44<00:06, 328.44it/s]Running loglikelihood requests:  96%|█████████▌| 45931/47868 [05:44<00:05, 350.45it/s]Running loglikelihood requests:  96%|█████████▌| 45977/47868 [05:44<00:05, 357.02it/s]Running loglikelihood requests:  96%|█████████▌| 46019/47868 [05:44<00:05, 352.49it/s]Running loglikelihood requests:  96%|█████████▌| 46062/47868 [05:44<00:05, 351.12it/s]Running loglikelihood requests:  96%|█████████▋| 46104/47868 [05:44<00:05, 347.93it/s]Running loglikelihood requests:  96%|█████████▋| 46150/47868 [05:44<00:04, 355.95it/s]Running loglikelihood requests:  97%|█████████▋| 46198/47868 [05:44<00:04, 366.49it/s]Running loglikelihood requests:  97%|█████████▋| 46245/47868 [05:45<00:04, 370.78it/s]Running loglikelihood requests:  97%|█████████▋| 46291/47868 [05:45<00:04, 371.74it/s]Running loglikelihood requests:  97%|█████████▋| 46339/47868 [05:45<00:04, 377.39it/s]Running loglikelihood requests:  97%|█████████▋| 46378/47868 [05:45<00:04, 360.48it/s]Running loglikelihood requests:  97%|█████████▋| 46423/47868 [05:45<00:03, 362.00it/s]Running loglikelihood requests:  97%|█████████▋| 46468/47868 [05:45<00:03, 363.77it/s]Running loglikelihood requests:  97%|█████████▋| 46513/47868 [05:45<00:03, 363.81it/s]Running loglikelihood requests:  97%|█████████▋| 46561/47868 [05:45<00:03, 371.57it/s]Running loglikelihood requests:  97%|█████████▋| 46603/47868 [05:46<00:03, 363.53it/s]Running loglikelihood requests:  97%|█████████▋| 46640/47868 [05:46<00:03, 346.28it/s]Running loglikelihood requests:  98%|█████████▊| 46677/47868 [05:46<00:03, 333.75it/s]Running loglikelihood requests:  98%|█████████▊| 46728/47868 [05:46<00:03, 357.76it/s]Running loglikelihood requests:  98%|█████████▊| 46772/47868 [05:46<00:03, 358.11it/s]Running loglikelihood requests:  98%|█████████▊| 46808/47868 [05:46<00:03, 340.04it/s]Running loglikelihood requests:  98%|█████████▊| 46857/47868 [05:46<00:02, 357.75it/s]Running loglikelihood requests:  98%|█████████▊| 46901/47868 [05:46<00:02, 357.94it/s]Running loglikelihood requests:  98%|█████████▊| 46941/47868 [05:46<00:02, 348.97it/s]Running loglikelihood requests:  98%|█████████▊| 46990/47868 [05:47<00:02, 363.94it/s]Running loglikelihood requests:  98%|█████████▊| 47035/47868 [05:47<00:02, 365.07it/s]Running loglikelihood requests:  98%|█████████▊| 47072/47868 [05:47<00:02, 316.87it/s]Running loglikelihood requests:  98%|█████████▊| 47112/47868 [05:47<00:02, 320.26it/s]Running loglikelihood requests:  98%|█████████▊| 47149/47868 [05:47<00:02, 315.80it/s]Running loglikelihood requests:  99%|█████████▊| 47189/47868 [05:47<00:02, 319.17it/s]Running loglikelihood requests:  99%|█████████▊| 47222/47868 [05:47<00:02, 305.53it/s]Running loglikelihood requests:  99%|█████████▊| 47253/47868 [05:47<00:02, 292.31it/s]Running loglikelihood requests:  99%|█████████▉| 47283/47868 [05:48<00:02, 279.67it/s]Running loglikelihood requests:  99%|█████████▉| 47315/47868 [05:48<00:02, 275.65it/s]Running loglikelihood requests:  99%|█████████▉| 47347/47868 [05:48<00:01, 272.70it/s]Running loglikelihood requests:  99%|█████████▉| 47375/47868 [05:48<00:01, 261.40it/s]Running loglikelihood requests:  99%|█████████▉| 47406/47868 [05:48<00:01, 260.75it/s]Running loglikelihood requests:  99%|█████████▉| 47443/47868 [05:48<00:01, 274.52it/s]Running loglikelihood requests:  99%|█████████▉| 47471/47868 [05:48<00:01, 262.05it/s]Running loglikelihood requests:  99%|█████████▉| 47498/47868 [05:48<00:01, 229.36it/s]Running loglikelihood requests:  99%|█████████▉| 47528/47868 [05:49<00:01, 235.35it/s]Running loglikelihood requests:  99%|█████████▉| 47552/47868 [05:49<00:01, 225.43it/s]Running loglikelihood requests:  99%|█████████▉| 47597/47868 [05:49<00:01, 267.74it/s]Running loglikelihood requests:  99%|█████████▉| 47625/47868 [05:49<00:00, 258.68it/s]Running loglikelihood requests: 100%|█████████▉| 47652/47868 [05:49<00:00, 248.77it/s]Running loglikelihood requests: 100%|█████████▉| 47681/47868 [05:49<00:00, 247.32it/s]Running loglikelihood requests: 100%|█████████▉| 47706/47868 [05:49<00:00, 236.47it/s]Running loglikelihood requests: 100%|█████████▉| 47730/47868 [05:49<00:00, 206.66it/s]Running loglikelihood requests: 100%|█████████▉| 47752/47868 [05:50<00:00, 201.39it/s]Running loglikelihood requests: 100%|█████████▉| 47777/47868 [05:50<00:00, 204.43it/s]Running loglikelihood requests: 100%|█████████▉| 47798/47868 [05:50<00:00, 165.81it/s]Running loglikelihood requests: 100%|█████████▉| 47819/47868 [05:50<00:00, 169.29it/s]Running loglikelihood requests: 100%|█████████▉| 47837/47868 [05:50<00:00, 151.95it/s]Running loglikelihood requests: 100%|█████████▉| 47857/47868 [05:50<00:00, 156.68it/s]Running loglikelihood requests: 100%|██████████| 47868/47868 [05:50<00:00, 136.45it/s]
